scenario	covariance	replicate	true_slope	slope	slope_se	slope_pval	q_pval	q_df
null	correct_ld_environment	1	0.0	0.004567734887453848	0.030605906472608455	0.8813614373906995	0.3453920834481612	78
null	diagonal_misspecified	1	0.0	0.006135743390905245	0.024037737286565154	0.7985264505842543	0.9975328064308707	78
null	correct_ld_environment	2	0.0	0.01767263741245515	0.026913591654139812	0.5114101144508202	0.9168606837275621	78
null	diagonal_misspecified	2	0.0	0.007008961293682579	0.021915172146657905	0.7491030233992795	0.8805833800857437	78
null	correct_ld_environment	3	0.0	0.021156882700698255	0.028659888375406478	0.46038967715205326	0.7472122920111796	78
null	diagonal_misspecified	3	0.0	0.009697635936198157	0.02290421491892549	0.6720037207108184	0.0020697664969978893	78
null	correct_ld_environment	4	0.0	-0.013460769146091938	0.025774340119258693	0.6014930354377443	0.3022208407881152	78
null	diagonal_misspecified	4	0.0	-0.006881772948694364	0.021362998212724152	0.7473502993748989	0.9952371929559546	78
null	correct_ld_environment	5	0.0	-0.0434621448622564	0.02709586366255225	0.1087109650203113	0.31626726471872124	78
null	diagonal_misspecified	5	0.0	-0.05071859729084706	0.02303950203250225	0.027709445871325865	0.29105983845634603	78
null	correct_ld_environment	6	0.0	0.0046597550078703	0.027212831167485775	0.8640399742188024	0.8381142961214612	78
null	diagonal_misspecified	6	0.0	-0.00881521258332997	0.022405840220246245	0.6939991845342119	0.8307235589357638	78
null	correct_ld_environment	7	0.0	-0.022578162441619212	0.028391138664503428	0.42646585070252857	0.7373136423593393	78
null	diagonal_misspecified	7	0.0	-0.013638247468877469	0.022614655110277174	0.546461316535324	0.8256311083398924	78
null	correct_ld_environment	8	0.0	-0.038148539670568554	0.029246536706775537	0.1921047252902647	0.8461106138592254	78
null	diagonal_misspecified	8	0.0	-0.044759824136841486	0.023382088808751363	0.05558461150520959	0.8094201553205128	78
null	correct_ld_environment	9	0.0	0.024095965500770703	0.028966047102457537	0.40548271875364894	0.9617587407672105	78
null	diagonal_misspecified	9	0.0	0.028528040235366623	0.02347752882297309	0.22431991382651867	0.9996178221225889	78
null	correct_ld_environment	10	0.0	0.004507529623757478	0.027356537102855724	0.8691252190446795	0.28770934013020805	78
null	diagonal_misspecified	10	0.0	0.014701709608035523	0.022389129592484642	0.5114092181658932	0.9370009429880006	78
null	correct_ld_environment	11	0.0	-0.008867416575300805	0.02613697228347234	0.734408473352998	0.09042613351355805	78
null	diagonal_misspecified	11	0.0	-0.021299301956240836	0.021004399416203443	0.31056364846969353	0.005768413330712054	78
null	correct_ld_environment	12	0.0	-0.005946767806685217	0.026029597415209185	0.8192872760870028	0.9069622569276086	78
null	diagonal_misspecified	12	0.0	-0.012660299726098915	0.022103077186468527	0.566790624026305	0.9899161729650093	78
null	correct_ld_environment	13	0.0	-0.0227212187450835	0.02627793213586593	0.3872308217118693	0.42097704515302026	78
null	diagonal_misspecified	13	0.0	-0.035006601194552046	0.0216278623265435	0.10553591118862732	0.614685415653062	78
null	correct_ld_environment	14	0.0	-0.03587234480684755	0.029216410350434777	0.21951645003561454	0.5616603643727729	78
null	diagonal_misspecified	14	0.0	-0.03038111575398193	0.022909434301951383	0.18479334986415816	0.9946135808303508	78
null	correct_ld_environment	15	0.0	-0.008186371788706778	0.024953195701222484	0.7428594370088981	0.4142074327241972	78
null	diagonal_misspecified	15	0.0	0.005394308091899317	0.021365660567697373	0.8006734673546396	0.9987025530532131	78
null	correct_ld_environment	16	0.0	-0.04867485472710176	0.027741234876033836	0.07932723308982934	0.8537184263856514	78
null	diagonal_misspecified	16	0.0	-0.05014820972198895	0.023078144657010396	0.029782269587190085	0.18258179131951224	78
null	correct_ld_environment	17	0.0	-0.003115449227501448	0.02774696684395058	0.910600833698614	0.2851341323388594	78
null	diagonal_misspecified	17	0.0	0.010312502804593216	0.021701528949706984	0.6346465207864355	0.9302053396498012	78
null	correct_ld_environment	18	0.0	0.03053383911923037	0.029084417298872626	0.29379398225951436	0.9339830802716539	78
null	diagonal_misspecified	18	0.0	0.03085053510263923	0.022867216608012216	0.1772996072865495	0.9993603497133636	78
null	correct_ld_environment	19	0.0	0.015752719879086243	0.027603543803646047	0.5682183099930436	0.27959058448390484	78
null	diagonal_misspecified	19	0.0	0.02609366470271551	0.022436202543336847	0.24482297169733713	0.9947697352006561	78
null	correct_ld_environment	20	0.0	0.050072955477067	0.02883440214776762	0.08246311251258069	0.3268856591842139	78
null	diagonal_misspecified	20	0.0	0.0529899816879703	0.022877157707680205	0.020542797591279645	0.9975895094527987	78
null	correct_ld_environment	21	0.0	0.05110334849408849	0.026419684898775463	0.05307740674725056	0.8180107694642604	78
null	diagonal_misspecified	21	0.0	0.054222214214751305	0.02219235287201374	0.014554290790844871	0.9206518528543879	78
null	correct_ld_environment	22	0.0	-0.02358708092980253	0.02541680550225594	0.353401744522295	0.8527535986099849	78
null	diagonal_misspecified	22	0.0	-0.0157029847683501	0.02226004539179086	0.48054041759012933	0.9909703864622427	78
null	correct_ld_environment	23	0.0	-0.014333451905982356	0.02705955955869392	0.5963198657527009	0.6874380798616876	78
null	diagonal_misspecified	23	0.0	-0.016221155669732056	0.02171897571452022	0.45514469702746096	0.9260741801529241	78
null	correct_ld_environment	24	0.0	-0.025801538505432445	0.02707834854512105	0.34066730995577377	0.5524765172529361	78
null	diagonal_misspecified	24	0.0	-0.014039137267463071	0.022209407895613834	0.5273047501908803	0.6501631318024524	78
null	correct_ld_environment	25	0.0	0.009915519183739781	0.027435927833224284	0.7177956841186159	0.17087256460303468	78
null	diagonal_misspecified	25	0.0	-0.012719104556399638	0.02179459535728665	0.5594962930785701	0.9953709658412901	78
null	correct_ld_environment	26	0.0	0.010742791794630512	0.026691308765215714	0.6873287688116005	0.4531910228705944	78
null	diagonal_misspecified	26	0.0	-0.0032807179073598225	0.02183666977764552	0.8805761125582006	0.08573621186834347	78
null	correct_ld_environment	27	0.0	-0.02900583799108365	0.027690825632270846	0.29487405727205007	0.021365756995158653	78
null	diagonal_misspecified	27	0.0	-0.04339935534927603	0.022586579051831607	0.054672919859745844	0.0006711097574457365	78
null	correct_ld_environment	28	0.0	0.005715868916375585	0.02667108503158308	0.830305651187474	0.6903389359106072	78
null	diagonal_misspecified	28	0.0	-0.003254048676199518	0.02183056785003647	0.8815068584990979	0.75855106504557	78
null	correct_ld_environment	29	0.0	0.014254812384419736	0.02795010566498941	0.6100449824934525	0.3150486271933553	78
null	diagonal_misspecified	29	0.0	0.019057821652390318	0.02167800532161355	0.3793298720894019	0.2804186357452496	78
null	correct_ld_environment	30	0.0	-0.027929914090959466	0.027424159369641155	0.30846797919778046	0.3261804075826471	78
null	diagonal_misspecified	30	0.0	-0.005024558679767503	0.021822707187905598	0.8179017712422245	0.5108988966987795	78
null	correct_ld_environment	31	0.0	0.0006170827432806304	0.02951296706837493	0.9833183522449286	0.06190288405979351	78
null	diagonal_misspecified	31	0.0	-0.012908437262155124	0.02386712179056252	0.5886137362828815	0.010113749132323796	78
null	correct_ld_environment	32	0.0	0.008312549003519621	0.027707922513729392	0.7641724137464528	0.7971666940789701	78
null	diagonal_misspecified	32	0.0	0.010377329338859195	0.022394579801304545	0.6430878852073052	0.03244860043769066	78
null	correct_ld_environment	33	0.0	0.0023616749882578118	0.026959623252228518	0.9301942486488997	0.27827162189257937	78
null	diagonal_misspecified	33	0.0	-0.014633971999708738	0.0221548167704785	0.5089123000018972	0.8094520168178638	78
null	correct_ld_environment	34	0.0	0.0010245501263490403	0.02822784270190505	0.9710465555357047	0.3851948515092341	78
null	diagonal_misspecified	34	0.0	-0.016626085336302106	0.022171495890171297	0.4533236123603139	0.7646457432957737	78
null	correct_ld_environment	35	0.0	-0.007270200343929948	0.027820527123433497	0.7938418586911979	0.8532026841080987	78
null	diagonal_misspecified	35	0.0	-0.0034021035587929226	0.022105495704407927	0.8776861667890318	0.14376881066654093	78
null	correct_ld_environment	36	0.0	0.034717580250031306	0.029612287758983627	0.24103468248305593	0.2972412509729643	78
null	diagonal_misspecified	36	0.0	0.029552286830590756	0.023775941656403104	0.2138865667056802	0.45601974070466805	78
null	correct_ld_environment	37	0.0	0.0065628857185828565	0.02902490153260201	0.8211141191385634	0.5753189095643589	78
null	diagonal_misspecified	37	0.0	-0.0020002026277116764	0.023331408728454756	0.9316810207417067	0.8125822791680779	78
null	correct_ld_environment	38	0.0	0.006716383199478367	0.028734260788017264	0.8151858303055357	0.8023830019996834	78
null	diagonal_misspecified	38	0.0	0.005825062682354694	0.022353638957337423	0.7944111895341821	0.9818605832120445	78
null	correct_ld_environment	39	0.0	0.011932363299376766	0.027045327853998553	0.659069159382536	0.5133342417643888	78
null	diagonal_misspecified	39	0.0	0.027922704452752977	0.02162108181338404	0.19654514428263953	0.5485516357189548	78
null	correct_ld_environment	40	0.0	-0.00801865247574611	0.027533754444689765	0.7708754984371293	0.575151639742972	78
null	diagonal_misspecified	40	0.0	0.0014097492833566945	0.022444146206092523	0.9499166510683941	0.7013185633150638	78
null	correct_ld_environment	41	0.0	0.035962851388691694	0.027430431441429357	0.18983860249184697	0.6560183220969981	78
null	diagonal_misspecified	41	0.0	0.04419988600212796	0.0226800091234391	0.05131360282382658	0.525097561920952	78
null	correct_ld_environment	42	0.0	-0.0425470161796076	0.02909960780519667	0.14370929300326898	0.8487397639068844	78
null	diagonal_misspecified	42	0.0	-0.04192012994261314	0.022279313601526407	0.059894167434165216	0.9532829076714393	78
null	correct_ld_environment	43	0.0	0.015030416762175711	0.028108118625696198	0.5928325755808337	0.8440073085914902	78
null	diagonal_misspecified	43	0.0	0.015637891950611445	0.02272762581231667	0.4914171667983744	0.9999275533204223	78
null	correct_ld_environment	44	0.0	-0.05793279479520931	0.028308942484069868	0.040712257828212375	0.9793565403960164	78
null	diagonal_misspecified	44	0.0	-0.07426936365016536	0.02284097165432852	0.0011476340425072434	0.9999513765619232	78
null	correct_ld_environment	45	0.0	0.008310631966399844	0.026468339796744574	0.7535332837306605	0.9723601654439791	78
null	diagonal_misspecified	45	0.0	0.015818406105599585	0.021358763087237033	0.4589329933892167	0.7779437233413808	78
null	correct_ld_environment	46	0.0	-0.014127022198409315	0.031047400885332272	0.6490987004354829	0.693017378307392	78
null	diagonal_misspecified	46	0.0	-0.024832111766162814	0.023645532017628874	0.2936344502415432	0.8750389703768879	78
null	correct_ld_environment	47	0.0	-0.007185378936759261	0.026203380822185433	0.7839188482183175	0.6230369500555415	78
null	diagonal_misspecified	47	0.0	0.00556773412374081	0.02220908277235627	0.8020489477621098	0.9943548269390564	78
null	correct_ld_environment	48	0.0	0.013812396791870761	0.027893416350982407	0.6204696538740281	0.8006656529444869	78
null	diagonal_misspecified	48	0.0	0.01754940599842974	0.02226389695158541	0.4305533975670584	0.9021152941930493	78
null	correct_ld_environment	49	0.0	0.02097579617649881	0.027647774828476385	0.44804438525441614	0.8097837804228016	78
null	diagonal_misspecified	49	0.0	0.017257355743438833	0.022689689069132647	0.44690712583437586	0.8769216613382331	78
null	correct_ld_environment	50	0.0	0.014601039707686852	0.026725235991351595	0.5848329068581031	0.8749242695207333	78
null	diagonal_misspecified	50	0.0	0.014986028922620045	0.02118860925055244	0.4793998410393122	0.8930081530251328	78
null	correct_ld_environment	51	0.0	0.05067806425079009	0.02820431478862851	0.07236427141830792	0.6406543765834989	78
null	diagonal_misspecified	51	0.0	0.05545757204248498	0.02201571017827953	0.011768868550161415	0.60375822645206	78
null	correct_ld_environment	52	0.0	-0.037841294870167165	0.027869738472952814	0.17452984299372187	0.8376014467745185	78
null	diagonal_misspecified	52	0.0	-0.04435559635793971	0.02179117590453683	0.04180216704560925	0.864156516838931	78
null	correct_ld_environment	53	0.0	0.0014677626489206282	0.027194773531886936	0.9569572869747098	0.5335217529223757	78
null	diagonal_misspecified	53	0.0	0.0016492457748584	0.021965465313499518	0.9401482121055498	0.11874622171931054	78
null	correct_ld_environment	54	0.0	-0.01455196941006162	0.028716820709427944	0.612337072687988	0.8787444900796716	78
null	diagonal_misspecified	54	0.0	0.0005557697982132733	0.022157534286924248	0.9799890347736758	0.9988858562644151	78
null	correct_ld_environment	55	0.0	-0.021001002222666168	0.02618233046611659	0.42249169178645707	0.8218438513021933	78
null	diagonal_misspecified	55	0.0	-0.011005446946555555	0.021301217340159075	0.6053948347208475	0.9997563851427448	78
null	correct_ld_environment	56	0.0	0.017424008340800226	0.028249759973640834	0.5373770109880229	0.006550787869330601	78
null	diagonal_misspecified	56	0.0	0.01153979131434915	0.022446702697600938	0.6071839007588318	2.1575503939835258e-07	78
null	correct_ld_environment	57	0.0	0.0011642339910343657	0.027264724704704896	0.9659397952438682	0.6882513228438317	78
null	diagonal_misspecified	57	0.0	-0.011872699306951116	0.02169950061372969	0.5842814598818722	0.06570562232720034	78
null	correct_ld_environment	58	0.0	-0.0022218729687881493	0.026884294272009123	0.9341332134062731	0.6213857026308266	78
null	diagonal_misspecified	58	0.0	-0.00619622558350708	0.021363953549929173	0.771791921235703	0.9449303588389505	78
null	correct_ld_environment	59	0.0	0.029050637402521208	0.026883815243164126	0.2798753035193976	0.7229709930119088	78
null	diagonal_misspecified	59	0.0	0.03539409955753314	0.02174877529570383	0.1036507795053194	0.9808341832375989	78
null	correct_ld_environment	60	0.0	0.024908368181621975	0.030254491453922845	0.41034031942646243	0.7087983075185033	78
null	diagonal_misspecified	60	0.0	-0.0038701347622512347	0.023670817297944628	0.8701262321319516	0.8863405593319728	78
null	correct_ld_environment	61	0.0	0.02530605380823413	0.028930292791751726	0.3817234891300029	0.04423907905259365	78
null	diagonal_misspecified	61	0.0	0.002773470637703914	0.023558215919871058	0.9062828777548684	0.8788624707584805	78
null	correct_ld_environment	62	0.0	0.0032052607258067933	0.025899714773935927	0.9015079931670447	0.28186919360241774	78
null	diagonal_misspecified	62	0.0	0.0022742480032907648	0.021716741158697463	0.916595401982219	0.42287200036226685	78
null	correct_ld_environment	63	0.0	0.01740880773539557	0.027497102750030963	0.5266590337003471	0.7478298841124345	78
null	diagonal_misspecified	63	0.0	0.01978031610848827	0.022057976683670405	0.3698565555961697	0.956407026684926	78
null	correct_ld_environment	64	0.0	0.06851081328789409	0.027615926349388288	0.013107161465937631	0.7708532039727533	78
null	diagonal_misspecified	64	0.0	0.06666383564342611	0.021917827853419662	0.0023537537371065057	0.9868826995756803	78
null	correct_ld_environment	65	0.0	0.01323848848262451	0.028404031752941813	0.6411598168791909	0.2783673797949564	78
null	diagonal_misspecified	65	0.0	0.0018369493829126294	0.02240502893696543	0.9346560475854289	0.5664780881973437	78
null	correct_ld_environment	66	0.0	0.04137891086807134	0.028336380398500265	0.1442144810993384	0.7796904491879615	78
null	diagonal_misspecified	66	0.0	0.05488432244065416	0.02279515864081926	0.01605255843686239	0.9999736884776731	78
null	correct_ld_environment	67	0.0	-0.01154808885919619	0.029592815613456214	0.6963643704953177	0.05147722367104317	78
null	diagonal_misspecified	67	0.0	0.01487197291763632	0.023146470460915725	0.5205383357501793	0.0019552195348625087	78
null	correct_ld_environment	68	0.0	-0.0077982474473836105	0.029051280670124455	0.7883680272962212	0.028469365762222233	78
null	diagonal_misspecified	68	0.0	0.009215132603267565	0.023098434908780417	0.689929663671497	0.0025100889400886603	78
null	correct_ld_environment	69	0.0	-0.019040995416756676	0.026959091361982095	0.48000645533517106	0.9963970630476655	78
null	diagonal_misspecified	69	0.0	-0.034021432414054274	0.022282040604197955	0.12679721320842932	0.9999971937294492	78
null	correct_ld_environment	70	0.0	0.024715953377192977	0.026558465209298672	0.35204793457022987	0.13426728247381686	78
null	diagonal_misspecified	70	0.0	0.024626716036608258	0.02129031306024104	0.24739090077463266	0.5334494100989237	78
null	correct_ld_environment	71	0.0	0.05734954326950137	0.029296675829406465	0.05028349874050288	0.7048851492062292	78
null	diagonal_misspecified	71	0.0	0.06446272299904397	0.02268269949548724	0.004484084726951636	0.996312574552043	78
null	correct_ld_environment	72	0.0	0.026924606200495246	0.02755616789450184	0.3285290870831629	0.8894625251515833	78
null	diagonal_misspecified	72	0.0	0.01584515679434371	0.022094017226380235	0.4732694741589628	0.9998826767935268	78
null	correct_ld_environment	73	0.0	0.027676695687857238	0.02656648317428422	0.29750906570672175	0.8726470356462482	78
null	diagonal_misspecified	73	0.0	0.024378997168334127	0.021238885235274483	0.25103160512197076	0.99926386318382	78
null	correct_ld_environment	74	0.0	-0.020516006013677323	0.028170578037226276	0.46644356182952573	0.668734815349449	78
null	diagonal_misspecified	74	0.0	-0.02714655011519216	0.02210473291457378	0.21941405613886383	0.9995767034602429	78
null	correct_ld_environment	75	0.0	-0.04722825632434955	0.028671372922844537	0.09951141961394404	0.5660003984138893	78
null	diagonal_misspecified	75	0.0	-0.047562878033032295	0.02282437421221742	0.03717259443168727	0.8435291767751968	78
null	correct_ld_environment	76	0.0	0.014093621959436673	0.028268756977023583	0.618090624680826	0.04878180438803786	78
null	diagonal_misspecified	76	0.0	0.015272814186531961	0.022472538043557422	0.4967443168131954	0.9223265874493705	78
null	correct_ld_environment	77	0.0	-0.006243800070723001	0.02779867748753921	0.8222843886414839	0.5566602286551338	78
null	diagonal_misspecified	77	0.0	0.005466703658571555	0.021654729416318318	0.8006944268969263	0.10619238657567104	78
null	correct_ld_environment	78	0.0	-0.05284030720346846	0.028621744851118503	0.0648690443095703	0.04624990546016198	78
null	diagonal_misspecified	78	0.0	-0.05056789955770806	0.022373875573795134	0.023813094544214642	0.04357918289853685	78
null	correct_ld_environment	79	0.0	0.022059407769629065	0.02808909541410018	0.4322559692266926	0.7508440490819458	78
null	diagonal_misspecified	79	0.0	0.036197657416069264	0.02213011607016308	0.10190781541017607	0.9125631477257914	78
null	correct_ld_environment	80	0.0	-0.028687121404199795	0.027326867358758115	0.2938205753015873	0.8448386595682696	78
null	diagonal_misspecified	80	0.0	-0.03169874587694974	0.021668751012667947	0.14350067983546244	0.7577891974708238	78
null	correct_ld_environment	81	0.0	0.023823216473197673	0.027764870846580917	0.3908734253058749	0.10663446854713766	78
null	diagonal_misspecified	81	0.0	0.01813829110135971	0.022992093672775504	0.4301748181480835	0.574491871826633	78
null	correct_ld_environment	82	0.0	0.057622773285996784	0.028213473319730592	0.04111336147014708	0.5605806772276578	78
null	diagonal_misspecified	82	0.0	0.05304974774418909	0.02311086985120682	0.021707592613497993	0.38037185174314664	78
null	correct_ld_environment	83	0.0	-0.03538644550756461	0.02855147717101202	0.21520071122894896	0.1842700036951782	78
null	diagonal_misspecified	83	0.0	-0.03439372685191008	0.022589593280606463	0.1278719743332419	0.6784312386944422	78
null	correct_ld_environment	84	0.0	0.015361359735710647	0.02731252212486714	0.5738236347742635	0.6176321346698963	78
null	diagonal_misspecified	84	0.0	-0.009562647897837067	0.02167318027046301	0.6590534917633449	0.9889004673096023	78
null	correct_ld_environment	85	0.0	-0.04727938312635062	0.026307349913130742	0.07230499742188862	0.7448079197958555	78
null	diagonal_misspecified	85	0.0	-0.05984113255869115	0.021227174649106104	0.004816130774390257	0.8917936489465254	78
null	correct_ld_environment	86	0.0	0.04644960115324982	0.0270023091725654	0.08539455257913978	0.6408249944765634	78
null	diagonal_misspecified	86	0.0	0.05064336096079886	0.021916767092448254	0.020848706845374206	0.9283791219292775	78
null	correct_ld_environment	87	0.0	-0.02396869730977903	0.02714736563372519	0.37728456743864536	0.7056626003369314	78
null	diagonal_misspecified	87	0.0	-0.023949545947846006	0.02191285790526803	0.2744179996595603	0.9379311550745058	78
null	correct_ld_environment	88	0.0	-0.007519614372000626	0.026596129406553707	0.7773812029105225	0.9486473258262939	78
null	diagonal_misspecified	88	0.0	-0.011872172801203725	0.02202960795215795	0.5899427930059438	0.9946585505264585	78
null	correct_ld_environment	89	0.0	-0.010203622040396302	0.02842532483140475	0.7196232382288674	0.4348144939591397	78
null	diagonal_misspecified	89	0.0	-0.008539333741297067	0.022679830680988094	0.7065328439632159	0.7480646392099239	78
null	correct_ld_environment	90	0.0	0.020770778725867706	0.028511090025086432	0.4662979181935746	0.8662949770608249	78
null	diagonal_misspecified	90	0.0	0.014524035446806367	0.0226952229168914	0.5221985878293625	0.6957441324624309	78
null	correct_ld_environment	91	0.0	-0.00507619055797612	0.026640136533097956	0.8488807387975074	0.9858764395093899	78
null	diagonal_misspecified	91	0.0	0.012944693551729013	0.02215517881648744	0.5590360242238421	0.9999703867628489	78
null	correct_ld_environment	92	0.0	0.013213497369109041	0.02564208833474568	0.6063398772174615	0.8559667021092586	78
null	diagonal_misspecified	92	0.0	0.004063486764682148	0.020509926822740856	0.842948886075005	0.8248999128494403	78
null	correct_ld_environment	93	0.0	-0.021385084734823343	0.028547953584701698	0.45380088908080757	0.3706099873646963	78
null	diagonal_misspecified	93	0.0	0.002610267035156266	0.023193453727601832	0.9103926662219495	0.06761340619772885	78
null	correct_ld_environment	94	0.0	0.014336133525985771	0.030508740122632997	0.6384246717644333	0.3926214426911387	78
null	diagonal_misspecified	94	0.0	0.009010670205497475	0.023685474202493492	0.7036260842471667	0.8161881452558833	78
null	correct_ld_environment	95	0.0	-0.05142228740351614	0.026307505981303967	0.050622954987908406	0.555537896095742	78
null	diagonal_misspecified	95	0.0	-0.05690559167886945	0.02209770658399784	0.010018767491738781	0.9851531456422358	78
null	correct_ld_environment	96	0.0	0.07498655974157267	0.03128248898142164	0.016526414467307612	0.47201787938698453	78
null	diagonal_misspecified	96	0.0	0.06656906830194237	0.023833288519829833	0.0052203450208495785	0.8111200577458085	78
null	correct_ld_environment	97	0.0	-0.01766221955145486	0.027095873184412016	0.5145033092907766	0.8888698525322306	78
null	diagonal_misspecified	97	0.0	-0.019727549340085988	0.022300451772568813	0.37635862354967087	0.8183118787068145	78
null	correct_ld_environment	98	0.0	0.0214874100403781	0.02685591709816755	0.4236530602808126	0.2846379315756407	78
null	diagonal_misspecified	98	0.0	0.025502816988324174	0.022516164530697224	0.25736344123983657	0.6840926968899668	78
null	correct_ld_environment	99	0.0	-0.006679412587216473	0.02819720208594306	0.8127482530194746	0.6141122930879134	78
null	diagonal_misspecified	99	0.0	-0.00402747750210134	0.02248717166698522	0.8578583071014625	0.8653988618979511	78
null	correct_ld_environment	100	0.0	0.01152559657012482	0.029701480113605225	0.6979805967890914	0.8282859697218149	78
null	diagonal_misspecified	100	0.0	0.020269951110410012	0.023778194095451205	0.39395902288729046	0.9993100745152032	78
null	correct_ld_environment	101	0.0	-0.03965454946403591	0.02846640380284099	0.16361077235479726	0.8067743301827944	78
null	diagonal_misspecified	101	0.0	-0.04000202016773286	0.022329251427460683	0.07321908141651404	0.9507369752181815	78
null	correct_ld_environment	102	0.0	0.023321591665491394	0.028002705278749155	0.4049386260580514	0.627649375363338	78
null	diagonal_misspecified	102	0.0	-0.007557355222508991	0.022608496790373293	0.7381753923686791	0.8845545571700197	78
null	correct_ld_environment	103	0.0	-0.0232885636007213	0.02676077073264726	0.38416373824071537	0.5267339752953449	78
null	diagonal_misspecified	103	0.0	0.0033027177737873434	0.021904816631675993	0.880152521980294	0.9997272505020588	78
null	correct_ld_environment	104	0.0	0.039213422593005726	0.026916581078214763	0.14515777561537668	0.9108405685130337	78
null	diagonal_misspecified	104	0.0	0.04264147085172668	0.021830763924089093	0.05078709712924301	0.999887992629106	78
null	correct_ld_environment	105	0.0	-0.03250777319481277	0.026288527253700792	0.21624437458597648	0.3427518998478662	78
null	diagonal_misspecified	105	0.0	-0.04440162381012506	0.020905260877998905	0.03367474493255738	0.9694958377711159	78
null	correct_ld_environment	106	0.0	0.045509979390595055	0.02708031337885075	0.09284921520376821	0.11021766379886344	78
null	diagonal_misspecified	106	0.0	0.008462466027350695	0.021916184943351756	0.6994014221476583	0.6294281927097306	78
null	correct_ld_environment	107	0.0	-0.010746196532042613	0.028994363761213438	0.7109127362528671	0.8960457376826612	78
null	diagonal_misspecified	107	0.0	-0.012647314232777781	0.02287070169390302	0.5802689133110535	0.47273442304914376	78
null	correct_ld_environment	108	0.0	-0.013558387896795478	0.026348239796121293	0.606843608328887	0.9408449286798674	78
null	diagonal_misspecified	108	0.0	-0.00502401152290851	0.021743571459997717	0.817270265451352	0.7016377724318532	78
null	correct_ld_environment	109	0.0	0.012304017489071891	0.02812860783729634	0.6618067346076605	0.694760726429035	78
null	diagonal_misspecified	109	0.0	0.032226594448214144	0.021979264074612665	0.1425864054425603	0.8962711222534157	78
null	correct_ld_environment	110	0.0	0.025674508970325922	0.02878913598955673	0.3724934846947865	0.5960548794246835	78
null	diagonal_misspecified	110	0.0	0.023321362941708158	0.022938746347884988	0.30930571822601466	0.9527150841455889	78
null	correct_ld_environment	111	0.0	-0.0070629770397448695	0.02786401091101179	0.7998971048362514	0.8470247398960337	78
null	diagonal_misspecified	111	0.0	0.0021285369047451077	0.022781347245973936	0.9255593208421656	0.9636495879212417	78
null	correct_ld_environment	112	0.0	-0.007488034034508463	0.026841782366369252	0.7802683620886193	0.44418525908753187	78
null	diagonal_misspecified	112	0.0	-0.02555978180057703	0.021995019069568238	0.24520647838512877	0.18655892808880037	78
null	correct_ld_environment	113	0.0	-0.011661533655565165	0.028094902512133115	0.6780859058720649	0.6800105132708952	78
null	diagonal_misspecified	113	0.0	-0.011820583618113733	0.02226090298389897	0.5954174053119312	0.9929297167098572	78
null	correct_ld_environment	114	0.0	0.01922042004147512	0.028208676831369794	0.4956402282200064	0.9990310360835937	78
null	diagonal_misspecified	114	0.0	0.026297233229587158	0.022284474969722787	0.23797250278704268	0.9998901061887324	78
null	correct_ld_environment	115	0.0	0.008585740294419303	0.02760818254195432	0.7558117592776761	0.47262599429648333	78
null	diagonal_misspecified	115	0.0	0.00676688839903811	0.02240648640564255	0.7626476569333716	0.5141908074201974	78
null	correct_ld_environment	116	0.0	-0.00650025153157282	0.026841350910242	0.8086460847862251	0.959488875173821	78
null	diagonal_misspecified	116	0.0	0.013338921881937174	0.022584209350385704	0.554768053347543	0.8077256656814926	78
null	correct_ld_environment	117	0.0	0.04210529900150263	0.027739816720270774	0.12904841579222084	0.15599419904800377	78
null	diagonal_misspecified	117	0.0	0.02695330210373208	0.022663780968544402	0.23433435114515816	0.4830453276186774	78
null	correct_ld_environment	118	0.0	-0.003488676612254771	0.028774406876591656	0.9034990837436953	0.07256356101452072	78
null	diagonal_misspecified	118	0.0	0.0008370460700780723	0.02261344088594521	0.9704727087376654	0.07593822161837759	78
null	correct_ld_environment	119	0.0	0.030559831514562992	0.029344409467258116	0.2976810341091842	0.8994786873084931	78
null	diagonal_misspecified	119	0.0	0.02056333095055314	0.02394717459941103	0.3905085364845359	0.8243149161007466	78
null	correct_ld_environment	120	0.0	0.02750023109340028	0.02838433607828233	0.3326188560663858	0.605435132636461	78
null	diagonal_misspecified	120	0.0	0.029574766560821846	0.022682979061830637	0.192291281278392	0.9687313413797124	78
null	correct_ld_environment	121	0.0	0.003484229763027396	0.028040990131879162	0.9011134737606379	0.3907199153211714	78
null	diagonal_misspecified	121	0.0	0.0028891762526797246	0.022167624813396968	0.8963028580226686	0.751966070860405	78
null	correct_ld_environment	122	0.0	0.01000574460191509	0.02668650014766495	0.7077076471279602	0.5399247783255541	78
null	diagonal_misspecified	122	0.0	-0.006028032388759955	0.021810369108140285	0.7822533087764554	0.4990899401826955	78
null	correct_ld_environment	123	0.0	0.046760700553776006	0.027684553930833567	0.0912091235619649	0.9444799068514027	78
null	diagonal_misspecified	123	0.0	0.046278580393629115	0.02183267326236773	0.03403188299696011	0.9940075871499087	78
null	correct_ld_environment	124	0.0	-0.016815490318124453	0.02749252439024411	0.5407768649679046	0.09122631407050424	78
null	diagonal_misspecified	124	0.0	-0.011910222595557851	0.021423269478705764	0.5782464423807433	0.6693447503691128	78
null	correct_ld_environment	125	0.0	-0.0009072097280163934	0.027549053239612476	0.9737298475186645	0.9513161397883777	78
null	diagonal_misspecified	125	0.0	-0.006842210627846508	0.021402918824833007	0.7492064756801677	0.9974049591646308	78
null	correct_ld_environment	126	0.0	0.05185471420155289	0.027039438762177747	0.055143513627995695	0.3444231057927999	78
null	diagonal_misspecified	126	0.0	0.049395831425390814	0.022355516357293857	0.027135786365167752	0.16156391969772466	78
null	correct_ld_environment	127	0.0	0.006028563079198876	0.028038184418802865	0.8297574908044617	0.21721004667255975	78
null	diagonal_misspecified	127	0.0	0.027732034189710486	0.022839055565679042	0.22465710361914532	0.6122916122455405	78
null	correct_ld_environment	128	0.0	-0.0624318997925618	0.027624831596355443	0.023821744244284397	0.6604708052723927	78
null	diagonal_misspecified	128	0.0	-0.06438640212065205	0.022018751812635826	0.003453847047972612	0.7721994875144194	78
null	correct_ld_environment	129	0.0	0.03687718568406777	0.02729512579601803	0.17667817289116095	0.19877160521763768	78
null	diagonal_misspecified	129	0.0	0.028607271542831846	0.021846780180920594	0.19038188294252456	0.26416254527021826	78
null	correct_ld_environment	130	0.0	-0.03453227800488828	0.028659517362043675	0.22823617601939647	0.9053620041307178	78
null	diagonal_misspecified	130	0.0	-0.040862676993856636	0.022336995755596285	0.06734388319203319	0.9647130963042736	78
null	correct_ld_environment	131	0.0	-0.07331046601353908	0.029202096402203774	0.012057665849870038	0.5914354885858784	78
null	diagonal_misspecified	131	0.0	-0.07206694060412028	0.02353645792609497	0.002199163105334758	0.6923045069727473	78
null	correct_ld_environment	132	0.0	0.02232407989322692	0.028088312745942177	0.4267404369718343	0.6934715483886917	78
null	diagonal_misspecified	132	0.0	0.01745264636300579	0.02265077960795898	0.44099757813181806	0.816681796886497	78
null	correct_ld_environment	133	0.0	-0.01004514347551982	0.027013853552427955	0.7100033755296145	0.8191999870947977	78
null	diagonal_misspecified	133	0.0	-0.004254499205330231	0.021637448047398786	0.8441197038610051	0.5332775038704972	78
null	correct_ld_environment	134	0.0	-0.006264479140589202	0.02659028247028243	0.813748659800181	0.7255087626953625	78
null	diagonal_misspecified	134	0.0	-0.00029975401904238323	0.022816538704467527	0.9895180321970188	0.9178918932493532	78
null	correct_ld_environment	135	0.0	0.0037016495820479654	0.027303726647942193	0.8921588092625488	0.1640388109879753	78
null	diagonal_misspecified	135	0.0	-0.0004639853379311946	0.021675803846956384	0.9829220419929624	0.688934304611005	78
null	correct_ld_environment	136	0.0	-0.015186425714246216	0.02759916496735468	0.58214828141923	0.2607445094958003	78
null	diagonal_misspecified	136	0.0	0.005510031015015418	0.022337999467048862	0.8051665124400799	0.11014129632381416	78
null	correct_ld_environment	137	0.0	-0.000893134039959725	0.02713777983997909	0.9737454853661017	0.321384646043592	78
null	diagonal_misspecified	137	0.0	0.006058843775339407	0.022015947498801803	0.7831606669445974	0.8712480891845185	78
null	correct_ld_environment	138	0.0	-0.009310792482532627	0.026989102865944158	0.7301068500523706	0.9757871306964548	78
null	diagonal_misspecified	138	0.0	0.007935951874655033	0.021285651648291267	0.7092741910555711	0.9964272277648302	78
null	correct_ld_environment	139	0.0	-0.025609555107670223	0.027223171290520442	0.34684510177798855	0.06930430652816555	78
null	diagonal_misspecified	139	0.0	-0.03694058761239619	0.022141723011046905	0.09524228914611912	0.2266398313472741	78
null	correct_ld_environment	140	0.0	0.058853743108009546	0.029034301936450766	0.04265813998348807	0.6464277407341021	78
null	diagonal_misspecified	140	0.0	0.05077239619781237	0.022971352858899313	0.0270879267050201	0.999055808414133	78
null	correct_ld_environment	141	0.0	-0.02933421034265446	0.029897507727521797	0.3265143134673739	0.8407337409295981	78
null	diagonal_misspecified	141	0.0	-0.020445390477333875	0.023554169673202553	0.3853857053520092	0.9757694673626551	78
null	correct_ld_environment	142	0.0	0.030034048831157775	0.02762915045335771	0.27701821872455096	0.7352667128260029	78
null	diagonal_misspecified	142	0.0	0.04811964155184085	0.02246906069908188	0.032226038034511253	0.9970560232414378	78
null	correct_ld_environment	143	0.0	0.00460418778118737	0.028572116434106308	0.8719810156129303	0.9685356244536892	78
null	diagonal_misspecified	143	0.0	0.00942514799267648	0.022560230568816383	0.6761100860190021	0.9878867137994303	78
null	correct_ld_environment	144	0.0	-0.010750611406953473	0.028754495252445555	0.7084966831554514	0.596809465601348	78
null	diagonal_misspecified	144	0.0	-0.011566820379988841	0.023100340121075636	0.6165676439301913	0.7689220407001301	78
null	correct_ld_environment	145	0.0	0.009772158488198124	0.02716390381022226	0.7190356365491459	0.5862787827715551	78
null	diagonal_misspecified	145	0.0	0.01175025049988377	0.02121156942134562	0.57960978621265	0.036357173992750604	78
null	correct_ld_environment	146	0.0	-0.012354284206926988	0.027144172861008606	0.6490115605473179	0.6428100705082531	78
null	diagonal_misspecified	146	0.0	-0.0013395123526490627	0.022039141976013237	0.9515353832734508	0.964951579749593	78
null	correct_ld_environment	147	0.0	0.008585721092307418	0.028777244276190876	0.7654352438514984	0.3847294599146641	78
null	diagonal_misspecified	147	0.0	0.022926902772115232	0.023028407844978453	0.3194483357847646	0.9932039603944133	78
null	correct_ld_environment	148	0.0	0.025656664605448097	0.026824871371579927	0.3388446255400209	0.11548500271786384	78
null	diagonal_misspecified	148	0.0	0.01359300211940363	0.021422541300536235	0.5257423954153367	0.8627849359941351	78
null	correct_ld_environment	149	0.0	-0.038405359635133626	0.027153918804215874	0.15725684399363013	0.8398113617033142	78
null	diagonal_misspecified	149	0.0	-0.022136383964576956	0.02257629366995399	0.32683220118537926	0.939785287295191	78
null	correct_ld_environment	150	0.0	-0.033773149762758026	0.02927069100050461	0.2485733974097915	0.5401965136939915	78
null	diagonal_misspecified	150	0.0	-0.048920342698767154	0.02318254911940994	0.03483917331419089	0.992107385038334	78
null	correct_ld_environment	151	0.0	-0.009325741519240385	0.026773429939778236	0.727599303133954	0.4719258979035265	78
null	diagonal_misspecified	151	0.0	-0.004776376336790587	0.021418793807549637	0.8235360400107188	0.9939502356737988	78
null	correct_ld_environment	152	0.0	0.00166149737292364	0.028024498479767908	0.9527232615549643	0.9617987321693778	78
null	diagonal_misspecified	152	0.0	-0.006027301726707786	0.022702013675814023	0.7906271227007926	0.9149924044243779	78
null	correct_ld_environment	153	0.0	0.046837162292265665	0.02958603166099008	0.11340240505359958	0.795106786868603	78
null	diagonal_misspecified	153	0.0	0.041696223977930984	0.023224924370101506	0.07260236859128504	0.6981861777689209	78
null	correct_ld_environment	154	0.0	-0.007911200709775756	0.028233008790954642	0.7793155983758491	0.7956119408670433	78
null	diagonal_misspecified	154	0.0	0.007872500771971361	0.022966379586614547	0.7317611827648587	0.977925133909437	78
null	correct_ld_environment	155	0.0	-0.009618956640498966	0.026690860667822124	0.7185600598404079	0.11286575346155436	78
null	diagonal_misspecified	155	0.0	-0.006127105824639159	0.022750526084881692	0.7876856703408962	0.050334446740007276	78
null	correct_ld_environment	156	0.0	0.034300158691413875	0.028150175697799394	0.22304522803230248	0.8542748050471431	78
null	diagonal_misspecified	156	0.0	0.027869411803869537	0.021760510645452473	0.2002873397880731	0.836729816811695	78
null	correct_ld_environment	157	0.0	0.010277603372244825	0.02822198652864419	0.7157310005008148	0.6468651722096189	78
null	diagonal_misspecified	157	0.0	0.009424770315837296	0.0227120375722248	0.6781652803157264	0.5573810370182136	78
null	correct_ld_environment	158	0.0	-0.009304450251832555	0.02718619218900513	0.7321634250707065	0.2536554234820453	78
null	diagonal_misspecified	158	0.0	-0.04333205758954499	0.022219282718575022	0.05115221914786616	0.7288583576886272	78
null	correct_ld_environment	159	0.0	-0.015241049978296308	0.02651580893834466	0.5654326123528506	0.8905396433449113	78
null	diagonal_misspecified	159	0.0	-0.00347712655338853	0.02115565914661839	0.8694484049467159	0.9951429918900253	78
null	correct_ld_environment	160	0.0	0.000612310290858003	0.02741231467590504	0.9821790932446417	0.7409825803937086	78
null	diagonal_misspecified	160	0.0	0.0004768524411604303	0.022013210210288143	0.9827174935833866	0.8657417238229368	78
null	correct_ld_environment	161	0.0	-0.06557787220451546	0.02812303643758526	0.019710137396180306	0.3094005913956063	78
null	diagonal_misspecified	161	0.0	-0.07373409660460122	0.022033033190628774	0.0008183129747886952	0.1382937104103125	78
null	correct_ld_environment	162	0.0	0.000655124601249915	0.03005386156096054	0.9826088101697813	0.7453480867803419	78
null	diagonal_misspecified	162	0.0	-0.008877212134357586	0.024480685989342756	0.7168879811491828	0.9992352021816654	78
null	correct_ld_environment	163	0.0	-0.00693469058973129	0.028052745725705572	0.8047520150494514	0.60283453968949	78
null	diagonal_misspecified	163	0.0	-0.0016263854817999432	0.021726580538943503	0.9403285319405653	0.6298429924343055	78
null	correct_ld_environment	164	0.0	0.0025415372843086126	0.027297731159523036	0.9258206683945456	0.6360671384282205	78
null	diagonal_misspecified	164	0.0	0.0037483101767313135	0.02155164769963383	0.8619265983246277	0.7612832851325199	78
null	correct_ld_environment	165	0.0	0.013752907845915534	0.026477906795237906	0.6034743780545251	0.827961041918218	78
null	diagonal_misspecified	165	0.0	0.035966749761773054	0.022234534053473514	0.10574720478523855	0.9941903424612764	78
null	correct_ld_environment	166	0.0	0.019152865511842927	0.02866405836806016	0.5040161399317483	0.21027392101382936	78
null	diagonal_misspecified	166	0.0	0.005353498219423839	0.02277713838280834	0.8141790633761794	0.1543799652433523	78
null	correct_ld_environment	167	0.0	0.022757177278662385	0.02837040642069168	0.42246913556430216	0.2361428973139323	78
null	diagonal_misspecified	167	0.0	0.007600716804492388	0.022812298857548877	0.7389946067486614	0.7710452410929661	78
null	correct_ld_environment	168	0.0	-0.08171577102570092	0.02825197378650275	0.00382321115082625	0.6763871936016876	78
null	diagonal_misspecified	168	0.0	-0.06602277411293131	0.02204578753141461	0.002746228203945716	0.9633587417573781	78
null	correct_ld_environment	169	0.0	-0.013452153221874145	0.02838093016538723	0.6355101505946799	0.9862869852439317	78
null	diagonal_misspecified	169	0.0	-0.007761521551918611	0.021967802232955136	0.7238534101957148	0.9999928957736729	78
null	correct_ld_environment	170	0.0	0.02573741766610026	0.026949654151198266	0.3395683530958355	0.4204112981816782	78
null	diagonal_misspecified	170	0.0	0.013167162744252902	0.02175558444172653	0.5450252575962423	0.0005281002191627114	78
null	correct_ld_environment	171	0.0	0.0014188103685291924	0.028012934848096215	0.9596056935531055	0.6511839550452856	78
null	diagonal_misspecified	171	0.0	-0.01266896539909302	0.02278190401753759	0.5781440381272843	0.9570925273209037	78
null	correct_ld_environment	172	0.0	0.011078411715147644	0.0267109054588381	0.6783231802755136	0.4920555541796762	78
null	diagonal_misspecified	172	0.0	0.0008138227146958149	0.021122032271592317	0.9692654595422614	0.9431776908034443	78
null	correct_ld_environment	173	0.0	0.052601842800188314	0.027219668868903996	0.05329857989487256	0.2309825201951126	78
null	diagonal_misspecified	173	0.0	0.05011127595225533	0.022245599365990045	0.024282001566627007	0.55353041848798	78
null	correct_ld_environment	174	0.0	-0.04746232463601115	0.02808788788031643	0.0910702323398307	0.2979811870194247	78
null	diagonal_misspecified	174	0.0	-0.04657314814380519	0.021753240343984806	0.032276037865967146	0.8583012742998027	78
null	correct_ld_environment	175	0.0	0.02508351678037057	0.02715532861505147	0.35563985217346017	0.10837577829111317	78
null	diagonal_misspecified	175	0.0	-0.007946501959473634	0.021855706704500027	0.7161646887539763	0.8040322482664313	78
null	correct_ld_environment	176	0.0	0.0016424736598035863	0.02665731756368518	0.9508699380930793	0.6275382992163762	78
null	diagonal_misspecified	176	0.0	-0.00466144931603045	0.02126180783038983	0.8264627107066621	0.9549521625173271	78
null	correct_ld_environment	177	0.0	0.007338876176960512	0.02799253785797164	0.7931883837706641	0.10031136235154886	78
null	diagonal_misspecified	177	0.0	0.011493068120334423	0.021840629922372262	0.5987324381447191	0.11827125498465486	78
null	correct_ld_environment	178	0.0	-0.017425574837846684	0.026879366783667646	0.5167986000260709	0.2971397826263804	78
null	diagonal_misspecified	178	0.0	-0.01952187336089683	0.022081750339347186	0.3766569516330428	0.0633730113861279	78
null	correct_ld_environment	179	0.0	-0.02897248822363503	0.02704624474892992	0.2840703559373664	0.47133627852453247	78
null	diagonal_misspecified	179	0.0	-0.01886153118187601	0.021042583551426946	0.37006557296997145	0.05609003693006717	78
null	correct_ld_environment	180	0.0	0.019959361399935163	0.02765976679085839	0.47053880086291666	0.7406663109764525	78
null	diagonal_misspecified	180	0.0	0.019162483686417764	0.021767761678364264	0.37868877437701065	0.9793911582669573	78
null	correct_ld_environment	181	0.0	-0.0031537822143269684	0.02810135715941724	0.9106419767695625	0.03412018382221913	78
null	diagonal_misspecified	181	0.0	-0.002703927372022104	0.02281360817674444	0.9056536163363531	1.9257621882668974e-06	78
null	correct_ld_environment	182	0.0	-0.046202855653998225	0.028329443214722968	0.10290868995484304	0.9522617551900201	78
null	diagonal_misspecified	182	0.0	-0.03651089851012339	0.023439427971958193	0.11931144760982121	0.9777263462321739	78
null	correct_ld_environment	183	0.0	0.038657753611001315	0.02750376444531018	0.1598595477690036	0.4081701862412933	78
null	diagonal_misspecified	183	0.0	0.038898557398787295	0.022299947227928937	0.08110085648440139	0.264686702480986	78
null	correct_ld_environment	184	0.0	-0.039644097561613786	0.027182687099031096	0.14472153758516546	0.8457076679281615	78
null	diagonal_misspecified	184	0.0	-0.04923902150181675	0.022183081230648785	0.02644147809824769	0.03121227203410582	78
null	correct_ld_environment	185	0.0	-0.0458369021413628	0.02830859284178668	0.10540705987936153	0.16111479075835236	78
null	diagonal_misspecified	185	0.0	-0.020584659947159058	0.02307125981199069	0.3722745476487774	0.6191663319938311	78
null	correct_ld_environment	186	0.0	-0.03756628662858424	0.0282621596574007	0.18377938080271733	0.8069556552069798	78
null	diagonal_misspecified	186	0.0	-0.04091444631018305	0.021909111525288676	0.061837015334417544	0.8893952090093219	78
null	correct_ld_environment	187	0.0	0.023391339432023275	0.027219315975444334	0.39013893093094393	0.9062775493424258	78
null	diagonal_misspecified	187	0.0	0.023999617429571057	0.022649079734915756	0.2893135010042769	0.9820388049248308	78
null	correct_ld_environment	188	0.0	0.014501356415064963	0.028319859707848047	0.6086117598719656	0.3481400662899502	78
null	diagonal_misspecified	188	0.0	0.011464180372336654	0.022734033082067704	0.614068889574031	0.019248978146445654	78
null	correct_ld_environment	189	0.0	-0.018522451676154857	0.027129759625081774	0.4947739542345496	0.9452701577995967	78
null	diagonal_misspecified	189	0.0	-0.012407475408966123	0.02154658470306591	0.5647205080231109	0.9999999952141047	78
null	correct_ld_environment	190	0.0	-0.04384906813395865	0.027492572161142415	0.11072512417770167	0.6029326261010759	78
null	diagonal_misspecified	190	0.0	-0.033663189840921336	0.022985187778226113	0.14304096360810642	0.6430915606913296	78
null	correct_ld_environment	191	0.0	-0.033036797318196386	0.027013487673894405	0.2213394573068418	0.07913140716032149	78
null	diagonal_misspecified	191	0.0	-0.01714024831163323	0.02206070507753048	0.43718336252168655	0.015157533939663317	78
null	correct_ld_environment	192	0.0	0.018536629361882218	0.02858828034861804	0.5167265330706603	0.38760937071131535	78
null	diagonal_misspecified	192	0.0	0.01824882141995963	0.0233363533591472	0.43421978425120245	0.9543720123366063	78
null	correct_ld_environment	193	0.0	-0.010057195987784802	0.02815224132717558	0.720909768850571	0.8806568641547693	78
null	diagonal_misspecified	193	0.0	-0.01087217244027981	0.022466599239137554	0.6284383579285189	0.9997549800442185	78
null	correct_ld_environment	194	0.0	0.018214346125119418	0.027773422267918294	0.5119404021166848	0.6650331883277096	78
null	diagonal_misspecified	194	0.0	0.016276492092760386	0.02219462404974841	0.4633432132844925	0.9849474580886206	78
null	correct_ld_environment	195	0.0	0.006722639013735057	0.029144545943252775	0.8175747377241995	0.5478427472947208	78
null	diagonal_misspecified	195	0.0	-0.0028437994399922884	0.02275744666536147	0.9005542119061967	0.8930817241997024	78
null	correct_ld_environment	196	0.0	-0.018543150242768654	0.02761325744415263	0.5018825056152565	0.9193809040771537	78
null	diagonal_misspecified	196	0.0	-0.018909346466496495	0.021587348222164883	0.3810595130769964	0.968338675248286	78
null	correct_ld_environment	197	0.0	-0.012500493453680081	0.02967245983962428	0.6735486748227851	0.41501864263613303	78
null	diagonal_misspecified	197	0.0	-0.016017078969024504	0.02354207756597577	0.49627678187100494	0.010594046573642001	78
null	correct_ld_environment	198	0.0	-0.030825390173940984	0.028409561987493833	0.277905825279663	0.9956667315355566	78
null	diagonal_misspecified	198	0.0	-0.03556571432883198	0.023160881292748032	0.12463794448249803	0.5214262675914975	78
null	correct_ld_environment	199	0.0	-0.01815980710763679	0.027655365569697818	0.5114080537777628	0.928798353713486	78
null	diagonal_misspecified	199	0.0	-0.023326779099186727	0.022165329155167553	0.2926163439508239	0.7112273484338116	78
null	correct_ld_environment	200	0.0	-0.005892486678151652	0.029171817871535687	0.8399226341856931	0.701368940840919	78
null	diagonal_misspecified	200	0.0	-0.002521399824168134	0.02236681462476907	0.9102450128800129	0.9150048373912062	78
null	correct_ld_environment	201	0.0	0.03248243075905119	0.02813711358710937	0.24832242572439556	0.6507757795805259	78
null	diagonal_misspecified	201	0.0	0.028350475994262516	0.0226717967043418	0.21112671005731448	0.986525091335371	78
null	correct_ld_environment	202	0.0	0.017011585041969115	0.02760496837337773	0.5377289765932454	0.9086557347640751	78
null	diagonal_misspecified	202	0.0	0.0028715006195172968	0.022035298161951208	0.8963182635276141	0.9618251686264372	78
null	correct_ld_environment	203	0.0	-0.01631416727250669	0.027777348724093535	0.5569894200569168	0.15267811759809902	78
null	diagonal_misspecified	203	0.0	3.696262398957285e-05	0.022495254224978584	0.9986889726409692	0.00016831030347531266	78
null	correct_ld_environment	204	0.0	0.005720957774935252	0.02688627087224696	0.8314957483449604	0.9483925127876598	78
null	diagonal_misspecified	204	0.0	0.019792723931013653	0.021565612747611557	0.3587283279358868	0.9708564959632816	78
null	correct_ld_environment	205	0.0	-0.0005597557813352156	0.027712768636643716	0.9838850410486455	0.7544607621362639	78
null	diagonal_misspecified	205	0.0	-0.00730593852126795	0.021903761575188484	0.7387212605856067	0.5608464954351288	78
null	correct_ld_environment	206	0.0	-0.02566070353182232	0.028163999564609875	0.36223364143236425	0.1101218613467159	78
null	diagonal_misspecified	206	0.0	-0.028822214639236544	0.021710209035214405	0.18431422589985325	0.7362535108556301	78
null	correct_ld_environment	207	0.0	0.028297525142652352	0.026025043598341662	0.27689584158777797	0.9383585273297045	78
null	diagonal_misspecified	207	0.0	0.025015157102440795	0.020852074500525824	0.230275934092419	0.9997327098817643	78
null	correct_ld_environment	208	0.0	-0.005651267380301906	0.025151878788771093	0.8222237933956591	0.47884671888941455	78
null	diagonal_misspecified	208	0.0	-0.005449781098462349	0.021374380414168774	0.7987478845001287	0.6618966532464037	78
null	correct_ld_environment	209	0.0	0.006645729247889742	0.02775625990845138	0.8107708306550743	0.4838954541951019	78
null	diagonal_misspecified	209	0.0	0.004262386889261103	0.021880830679866528	0.8455494839039557	0.8670098439086511	78
null	correct_ld_environment	210	0.0	0.05501391276186134	0.026725170860690935	0.0395416282643111	0.1344407709077394	78
null	diagonal_misspecified	210	0.0	0.05242311711007634	0.022072358600569678	0.017546224636169273	0.006820939002676439	78
null	correct_ld_environment	211	0.0	0.017278325444134122	0.027991103547847184	0.5370505970909947	0.6779212445927161	78
null	diagonal_misspecified	211	0.0	0.01761389505183111	0.02391209856310709	0.46135944691006586	0.9759508808251206	78
null	correct_ld_environment	212	0.0	0.011850773075000586	0.027490744393033166	0.6664085365796577	0.5600213347546523	78
null	diagonal_misspecified	212	0.0	0.005207563761389078	0.022219755362200392	0.8147005520982967	0.9717581793061114	78
null	correct_ld_environment	213	0.0	0.009597430499313171	0.02713421386650519	0.7235620913835468	0.6042181690081291	78
null	diagonal_misspecified	213	0.0	0.0061641841638914695	0.021634932655667415	0.7757068795396986	0.904083565566998	78
null	correct_ld_environment	214	0.0	-0.035945165823459246	0.02787577844925704	0.1972324237727484	0.9074475300215782	78
null	diagonal_misspecified	214	0.0	-0.03142738816107904	0.022030809590687945	0.1537183286299191	0.9959838136475769	78
null	correct_ld_environment	215	0.0	-0.03863780836988481	0.02753554536348656	0.1605579533873417	0.09080656050013239	78
null	diagonal_misspecified	215	0.0	-0.04389137994511838	0.022358243626000668	0.049635013421125335	0.15215525815720743	78
null	correct_ld_environment	216	0.0	-0.03636669832963648	0.028339499059626957	0.19940405688275767	0.6331176072602169	78
null	diagonal_misspecified	216	0.0	-0.04370916550539289	0.022838339346139623	0.05563927010537326	0.5668744962578015	78
null	correct_ld_environment	217	0.0	-0.0273648923463549	0.027910441859867782	0.32686227792674816	0.6087290333787981	78
null	diagonal_misspecified	217	0.0	-0.04417333082105429	0.022415304062480587	0.048760798961330586	0.2725231122504224	78
null	correct_ld_environment	218	0.0	0.006604382043968243	0.027014604084333295	0.8068633426998726	0.13529499733701847	78
null	diagonal_misspecified	218	0.0	0.005826921850325459	0.02143998159113328	0.7857924878505695	0.3119447612525742	78
null	correct_ld_environment	219	0.0	-0.026696044582107007	0.02764144026085116	0.3341453263231272	0.1403133305139454	78
null	diagonal_misspecified	219	0.0	-0.026143803399432276	0.022334959632337607	0.24178661237756088	0.7834889889803845	78
null	correct_ld_environment	220	0.0	-0.04990709001218854	0.02705376027435615	0.06507571195259111	0.8478382262481713	78
null	diagonal_misspecified	220	0.0	-0.05266210205668237	0.02319181105964559	0.023163952188526862	0.9986728442316575	78
null	correct_ld_environment	221	0.0	0.012595868065574896	0.026818697005070995	0.6385926525144279	0.6459288349988898	78
null	diagonal_misspecified	221	0.0	0.026357002946177797	0.021233171621819202	0.2144903009746677	0.9815007904717103	78
null	correct_ld_environment	222	0.0	-0.009454152651872974	0.02870425548508148	0.7418804631267	0.998006846246242	78
null	diagonal_misspecified	222	0.0	0.0043340619469073565	0.023111151659435177	0.8512441654669768	0.999987411928976	78
null	correct_ld_environment	223	0.0	-0.014003748707300487	0.026795810298516104	0.6012459324405858	0.7736537697486305	78
null	diagonal_misspecified	223	0.0	-0.03052416560661115	0.02182163916430128	0.16187218632775	0.4563821999999109	78
null	correct_ld_environment	224	0.0	0.022360555117405104	0.027369926119484134	0.4139425119707286	0.607233297495963	78
null	diagonal_misspecified	224	0.0	0.030283680611351522	0.02164493553865356	0.16177951668506035	0.6265152054241228	78
null	correct_ld_environment	225	0.0	-0.015285687480832323	0.029027842527097926	0.598480350563708	0.6866249222551893	78
null	diagonal_misspecified	225	0.0	-0.016514254838067878	0.02312714823633851	0.4751878498841759	0.7130530107308944	78
null	correct_ld_environment	226	0.0	0.037747257960110775	0.028755414269805643	0.18928375694902036	0.8549044997019044	78
null	diagonal_misspecified	226	0.0	0.03315405659157543	0.022686073828875844	0.14389810482420323	0.9992994332878882	78
null	correct_ld_environment	227	0.0	-0.04191401786860893	0.027424993125617365	0.1264344424348309	0.7897620486418637	78
null	diagonal_misspecified	227	0.0	-0.03230636789773059	0.022061127885563536	0.14308404172696504	0.4173611996737844	78
null	correct_ld_environment	228	0.0	-0.005816843749740255	0.027916319697423274	0.8349423101578981	0.9861899455128532	78
null	diagonal_misspecified	228	0.0	0.015256435628444313	0.022221049346929322	0.49235005733638215	0.9999946308195502	78
null	correct_ld_environment	229	0.0	-0.006410212345351628	0.026564522595278497	0.8093169790742489	0.6076505841777566	78
null	diagonal_misspecified	229	0.0	0.004435424580490513	0.022116974732364268	0.841055220558918	0.9615757340800289	78
null	correct_ld_environment	230	0.0	0.016191502818471988	0.028332368880806955	0.5676714279693592	0.5010142938105344	78
null	diagonal_misspecified	230	0.0	0.03329841366399245	0.0219861482181	0.12989455312013398	0.7449535396371317	78
null	correct_ld_environment	231	0.0	-0.05256304635229407	0.02869382889082246	0.0669724425243303	0.9692943957750838	78
null	diagonal_misspecified	231	0.0	-0.05154580288124926	0.02369661114984018	0.02961217898039761	0.147960493032781	78
null	correct_ld_environment	232	0.0	-0.005278509496949742	0.02758022410740826	0.8482220309153455	0.17197620257636997	78
null	diagonal_misspecified	232	0.0	-0.010490437947044167	0.022188696686422305	0.6363680243014234	0.1778225031796435	78
null	correct_ld_environment	233	0.0	0.016615007024237145	0.026866472566926133	0.5362925554583432	0.03826307999171581	78
null	diagonal_misspecified	233	0.0	0.009646420064487345	0.02115644798167309	0.6484212561644154	0.358706299073532	78
null	correct_ld_environment	234	0.0	-0.04029794201870951	0.02783206949021859	0.1476461391907757	0.6803127967921871	78
null	diagonal_misspecified	234	0.0	-0.0497204535597453	0.022979950452333094	0.030491609568022465	0.6755489490931811	78
null	correct_ld_environment	235	0.0	-0.032872921096988576	0.027607642524213258	0.23376424933383738	0.28864602065362344	78
null	diagonal_misspecified	235	0.0	-0.02970818639356767	0.02241225752360381	0.18499443994820125	0.5746565598267951	78
null	correct_ld_environment	236	0.0	0.018497736858577037	0.02969684652160655	0.5333597281805686	0.06494330163036101	78
null	diagonal_misspecified	236	0.0	0.006621252866121569	0.022905602365153918	0.7725301360846588	0.05087102474499064	78
null	correct_ld_environment	237	0.0	-0.03964245504798823	0.02715000808566712	0.14425522202899863	0.07680502631269741	78
null	diagonal_misspecified	237	0.0	-0.030646173174585997	0.022382085754457628	0.17092809069207063	0.4441544159685351	78
null	correct_ld_environment	238	0.0	0.021601930305168552	0.02679981780289406	0.4202153716027959	0.4853555643575404	78
null	diagonal_misspecified	238	0.0	0.03840249326393746	0.020874445685830096	0.0658138731473997	0.8420187359124831	78
null	correct_ld_environment	239	0.0	0.007922839025971727	0.02845088171777284	0.7806483000348686	0.9758833956333305	78
null	diagonal_misspecified	239	0.0	0.0010794499443731263	0.0227407411869637	0.962140498767676	0.9056282127113192	78
null	correct_ld_environment	240	0.0	0.004300235859804653	0.027488438007964747	0.8756877978361037	0.6410107180745095	78
null	diagonal_misspecified	240	0.0	0.002495079706934312	0.021693362865148384	0.9084325904430276	0.1434148954775438	78
null	correct_ld_environment	241	0.0	0.022891055442936452	0.0277937201210849	0.4101638585202196	0.8988252626344797	78
null	diagonal_misspecified	241	0.0	0.02444732970831824	0.02177499344031652	0.2615543030363748	0.927396900787291	78
null	correct_ld_environment	242	0.0	0.036762421480220825	0.027933960263294286	0.18815806534887905	0.2737972746020115	78
null	diagonal_misspecified	242	0.0	0.03168420358046698	0.02195107374687275	0.14890751970607474	0.7150095631253095	78
null	correct_ld_environment	243	0.0	0.011945500396203325	0.027520288296992084	0.6642437088248616	0.49409235567489573	78
null	diagonal_misspecified	243	0.0	0.0013023487490756301	0.021888811312205065	0.9525551580992572	0.00011376754235432884	78
null	correct_ld_environment	244	0.0	0.004765082838037302	0.027415789400974205	0.8620163766724459	0.6881048721710911	78
null	diagonal_misspecified	244	0.0	-0.00439947246715325	0.022467099500547157	0.8447522732601095	0.9551285082133973	78
null	correct_ld_environment	245	0.0	0.023150631033585656	0.029347921563345685	0.43020918060551894	0.819823960637098	78
null	diagonal_misspecified	245	0.0	0.020309146287265673	0.02303825045126579	0.37802544987784664	0.6840410651368068	78
null	correct_ld_environment	246	0.0	-0.03126343571270463	0.02691572988421419	0.24542630985676994	0.6686166320032264	78
null	diagonal_misspecified	246	0.0	-0.028922389884257844	0.02165704358052205	0.18172169329942708	0.9463154141019153	78
null	correct_ld_environment	247	0.0	-0.029245548591681592	0.02741435362891686	0.2860635402070224	0.6374179735105078	78
null	diagonal_misspecified	247	0.0	-0.03874816808426496	0.021616033179303707	0.07304233258796936	0.008462130600059034	78
null	correct_ld_environment	248	0.0	-0.007890039709675953	0.028997828670849265	0.7855522746888546	0.08945807809181563	78
null	diagonal_misspecified	248	0.0	-0.0014068417525613477	0.02258166834463188	0.9503237939542875	0.7502900269132844	78
null	correct_ld_environment	249	0.0	0.01152419708361037	0.027918538420882762	0.6797682574520942	0.4348029988762686	78
null	diagonal_misspecified	249	0.0	-0.0031856175805427137	0.022506678759788734	0.887442581078461	0.29960205525276506	78
null	correct_ld_environment	250	0.0	-0.014681963284670392	0.02631494729055806	0.576890504828075	0.6949165413311851	78
null	diagonal_misspecified	250	0.0	-0.025189741076579036	0.0204828521248983	0.21877329683277974	0.9787318564020954	78
null	correct_ld_environment	251	0.0	0.005783539007802805	0.027742182400242378	0.8348584517899023	0.908150303976693	78
null	diagonal_misspecified	251	0.0	-0.01689545355387223	0.02255484238552893	0.4538070589682667	0.9544287895427208	78
null	correct_ld_environment	252	0.0	-0.02460481509543479	0.02742367590114148	0.3696065036092524	0.9052731110123782	78
null	diagonal_misspecified	252	0.0	-0.029247532298133917	0.022119015110552923	0.18607491507441754	0.9580747522493094	78
null	correct_ld_environment	253	0.0	-0.006906837256182476	0.028992489142574025	0.8117038720253329	0.8359121396111824	78
null	diagonal_misspecified	253	0.0	-0.005756554298115789	0.022727728987397416	0.8000492967736819	0.9863111691061365	78
null	correct_ld_environment	254	0.0	0.02486667950751636	0.026977216835732863	0.35665067955536833	0.43645046799464665	78
null	diagonal_misspecified	254	0.0	0.02804339698218672	0.021555034227383817	0.19325373125612577	0.7458970070610227	78
null	correct_ld_environment	255	0.0	-0.046084677128076595	0.030241538129401	0.12753702148897797	0.751865671637135	78
null	diagonal_misspecified	255	0.0	-0.04509645720753425	0.022927791493661726	0.049195826276429	0.9934392374790407	78
null	correct_ld_environment	256	0.0	-0.03119817044185991	0.027805306246125656	0.261853007727287	0.7380271627836318	78
null	diagonal_misspecified	256	0.0	-0.054253126398059355	0.02194557571644309	0.013429679323837339	0.9975062381807556	78
null	correct_ld_environment	257	0.0	0.01812163875930626	0.030167005639107836	0.5480327863487905	0.8720124299668434	78
null	diagonal_misspecified	257	0.0	0.02732575376846383	0.024760262848830844	0.26976094776179227	0.9758121223586902	78
null	correct_ld_environment	258	0.0	0.014339687530700843	0.026018717128622682	0.5815447732507485	0.2755652029384074	78
null	diagonal_misspecified	258	0.0	0.00238803680099463	0.021245293651443477	0.9105037999188107	0.8965443387011068	78
null	correct_ld_environment	259	0.0	-0.02051996388242978	0.027318385962034238	0.4525677122028947	0.6935861073769966	78
null	diagonal_misspecified	259	0.0	-0.01160782307735597	0.022163576137191787	0.6004634167788793	0.954343628635899	78
null	correct_ld_environment	260	0.0	0.0418353070392238	0.029388924264227095	0.1545895534393945	0.6725190293007597	78
null	diagonal_misspecified	260	0.0	0.0416409815753505	0.022937459180162875	0.06946033092170907	0.9767366694226391	78
null	correct_ld_environment	261	0.0	0.002133315792230999	0.02807069189740065	0.9394207078058483	0.9946674004430116	78
null	diagonal_misspecified	261	0.0	-0.004779141401731878	0.02216436119658785	0.8292817897342308	0.9995769020870593	78
null	correct_ld_environment	262	0.0	0.019179164932467293	0.026574980205744593	0.47047890233791617	0.9617090202054681	78
null	diagonal_misspecified	262	0.0	0.03214700089481384	0.021813392561138466	0.14055492102666073	0.9963844235950651	78
null	correct_ld_environment	263	0.0	-0.0037960474617838662	0.02752618784959453	0.8903141054475378	0.28348952429800467	78
null	diagonal_misspecified	263	0.0	0.00330831418756112	0.0218323232574449	0.879555398666145	0.7222117706988145	78
null	correct_ld_environment	264	0.0	0.01660661228360457	0.028185596290797706	0.5557352333050876	0.49718838361070433	78
null	diagonal_misspecified	264	0.0	0.0073793077171338435	0.022667237879757784	0.744765233498065	0.9818617076555668	78
null	correct_ld_environment	265	0.0	0.004466409045142662	0.027799777460515596	0.8723584528732703	0.8619013655798733	78
null	diagonal_misspecified	265	0.0	0.009292595960787029	0.022284109886311593	0.6766743987129047	0.9960666785646561	78
null	correct_ld_environment	266	0.0	-0.02192220576703791	0.028358567986889946	0.4395008291354069	0.3624358702885414	78
null	diagonal_misspecified	266	0.0	-0.01596405560122676	0.02317578062136774	0.4909334415260762	0.9016709386653977	78
null	correct_ld_environment	267	0.0	-0.03509725395094408	0.02725562501864456	0.19784804206365583	0.3462145924206808	78
null	diagonal_misspecified	267	0.0	-0.02267453173283933	0.021438163977277047	0.2902053034334742	0.992754230107019	78
null	correct_ld_environment	268	0.0	0.004832057181436583	0.027255248875657258	0.859281351367507	0.8323905194800277	78
null	diagonal_misspecified	268	0.0	-0.0011473523128145183	0.021598535844570763	0.957634891177403	0.9897711072221862	78
null	correct_ld_environment	269	0.0	0.0494569314334971	0.02788463461380325	0.07612492438854948	0.9894015317085316	78
null	diagonal_misspecified	269	0.0	0.04268453509921364	0.022191053565910012	0.05441704018273699	0.9999925969156924	78
null	correct_ld_environment	270	0.0	0.013160301853124058	0.027715108201435117	0.6348994800278642	0.7909739999719715	78
null	diagonal_misspecified	270	0.0	0.013579556764698705	0.02237541959066118	0.5439198107414126	0.9993955747657264	78
null	correct_ld_environment	271	0.0	0.03509203241700691	0.027503861047993836	0.20199272074526525	0.8540237770406665	78
null	diagonal_misspecified	271	0.0	0.0364654967494107	0.022413267833112094	0.10374553171106551	0.9968613142670797	78
null	correct_ld_environment	272	0.0	-0.007526485526369867	0.02738352325207614	0.7834279987429021	0.18925334245051909	78
null	diagonal_misspecified	272	0.0	-0.0055222614721106775	0.022737940237546828	0.8081095840804017	0.23883135364328098	78
null	correct_ld_environment	273	0.0	0.022941271395674718	0.028231834597973696	0.4164457535369629	0.7470807810856035	78
null	diagonal_misspecified	273	0.0	0.018917402093469166	0.022835847405166313	0.40743939275188756	0.9998767970448836	78
null	correct_ld_environment	274	0.0	0.03207077978288505	0.02701573275073707	0.235182288740795	0.24107879414037153	78
null	diagonal_misspecified	274	0.0	0.03098978086057676	0.021620741162322134	0.1517619151801612	0.9388702788037243	78
null	correct_ld_environment	275	0.0	-0.018811680223800902	0.028786420045126805	0.5134394806894491	0.849951751945276	78
null	diagonal_misspecified	275	0.0	-0.02023788305446086	0.022249972433486115	0.36304990376269136	0.9894715623520708	78
null	correct_ld_environment	276	0.0	-0.062056765012029294	0.028067084729964265	0.027034749822964523	0.8491106740069471	78
null	diagonal_misspecified	276	0.0	-0.0656934323413389	0.02235779173533678	0.003300397529942205	0.8391812660540761	78
null	correct_ld_environment	277	0.0	-0.007774416226406343	0.028512916017355675	0.7851123058266753	0.7328275713734882	78
null	diagonal_misspecified	277	0.0	-0.006634064380513011	0.022357951266129508	0.7666798398334929	0.43948339332946634	78
null	correct_ld_environment	278	0.0	0.0009086123373123019	0.02786495862315096	0.9739874257786877	0.31395269968337153	78
null	diagonal_misspecified	278	0.0	-0.016277317811405477	0.0226568990151545	0.4724943207568384	0.9370424043508057	78
null	correct_ld_environment	279	0.0	0.011418072609892157	0.029469828080618904	0.6984234024363157	0.9720342689302149	78
null	diagonal_misspecified	279	0.0	0.008248259740061272	0.023798071822647853	0.7288966435086695	0.9999466138510301	78
null	correct_ld_environment	280	0.0	0.061971744654193084	0.029459245748004625	0.035409574715375966	0.3441272165987221	78
null	diagonal_misspecified	280	0.0	0.042705598920718804	0.023067773174621536	0.06412496974607171	0.9640623504872639	78
null	correct_ld_environment	281	0.0	-0.019037121234081352	0.027193188148249378	0.48388391130533537	0.9589864695904238	78
null	diagonal_misspecified	281	0.0	-0.0232621183027145	0.021852455632039126	0.2870985397940469	0.9612963322444651	78
null	correct_ld_environment	282	0.0	-0.005998713242454521	0.026894237541714987	0.8234979361558122	0.5686716519477012	78
null	diagonal_misspecified	282	0.0	-0.003100988491039278	0.021452416950062596	0.8850646447728316	0.8534133185899828	78
null	correct_ld_environment	283	0.0	0.022467090303814358	0.028001893848176616	0.42235526113678107	0.08487536933508887	78
null	diagonal_misspecified	283	0.0	0.00012485962922429732	0.022221585735481022	0.9955168345137669	0.928438565552661	78
null	correct_ld_environment	284	0.0	0.016095637779666584	0.03033071927048669	0.5956466791159235	0.94100575723039	78
null	diagonal_misspecified	284	0.0	0.006600204240866266	0.023423724977818878	0.7781165609877632	0.9418165238083365	78
null	correct_ld_environment	285	0.0	0.015716714468803367	0.026973404599656605	0.5601124567828104	0.15903133597261768	78
null	diagonal_misspecified	285	0.0	0.011986483938218858	0.02168596785361311	0.5804483414097418	0.83585824823699	78
null	correct_ld_environment	286	0.0	0.011943615400506776	0.02689496175260685	0.6569820364931148	0.4138921056116692	78
null	diagonal_misspecified	286	0.0	0.004347958124679053	0.02137666028071804	0.8388243951708507	0.09821281589809257	78
null	correct_ld_environment	287	0.0	0.04545074317275953	0.027988513012515804	0.10439565096979089	0.43011226240845235	78
null	diagonal_misspecified	287	0.0	0.048624889925279385	0.022162456758209905	0.02823391809328637	0.8600129103388423	78
null	correct_ld_environment	288	0.0	0.042934189662444514	0.02805430660372321	0.12591881737885852	0.0555496219130109	78
null	diagonal_misspecified	288	0.0	0.048860199844486675	0.02230804450948374	0.02850609344145707	0.6180700215651155	78
null	correct_ld_environment	289	0.0	0.027460261602318136	0.027763076658381933	0.32261769817100316	0.3008958733214313	78
null	diagonal_misspecified	289	0.0	0.042904982449577876	0.022117038765130936	0.05239108044234111	0.6669792411384926	78
null	correct_ld_environment	290	0.0	0.015382524334575709	0.026280619355158442	0.5583337917338856	0.490052734455062	78
null	diagonal_misspecified	290	0.0	0.02815069077267851	0.02150911959996343	0.19060911635208	0.7889771042326592	78
null	correct_ld_environment	291	0.0	-0.04041796739842503	0.027993148451268126	0.1487805707037878	0.1837080444894871	78
null	diagonal_misspecified	291	0.0	-0.04820089566907707	0.022116825242483665	0.029303688671382902	0.3407901878851627	78
null	correct_ld_environment	292	0.0	0.014304525088448417	0.026282265246293623	0.586258918953874	0.9704589617781124	78
null	diagonal_misspecified	292	0.0	0.0060622537761638624	0.021060918043506748	0.7734663408905447	0.6013376031362806	78
null	correct_ld_environment	293	0.0	-0.01612699047287628	0.02671092480098872	0.5460031542448642	0.9879866064266759	78
null	diagonal_misspecified	293	0.0	-0.020885374711722887	0.02135066367810526	0.32797181500201444	0.9945267646053165	78
null	correct_ld_environment	294	0.0	-0.0022587093114125405	0.026682875237225734	0.9325395305596186	0.09272528193156626	78
null	diagonal_misspecified	294	0.0	-0.00756477698018237	0.022591198720165254	0.7377344312487896	0.5517703102856386	78
null	correct_ld_environment	295	0.0	-0.0003607195794679442	0.02688497736217198	0.9892949901251745	0.20333698339985054	78
null	diagonal_misspecified	295	0.0	0.009914211533536173	0.021245370085313575	0.6407483011219998	0.3363249620296549	78
null	correct_ld_environment	296	0.0	0.026376518026050337	0.026536220037169017	0.32023175988212316	0.9892749916598096	78
null	diagonal_misspecified	296	0.0	0.018689432017920237	0.022164418698449796	0.3991066540732181	0.9986873293391374	78
null	correct_ld_environment	297	0.0	0.008236049955661613	0.02658697492228245	0.7567300676172475	0.939458905136827	78
null	diagonal_misspecified	297	0.0	0.011130959773612288	0.021206840652348936	0.5996694573555288	0.9927100895683902	78
null	correct_ld_environment	298	0.0	-0.009768124735445935	0.026793834147848222	0.7154352928223046	0.7133037269461096	78
null	diagonal_misspecified	298	0.0	-0.0030063252190330875	0.021757808760654786	0.8901042922671649	0.6213192868240215	78
null	correct_ld_environment	299	0.0	0.0002255178877352498	0.029385770947758755	0.9938767822402148	0.6173060209864933	78
null	diagonal_misspecified	299	0.0	0.010603579863941592	0.023202935121477336	0.6476760479588778	0.8462938320532309	78
null	correct_ld_environment	300	0.0	-0.037144421016118256	0.02531768225779579	0.14233972939228473	0.056105155531538234	78
null	diagonal_misspecified	300	0.0	-0.03527626098421316	0.021426997449263664	0.09969245326157589	0.2495145279302462	78
null	correct_ld_environment	301	0.0	0.02524881243410905	0.028715951932706582	0.37925985554218933	0.19534230473163294	78
null	diagonal_misspecified	301	0.0	0.013659866657709026	0.022695671381995484	0.5472600027323002	0.8826513382262632	78
null	correct_ld_environment	302	0.0	0.011172098970483976	0.026041342869932003	0.6679130838581363	0.6472838389529547	78
null	diagonal_misspecified	302	0.0	0.005141456637707171	0.02101316539821913	0.8067058612953406	0.9983044589153072	78
null	correct_ld_environment	303	0.0	-0.012370927143810386	0.025854760194929542	0.6323102163309009	0.5864288753765291	78
null	diagonal_misspecified	303	0.0	9.813636435713623e-05	0.021722345721565357	0.9963953605830305	0.9963135249478077	78
null	correct_ld_environment	304	0.0	-0.01545625998526192	0.028088937479582816	0.5821400484634464	0.6366863642710676	78
null	diagonal_misspecified	304	0.0	0.006000291953264441	0.02205824302690891	0.7856063384736927	0.0017053627250210716	78
null	correct_ld_environment	305	0.0	0.003690700237629254	0.028070367935332182	0.8953953741018174	0.923334001886042	78
null	diagonal_misspecified	305	0.0	0.017328152817985946	0.022240383018904415	0.4359030549958449	0.9999324597382859	78
null	correct_ld_environment	306	0.0	-0.026537066509829153	0.02925946544709131	0.36442972639860693	0.029032203769080618	78
null	diagonal_misspecified	306	0.0	-0.019975231955962847	0.024155248438200203	0.4082642459478495	0.08096172203494777	78
null	correct_ld_environment	307	0.0	-0.013379577146455875	0.027039762028927026	0.6207333964180872	0.5638698503664583	78
null	diagonal_misspecified	307	0.0	-0.019892280507359035	0.0218883139932284	0.3634513468663584	0.9656974358474608	78
null	correct_ld_environment	308	0.0	-0.004441538837761393	0.025321101882689698	0.8607585895461819	0.11084987824149137	78
null	diagonal_misspecified	308	0.0	0.001790554481583297	0.02115220383286202	0.9325388796568364	0.9668805260102256	78
null	correct_ld_environment	309	0.0	-0.03693246236572913	0.02862304282225411	0.1969446955064055	0.6673684324945774	78
null	diagonal_misspecified	309	0.0	-0.048727884754012386	0.02259973342809235	0.031073786640036252	0.831429560105289	78
null	correct_ld_environment	310	0.0	-0.006394177128820081	0.02642972610403042	0.8088334219251846	0.6435005731958736	78
null	diagonal_misspecified	310	0.0	-0.020219731093039615	0.021461020457161018	0.3461103465300853	0.8815608511973666	78
null	correct_ld_environment	311	0.0	0.048001822159123575	0.028874473192030795	0.09642636799651363	0.9337967824916277	78
null	diagonal_misspecified	311	0.0	0.042134178788898746	0.022666803685053978	0.06304846076944201	0.8400231574496165	78
null	correct_ld_environment	312	0.0	0.044896903098643436	0.027736237181365003	0.10550984025897236	0.8662164454519433	78
null	diagonal_misspecified	312	0.0	0.052577738247989565	0.02221292136886294	0.017933470810653263	0.9025693185176746	78
null	correct_ld_environment	313	0.0	0.010218088320873047	0.02884866089258411	0.7231917925605942	0.7836806624327839	78
null	diagonal_misspecified	313	0.0	0.02073963542363276	0.022708236144658795	0.3610800739078396	0.5892216106981362	78
null	correct_ld_environment	314	0.0	-0.01275249402204111	0.02761781890668755	0.6442614898292887	0.2111574347009947	78
null	diagonal_misspecified	314	0.0	0.0005759992674146957	0.021755734976739247	0.9788778803865349	0.7126990498213688	78
null	correct_ld_environment	315	0.0	-0.0288083988704111	0.029358294303412222	0.326459857522499	0.37147433440500816	78
null	diagonal_misspecified	315	0.0	-0.04170064236456035	0.02309674845776209	0.07100011039497868	0.7845294811665955	78
null	correct_ld_environment	316	0.0	0.015184329579929096	0.029943347652065282	0.6120832963293157	0.4016985068947374	78
null	diagonal_misspecified	316	0.0	0.009444135058280283	0.023316270811388328	0.6854445550207615	0.022537375997770722	78
null	correct_ld_environment	317	0.0	0.02777752236852585	0.02802896621849533	0.3216713500773277	0.8835882396615532	78
null	diagonal_misspecified	317	0.0	0.03660223100887179	0.021446739173742894	0.08788579385899002	0.987917213587555	78
null	correct_ld_environment	318	0.0	0.04334166263725653	0.02699002122714869	0.10830901279754221	0.5537580428767339	78
null	diagonal_misspecified	318	0.0	0.042159666252905036	0.021746240755296565	0.052536593984180216	0.9905460076438778	78
null	correct_ld_environment	319	0.0	-0.0051242398408052146	0.025966757636221104	0.8435626880043658	0.6442667305481253	78
null	diagonal_misspecified	319	0.0	-0.0008505081735183466	0.022209847523580413	0.9694531212111863	0.8173252015832457	78
null	correct_ld_environment	320	0.0	-0.006446684235431103	0.026784340944536477	0.8097965124384814	0.6690573282761179	78
null	diagonal_misspecified	320	0.0	-0.00911916623811583	0.02119906638303004	0.6670732233791531	0.5082922063725898	78
null	correct_ld_environment	321	0.0	0.018171265078277817	0.02730333922011025	0.505709835445727	0.5710883777763998	78
null	diagonal_misspecified	321	0.0	0.010798520818533374	0.02265352357494137	0.6335887742948285	0.846534085221991	78
null	correct_ld_environment	322	0.0	-0.028459227610928603	0.027291299778659458	0.2970433042866948	0.13776389017500104	78
null	diagonal_misspecified	322	0.0	-0.016292904947868343	0.021832576028672855	0.4555068629628573	0.03655550496367125	78
null	correct_ld_environment	323	0.0	0.025995647184221076	0.02898426275761309	0.36977850488579966	0.5456660842639887	78
null	diagonal_misspecified	323	0.0	0.037694854312875586	0.02327172211606791	0.1052815361055992	0.43879776079780297	78
null	correct_ld_environment	324	0.0	0.015188788633434173	0.02681731723052789	0.5711355762764059	0.591675583640513	78
null	diagonal_misspecified	324	0.0	0.005444266516556794	0.021733607941762812	0.8022007855629611	0.8736246242421251	78
null	correct_ld_environment	325	0.0	0.0025468839144332403	0.02827304120169576	0.9282222829753368	0.6768250335155604	78
null	diagonal_misspecified	325	0.0	0.014715720919113821	0.022940465836930456	0.5212145263366463	0.9549064601298793	78
null	correct_ld_environment	326	0.0	-0.012108527886934407	0.027174624328959337	0.6558990974417337	0.7497243449806598	78
null	diagonal_misspecified	326	0.0	-0.005849472917395454	0.021440619143594054	0.78499003578945	0.9361684531470749	78
null	correct_ld_environment	327	0.0	-0.0008865321240799555	0.0283728339795045	0.975073508198716	0.7569821183198827	78
null	diagonal_misspecified	327	0.0	0.0003801878529841136	0.022341475563776213	0.986422947882778	0.9617036096013258	78
null	correct_ld_environment	328	0.0	-0.0060567743800442825	0.02740823133867086	0.8251050677091668	0.8013886051965046	78
null	diagonal_misspecified	328	0.0	0.006517106932865944	0.022100568834238	0.7680823983757818	0.9994874133767464	78
null	correct_ld_environment	329	0.0	0.02760711408820048	0.028276563909428763	0.328903472921457	0.12562344891495772	78
null	diagonal_misspecified	329	0.0	0.030841779895786618	0.022042320021271412	0.1617507626734997	0.6222898858345204	78
null	correct_ld_environment	330	0.0	-0.03632059376976574	0.02810383519543273	0.1962285447331389	0.4246151204384094	78
null	diagonal_misspecified	330	0.0	-0.019508283446121842	0.02190469799802801	0.373144793700233	0.17275516945272062	78
null	correct_ld_environment	331	0.0	0.010726613145643089	0.02838627212341026	0.7055195144684734	0.02740143030263087	78
null	diagonal_misspecified	331	0.0	0.0022723596972213356	0.02250829017984249	0.9195849387629793	0.491296580183455	78
null	correct_ld_environment	332	0.0	-0.009343665781978547	0.027302293275378985	0.7321777561947667	0.3026391631645535	78
null	diagonal_misspecified	332	0.0	-0.0027286108807464513	0.021923462748677836	0.9009504661028844	0.7067154166946801	78
null	correct_ld_environment	333	0.0	-0.02083107791211766	0.029241631294878338	0.47623109296083166	0.7777471973273361	78
null	diagonal_misspecified	333	0.0	-0.010838857993944474	0.023286544313965145	0.6416050554090709	0.9149747849793846	78
null	correct_ld_environment	334	0.0	-0.026101431166432598	0.02922008168112973	0.3717124382286088	0.4373537297000308	78
null	diagonal_misspecified	334	0.0	-0.024900193942874196	0.023270667502484826	0.2846080955457787	0.9827963321759219	78
null	correct_ld_environment	335	0.0	0.07894508150662435	0.02615574026710949	0.0025422244423415875	0.07821209575095335	78
null	diagonal_misspecified	335	0.0	0.08062261947594734	0.021696340611162254	0.00020243783018287524	0.378431939296457	78
null	correct_ld_environment	336	0.0	0.014955658818856571	0.028544184960393456	0.6003149468493678	0.5850194450214253	78
null	diagonal_misspecified	336	0.0	0.021296297537619264	0.022587011384767902	0.345754601114027	0.8490257499932358	78
null	correct_ld_environment	337	0.0	0.008631369729958396	0.027607228434367526	0.754547418837604	0.10090819667061211	78
null	diagonal_misspecified	337	0.0	0.0063947411834681025	0.021635507142302304	0.7675608050473692	0.322398817109496	78
null	correct_ld_environment	338	0.0	0.016907555485824045	0.02798655225835273	0.5457562732198457	0.006494414817166826	78
null	diagonal_misspecified	338	0.0	0.012766486675363764	0.022815083204575332	0.5757772410061557	0.11082230497379683	78
null	correct_ld_environment	339	0.0	-0.00030379213081428794	0.02777102766402105	0.9912719752549445	0.6548217080735405	78
null	diagonal_misspecified	339	0.0	-0.0016364625849389547	0.021537486168454252	0.9394333702904094	0.8777181425783458	78
null	correct_ld_environment	340	0.0	0.044008926454516074	0.028237961600393303	0.11911423701760945	0.5841985219780056	78
null	diagonal_misspecified	340	0.0	0.050539372348779435	0.022906254015413834	0.02735901799290436	0.5124472216880107	78
null	correct_ld_environment	341	0.0	0.030570518921593622	0.028686295111917948	0.28656661995335697	0.5701800053744991	78
null	diagonal_misspecified	341	0.0	0.033930995273229854	0.022512537667098192	0.13175827909798596	0.9242576713714955	78
null	correct_ld_environment	342	0.0	0.0054320490812638424	0.02752874325266098	0.8435749274090876	0.30566783721021296	78
null	diagonal_misspecified	342	0.0	0.007197487629704275	0.022134555503037914	0.7450526102382307	0.9828372677630218	78
null	correct_ld_environment	343	0.0	0.033635939936253946	0.027694538090714566	0.22454412522444828	0.8890539802827763	78
null	diagonal_misspecified	343	0.0	0.03453264593067955	0.022448915060358725	0.1239809420768164	0.9979803118759939	78
null	correct_ld_environment	344	0.0	-0.003063910100748479	0.028367471475152617	0.9139894513496429	0.4104317588912778	78
null	diagonal_misspecified	344	0.0	-0.006364724283937074	0.022714205432185542	0.7793171792415189	0.37595278879777166	78
null	correct_ld_environment	345	0.0	-0.011774207009606717	0.028172204277760956	0.6759931673045931	0.9807071745469134	78
null	diagonal_misspecified	345	0.0	-0.020032781088072788	0.023140126288283297	0.3866458401782975	0.9999988420723355	78
null	correct_ld_environment	346	0.0	0.02936606283637556	0.028251690288660376	0.2985980777507318	0.28224367876040385	78
null	diagonal_misspecified	346	0.0	0.02857320589305105	0.022964592983815525	0.2134154002871233	0.10667304828039031	78
null	correct_ld_environment	347	0.0	-0.007155428247057622	0.028581321933346577	0.8023141414827533	0.9632504031727933	78
null	diagonal_misspecified	347	0.0	-0.009463801249113337	0.022963556066534507	0.6802495384328027	0.9996136748330329	78
null	correct_ld_environment	348	0.0	0.03686508777676223	0.029306749890486435	0.20842635519922692	0.6970432671808562	78
null	diagonal_misspecified	348	0.0	0.05488283870549909	0.023223907432959972	0.018117677047413572	0.9517033547601065	78
null	correct_ld_environment	349	0.0	0.039799987957426904	0.029256140722337242	0.17370409070784548	0.38015448349092806	78
null	diagonal_misspecified	349	0.0	0.06360527923101435	0.02363634345912073	0.007123928816375017	0.95481628142657	78
null	correct_ld_environment	350	0.0	0.03545882077690299	0.028539941243440343	0.21407870747796107	0.9311194725409514	78
null	diagonal_misspecified	350	0.0	0.031967480823303474	0.022658864074165397	0.15829896857728912	0.998528861703264	78
null	correct_ld_environment	351	0.0	0.03009878292647082	0.0281216179073612	0.2844808497284225	0.5805996511769975	78
null	diagonal_misspecified	351	0.0	0.021176238879585713	0.022495866038600383	0.34653109817235883	0.6549628012589653	78
null	correct_ld_environment	352	0.0	0.045466853633605746	0.027815110334548396	0.10213085918107491	0.7182150372367072	78
null	diagonal_misspecified	352	0.0	0.03129361055604337	0.02198813813308969	0.15467696824093388	0.7971393716464289	78
null	correct_ld_environment	353	0.0	-0.009220876210822586	0.027412309087729	0.7365864286131819	0.6188134400479205	78
null	diagonal_misspecified	353	0.0	-0.0034440643329331	0.02196324351351581	0.8753943002032155	0.0727433411378301	78
null	correct_ld_environment	354	0.0	0.01450034929832585	0.02955404294405157	0.6236821990281591	0.3689231859490514	78
null	diagonal_misspecified	354	0.0	0.013880288369295925	0.023113360147897978	0.548152433692959	0.6380995353542933	78
null	correct_ld_environment	355	0.0	-0.011344232041847547	0.02879434484190489	0.6936000087181181	0.6973527234060329	78
null	diagonal_misspecified	355	0.0	-0.005403648927418817	0.022273213999893297	0.808309464983813	0.9973564851739264	78
null	correct_ld_environment	356	0.0	-0.0034343794432525696	0.027023568664195353	0.8988705103961258	0.15560608845469942	78
null	diagonal_misspecified	356	0.0	0.011479714293434478	0.020817150887377636	0.5813220583397676	0.9671455454973138	78
null	correct_ld_environment	357	0.0	0.004320817436434	0.026695888086234718	0.8714213833438478	0.8561852897186807	78
null	diagonal_misspecified	357	0.0	0.024431307835382346	0.022617681232670012	0.28005925873280235	0.7469881658507692	78
null	correct_ld_environment	358	0.0	-0.001969909323365968	0.027600843329151633	0.9431022144714514	0.708330071034664	78
null	diagonal_misspecified	358	0.0	-0.005579365200273953	0.021908912445452147	0.7989842480414551	0.8996351970894124	78
null	correct_ld_environment	359	0.0	0.0098158505720789	0.02570231153067754	0.7025315634131024	0.899538464628029	78
null	diagonal_misspecified	359	0.0	0.023435053834908997	0.02190694635003513	0.28472984007393964	0.9995153783294198	78
null	correct_ld_environment	360	0.0	0.01859091122243794	0.02813447772471687	0.5087485996893141	0.7766356693435977	78
null	diagonal_misspecified	360	0.0	0.0265849027540849	0.02276276788386955	0.242842387437741	0.9737559783149516	78
null	correct_ld_environment	361	0.0	-0.0010706738303831696	0.02737986827111184	0.968807138123435	0.7835682014332506	78
null	diagonal_misspecified	361	0.0	0.018058992645286306	0.022065388803784378	0.41311127084766464	0.9705449771390471	78
null	correct_ld_environment	362	0.0	0.013154529336462625	0.02627948023486728	0.6166788718628275	0.8576643243247964	78
null	diagonal_misspecified	362	0.0	0.000721308334912519	0.021638704509106668	0.9734081022166352	0.9757463696155637	78
null	correct_ld_environment	363	0.0	-0.004793657857120782	0.02820991488779957	0.8650666646309177	0.9118191751109298	78
null	diagonal_misspecified	363	0.0	-0.0007189712171550171	0.02222206566631151	0.9741897996117295	0.731816569529352	78
null	correct_ld_environment	364	0.0	0.008172508045789752	0.028633300133348437	0.7753226135565567	0.5178685543121538	78
null	diagonal_misspecified	364	0.0	0.008522784263505041	0.022968321257062302	0.7105876877300574	0.9982577333843418	78
null	correct_ld_environment	365	0.0	-0.03221506747177867	0.02968085087451361	0.2777524089756873	0.8463388644282893	78
null	diagonal_misspecified	365	0.0	-0.03774832616446356	0.023938636890257138	0.11482344284226334	0.9954213072766929	78
null	correct_ld_environment	366	0.0	0.008115301316369831	0.028913447921186285	0.778959172784561	0.715483879842095	78
null	diagonal_misspecified	366	0.0	-0.009158028378053306	0.023008854803597722	0.6906140339848914	0.6190687382921852	78
null	correct_ld_environment	367	0.0	0.00026463985321160613	0.028074688925890715	0.9924790288265342	0.9807038549443239	78
null	diagonal_misspecified	367	0.0	-0.02153000452969673	0.022873008429729082	0.3465591682382282	0.9993464335562794	78
null	correct_ld_environment	368	0.0	0.010348545496164725	0.026973248880748323	0.7012307701883874	0.5521382627009161	78
null	diagonal_misspecified	368	0.0	0.006254989671795959	0.021907518097057505	0.7752473538420728	0.8272609453749893	78
null	correct_ld_environment	369	0.0	-0.06151166749791402	0.027558250733602983	0.025611001581296804	0.7503208068374142	78
null	diagonal_misspecified	369	0.0	-0.07848905615723308	0.021922867711970762	0.00034328306517514333	0.9813561983683421	78
null	correct_ld_environment	370	0.0	0.02836334469584657	0.02754161842633334	0.30308709123453703	0.2983029150582182	78
null	diagonal_misspecified	370	0.0	0.04348521368833138	0.021713344777040962	0.0452100028136988	0.6454354556497791	78
null	correct_ld_environment	371	0.0	0.048630819943563205	0.027098032200376206	0.07271338542232361	0.7396224671923033	78
null	diagonal_misspecified	371	0.0	0.034562196093817325	0.02204065659867578	0.11685522947757293	0.9941151856678435	78
null	correct_ld_environment	372	0.0	-0.020374521454628394	0.02900856472125754	0.48245326679784545	0.27748309978103114	78
null	diagonal_misspecified	372	0.0	-0.01873880520147412	0.023208498755778906	0.4194295327089844	0.8498280219102405	78
null	correct_ld_environment	373	0.0	-0.02862229547465326	0.026956978428143624	0.28833700449943245	0.6828389910379654	78
null	diagonal_misspecified	373	0.0	-0.019650704318921353	0.022190529491650474	0.37586295766351663	0.5607924677046525	78
null	correct_ld_environment	374	0.0	-0.015585992591553674	0.027265402123151948	0.5675659372597739	0.3830735987426126	78
null	diagonal_misspecified	374	0.0	-0.010973621542654237	0.021925444393492803	0.6167250909519127	0.4670069032005539	78
null	correct_ld_environment	375	0.0	0.025129933618477623	0.027477299833645785	0.3604170410682124	0.1752424783927079	78
null	diagonal_misspecified	375	0.0	0.02905302195239317	0.022117008749109362	0.1889790331811162	0.4150285491790304	78
null	correct_ld_environment	376	0.0	0.018037843503887267	0.029373105943301205	0.5391533167532975	0.9218655631706735	78
null	diagonal_misspecified	376	0.0	0.013905403808196963	0.02389824669694564	0.5606618315047054	0.8720047504937457	78
null	correct_ld_environment	377	0.0	0.06060502125528789	0.028570924965567786	0.03390387058429945	0.9882090134043674	78
null	diagonal_misspecified	377	0.0	0.07061573635279365	0.023053034471681822	0.0021899377254310523	0.9995463255375288	78
null	correct_ld_environment	378	0.0	-0.007188795202302515	0.030292370609063608	0.8124134179001352	0.9954846499800416	78
null	diagonal_misspecified	378	0.0	-0.0007721758669071397	0.02402741176925204	0.9743625667366655	0.9990450433069704	78
null	correct_ld_environment	379	0.0	-0.007821607953765691	0.03017193803065824	0.7954542960431287	0.3384967047930802	78
null	diagonal_misspecified	379	0.0	0.0017603879321538905	0.023582885365101624	0.9404957030485809	0.5595544392731098	78
null	correct_ld_environment	380	0.0	0.005579649740215936	0.02650511626102246	0.8332679482952837	0.3486236312666406	78
null	diagonal_misspecified	380	0.0	0.0066093143572580615	0.021192913929298285	0.7551436157031465	0.6111992531155823	78
null	correct_ld_environment	381	0.0	0.029995271342170036	0.02835482196348395	0.2901218565945731	0.8457047775345371	78
null	diagonal_misspecified	381	0.0	0.03481487938220181	0.021990206004474704	0.11337603945701798	0.9715273180247296	78
null	correct_ld_environment	382	0.0	-0.01012821468692657	0.029329268073752874	0.7298478706723897	0.7787066286083455	78
null	diagonal_misspecified	382	0.0	0.003987413188125255	0.023756146696059053	0.8667031418336264	0.3214790191059761	78
null	correct_ld_environment	383	0.0	-0.014009944966039566	0.027588553887561307	0.6115814756704439	0.771379540842046	78
null	diagonal_misspecified	383	0.0	-0.021395751875152698	0.02180180348312765	0.32640769199084635	0.8911151760642062	78
null	correct_ld_environment	384	0.0	0.007320350125225253	0.02550581262953426	0.7741068595346876	0.8454225472603187	78
null	diagonal_misspecified	384	0.0	0.020465601292954088	0.021200532796015498	0.33437740170556474	0.9519553455920595	78
null	correct_ld_environment	385	0.0	0.043341335073324515	0.028485700657018945	0.1281314049458846	0.034803755095596974	78
null	diagonal_misspecified	385	0.0	0.06219412104886041	0.022668173036678806	0.006075548052595124	0.0014697826014861027	78
null	correct_ld_environment	386	0.0	0.015647322943205005	0.027171350064124418	0.5646991342604097	0.47457286894203715	78
null	diagonal_misspecified	386	0.0	0.003479953621903714	0.02216694797221822	0.8752539928023171	0.48083308290974247	78
null	correct_ld_environment	387	0.0	-0.003643589966764789	0.02793278882356264	0.8962172737654996	0.8769175450869351	78
null	diagonal_misspecified	387	0.0	-0.011121652221187696	0.022266369071638578	0.617439811700346	0.9913155812259083	78
null	correct_ld_environment	388	0.0	0.02940160877727838	0.0295729041743763	0.3201217645187304	0.2920311018607275	78
null	diagonal_misspecified	388	0.0	0.03563079190492546	0.023332074137271386	0.12673208186479187	0.22568119754857296	78
null	correct_ld_environment	389	0.0	0.0068494197091283565	0.03009874882629441	0.8199844854066314	0.41111847139935564	78
null	diagonal_misspecified	389	0.0	0.008656042421307814	0.023248843001057035	0.709653546512457	0.7986134156290248	78
null	correct_ld_environment	390	0.0	0.007360849623656686	0.02713611860619001	0.786193730304904	0.9159624738956798	78
null	diagonal_misspecified	390	0.0	0.01718546010611531	0.021584187580393224	0.42591229861644664	0.9991234241035524	78
null	correct_ld_environment	391	0.0	0.03823799762090318	0.026704622795239167	0.15217621257453595	0.6466012690177643	78
null	diagonal_misspecified	391	0.0	0.03178861188726455	0.021901671502759654	0.1466618278847273	0.7841617955749272	78
null	correct_ld_environment	392	0.0	-0.013696927701245466	0.02616730106870211	0.6006703377219546	0.07837599529136285	78
null	diagonal_misspecified	392	0.0	-0.02807483583371367	0.020635889756679043	0.17367623045022756	0.1669830671611559	78
null	correct_ld_environment	393	0.0	-0.022539458069863027	0.028212054814024407	0.4243309794161419	0.39674943340271107	78
null	diagonal_misspecified	393	0.0	-0.019479093746404996	0.021910345778688185	0.3739835466980129	0.7288139293287417	78
null	correct_ld_environment	394	0.0	0.010515680440443301	0.028245986092940743	0.7096774103358285	0.6239136286448507	78
null	diagonal_misspecified	394	0.0	0.013911296370050317	0.02228582616069749	0.5324819953678501	0.9851481169655016	78
null	correct_ld_environment	395	0.0	-0.0030747703269306944	0.028462361150924705	0.9139724118399246	0.4859965081881644	78
null	diagonal_misspecified	395	0.0	0.009273726403198143	0.02266470062687742	0.6824145574284104	0.6585183852002225	78
null	correct_ld_environment	396	0.0	-0.015367840242155149	0.02888008603575022	0.5946388368765221	0.05552780913941961	78
null	diagonal_misspecified	396	0.0	-0.015990755041794657	0.0229136228668306	0.485257813555388	0.8141471438246549	78
null	correct_ld_environment	397	0.0	0.024807500025735035	0.02863834021518726	0.3863619276794815	0.8867086046070789	78
null	diagonal_misspecified	397	0.0	0.024561759202524923	0.02262571262155317	0.2776699758462371	0.9841845483237192	78
null	correct_ld_environment	398	0.0	0.008655113292818354	0.0277516546561408	0.7551337152700417	0.018986096807083228	78
null	diagonal_misspecified	398	0.0	-0.012329320797786033	0.022053130226500975	0.5761115564509265	0.5875516526028791	78
null	correct_ld_environment	399	0.0	-0.01595164519685569	0.02781946645441452	0.5663747874270478	0.9704187610165259	78
null	diagonal_misspecified	399	0.0	-0.003026533372093817	0.022278958261689734	0.8919421024770688	0.994238705545501	78
null	correct_ld_environment	400	0.0	0.002295034851000782	0.027085693957715543	0.9324741665696419	0.7118396706606344	78
null	diagonal_misspecified	400	0.0	0.0035997685031423756	0.022343673164155205	0.8720074932400911	0.6105348822074055	78
null	correct_ld_environment	401	0.0	-0.007980640997300835	0.027844603692668647	0.7744082303131529	0.29280523056663044	78
null	diagonal_misspecified	401	0.0	-0.022750845590976163	0.022922317854341668	0.32094421157635	0.0016672883471044613	78
null	correct_ld_environment	402	0.0	-0.06153718479479165	0.027914433467479002	0.027489662467009974	0.0760306751584795	78
null	diagonal_misspecified	402	0.0	-0.05810149969661476	0.022468030561770488	0.00971073041151777	0.4455230608613666	78
null	correct_ld_environment	403	0.0	0.011477894447084453	0.026311220840298948	0.662665711920684	0.8513360259971307	78
null	diagonal_misspecified	403	0.0	0.021331312280950195	0.02155883950857902	0.3224448697067209	0.9996964109259487	78
null	correct_ld_environment	404	0.0	-0.025571566324978146	0.02853783156705449	0.3702215242072364	0.5754451867920463	78
null	diagonal_misspecified	404	0.0	-0.017378037513780347	0.022988910245398047	0.44969036811736357	0.9541863590915708	78
null	correct_ld_environment	405	0.0	-0.036795530259714736	0.028738912604927388	0.2004261863388352	0.6760257280175122	78
null	diagonal_misspecified	405	0.0	-0.03803466933584525	0.022972734323341622	0.09779393773293488	0.7058927438198962	78
null	correct_ld_environment	406	0.0	0.041154359036657984	0.028615707341979983	0.15038476227952183	0.26195046027140406	78
null	diagonal_misspecified	406	0.0	0.030081347691415166	0.023106329621089508	0.1929621560053797	0.24689045007742202	78
null	correct_ld_environment	407	0.0	0.051630843676119254	0.02763485828296693	0.06171705079478944	0.6118666476320526	78
null	diagonal_misspecified	407	0.0	0.03566437735520492	0.021725925217466496	0.10068153273877431	0.9954719571830574	78
null	correct_ld_environment	408	0.0	-0.015151164347658024	0.02791864045391969	0.5873433256649463	0.3972115229571037	78
null	diagonal_misspecified	408	0.0	-0.028172954198985987	0.022090468585801038	0.20218738819301674	0.441749830590432	78
null	correct_ld_environment	409	0.0	0.02044443094915526	0.028691272276326785	0.4761142314200945	0.372191915301217	78
null	diagonal_misspecified	409	0.0	0.02922892093423386	0.023263225584004413	0.2089553375522807	0.9985914619558298	78
null	correct_ld_environment	410	0.0	-0.004699272384150003	0.028691161490353778	0.8698979172715964	0.7597037916623367	78
null	diagonal_misspecified	410	0.0	-0.023436113437976993	0.023593378518613803	0.32054704054019983	0.9971286416407228	78
null	correct_ld_environment	411	0.0	-0.05800300400633189	0.027767726392548545	0.03671996733611679	0.911095924407652	78
null	diagonal_misspecified	411	0.0	-0.05662959225565036	0.022505665408768236	0.01186153269804126	0.7117660954694202	78
null	correct_ld_environment	412	0.0	-0.011492168163857511	0.027841803444139855	0.6797775818341927	0.7906047461540398	78
null	diagonal_misspecified	412	0.0	-0.004845846420940869	0.022130323159928387	0.8266744887296826	0.9785482917368403	78
null	correct_ld_environment	413	0.0	-0.019934527421829322	0.026405058838214805	0.45027834143524587	0.5991601417173102	78
null	diagonal_misspecified	413	0.0	-0.03622587500833016	0.021648686672583246	0.09425800429054278	0.9063448603581845	78
null	correct_ld_environment	414	0.0	0.029944079740699025	0.027747525545293816	0.2805154427746537	0.12091494266776916	78
null	diagonal_misspecified	414	0.0	0.03659521434108235	0.022217569774552068	0.09953143308198739	0.8452936898917782	78
null	correct_ld_environment	415	0.0	-0.01735438303796632	0.027197733119871528	0.5234203247982204	0.7417651984282105	78
null	diagonal_misspecified	415	0.0	-0.0075355136774947935	0.021178790413485846	0.7219868110730991	0.4300598876403591	78
null	correct_ld_environment	416	0.0	0.011657090797897998	0.027930211920420403	0.6764115063012178	0.33136322786389555	78
null	diagonal_misspecified	416	0.0	0.02311200604352204	0.021806432943994453	0.2892032873185111	0.2466946597956087	78
null	correct_ld_environment	417	0.0	-0.04059189242776483	0.02886689069646403	0.15967224397404312	0.133400081743783	78
null	diagonal_misspecified	417	0.0	-0.0413009230847585	0.022930302108164727	0.07167917582455521	0.32637294425156693	78
null	correct_ld_environment	418	0.0	-0.03490721199877044	0.02656162992864902	0.18877994781719526	0.2925060052721277	78
null	diagonal_misspecified	418	0.0	-0.028450397452578526	0.021126938190018818	0.178095939387409	0.4637246935897391	78
null	correct_ld_environment	419	0.0	0.008523876768451963	0.027978843998044123	0.7606294146761037	0.531695128951025	78
null	diagonal_misspecified	419	0.0	0.011971439072369862	0.022239364413639967	0.5903702863067202	0.8776498068601168	78
null	correct_ld_environment	420	0.0	0.00421343061207817	0.02631773417624308	0.872803457407749	0.8020667761074907	78
null	diagonal_misspecified	420	0.0	-0.01146374940244897	0.021314616429220536	0.5906908796611887	0.8615458509702727	78
null	correct_ld_environment	421	0.0	0.06444547705314027	0.027891557081499044	0.020856455340408277	0.28341308934213044	78
null	diagonal_misspecified	421	0.0	0.06929304222350118	0.022568715588326453	0.00213833867920796	0.6844552430551806	78
null	correct_ld_environment	422	0.0	-0.00516461428268972	0.02579688229639889	0.8413217889892683	0.4329861933160156	78
null	diagonal_misspecified	422	0.0	-0.007495701794326622	0.021489146689859125	0.7272294211433115	0.9716662704757973	78
null	correct_ld_environment	423	0.0	-0.0256299029625038	0.027878968289438363	0.357924284090431	0.2000619833472422	78
null	diagonal_misspecified	423	0.0	-0.020378132600900566	0.022036546493408	0.3550998310642842	0.12269749193777753	78
null	correct_ld_environment	424	0.0	-0.024412830510161625	0.02610655809070221	0.34972515967044643	0.9251085399636677	78
null	diagonal_misspecified	424	0.0	-0.019644960165326127	0.02186959514223762	0.3690377487524042	0.7604447972240701	78
null	correct_ld_environment	425	0.0	0.00013822207720434938	0.026329447089150384	0.9958113531809335	0.6462285648064606	78
null	diagonal_misspecified	425	0.0	0.006379162909291431	0.0211273483183738	0.762698835837279	0.9730883675843794	78
null	correct_ld_environment	426	0.0	0.023687341160207202	0.027178904599236865	0.38346261524935354	0.49956287410794886	78
null	diagonal_misspecified	426	0.0	0.025798702636338346	0.021699830128781895	0.23448310817541046	0.8484370067062653	78
null	correct_ld_environment	427	0.0	-0.00043114460674864666	0.028961195794483013	0.9881223509692841	0.5669365434777806	78
null	diagonal_misspecified	427	0.0	-0.0038171846611787185	0.022864057218970654	0.8674083478389722	0.9061124997030878	78
null	correct_ld_environment	428	0.0	0.006341771845178457	0.02932976512956814	0.8288138719641234	0.9184089169122207	78
null	diagonal_misspecified	428	0.0	0.006136005833859504	0.023134261054233343	0.7908287635703333	0.999822517474567	78
null	correct_ld_environment	429	0.0	0.008650529162364529	0.028371258575281937	0.7604387607835639	0.32479610423399424	78
null	diagonal_misspecified	429	0.0	0.004469402328913223	0.02241382837240211	0.8419468959186053	0.7392763912011576	78
null	correct_ld_environment	430	0.0	0.03787775015516146	0.028655837362511392	0.18622936127571338	0.4956191864882473	78
null	diagonal_misspecified	430	0.0	0.031168984230991792	0.02204780977905001	0.15745006469671888	0.6418855827132335	78
null	correct_ld_environment	431	0.0	0.0011509239436372084	0.02784855657173296	0.9670344457812818	0.8654457281052207	78
null	diagonal_misspecified	431	0.0	0.01746469970445996	0.022475382913670183	0.43712393219404877	0.9979623412473021	78
null	correct_ld_environment	432	0.0	0.02521432658395249	0.02748388733060674	0.35892147823191783	0.829843616718334	78
null	diagonal_misspecified	432	0.0	0.012874820569678426	0.021990546366784287	0.5582312624470065	0.8647371510870587	78
null	correct_ld_environment	433	0.0	0.01639931784793006	0.026454334324945646	0.5353167565693872	0.41444529202230906	78
null	diagonal_misspecified	433	0.0	0.018255960889116518	0.021602747176141163	0.39806846628746223	0.5554233527966821	78
null	correct_ld_environment	434	0.0	0.013057308284401978	0.02553832707418599	0.6091530221501307	0.5325390507641762	78
null	diagonal_misspecified	434	0.0	0.034522641937541614	0.021558930815596598	0.10930714127028952	0.23663088335282384	78
null	correct_ld_environment	435	0.0	0.039243945370669796	0.02837005664291345	0.16657672232665072	0.21656655344811576	78
null	diagonal_misspecified	435	0.0	0.03649791009658007	0.02267505424923874	0.1074838327325545	0.02757144049297334	78
null	correct_ld_environment	436	0.0	0.031569235904825355	0.028737248524900037	0.27196543674787854	0.6721606622766518	78
null	diagonal_misspecified	436	0.0	0.028803381160081507	0.023280407764738303	0.2159991201299792	0.8633797759471954	78
null	correct_ld_environment	437	0.0	-0.0027185459667368097	0.02761728380519865	0.9215857728290955	0.49143148962751304	78
null	diagonal_misspecified	437	0.0	0.01523346653093333	0.022064444329117992	0.4899377141790336	0.9844292017349391	78
null	correct_ld_environment	438	0.0	0.061283181836228884	0.02958238273060031	0.038301757343512585	0.768134368836706	78
null	diagonal_misspecified	438	0.0	0.0796565438243795	0.022916150497073805	0.000508951897105823	0.8535784833395886	78
null	correct_ld_environment	439	0.0	0.01379296512039131	0.026032678785614053	0.5962279141397123	0.3426747521816343	78
null	diagonal_misspecified	439	0.0	0.022213333605852262	0.022365598400824065	0.3206163918954744	0.4629157230241554	78
null	correct_ld_environment	440	0.0	0.03722513942838247	0.02734589359842834	0.1734284394053327	0.5559326713876027	78
null	diagonal_misspecified	440	0.0	0.019264067502435315	0.022468650994636723	0.3912374779943566	0.08980600688896334	78
null	correct_ld_environment	441	0.0	0.02128810928867241	0.02825275245871283	0.451156733591122	0.9940543378657821	78
null	diagonal_misspecified	441	0.0	0.024548391512828848	0.022137128333673182	0.2674629964026533	0.9816506463477247	78
null	correct_ld_environment	442	0.0	-0.012994744976348126	0.026619169440787512	0.6254277018843701	0.5187344522568731	78
null	diagonal_misspecified	442	0.0	-0.0038110714747639075	0.02182182243660309	0.8613586124259696	0.9920205004193225	78
null	correct_ld_environment	443	0.0	0.0027618220275210017	0.02699418013855541	0.9185092226976678	0.3543905364072824	78
null	diagonal_misspecified	443	0.0	0.013490413895140533	0.022161096248316508	0.5426947500631478	0.0002065026475335428	78
null	correct_ld_environment	444	0.0	0.0029223049005094354	0.028905489832535984	0.9194721798858896	0.001984571666401327	78
null	diagonal_misspecified	444	0.0	0.01232406244785749	0.023812072033679226	0.6047686241753407	0.11096501241481037	78
null	correct_ld_environment	445	0.0	0.032928469920790966	0.027929766793911442	0.23840851418392828	0.800863135945823	78
null	diagonal_misspecified	445	0.0	0.028252721228380333	0.022466424964997376	0.20855344211885513	0.9948741502295385	78
null	correct_ld_environment	446	0.0	-0.05014993598999895	0.027510185225118843	0.06830962153667484	0.7793004583729941	78
null	diagonal_misspecified	446	0.0	-0.05036201097906908	0.021944202712992005	0.021732952579878995	0.9966497513551688	78
null	correct_ld_environment	447	0.0	-0.01673155834321622	0.02859703318907458	0.5584937811799764	0.7253751956620311	78
null	diagonal_misspecified	447	0.0	-0.01141645247015078	0.022231421404662898	0.6075821838567961	0.9991817686534198	78
null	correct_ld_environment	448	0.0	0.03753801637403126	0.027717093599128908	0.17563198204926445	0.08772556371979574	78
null	diagonal_misspecified	448	0.0	0.03502160258706765	0.022348659312383216	0.11710158254204615	0.7547444096810174	78
null	correct_ld_environment	449	0.0	-0.04205951670436763	0.026651816622940305	0.1145401829126027	0.9687965018990272	78
null	diagonal_misspecified	449	0.0	-0.05345088364270422	0.021755996992607985	0.014016724964406254	0.816972995778346	78
null	correct_ld_environment	450	0.0	-0.010231671293901878	0.027725078764740597	0.7120976889503194	0.2472340243628313	78
null	diagonal_misspecified	450	0.0	-0.004189243917736187	0.0223279387433542	0.8511718766887719	0.9773628397075611	78
null	correct_ld_environment	451	0.0	-0.017049665583686313	0.02716842297135657	0.5302958354942509	0.2237434459766979	78
null	diagonal_misspecified	451	0.0	-0.015259489498440418	0.021632449212922854	0.4805624994733075	0.958593896815529	78
null	correct_ld_environment	452	0.0	0.016179954618768574	0.028458464289247438	0.5696640753420101	0.9267206881652886	78
null	diagonal_misspecified	452	0.0	0.024319556576097703	0.022597374008210543	0.28183262236595985	0.8264033733182499	78
null	correct_ld_environment	453	0.0	0.026057581667354168	0.028684290342259472	0.36365270572017994	0.8368042865568356	78
null	diagonal_misspecified	453	0.0	0.029167171698359872	0.02338623009870811	0.21232628090689734	0.6061563302789157	78
null	correct_ld_environment	454	0.0	0.03765967982684639	0.028857376467759516	0.1918833663608484	0.4425323776490033	78
null	diagonal_misspecified	454	0.0	0.03380062723556093	0.023293372159011148	0.1467566195925511	0.7809806126903215	78
null	correct_ld_environment	455	0.0	0.015353876960950523	0.02812587236815281	0.5851355769450213	0.914891457409006	78
null	diagonal_misspecified	455	0.0	0.011124396174182039	0.022411433420419	0.6196323494192528	0.9999897656057262	78
null	correct_ld_environment	456	0.0	-0.012210017552369341	0.02857589092752749	0.6691725725038403	0.7405603228034774	78
null	diagonal_misspecified	456	0.0	-0.009329267705839	0.022793990736095757	0.6823295819257224	0.66586566268404	78
null	correct_ld_environment	457	0.0	0.03889342865256072	0.027346987166305008	0.15496243093519269	0.9360237053777696	78
null	diagonal_misspecified	457	0.0	0.044509236259783314	0.021837237898465454	0.04152728973202035	0.9949774779148886	78
null	correct_ld_environment	458	0.0	0.017235686804760526	0.029719149330556482	0.5619468352108165	0.20658652625385793	78
null	diagonal_misspecified	458	0.0	0.017582229130719617	0.0232033782726368	0.4486040342994969	0.7289203015659536	78
null	correct_ld_environment	459	0.0	-0.013538875201062443	0.02913722965774613	0.642175693298132	0.9253061976998787	78
null	diagonal_misspecified	459	0.0	-0.016646199076388358	0.023518060739123277	0.4790664112515562	0.9832995442474153	78
null	correct_ld_environment	460	0.0	-0.009495703836756067	0.02686490260463874	0.7237426246176812	0.11042768488799268	78
null	diagonal_misspecified	460	0.0	-0.00607387549362905	0.021155438139253694	0.7740303521121537	0.6951340069983342	78
null	correct_ld_environment	461	0.0	0.0020445226804205576	0.02921486092592667	0.9442077607606151	0.7200413746144202	78
null	diagonal_misspecified	461	0.0	0.0011703536067163185	0.02377261976898209	0.960735080643206	0.6070738584745226	78
null	correct_ld_environment	462	0.0	-0.00487567225258194	0.026623062023264865	0.8546903910028727	0.21344652711921935	78
null	diagonal_misspecified	462	0.0	-0.01707642581907818	0.021477543789775604	0.42656533465750646	0.3657571828212791	78
null	correct_ld_environment	463	0.0	0.016386394121568726	0.027270045472347803	0.5479108970929639	0.7778569983538066	78
null	diagonal_misspecified	463	0.0	0.03579340826171595	0.022020530859293824	0.10406539079774435	0.9615525177571229	78
null	correct_ld_environment	464	0.0	-0.0023026177312357094	0.028536132511725227	0.9356874530096889	0.503035104826065	78
null	diagonal_misspecified	464	0.0	-0.016810005861512357	0.022228150625698537	0.44950021115651395	0.9429529489110976	78
null	correct_ld_environment	465	0.0	-0.0070553035422562796	0.028820720206982692	0.8066115293930947	0.7497856145686458	78
null	diagonal_misspecified	465	0.0	-0.007988527238642382	0.022980567151805294	0.7281248492309722	0.7491661387826982	78
null	correct_ld_environment	466	0.0	0.01930551464974103	0.027452526216566263	0.4819107321411993	0.30338343343449287	78
null	diagonal_misspecified	466	0.0	0.019787824964237356	0.022347560147185835	0.37590968529063506	0.19523344852703112	78
null	correct_ld_environment	467	0.0	0.022170534003312706	0.026377549401798636	0.4006237728607829	0.2890290157348431	78
null	diagonal_misspecified	467	0.0	0.02402900199159683	0.02156459738780773	0.2651590362891158	0.04429827842168047	78
null	correct_ld_environment	468	0.0	0.0064735033890559734	0.026694301476055397	0.8083888305074045	0.5580061101405803	78
null	diagonal_misspecified	468	0.0	0.02089047131566595	0.022112132171067073	0.3447857283502703	0.6117829603499582	78
null	correct_ld_environment	469	0.0	0.021900337456921316	0.02633971860313335	0.405715637766402	0.647318213129348	78
null	diagonal_misspecified	469	0.0	0.012677694752402035	0.02198763121358121	0.5642211741271997	0.08032986783154679	78
null	correct_ld_environment	470	0.0	0.00189636364769053	0.02804104515839074	0.9460816564653072	0.10201356146086585	78
null	diagonal_misspecified	470	0.0	0.010769361147132657	0.02267687775932979	0.6348547341444856	0.8790689122526735	78
null	correct_ld_environment	471	0.0	0.04231694695506037	0.02816548602142945	0.1329835662544952	0.898899899828293	78
null	diagonal_misspecified	471	0.0	0.04245542510131721	0.022160812004830607	0.05539204331074769	0.9998595995904781	78
null	correct_ld_environment	472	0.0	-0.008404616116712426	0.028559957033164933	0.7685441691402402	0.1763357058484845	78
null	diagonal_misspecified	472	0.0	-0.022915294737296112	0.022819197976185413	0.31527681306650124	0.9866455197433757	78
null	correct_ld_environment	473	0.0	0.05210878657912455	0.02622271287258386	0.04690441350556374	0.4349114950845785	78
null	diagonal_misspecified	473	0.0	0.06669836494702869	0.021960608970386705	0.002388012714136762	0.9888254801523781	78
null	correct_ld_environment	474	0.0	0.03929567002532135	0.028837030198054194	0.17298310254221785	0.5749452704092951	78
null	diagonal_misspecified	474	0.0	0.06202967004295794	0.022897194672934783	0.006747594969226436	0.3079243650618321	78
null	correct_ld_environment	475	0.0	-0.03030008275913941	0.027491906200247003	0.27039838866373767	0.25582582293181055	78
null	diagonal_misspecified	475	0.0	-0.03113013427254217	0.02157875524845284	0.14912505963005596	7.289762445383755e-05	78
null	correct_ld_environment	476	0.0	0.026972405126790958	0.030038045313396537	0.36921677979913053	0.11670398953539245	78
null	diagonal_misspecified	476	0.0	0.01303789355668255	0.02307422765152366	0.572045615233531	0.29661209135377803	78
null	correct_ld_environment	477	0.0	-0.03298804599690773	0.027071971670825513	0.2230221215560143	0.3534740394444016	78
null	diagonal_misspecified	477	0.0	-0.040779607487024576	0.02186213714180409	0.062138320187656124	0.6834216205795351	78
null	correct_ld_environment	478	0.0	-0.030134049120786172	0.03009299127769033	0.3166506852082343	0.2857468665627834	78
null	diagonal_misspecified	478	0.0	-0.02724250071848198	0.02329099711000683	0.24213863299667682	0.5252174666525884	78
null	correct_ld_environment	479	0.0	-0.06852767731837402	0.027252777725450324	0.011919426054103616	0.8059896550981791	78
null	diagonal_misspecified	479	0.0	-0.08676195727862579	0.02162077875092504	5.997809928572087e-05	0.9118779195657114	78
null	correct_ld_environment	480	0.0	-0.01161817884074712	0.028387691801777963	0.6823428673888192	0.3156437486607309	78
null	diagonal_misspecified	480	0.0	-0.008046580983978311	0.022532419098012475	0.7210085016793099	0.2934435159323489	78
null	correct_ld_environment	481	0.0	-0.026748237116708196	0.02729773881609915	0.32715026096529587	0.08862006310249967	78
null	diagonal_misspecified	481	0.0	-0.01640301292481107	0.021181725571211948	0.43869750326109797	0.4000015356668607	78
null	correct_ld_environment	482	0.0	0.020453921708953063	0.027519978235145934	0.45733698212319907	0.5492295318394232	78
null	diagonal_misspecified	482	0.0	-0.0006541383847064224	0.022194850324781624	0.9764877275690856	0.6116271803536336	78
null	correct_ld_environment	483	0.0	0.0012710245158287976	0.027028964608671713	0.9624936723584547	0.5480912826000954	78
null	diagonal_misspecified	483	0.0	0.0036226181970581504	0.02136994696858589	0.8653882021947008	0.5480506586320698	78
null	correct_ld_environment	484	0.0	0.0028958774126247745	0.027898678041619	0.9173282191697285	0.9982789839608179	78
null	diagonal_misspecified	484	0.0	0.006659782865265864	0.02266952105915976	0.7689283457914698	0.9999519369068627	78
null	correct_ld_environment	485	0.0	-0.039330151388550866	0.029685885341719346	0.18521189825629447	0.7480960166376668	78
null	diagonal_misspecified	485	0.0	-0.040876374424810485	0.023452460653200072	0.08134303338397549	0.9994357466640785	78
null	correct_ld_environment	486	0.0	-0.011945980119671854	0.028028964103776276	0.6699611915895098	0.26189536376457706	78
null	diagonal_misspecified	486	0.0	-0.02601153059429709	0.021845760611959097	0.23377527109065438	8.161775548962235e-06	78
null	correct_ld_environment	487	0.0	0.001760741236976711	0.026876255805677027	0.9477656422628286	0.5653774812466341	78
null	diagonal_misspecified	487	0.0	0.0032868531722890274	0.021514828611005503	0.8785784540332573	0.9981993995344157	78
null	correct_ld_environment	488	0.0	-0.0033581655843813105	0.027919422610571523	0.9042608521640948	0.12986896196689163	78
null	diagonal_misspecified	488	0.0	0.0018735235971158956	0.021960595146232838	0.932012580476956	0.13938806311395688	78
null	correct_ld_environment	489	0.0	0.006447416589401867	0.027547061970567766	0.8149454086232704	0.5989440902181685	78
null	diagonal_misspecified	489	0.0	0.013023429948762594	0.022706429050335486	0.566267657926158	0.9141976038790705	78
null	correct_ld_environment	490	0.0	-0.0015931216768829142	0.027524166785339373	0.9538435512756787	0.10563295437783671	78
null	diagonal_misspecified	490	0.0	-0.0003380990030444628	0.022648217640706104	0.9880893958403555	0.7322910335989063	78
null	correct_ld_environment	491	0.0	0.021909041712850727	0.027367631066866464	0.42339464724287945	0.4805399456159949	78
null	diagonal_misspecified	491	0.0	0.01928448440301699	0.021838179674619262	0.37720233405129133	0.9559267494689122	78
null	correct_ld_environment	492	0.0	-0.005896331861852089	0.02540888172879388	0.8164930394077454	0.03928024578656668	78
null	diagonal_misspecified	492	0.0	-0.004452096747003127	0.02150958769104079	0.8360239426172256	0.11612344998498988	78
null	correct_ld_environment	493	0.0	-0.07389613103292307	0.0291591753402346	0.011269391883705149	0.2397873145122882	78
null	diagonal_misspecified	493	0.0	-0.0850550014642985	0.02334464785092662	0.00026901042496507813	0.9607714562457502	78
null	correct_ld_environment	494	0.0	-0.02798366969195749	0.02702710322717285	0.3004854790852309	0.9507760214716273	78
null	diagonal_misspecified	494	0.0	-0.03557411089608733	0.021886890820375114	0.10408554258965812	0.9380347056273453	78
null	correct_ld_environment	495	0.0	-0.01619898627715921	0.026536078642801827	0.5415628301450827	0.06579626443831275	78
null	diagonal_misspecified	495	0.0	-0.002729224600213215	0.021660900403326345	0.8997337097724449	0.5476263160459127	78
null	correct_ld_environment	496	0.0	-0.0023229577231620156	0.025576986755871407	0.9276338849187105	0.3780569172259158	78
null	diagonal_misspecified	496	0.0	-0.008417810492672128	0.02132407140681316	0.6930227844813742	0.7574331319637951	78
null	correct_ld_environment	497	0.0	-0.01486992259307094	0.02843625130365291	0.6010289945664948	0.7918788156478784	78
null	diagonal_misspecified	497	0.0	-0.023878333276726126	0.02239209024735632	0.2862548031628315	0.9820696945168578	78
null	correct_ld_environment	498	0.0	-0.027650934959154355	0.026994500654245985	0.3056854129018526	0.05333184828386787	78
null	diagonal_misspecified	498	0.0	-0.030729993471718772	0.022040287185933403	0.1632376992037988	0.08446301488536533	78
null	correct_ld_environment	499	0.0	0.03399165978878356	0.029645100185698207	0.25153877644851397	0.9629142939916545	78
null	diagonal_misspecified	499	0.0	0.03930693582881182	0.023463454520390094	0.0938869995495081	0.9395155943729728	78
null	correct_ld_environment	500	0.0	0.0312891606284265	0.028139387545403446	0.26616624027001634	0.32766080929533636	78
null	diagonal_misspecified	500	0.0	0.034329839580709634	0.021532415340507264	0.11086147813376171	0.9829995824344961	78
causal_gxe	correct_ld_environment	1	0.25	0.26126683618724156	0.02622982757508164	2.265152794211549e-23	0.991099024765241	78
causal_gxe	diagonal_misspecified	1	0.25	0.2561804318587347	0.022476425050382214	4.2911791319965075e-30	0.9996680777442384	78
causal_gxe	correct_ld_environment	2	0.25	0.23239761534245684	0.027184487211477544	1.2426107878792215e-17	0.9552504809963722	78
causal_gxe	diagonal_misspecified	2	0.25	0.23789433913968205	0.021265689027945418	4.733729235631946e-29	0.9993763311374616	78
causal_gxe	correct_ld_environment	3	0.25	0.274582647260196	0.027603029349990014	2.5845551781505478e-23	0.3381029308878572	78
causal_gxe	diagonal_misspecified	3	0.25	0.27438901913018565	0.022882412329325898	3.9483958246133475e-33	0.9491731505642913	78
causal_gxe	correct_ld_environment	4	0.25	0.2557561724685348	0.026782250986823762	1.3036757796296868e-21	0.05296505249655494	78
causal_gxe	diagonal_misspecified	4	0.25	0.2674045485128155	0.02163916079523334	4.4409566144685483e-35	0.4245175652544323	78
causal_gxe	correct_ld_environment	5	0.25	0.2753259324403914	0.02669544385052293	6.117094416883385e-25	0.00560519452976544	78
causal_gxe	diagonal_misspecified	5	0.25	0.26673831090784705	0.021594065476513873	4.728568502396921e-35	0.01647499296512364	78
causal_gxe	correct_ld_environment	6	0.25	0.21716872467707518	0.02774210863665398	4.951951395119711e-15	0.5870254066774057	78
causal_gxe	diagonal_misspecified	6	0.25	0.19861449451015908	0.02218253297790303	3.4393795634702286e-19	0.9523289069181983	78
causal_gxe	correct_ld_environment	7	0.25	0.23055161256072226	0.028940587134416	1.6339465351070793e-15	0.8287708896344271	78
causal_gxe	diagonal_misspecified	7	0.25	0.23970067555831862	0.02278269225165781	6.900810482419863e-26	0.9995996782556363	78
causal_gxe	correct_ld_environment	8	0.25	0.24771205904216653	0.02877047595894431	7.30991075377387e-18	0.9865951144450054	78
causal_gxe	diagonal_misspecified	8	0.25	0.24104270073645984	0.022528519438831555	1.0238737191080049e-26	0.9244167784923276	78
causal_gxe	correct_ld_environment	9	0.25	0.2629935370411694	0.028881255155949342	8.545276633227023e-20	0.13315444783435726	78
causal_gxe	diagonal_misspecified	9	0.25	0.2505102861342352	0.022994190912533345	1.2243292853360642e-27	0.16237270866967538	78
causal_gxe	correct_ld_environment	10	0.25	0.24568448491726338	0.027318775170616722	2.4003265574981006e-19	0.10870714105477582	78
causal_gxe	diagonal_misspecified	10	0.25	0.24167544380489395	0.022172084226950585	1.1527295851629332e-27	0.6453044372536084	78
causal_gxe	correct_ld_environment	11	0.25	0.25052669427251306	0.026415133142529815	2.442237888435563e-21	0.027994588430277332	78
causal_gxe	diagonal_misspecified	11	0.25	0.25408930292440035	0.021796991717376698	2.1115727367999914e-31	0.3630126461711552	78
causal_gxe	correct_ld_environment	12	0.25	0.2437529629995279	0.02558566280620046	1.6199438461960669e-21	0.8423070664605463	78
causal_gxe	diagonal_misspecified	12	0.25	0.2417264587146921	0.021805080260676648	1.4705278199941722e-28	0.39716170898655795	78
causal_gxe	correct_ld_environment	13	0.25	0.23453138220288855	0.027679965272401495	2.3922408801602874e-17	0.7765102271495575	78
causal_gxe	diagonal_misspecified	13	0.25	0.2369743121841226	0.02239172495821456	3.5687271735026867e-26	0.46089785911458214	78
causal_gxe	correct_ld_environment	14	0.25	0.22246323862618417	0.028936338048933107	1.4942570360685083e-14	0.5821737749873916	78
causal_gxe	diagonal_misspecified	14	0.25	0.23247494350933495	0.022133721683905216	8.349902304597907e-26	0.9059567164335189	78
causal_gxe	correct_ld_environment	15	0.25	0.1947615393061456	0.02949683008080314	4.034757279853432e-11	0.7461207878484383	78
causal_gxe	diagonal_misspecified	15	0.25	0.18516863274926507	0.023317307478273923	2.001493110289459e-15	0.9921779593864857	78
causal_gxe	correct_ld_environment	16	0.25	0.2776178896861476	0.02854949051760925	2.3801799554593545e-22	0.977000510647052	78
causal_gxe	diagonal_misspecified	16	0.25	0.2854032898525922	0.02270543002367478	3.094066615134708e-36	0.9993479242265121	78
causal_gxe	correct_ld_environment	17	0.25	0.25355395754173693	0.02952430993521813	8.851756032323675e-18	0.8579395467397744	78
causal_gxe	diagonal_misspecified	17	0.25	0.24751589505362478	0.02355261091289449	7.846846621738864e-26	0.9998312963058416	78
causal_gxe	correct_ld_environment	18	0.25	0.25792819914648774	0.02741904321773891	5.109848946617596e-21	0.4285356922620221	78
causal_gxe	diagonal_misspecified	18	0.25	0.2568005289815913	0.022086868562484787	3.010296240487409e-31	0.4393705648926766	78
causal_gxe	correct_ld_environment	19	0.25	0.2074723030526728	0.029125851808884134	1.0536988919293846e-12	0.829093046537227	78
causal_gxe	diagonal_misspecified	19	0.25	0.21733726820561408	0.022623710961248683	7.4973648671499e-22	0.9970763499497073	78
causal_gxe	correct_ld_environment	20	0.25	0.20314805351072873	0.026611789431850077	2.2800154473665162e-14	0.8077425891873895	78
causal_gxe	diagonal_misspecified	20	0.25	0.19947620288607879	0.021398654555231898	1.1427100761432963e-20	0.8120128024012255	78
causal_gxe	correct_ld_environment	21	0.25	0.24005910945878345	0.02961649971027741	5.249154766693329e-16	0.7250602333117429	78
causal_gxe	diagonal_misspecified	21	0.25	0.24667402701657687	0.02318548560601567	1.958931089487969e-26	0.5324353730859439	78
causal_gxe	correct_ld_environment	22	0.25	0.31173826273657973	0.028403945082694563	5.030845144208576e-28	0.030543929183508935	78
causal_gxe	diagonal_misspecified	22	0.25	0.3131465424489227	0.023233902069664653	2.1074097320668353e-41	0.37758882673141064	78
causal_gxe	correct_ld_environment	23	0.25	0.2159159249963697	0.027934201683151933	1.0801496189906133e-14	0.960406707737928	78
causal_gxe	diagonal_misspecified	23	0.25	0.21019874894533247	0.021960721114820662	1.0528652363003394e-21	0.9601071277707662	78
causal_gxe	correct_ld_environment	24	0.25	0.2840318289920955	0.028718404061236304	4.589390517182051e-23	0.8098686822086154	78
causal_gxe	diagonal_misspecified	24	0.25	0.29092288007009254	0.02333546235534684	1.1302067896631216e-35	0.999997414478364	78
causal_gxe	correct_ld_environment	25	0.25	0.2757160812133327	0.02845002900678775	3.28513106873109e-22	0.37685653494780386	78
causal_gxe	diagonal_misspecified	25	0.25	0.2921122293009443	0.02241163362531238	7.843402654506183e-39	0.020873556777952215	78
causal_gxe	correct_ld_environment	26	0.25	0.26394694460631957	0.0269629199386086	1.2521296156574437e-22	0.8667167059285484	78
causal_gxe	diagonal_misspecified	26	0.25	0.2779119325754154	0.021748175737759654	2.1583261294030416e-37	0.9936024652074509	78
causal_gxe	correct_ld_environment	27	0.25	0.2461128646011507	0.027623670623339813	5.126705296486558e-19	0.031941300767404694	78
causal_gxe	diagonal_misspecified	27	0.25	0.24196809742895323	0.02156909455161785	3.3166593573090193e-29	0.8426924193690956	78
causal_gxe	correct_ld_environment	28	0.25	0.23998166269482077	0.026678799978744113	2.357605606146442e-19	0.9216560607203297	78
causal_gxe	diagonal_misspecified	28	0.25	0.2475587891781772	0.021134692454281977	1.0884561097903648e-31	0.990482304452866	78
causal_gxe	correct_ld_environment	29	0.25	0.24980080771301397	0.028919584751622075	5.731937601794533e-18	0.2513585246883589	78
causal_gxe	diagonal_misspecified	29	0.25	0.24376383882980365	0.023368886539379553	1.7875413653277192e-25	0.5917521371247191	78
causal_gxe	correct_ld_environment	30	0.25	0.2795747537897127	0.02898484096494941	5.133489700140819e-22	0.5777811797886758	78
causal_gxe	diagonal_misspecified	30	0.25	0.29020060650053725	0.022890463770923054	7.8509501069068e-37	0.998251444946936	78
causal_gxe	correct_ld_environment	31	0.25	0.2536030478138112	0.02657178237981276	1.3732940675297492e-21	0.43050390768901	78
causal_gxe	diagonal_misspecified	31	0.25	0.24619882798581183	0.021594497163700505	4.133511810532844e-30	0.12576125872236077	78
causal_gxe	correct_ld_environment	32	0.25	0.19104932472956307	0.029212450459197504	6.152025941465914e-11	0.9166280064836799	78
causal_gxe	diagonal_misspecified	32	0.25	0.19252589555821858	0.022703525769616945	2.2519419403160985e-17	0.9928213994953299	78
causal_gxe	correct_ld_environment	33	0.25	0.27142530875312376	0.028034336167989542	3.600046539409701e-22	0.4557613807106147	78
causal_gxe	diagonal_misspecified	33	0.25	0.26922385130502596	0.022374991783541992	2.4020882357970024e-33	0.7443285081617581	78
causal_gxe	correct_ld_environment	34	0.25	0.2622153341123335	0.026966260534444616	2.386328043075775e-22	0.38619318666543445	78
causal_gxe	diagonal_misspecified	34	0.25	0.26816543347866145	0.02185708062083929	1.3281596311623324e-34	0.5552544838219052	78
causal_gxe	correct_ld_environment	35	0.25	0.2836811020015651	0.027547929290017658	7.214457181191957e-25	0.9315117561493642	78
causal_gxe	diagonal_misspecified	35	0.25	0.3034268024841393	0.022502484131275268	1.938951220360433e-41	0.9994327662897964	78
causal_gxe	correct_ld_environment	36	0.25	0.25160774800133373	0.027144651393678276	1.876415288102358e-20	0.11463333865685625	78
causal_gxe	diagonal_misspecified	36	0.25	0.2671097781333489	0.02249484648519699	1.6104241124415676e-32	0.14968056076685032	78
causal_gxe	correct_ld_environment	37	0.25	0.21513250249228955	0.02961409617460211	3.7433638084834765e-13	0.4448027678901601	78
causal_gxe	diagonal_misspecified	37	0.25	0.22573136916798642	0.02281891399688502	4.4961227006605957e-23	0.7176632076421013	78
causal_gxe	correct_ld_environment	38	0.25	0.2787150255562683	0.02896412700738734	6.408408150126651e-22	0.23013487331499588	78
causal_gxe	diagonal_misspecified	38	0.25	0.26442374550610886	0.022487906014513885	6.386870632755368e-32	0.8997857052566304	78
causal_gxe	correct_ld_environment	39	0.25	0.22549898940228671	0.027976360597400437	7.608229062899261e-16	0.9052584611041221	78
causal_gxe	diagonal_misspecified	39	0.25	0.2265681302981755	0.021948846459083585	5.57214854953107e-25	0.4759688170745535	78
causal_gxe	correct_ld_environment	40	0.25	0.24500747542907791	0.027131123986523887	1.7089722477221172e-19	0.8570084116874024	78
causal_gxe	diagonal_misspecified	40	0.25	0.2293154819658204	0.021660237726966042	3.4263514649432834e-26	0.9740995530372264	78
causal_gxe	correct_ld_environment	41	0.25	0.26377840905643074	0.026190392210038497	7.378946817105179e-24	0.3665586781042599	78
causal_gxe	diagonal_misspecified	41	0.25	0.2740182444653071	0.02132265530038783	8.486427766488867e-38	0.9899891058158083	78
causal_gxe	correct_ld_environment	42	0.25	0.2361099959959848	0.028562570826213746	1.380501590133151e-16	0.39581472430486847	78
causal_gxe	diagonal_misspecified	42	0.25	0.26485274421085336	0.02335498913914288	8.285339977245378e-30	0.7028276066856622	78
causal_gxe	correct_ld_environment	43	0.25	0.24764030334671602	0.026643169584764606	1.4762008831671958e-20	0.4964089949531031	78
causal_gxe	diagonal_misspecified	43	0.25	0.2572639569765529	0.0217822826371785	3.4369701595254096e-32	0.9505959682935851	78
causal_gxe	correct_ld_environment	44	0.25	0.22403255962973	0.023921600520795356	7.584672928469738e-21	0.6728190524553942	78
causal_gxe	diagonal_misspecified	44	0.25	0.23156770259782639	0.02081762923659048	9.626842811451216e-29	0.9753902235949362	78
causal_gxe	correct_ld_environment	45	0.25	0.24474170179246058	0.02819699607257166	3.967850301402395e-18	0.24119560058170322	78
causal_gxe	diagonal_misspecified	45	0.25	0.2406155305904596	0.02315958646205917	2.7692478924077294e-25	5.060036283490035e-05	78
causal_gxe	correct_ld_environment	46	0.25	0.27093741311574476	0.028625796790710433	2.94126162762388e-21	0.9743805158040376	78
causal_gxe	diagonal_misspecified	46	0.25	0.2741642203255436	0.022890256991628753	4.671125022687682e-33	0.9666677094545789	78
causal_gxe	correct_ld_environment	47	0.25	0.23891881314639263	0.028961426176226896	1.5898840997564085e-16	0.48929331155563044	78
causal_gxe	diagonal_misspecified	47	0.25	0.23285653051828717	0.022764657134479893	1.4723974883690651e-24	0.18222598498918752	78
causal_gxe	correct_ld_environment	48	0.25	0.24448497013459833	0.027412145784564877	4.711311542021572e-19	0.332793293639724	78
causal_gxe	diagonal_misspecified	48	0.25	0.24405574169626157	0.022365616212077468	1.009031192595365e-27	0.6529806832846153	78
causal_gxe	correct_ld_environment	49	0.25	0.30554761668934066	0.027919325379802053	7.103837557258364e-28	0.8039794862074485	78
causal_gxe	diagonal_misspecified	49	0.25	0.31420710101690946	0.02288085662880252	6.502337637678437e-43	0.4370307534511789	78
causal_gxe	correct_ld_environment	50	0.25	0.2152849658201061	0.028159112080056937	2.084526192705779e-14	0.2007711275482168	78
causal_gxe	diagonal_misspecified	50	0.25	0.22732771398914176	0.02184367183322982	2.302982549804201e-25	0.28274729286067146	78
causal_gxe	correct_ld_environment	51	0.25	0.269048574071729	0.028884780651291086	1.2247695420409813e-20	0.6531197341541004	78
causal_gxe	diagonal_misspecified	51	0.25	0.27297452958691315	0.02298482528267273	1.5718387372269846e-32	0.9833252805375761	78
causal_gxe	correct_ld_environment	52	0.25	0.2932100079044072	0.028155168704806915	2.1386888913859774e-25	0.010422416560427127	78
causal_gxe	diagonal_misspecified	52	0.25	0.2764600467792911	0.022395464558245908	5.217941052678026e-35	0.21372477828463068	78
causal_gxe	correct_ld_environment	53	0.25	0.20457807474389222	0.026772387392073858	2.149002044141441e-14	0.8934004100669022	78
causal_gxe	diagonal_misspecified	53	0.25	0.19677697554567855	0.021355672742627677	3.1339791942776724e-20	0.9437125756270195	78
causal_gxe	correct_ld_environment	54	0.25	0.265468878716938	0.02727207187376825	2.1573400245113223e-22	0.267248097776936	78
causal_gxe	diagonal_misspecified	54	0.25	0.2533471999855934	0.021141437223974525	4.339225341358615e-33	0.975685857218877	78
causal_gxe	correct_ld_environment	55	0.25	0.27244963072414147	0.0267786154064715	2.5865016805231945e-24	0.6089602555392907	78
causal_gxe	diagonal_misspecified	55	0.25	0.2768205048625051	0.021874594277115758	1.0512757514540722e-36	0.8408322217748457	78
causal_gxe	correct_ld_environment	56	0.25	0.20997141142581527	0.028008988666773656	6.550823951605175e-14	0.9173353510180072	78
causal_gxe	diagonal_misspecified	56	0.25	0.2109957871037078	0.02173864298350024	2.842084034377439e-22	0.9879719642363433	78
causal_gxe	correct_ld_environment	57	0.25	0.28515401940497204	0.028477756122213024	1.333413399379292e-23	0.5911953575094816	78
causal_gxe	diagonal_misspecified	57	0.25	0.28923436854807016	0.022568695563243778	1.338679093249268e-37	0.9489543130527597	78
causal_gxe	correct_ld_environment	58	0.25	0.2660186057715153	0.02730079477251931	1.9571994409718315e-22	0.22873374817109723	78
causal_gxe	diagonal_misspecified	58	0.25	0.2554271129276887	0.022225752438921595	1.4406266732949524e-30	0.09441243838179397	78
causal_gxe	correct_ld_environment	59	0.25	0.24792824326309112	0.030414384828374302	3.589116775007591e-16	0.3728426557561473	78
causal_gxe	diagonal_misspecified	59	0.25	0.2467917275816511	0.023562717563436093	1.1394646298027723e-25	0.7938585746556469	78
causal_gxe	correct_ld_environment	60	0.25	0.19692945708574297	0.02822581296750714	3.0170481215033445e-12	0.9184464399550778	78
causal_gxe	diagonal_misspecified	60	0.25	0.20280489140404034	0.021436630322891122	3.0597547271093895e-21	0.7507549598596717	78
causal_gxe	correct_ld_environment	61	0.25	0.22604011884096717	0.027539296372408213	2.250682249346988e-16	0.5606682050283568	78
causal_gxe	diagonal_misspecified	61	0.25	0.22915421438987274	0.02159443056307674	2.6284357467510106e-26	0.5899474168195152	78
causal_gxe	correct_ld_environment	62	0.25	0.2838505904780647	0.027544786488157086	6.68521447706767e-25	0.14605180329812176	78
causal_gxe	diagonal_misspecified	62	0.25	0.2930971545752188	0.022179667435116318	7.219497701736486e-40	0.26521601437893155	78
causal_gxe	correct_ld_environment	63	0.25	0.20141977459034519	0.029401259321375717	7.34795745377831e-12	0.8175550004677745	78
causal_gxe	diagonal_misspecified	63	0.25	0.18406412883322487	0.02355111007876814	5.473737888265367e-15	0.8028303652436465	78
causal_gxe	correct_ld_environment	64	0.25	0.22279016260726983	0.026716979376630517	7.498613655441109e-17	0.9756524367769259	78
causal_gxe	diagonal_misspecified	64	0.25	0.21480253097561025	0.02187813140476073	9.40641319710672e-23	0.9989957017678478	78
causal_gxe	correct_ld_environment	65	0.25	0.19915933179029044	0.028374279747624444	2.2344700428225905e-12	0.6171300162170719	78
causal_gxe	diagonal_misspecified	65	0.25	0.2119521466304428	0.023499383619894967	1.8898963219962849e-19	0.28501906377175584	78
causal_gxe	correct_ld_environment	66	0.25	0.24532809086813723	0.027378139220842455	3.225383497482703e-19	0.9224185407557335	78
causal_gxe	diagonal_misspecified	66	0.25	0.2442965544480472	0.022141601720117046	2.6378192649854064e-28	0.904350556422761	78
causal_gxe	correct_ld_environment	67	0.25	0.25583800511124555	0.02763451638423384	2.084629067973818e-20	0.7684816392415091	78
causal_gxe	diagonal_misspecified	67	0.25	0.2429938377732782	0.022251066478822367	9.19394775617289e-28	0.986476543729431	78
causal_gxe	correct_ld_environment	68	0.25	0.2668736812147587	0.029186254229968758	6.02877044126701e-20	0.8874987741168161	78
causal_gxe	diagonal_misspecified	68	0.25	0.2593855641297507	0.02340241463304081	1.505050657624016e-28	0.9665719301983343	78
causal_gxe	correct_ld_environment	69	0.25	0.2701264787793819	0.028834042486234383	7.369757147546605e-21	0.7915868652919883	78
causal_gxe	diagonal_misspecified	69	0.25	0.27422777249241426	0.022442210392068146	2.452309833614914e-34	0.45953623566725194	78
causal_gxe	correct_ld_environment	70	0.25	0.2674118155692999	0.028153770896702537	2.1342805192034918e-21	0.020199495592022828	78
causal_gxe	diagonal_misspecified	70	0.25	0.27665447891639117	0.022092981084991564	5.639215619312586e-36	0.003876159794680608	78
causal_gxe	correct_ld_environment	71	0.25	0.2884035497342349	0.026803782090745482	5.328104296251524e-27	0.5883032254508522	78
causal_gxe	diagonal_misspecified	71	0.25	0.2906055377001748	0.02111955830946097	4.43406244062508e-43	0.9093927542392262	78
causal_gxe	correct_ld_environment	72	0.25	0.26744722158776346	0.02816543087851687	2.1897994021703178e-21	0.010909716240300073	78
causal_gxe	diagonal_misspecified	72	0.25	0.275090904197565	0.02248730551435865	2.0672557288851755e-34	0.09067244099334026	78
causal_gxe	correct_ld_environment	73	0.25	0.2676261122601748	0.028216744233283724	2.431838658876166e-21	0.457386522153773	78
causal_gxe	diagonal_misspecified	73	0.25	0.277612164326332	0.022132587645167675	4.3346838686629934e-36	0.07254449696189591	78
causal_gxe	correct_ld_environment	74	0.25	0.29756399493093966	0.026637107591766043	5.65200188619548e-29	0.6067879690367991	78
causal_gxe	diagonal_misspecified	74	0.25	0.2859633432072929	0.021950140192446163	8.495763412036667e-39	0.9778705572182951	78
causal_gxe	correct_ld_environment	75	0.25	0.2764723322265591	0.027321162710754788	4.534295306406543e-24	0.9015694343300193	78
causal_gxe	diagonal_misspecified	75	0.25	0.27695971058494695	0.02214770053963269	6.999175656880845e-36	0.5193193179366236	78
causal_gxe	correct_ld_environment	76	0.25	0.2734034021118817	0.026919194176676292	3.1017047064260247e-24	0.4158735089422927	78
causal_gxe	diagonal_misspecified	76	0.25	0.28418769187232956	0.022237993087904764	2.1377569314528303e-37	0.08450671273741318	78
causal_gxe	correct_ld_environment	77	0.25	0.2668503629098379	0.028072239168333037	1.984297938072867e-21	0.7822489634935903	78
causal_gxe	diagonal_misspecified	77	0.25	0.26899662918883543	0.022192471342576355	8.167978747021771e-34	0.9794823667091245	78
causal_gxe	correct_ld_environment	78	0.25	0.19089359607111425	0.027394636575996615	3.208310512433863e-12	0.11661001239255811	78
causal_gxe	diagonal_misspecified	78	0.25	0.17937360760696222	0.02256311150817355	1.8672040719668623e-15	0.7117821641089288	78
causal_gxe	correct_ld_environment	79	0.25	0.2998649356200903	0.029104772044850062	6.833486242372885e-25	0.7113156122839035	78
causal_gxe	diagonal_misspecified	79	0.25	0.29069940241585057	0.023003475679593245	1.3166822738269544e-36	0.9997325741942187	78
causal_gxe	correct_ld_environment	80	0.25	0.2397204966491878	0.02625531774129679	6.827203543589681e-20	0.6966522981371781	78
causal_gxe	diagonal_misspecified	80	0.25	0.24809809942060512	0.02168183728061242	2.5588860564474296e-30	0.15829157590293227	78
causal_gxe	correct_ld_environment	81	0.25	0.214034895362366	0.028085718109798926	2.52160139442257e-14	0.30512252553833014	78
causal_gxe	diagonal_misspecified	81	0.25	0.21785832578313064	0.02199756844840231	4.009693481190384e-23	0.6781978554026855	78
causal_gxe	correct_ld_environment	82	0.25	0.22815149001576357	0.029035860551894492	3.916374158852321e-15	0.7009859482379992	78
causal_gxe	diagonal_misspecified	82	0.25	0.2235520003281106	0.02254738215191342	3.590997255223295e-23	0.9944570600505458	78
causal_gxe	correct_ld_environment	83	0.25	0.25951119262778893	0.028058207842302483	2.2654013593779386e-20	0.8719088196963649	78
causal_gxe	diagonal_misspecified	83	0.25	0.26266805447067393	0.022881015897195413	1.6678626405663078e-30	0.9998984008658279	78
causal_gxe	correct_ld_environment	84	0.25	0.2833513141370099	0.029186076418805378	2.7754843443811304e-22	0.7796000529939503	78
causal_gxe	diagonal_misspecified	84	0.25	0.26725995445506473	0.022296332251930492	4.17081937290405e-33	0.5991038542829741	78
causal_gxe	correct_ld_environment	85	0.25	0.2152394701574485	0.02791792084156347	1.2608992106187166e-14	0.5288349489800547	78
causal_gxe	diagonal_misspecified	85	0.25	0.20798929712242786	0.021429378319522137	2.848281545834256e-22	0.9236780476683152	78
causal_gxe	correct_ld_environment	86	0.25	0.21049494752167616	0.02756044956371068	2.213544122019672e-14	0.27597547984982823	78
causal_gxe	diagonal_misspecified	86	0.25	0.21453660546662331	0.021949908958294927	1.4570614481780496e-22	0.3131299670685697	78
causal_gxe	correct_ld_environment	87	0.25	0.2412122962802528	0.028643513729204723	3.726987522414319e-17	0.8093268139215158	78
causal_gxe	diagonal_misspecified	87	0.25	0.2472682789103374	0.021948150904563507	1.9310563018882573e-29	0.3119542361833661	78
causal_gxe	correct_ld_environment	88	0.25	0.22791114811030624	0.02962591655757015	1.4376351166774783e-14	0.688704771569854	78
causal_gxe	diagonal_misspecified	88	0.25	0.22676431093581328	0.023484524934089188	4.640495641614965e-22	0.9860417874437338	78
causal_gxe	correct_ld_environment	89	0.25	0.2605710218748605	0.027026530968525014	5.350353143107946e-22	0.48308749564419423	78
causal_gxe	diagonal_misspecified	89	0.25	0.2521019329437498	0.021644371728208902	2.36402931616627e-31	0.8742865010141393	78
causal_gxe	correct_ld_environment	90	0.25	0.2596237294156646	0.02891748734377077	2.7551413262323896e-19	0.4158630706398209	78
causal_gxe	diagonal_misspecified	90	0.25	0.25713134014714245	0.022650030375146447	7.218605563194126e-30	0.6038597872595941	78
causal_gxe	correct_ld_environment	91	0.25	0.20994897215121844	0.028474126903568923	1.6642496562108473e-13	0.1966231363113515	78
causal_gxe	diagonal_misspecified	91	0.25	0.1962135087786042	0.02272205644284161	5.853400739111228e-18	0.800476896918194	78
causal_gxe	correct_ld_environment	92	0.25	0.20502434359592125	0.02716827755016748	4.47245352897437e-14	0.1665510022319719	78
causal_gxe	diagonal_misspecified	92	0.25	0.21201756480916087	0.022859205552545215	1.7773327053901574e-20	0.41263706133491407	78
causal_gxe	correct_ld_environment	93	0.25	0.20169975698891024	0.029340420113309257	6.222195311504902e-12	0.836751802022963	78
causal_gxe	diagonal_misspecified	93	0.25	0.19535361756544797	0.022580935419090644	5.0932445646325425e-18	0.9863245010865836	78
causal_gxe	correct_ld_environment	94	0.25	0.2491772515346349	0.026933873088183884	2.2147748316607365e-20	0.17815211558890967	78
causal_gxe	diagonal_misspecified	94	0.25	0.24087645139372016	0.022006895535001587	6.983219288837465e-28	0.5529867613305066	78
causal_gxe	correct_ld_environment	95	0.25	0.24809394643539592	0.027000536453277043	3.984235024797096e-20	0.7109398107881394	78
causal_gxe	diagonal_misspecified	95	0.25	0.2297741654199266	0.021439233146869532	8.428445597317097e-27	0.9965852381745021	78
causal_gxe	correct_ld_environment	96	0.25	0.24994898635790302	0.02631552825640593	2.1364027451608278e-21	0.7149457392762371	78
causal_gxe	diagonal_misspecified	96	0.25	0.25600233439739073	0.021756545105779443	5.795997847737724e-32	0.25696182017155034	78
causal_gxe	correct_ld_environment	97	0.25	0.25223228272053766	0.028330208331226008	5.42114591285581e-19	0.6428573419603817	78
causal_gxe	diagonal_misspecified	97	0.25	0.25223743406983196	0.022557431622156468	4.9945562211121564e-29	0.9754557134276204	78
causal_gxe	correct_ld_environment	98	0.25	0.2870487075672423	0.029455571543440074	1.935094210973047e-22	0.6868740470384886	78
causal_gxe	diagonal_misspecified	98	0.25	0.29999876118346586	0.024015042364818752	8.242881681383592e-36	0.3393678748522138	78
causal_gxe	correct_ld_environment	99	0.25	0.2502628127409452	0.026646978431869344	5.898936667809516e-21	0.3074575042128038	78
causal_gxe	diagonal_misspecified	99	0.25	0.25982909409283167	0.02156695521705605	1.997868653503293e-33	0.659185531995664	78
causal_gxe	correct_ld_environment	100	0.25	0.26910563025882994	0.029339388178698543	4.6362429093113015e-20	0.9833728411168136	78
causal_gxe	diagonal_misspecified	100	0.25	0.2826597059753355	0.022739581762017944	1.789730119587801e-35	0.9997574031816993	78
causal_gxe	correct_ld_environment	101	0.25	0.2550789799373174	0.02578613043760444	4.5047750567332013e-23	0.4536054981935709	78
causal_gxe	diagonal_misspecified	101	0.25	0.2506847632094908	0.021430783028858504	1.3139530767370458e-31	0.43919200995797203	78
causal_gxe	correct_ld_environment	102	0.25	0.2229314098488372	0.025602141586456708	3.1056868960827946e-18	0.9983423161374143	78
causal_gxe	diagonal_misspecified	102	0.25	0.22132879598666155	0.020959288120009446	4.5696054635843094e-26	0.9940917384474105	78
causal_gxe	correct_ld_environment	103	0.25	0.2861657158468683	0.029692420759780392	5.543252027923648e-22	0.27964322430163485	78
causal_gxe	diagonal_misspecified	103	0.25	0.28370315023605996	0.022914249089320212	3.308604435673717e-35	0.7126820000095118	78
causal_gxe	correct_ld_environment	104	0.25	0.21853172449400673	0.027915096045729473	4.939507308141236e-15	0.44062755594037245	78
causal_gxe	diagonal_misspecified	104	0.25	0.21385705367357982	0.021783594127491146	9.480781397671018e-23	0.9772061375550304	78
causal_gxe	correct_ld_environment	105	0.25	0.20880993692632338	0.029377101529745278	1.1780918031168863e-12	0.9440080809514408	78
causal_gxe	diagonal_misspecified	105	0.25	0.20705530613681924	0.023311690666472547	6.564681197969852e-19	0.9997245073852119	78
causal_gxe	correct_ld_environment	106	0.25	0.2652934694531382	0.02776918983536571	1.253646509803126e-21	0.15936393225736842	78
causal_gxe	diagonal_misspecified	106	0.25	0.2610874168912218	0.021673193830135173	2.0221573014460238e-33	0.8113061278414213	78
causal_gxe	correct_ld_environment	107	0.25	0.23211538669747195	0.02924395264948987	2.067801678744698e-15	0.34159614799884036	78
causal_gxe	diagonal_misspecified	107	0.25	0.23797884861043225	0.0226054799360953	6.453576765684435e-26	0.9360244790634642	78
causal_gxe	correct_ld_environment	108	0.25	0.23100934255528352	0.02949170096177005	4.7625521824628826e-15	0.967727496801652	78
causal_gxe	diagonal_misspecified	108	0.25	0.23822972967928852	0.023111544689486094	6.495551137685789e-25	0.8348012207467425	78
causal_gxe	correct_ld_environment	109	0.25	0.1997768205069175	0.027804030005936876	6.712117134391164e-13	0.8088876550900158	78
causal_gxe	diagonal_misspecified	109	0.25	0.1915382107508982	0.022700264047168003	3.2361951425291805e-17	0.983835399454286	78
causal_gxe	correct_ld_environment	110	0.25	0.25389522929968866	0.027716712608326415	5.172163969988946e-20	0.8044840350172819	78
causal_gxe	diagonal_misspecified	110	0.25	0.2536010125235554	0.0222606266178091	4.564706259239724e-30	0.9608522215248675	78
causal_gxe	correct_ld_environment	111	0.25	0.21575617840190253	0.028517073747410977	3.853078098853992e-14	0.30798290089959685	78
causal_gxe	diagonal_misspecified	111	0.25	0.21763266144812402	0.022544846241836603	4.758858372942565e-22	0.02266120742908555	78
causal_gxe	correct_ld_environment	112	0.25	0.24662589071796948	0.028055728863738943	1.4880106814085218e-18	0.9523147021687496	78
causal_gxe	diagonal_misspecified	112	0.25	0.2586931450899234	0.022361155895138995	5.926292319273847e-31	0.9985031823248806	78
causal_gxe	correct_ld_environment	113	0.25	0.2386995429473138	0.027660933382898985	6.16301335549424e-18	0.67815609781816	78
causal_gxe	diagonal_misspecified	113	0.25	0.25148232857407	0.0224164480066708	3.302662981799035e-29	0.9946361640348736	78
causal_gxe	correct_ld_environment	114	0.25	0.3055319307437331	0.0289195483042093	4.3346314930912585e-26	0.13944438811842438	78
causal_gxe	diagonal_misspecified	114	0.25	0.30249065141018755	0.023063572426457655	2.6834978960414257e-39	0.5096028271247224	78
causal_gxe	correct_ld_environment	115	0.25	0.23530105134209578	0.027730719460495476	2.1532460748993542e-17	0.1594553592590139	78
causal_gxe	diagonal_misspecified	115	0.25	0.24528106675215763	0.02294480446872227	1.1331202100604327e-26	0.2434228404288617	78
causal_gxe	correct_ld_environment	116	0.25	0.2514103379024409	0.028371658499059604	7.907271333323143e-19	0.21307198882322292	78
causal_gxe	diagonal_misspecified	116	0.25	0.23672984003152975	0.022612239325205244	1.1977379478283084e-25	0.46708793811595617	78
causal_gxe	correct_ld_environment	117	0.25	0.21244953529800345	0.026886192200704435	2.7488607348276474e-15	0.8906563228579144	78
causal_gxe	diagonal_misspecified	117	0.25	0.20125112628327527	0.021746948060063352	2.157923744349031e-20	0.9999768404844812	78
causal_gxe	correct_ld_environment	118	0.25	0.24920460398367572	0.02778086183676174	2.955205832308716e-19	0.05528309175336798	78
causal_gxe	diagonal_misspecified	118	0.25	0.24093359160491612	0.022085922369126498	1.0448867794790693e-27	0.054341648603141446	78
causal_gxe	correct_ld_environment	119	0.25	0.26815472218547204	0.027470343548699018	1.6452576142946184e-22	0.97889291260325	78
causal_gxe	diagonal_misspecified	119	0.25	0.26404803675676103	0.022169243620410124	1.0427850463808364e-32	0.9999753893519346	78
causal_gxe	correct_ld_environment	120	0.25	0.23712179275437978	0.027445029214358024	5.627148907451132e-18	0.7889181027033603	78
causal_gxe	diagonal_misspecified	120	0.25	0.24263630243596088	0.021764112027969334	7.285748548719096e-29	0.716633488720648	78
causal_gxe	correct_ld_environment	121	0.25	0.2241130757191911	0.02778162854090006	7.207461804161187e-16	0.4613825490310438	78
causal_gxe	diagonal_misspecified	121	0.25	0.23244831373985267	0.021799764238024207	1.5181860302968753e-26	0.8771565674109112	78
causal_gxe	correct_ld_environment	122	0.25	0.2382454886743038	0.028254840927903143	3.397381195713785e-17	0.7744442297202786	78
causal_gxe	diagonal_misspecified	122	0.25	0.23333089069694998	0.021679581351662848	5.1633195699919315e-27	0.9247026572367605	78
causal_gxe	correct_ld_environment	123	0.25	0.24134653939841272	0.027297147013263984	9.447874331504908e-19	0.7668287577892134	78
causal_gxe	diagonal_misspecified	123	0.25	0.24628610345903496	0.022074749547326914	6.625082465994851e-29	0.9847783967096608	78
causal_gxe	correct_ld_environment	124	0.25	0.2725933953637506	0.028143317763431052	3.4614215450430705e-22	0.3007143134028856	78
causal_gxe	diagonal_misspecified	124	0.25	0.2731567852696268	0.021834502527545936	6.555310164451953e-36	0.24026037247281629	78
causal_gxe	correct_ld_environment	125	0.25	0.27303231987834803	0.027376318348779887	1.9948208546040333e-23	0.021350132580354002	78
causal_gxe	diagonal_misspecified	125	0.25	0.2706865930021055	0.021421402356629225	1.3322800603281199e-36	0.05365357673321153	78
causal_gxe	correct_ld_environment	126	0.25	0.26972668025856256	0.027839170667718793	3.366332054269152e-22	0.7014428194064791	78
causal_gxe	diagonal_misspecified	126	0.25	0.2591922325052838	0.022267235061814054	2.5779611059794722e-31	0.9962896027162229	78
causal_gxe	correct_ld_environment	127	0.25	0.23069282503396676	0.02821318006241786	2.915417122537537e-16	0.41975549141835566	78
causal_gxe	diagonal_misspecified	127	0.25	0.2241937910619339	0.022364651478411716	1.189955915623933e-23	0.3050768908534847	78
causal_gxe	correct_ld_environment	128	0.25	0.28360358328314467	0.028456115850170664	2.139492658543279e-23	0.93154993663899	78
causal_gxe	diagonal_misspecified	128	0.25	0.27742951941547067	0.023013377067217587	1.8221904976700258e-33	0.9623870676702626	78
causal_gxe	correct_ld_environment	129	0.25	0.27737997633666056	0.029701497477714292	9.731964058577297e-21	0.7424042929910357	78
causal_gxe	diagonal_misspecified	129	0.25	0.26687205663427715	0.0233270912270781	2.6256758576901168e-30	0.47678038807970075	78
causal_gxe	correct_ld_environment	130	0.25	0.28470117433165154	0.02568597158988611	1.5015664586183473e-28	0.8378204516385295	78
causal_gxe	diagonal_misspecified	130	0.25	0.27639877236903865	0.021691996975700893	3.4555799508252076e-37	0.9817283926427137	78
causal_gxe	correct_ld_environment	131	0.25	0.23470774122626845	0.028225727839847073	9.145632732031617e-17	0.12724648000058789	78
causal_gxe	diagonal_misspecified	131	0.25	0.22046052668090568	0.02190616439206272	7.980818593136874e-24	0.9953590341292075	78
causal_gxe	correct_ld_environment	132	0.25	0.26339515881985953	0.02764822446043004	1.624292001974786e-21	0.6309920957799725	78
causal_gxe	diagonal_misspecified	132	0.25	0.256470788260655	0.022297414042424538	1.2849691232035808e-30	0.904559549378679	78
causal_gxe	correct_ld_environment	133	0.25	0.21295502537388575	0.027000923365300945	3.0965287530502755e-15	0.7489218767648834	78
causal_gxe	diagonal_misspecified	133	0.25	0.22642879150605819	0.02209788797028835	1.2254688289287475e-24	0.9997398012142322	78
causal_gxe	correct_ld_environment	134	0.25	0.27228468624300245	0.02770714370761322	8.594379391786825e-23	0.2638006007506773	78
causal_gxe	diagonal_misspecified	134	0.25	0.277842171657783	0.021797512042802853	3.2602303113427696e-37	0.9058421854446215	78
causal_gxe	correct_ld_environment	135	0.25	0.28548543741861176	0.028833859100593103	4.119333863324149e-23	0.7747837862747902	78
causal_gxe	diagonal_misspecified	135	0.25	0.28173813546766574	0.022833828727028483	5.610323562057121e-35	0.9314304159060361	78
causal_gxe	correct_ld_environment	136	0.25	0.2663693674905488	0.028100817758846396	2.5658134124387046e-21	0.7487696939042328	78
causal_gxe	diagonal_misspecified	136	0.25	0.2712090050526591	0.022447917881635835	1.3196314130068753e-33	0.9807178829948708	78
causal_gxe	correct_ld_environment	137	0.25	0.21483860337144056	0.028179686613572664	2.4615854971963197e-14	0.8970166012519738	78
causal_gxe	diagonal_misspecified	137	0.25	0.2108035290021782	0.021875474038679944	5.605400578245104e-22	0.9934129396844545	78
causal_gxe	correct_ld_environment	138	0.25	0.21314253077290918	0.028176663602526766	3.893424422182652e-14	0.14519578105704217	78
causal_gxe	diagonal_misspecified	138	0.25	0.21755596020571094	0.022362213702392823	2.274123096247868e-22	0.003448698822672492	78
causal_gxe	correct_ld_environment	139	0.25	0.20793931883664832	0.02788372480645809	8.826499509362562e-14	0.42797499542137707	78
causal_gxe	diagonal_misspecified	139	0.25	0.21047671249511032	0.02223804078725871	2.943634058537525e-21	0.8538050799717919	78
causal_gxe	correct_ld_environment	140	0.25	0.21112197157845503	0.027812701485848763	3.178201773023139e-14	0.0027545301268163415	78
causal_gxe	diagonal_misspecified	140	0.25	0.2175700146460381	0.023316263487818536	1.0462401982519762e-20	0.04622504851342856	78
causal_gxe	correct_ld_environment	141	0.25	0.2466158915103431	0.029332184304088925	4.1816718874889895e-17	0.5820341144596721	78
causal_gxe	diagonal_misspecified	141	0.25	0.24755074931046148	0.02277326574125278	1.5978882129975775e-27	0.06837644892923103	78
causal_gxe	correct_ld_environment	142	0.25	0.23718771431400407	0.028134478298524647	3.441919072051487e-17	0.6660474666338122	78
causal_gxe	diagonal_misspecified	142	0.25	0.22691345609105945	0.02240934755863102	4.243217962551415e-24	0.9895410189733708	78
causal_gxe	correct_ld_environment	143	0.25	0.2733930918943489	0.028687744923706775	1.5734224412104206e-21	0.6570859538124019	78
causal_gxe	diagonal_misspecified	143	0.25	0.2766418920877045	0.022600446915805573	1.8875009539619116e-34	0.49785545281017907	78
causal_gxe	correct_ld_environment	144	0.25	0.23933856164176928	0.028558450275058368	5.263330218707707e-17	0.16854374704733374	78
causal_gxe	diagonal_misspecified	144	0.25	0.25068606579734243	0.022397690467121863	4.4376179507953616e-29	0.03242125214864218	78
causal_gxe	correct_ld_environment	145	0.25	0.26011429210844655	0.0295498543941701	1.3373301428481888e-18	0.609023655241108	78
causal_gxe	diagonal_misspecified	145	0.25	0.24657026032959367	0.02257349353447647	8.949056628534122e-28	0.8569929081964358	78
causal_gxe	correct_ld_environment	146	0.25	0.24775294478734283	0.028031201842416205	9.70380321210053e-19	0.8796780721825056	78
causal_gxe	diagonal_misspecified	146	0.25	0.2570865161122848	0.022684527059336913	8.994050062298874e-30	0.9926250383606667	78
causal_gxe	correct_ld_environment	147	0.25	0.2742070417367455	0.028553003496457813	7.73202357725111e-22	0.40364682673516583	78
causal_gxe	diagonal_misspecified	147	0.25	0.2698000554738442	0.02266018204999937	1.096740258045734e-32	0.6535006729405465	78
causal_gxe	correct_ld_environment	148	0.25	0.23017058570671478	0.02910650941477626	2.618232917377896e-15	0.171269468678511	78
causal_gxe	diagonal_misspecified	148	0.25	0.22459685695109502	0.02256617117422249	2.451564061256938e-23	0.9844568280092018	78
causal_gxe	correct_ld_environment	149	0.25	0.25348008837977387	0.026487765567295252	1.0721169848306224e-21	0.7121424407404584	78
causal_gxe	diagonal_misspecified	149	0.25	0.2668575853965347	0.021804694972195927	1.934867435489537e-34	0.9841146961150873	78
causal_gxe	correct_ld_environment	150	0.25	0.2496844533081692	0.02757693998348943	1.3769490315142255e-19	0.3953919809211215	78
causal_gxe	diagonal_misspecified	150	0.25	0.2483095261238215	0.021938520802538407	1.0636438208438668e-29	0.8699731678127991	78
causal_gxe	correct_ld_environment	151	0.25	0.2446250967230692	0.026538149717243335	3.030727882155664e-20	0.5927457290051291	78
causal_gxe	diagonal_misspecified	151	0.25	0.24321760744557588	0.021405979963056206	6.454851538788206e-30	0.6927053077752849	78
causal_gxe	correct_ld_environment	152	0.25	0.25188142414292924	0.028211535226942596	4.3255330136138295e-19	0.25195123796994356	78
causal_gxe	diagonal_misspecified	152	0.25	0.2698427304185842	0.023049948795267314	1.1754042742156595e-31	0.3933187445688833	78
causal_gxe	correct_ld_environment	153	0.25	0.2421123906603368	0.027332911020991533	8.153050625313582e-19	0.21280617364940843	78
causal_gxe	diagonal_misspecified	153	0.25	0.21690027515496788	0.02187152863593424	3.510996759051888e-23	0.9994905745095816	78
causal_gxe	correct_ld_environment	154	0.25	0.24207458612544666	0.027631320494048674	1.937379876352782e-18	0.721778104616394	78
causal_gxe	diagonal_misspecified	154	0.25	0.22852988217447093	0.022257603808013362	9.873297211295566e-25	0.691299663534509	78
causal_gxe	correct_ld_environment	155	0.25	0.23044220201362522	0.027660585363387957	8.011667555384016e-17	0.5395459744316945	78
causal_gxe	diagonal_misspecified	155	0.25	0.23483141836157131	0.02189505541071	7.742082664264082e-27	0.844833971016184	78
causal_gxe	correct_ld_environment	156	0.25	0.23040354469510788	0.026588255037330814	4.49087619283111e-18	0.21305282035529216	78
causal_gxe	diagonal_misspecified	156	0.25	0.23515074056303306	0.02194793022387117	8.74711542032806e-27	0.045094970631249565	78
causal_gxe	correct_ld_environment	157	0.25	0.28706832084564987	0.026270172878177504	8.51264211332634e-28	0.9061635393118767	78
causal_gxe	diagonal_misspecified	157	0.25	0.26824015857088324	0.021927977405289015	2.07702182221233e-34	0.9991076857795017	78
causal_gxe	correct_ld_environment	158	0.25	0.30126175800723703	0.028937256107463734	2.212112436632401e-25	0.19002767449629204	78
causal_gxe	diagonal_misspecified	158	0.25	0.30171911891504827	0.022735544779739804	3.418605537990999e-40	0.20095650431796677	78
causal_gxe	correct_ld_environment	159	0.25	0.28896084316189047	0.02886396242214445	1.3618975470486518e-23	0.3621249805134805	78
causal_gxe	diagonal_misspecified	159	0.25	0.29178057482849906	0.022778956314056964	1.4559790780181184e-37	0.5582290818257264	78
causal_gxe	correct_ld_environment	160	0.25	0.2442943656341818	0.02690379203521031	1.0828106911099422e-19	0.2046642925126391	78
causal_gxe	diagonal_misspecified	160	0.25	0.2529699491920966	0.022453687084647643	1.9249241228511512e-29	0.19378736026696727	78
causal_gxe	correct_ld_environment	161	0.25	0.26279216069393513	0.026154409672722534	9.40183483128067e-24	0.8725825125579777	78
causal_gxe	diagonal_misspecified	161	0.25	0.26671725080272773	0.020781424120186753	1.0520570511265518e-37	0.9979348947965639	78
causal_gxe	correct_ld_environment	162	0.25	0.26956693308407476	0.028277141142446678	1.5275311125681459e-21	0.6636208260846712	78
causal_gxe	diagonal_misspecified	162	0.25	0.2745775532205478	0.02297600906098643	6.44426792743893e-33	0.9818108218200359	78
causal_gxe	correct_ld_environment	163	0.25	0.2446711130498406	0.028935281625078985	2.771673178406415e-17	0.39879096782745044	78
causal_gxe	diagonal_misspecified	163	0.25	0.24786283146865754	0.022783758798688353	1.4526399438668055e-27	0.27041754781062644	78
causal_gxe	correct_ld_environment	164	0.25	0.2477609183940246	0.029107499265124116	1.7106578838032438e-17	0.5470913208314093	78
causal_gxe	diagonal_misspecified	164	0.25	0.25366726827167774	0.02293084191729479	1.9118679390891556e-28	0.9849597476206428	78
causal_gxe	correct_ld_environment	165	0.25	0.2641782945525776	0.027426734736608362	5.849526389824677e-22	0.5812129521098005	78
causal_gxe	diagonal_misspecified	165	0.25	0.2738606301736593	0.021791384980783333	3.1912245356840317e-36	0.9551670035812142	78
causal_gxe	correct_ld_environment	166	0.25	0.2773561989894953	0.029329157955987808	3.1790296197087846e-21	0.5277657502186595	78
causal_gxe	diagonal_misspecified	166	0.25	0.27459639561963894	0.023089882284015244	1.2947415384931778e-32	0.7216341027357432	78
causal_gxe	correct_ld_environment	167	0.25	0.2572257731768455	0.026038205043576696	5.1454070267048436e-23	0.9561675288895465	78
causal_gxe	diagonal_misspecified	167	0.25	0.24307126882679528	0.02085554430058654	2.163926073177849e-31	0.9994554216660182	78
causal_gxe	correct_ld_environment	168	0.25	0.2637165832568491	0.029360226044557725	2.656392597074943e-19	0.29720148111958083	78
causal_gxe	diagonal_misspecified	168	0.25	0.25497609950295935	0.023213964212671887	4.575893733045976e-28	0.27350501184427806	78
causal_gxe	correct_ld_environment	169	0.25	0.2553713999813315	0.027083672643018752	4.140972254369661e-21	0.9771426497912284	78
causal_gxe	diagonal_misspecified	169	0.25	0.2634934546716351	0.021454159776120196	1.1359260580595415e-34	0.999982393316022	78
causal_gxe	correct_ld_environment	170	0.25	0.22508339631615035	0.027015969391247348	7.98282484284247e-17	0.7738236655012725	78
causal_gxe	diagonal_misspecified	170	0.25	0.20895485215729953	0.022119874372498412	3.50431634399298e-21	0.1685746411379558	78
causal_gxe	correct_ld_environment	171	0.25	0.2347227103188746	0.028713246685652644	2.965573155729538e-16	0.5414325825293503	78
causal_gxe	diagonal_misspecified	171	0.25	0.23826959144684354	0.02251915202205186	3.660037393987354e-26	0.9845128232732744	78
causal_gxe	correct_ld_environment	172	0.25	0.24061687093395268	0.028733594995967428	5.566602541542867e-17	0.6649873049760061	78
causal_gxe	diagonal_misspecified	172	0.25	0.2340075230156098	0.02245872885307117	2.0212612303422134e-25	0.9784400572709742	78
causal_gxe	correct_ld_environment	173	0.25	0.2349482074661801	0.02732836998060395	8.166516474002979e-18	0.9693051966151639	78
causal_gxe	diagonal_misspecified	173	0.25	0.23105664320516653	0.022048608758970523	1.0739977428047086e-25	0.9979799098886534	78
causal_gxe	correct_ld_environment	174	0.25	0.26824747464270154	0.02757639895283931	2.3034011718164254e-22	0.4155351792692871	78
causal_gxe	diagonal_misspecified	174	0.25	0.2723309482859006	0.022678955104521618	3.221983017517798e-33	0.6167300539713279	78
causal_gxe	correct_ld_environment	175	0.25	0.2862921333676402	0.02798550270766573	1.4549572037661105e-24	0.8267902701603874	78
causal_gxe	diagonal_misspecified	175	0.25	0.28777813325746227	0.022052462094424432	6.379361986491269e-39	0.9896137909805519	78
causal_gxe	correct_ld_environment	176	0.25	0.2475273723555511	0.027856772004927297	6.351024894433657e-19	0.10970459269559169	78
causal_gxe	diagonal_misspecified	176	0.25	0.25039375256292906	0.022095206675710712	9.059007616682593e-30	0.10244018688139739	78
causal_gxe	correct_ld_environment	177	0.25	0.2214381822604163	0.028515745827148088	8.13427133291433e-15	0.5582140334483047	78
causal_gxe	diagonal_misspecified	177	0.25	0.2294955811926763	0.022103205037302686	2.9659521710023884e-25	0.9228615296630434	78
causal_gxe	correct_ld_environment	178	0.25	0.2640814080884645	0.027595498702930744	1.0718761521884794e-21	0.16384848007505226	78
causal_gxe	diagonal_misspecified	178	0.25	0.24927930035585233	0.022639519080627547	3.389663272995488e-28	0.8737387678468188	78
causal_gxe	correct_ld_environment	179	0.25	0.2584754346491747	0.02624400520683088	6.927586125978421e-23	0.53705695921205	78
causal_gxe	diagonal_misspecified	179	0.25	0.2520457088675595	0.02144390077730653	6.757316560217377e-32	0.562112830459254	78
causal_gxe	correct_ld_environment	180	0.25	0.25471857572867634	0.02658378336312012	9.543485205960693e-22	0.7789474116090442	78
causal_gxe	diagonal_misspecified	180	0.25	0.26627885382288496	0.021701489461485333	1.3113551716954327e-34	0.8793106337150803	78
causal_gxe	correct_ld_environment	181	0.25	0.25955519404073846	0.02541865448197711	1.766498121102232e-24	0.17415928388274352	78
causal_gxe	diagonal_misspecified	181	0.25	0.2611432026523805	0.020506648877016247	3.799698225057027e-37	0.3113944259286773	78
causal_gxe	correct_ld_environment	182	0.25	0.2444220868552691	0.028388254561509185	7.30781997556042e-18	0.9334309852124255	78
causal_gxe	diagonal_misspecified	182	0.25	0.24522012484638406	0.023490672075721808	1.6446106577171604e-25	0.9877496186023095	78
causal_gxe	correct_ld_environment	183	0.25	0.2261577368657611	0.027033502874818295	5.969232157371531e-17	0.7677997635886705	78
causal_gxe	diagonal_misspecified	183	0.25	0.2331767846386314	0.02193364644312004	2.1378770386581713e-26	0.9644399883363559	78
causal_gxe	correct_ld_environment	184	0.25	0.24053055290087355	0.02771028836974459	3.9511011268184994e-18	0.11787343300654755	78
causal_gxe	diagonal_misspecified	184	0.25	0.23057181362857684	0.02189993446835669	6.38946986054248e-26	0.1096915844800663	78
causal_gxe	correct_ld_environment	185	0.25	0.19530169433971567	0.028007563119065753	3.0986241521821493e-12	0.6609822409730084	78
causal_gxe	diagonal_misspecified	185	0.25	0.1903948504619756	0.02275017957111633	5.813965245231556e-17	0.9974481009650957	78
causal_gxe	correct_ld_environment	186	0.25	0.2303203069769319	0.026758870902434582	7.483374813162607e-18	0.2944404411601165	78
causal_gxe	diagonal_misspecified	186	0.25	0.23108815987971418	0.022022204621010504	9.261782603136949e-26	0.20841480717014294	78
causal_gxe	correct_ld_environment	187	0.25	0.2507017468825109	0.026965279208462457	1.441851270280234e-20	0.15140260077912512	78
causal_gxe	diagonal_misspecified	187	0.25	0.27348349611973716	0.022037041837130473	2.3015566832929268e-35	0.00038157364939335166	78
causal_gxe	correct_ld_environment	188	0.25	0.26274900647002847	0.02788020731738069	4.33343860146718e-21	0.34007809168732267	78
causal_gxe	diagonal_misspecified	188	0.25	0.26784489578111004	0.021926175648614786	2.5609753372600136e-34	0.8447351891399106	78
causal_gxe	correct_ld_environment	189	0.25	0.24640147273430166	0.028473883851583743	4.990185604093655e-18	0.559212115843865	78
causal_gxe	diagonal_misspecified	189	0.25	0.2388153876058737	0.022848929726429913	1.4357507108645932e-25	0.860361343303572	78
causal_gxe	correct_ld_environment	190	0.25	0.2787007143140389	0.027316174168141447	1.9269157053714615e-24	0.24797274297951938	78
causal_gxe	diagonal_misspecified	190	0.25	0.2662828762255754	0.022007111256746113	1.0579665004393261e-33	0.8956319725171257	78
causal_gxe	correct_ld_environment	191	0.25	0.20297882778164175	0.028111386811562666	5.178919165643181e-13	0.9978367652856543	78
causal_gxe	diagonal_misspecified	191	0.25	0.2197085508258756	0.02254240774483196	1.9102350677406378e-22	0.9991148783109979	78
causal_gxe	correct_ld_environment	192	0.25	0.2433227968121485	0.028433736811423888	1.1530290222626066e-17	0.6096402326239703	78
causal_gxe	diagonal_misspecified	192	0.25	0.24941445272423782	0.022094136798172504	1.4919896652898717e-29	0.9392564562908305	78
causal_gxe	correct_ld_environment	193	0.25	0.2064674151933445	0.027091737599297873	2.5162560263905426e-14	0.17493857315379166	78
causal_gxe	diagonal_misspecified	193	0.25	0.21454851968189487	0.022180553544329764	3.933828966165267e-22	0.3994189732215459	78
causal_gxe	correct_ld_environment	194	0.25	0.2424925179479406	0.028134099647478927	6.744262595458757e-18	0.9722311025913876	78
causal_gxe	diagonal_misspecified	194	0.25	0.23937643883077228	0.022391543642435247	1.1278089498678122e-26	0.9982087928081739	78
causal_gxe	correct_ld_environment	195	0.25	0.24317948235535125	0.027949281899187103	3.2972200293639755e-18	0.2919947356046318	78
causal_gxe	diagonal_misspecified	195	0.25	0.24689889902967674	0.021924742420350037	2.0396331698984204e-29	0.06036345367705467	78
causal_gxe	correct_ld_environment	196	0.25	0.29129347432020325	0.027184797431541553	8.626973515727182e-27	0.5968605126360556	78
causal_gxe	diagonal_misspecified	196	0.25	0.29432774348073376	0.02215496406060614	2.830212184772578e-40	0.8735954712576302	78
causal_gxe	correct_ld_environment	197	0.25	0.25692791461055287	0.02739745680568463	6.736255215367038e-21	0.6219269954552459	78
causal_gxe	diagonal_misspecified	197	0.25	0.2610420339430776	0.022334475074414724	1.470593592563445e-31	0.00361942514542824	78
causal_gxe	correct_ld_environment	198	0.25	0.259059226149422	0.02666058028725308	2.5534266783315354e-22	0.4560066842124284	78
causal_gxe	diagonal_misspecified	198	0.25	0.26674235420149445	0.021272029323190257	4.5338112147108875e-36	0.9318942407428713	78
causal_gxe	correct_ld_environment	199	0.25	0.2444321284949421	0.029615619268791662	1.5383862172919817e-16	0.6600653332676852	78
causal_gxe	diagonal_misspecified	199	0.25	0.21282154392881786	0.023529897797557067	1.5003715975433699e-19	0.8628571387177871	78
causal_gxe	correct_ld_environment	200	0.25	0.27656204051862	0.029102202314962123	2.0367247213105713e-21	0.5317451448682504	78
causal_gxe	diagonal_misspecified	200	0.25	0.27429019492691037	0.02263337276343445	8.394003429420373e-34	0.8810250478160505	78
causal_gxe	correct_ld_environment	201	0.25	0.23657163317135302	0.0265990545318808	5.895483672781778e-19	0.6194952388054387	78
causal_gxe	diagonal_misspecified	201	0.25	0.2293437831795814	0.022464535409290606	1.804409109843049e-24	0.8895085787920471	78
causal_gxe	correct_ld_environment	202	0.25	0.22712905713309628	0.028485459743461717	1.542319235802968e-15	0.6658198394143198	78
causal_gxe	diagonal_misspecified	202	0.25	0.22885947042994045	0.022542730784761884	3.2380571385298985e-24	0.9467323202143896	78
causal_gxe	correct_ld_environment	203	0.25	0.3024717219987558	0.02754919632709889	4.804732021147543e-28	0.7871845066739332	78
causal_gxe	diagonal_misspecified	203	0.25	0.3053182170665	0.022534127420235764	8.01555828098429e-42	0.9995701699659837	78
causal_gxe	correct_ld_environment	204	0.25	0.25699490077505105	0.02862303590851627	2.742241868017308e-19	0.3058306956298011	78
causal_gxe	diagonal_misspecified	204	0.25	0.26161632451604805	0.02265800089783108	7.705749571450322e-31	0.03728307898136454	78
causal_gxe	correct_ld_environment	205	0.25	0.25950303880211617	0.02751359899179085	4.0307237122954305e-21	0.9052331910619907	78
causal_gxe	diagonal_misspecified	205	0.25	0.2551990785301343	0.022063898210679223	6.101391056339003e-31	0.7363166135089151	78
causal_gxe	correct_ld_environment	206	0.25	0.22819240611643465	0.027161527641195345	4.415261735799912e-17	0.5273173604262601	78
causal_gxe	diagonal_misspecified	206	0.25	0.2182767610833938	0.02210371158141792	5.337008484841363e-23	0.611121697421716	78
causal_gxe	correct_ld_environment	207	0.25	0.2667725417470928	0.02809819655669411	2.217083920371746e-21	0.18331760989495832	78
causal_gxe	diagonal_misspecified	207	0.25	0.25332479336218344	0.02221498818805403	4.024358782804815e-30	0.0004390273478467398	78
causal_gxe	correct_ld_environment	208	0.25	0.3003616817962809	0.027725703046708208	2.39292454651468e-27	0.1815724281812898	78
causal_gxe	diagonal_misspecified	208	0.25	0.29281497027328834	0.02158666330199923	6.491170353589788e-42	0.4953846949650431	78
causal_gxe	correct_ld_environment	209	0.25	0.2690403777673314	0.026935663753477328	1.7156905547892037e-23	0.9285181160221814	78
causal_gxe	diagonal_misspecified	209	0.25	0.2837257300372228	0.02204723739519613	6.727403886720903e-38	0.882352636941989	78
causal_gxe	correct_ld_environment	210	0.25	0.20620353481014161	0.027119493791095708	2.881891506760206e-14	0.6968585520116558	78
causal_gxe	diagonal_misspecified	210	0.25	0.19901293713838844	0.02230776259901893	4.610899896446045e-19	0.4649408568124035	78
causal_gxe	correct_ld_environment	211	0.25	0.3077776879730846	0.02878119170717858	1.0892598130842775e-26	0.29228818359548125	78
causal_gxe	diagonal_misspecified	211	0.25	0.30687724969268243	0.023011907863181316	1.437231434547969e-40	0.7173469996767866	78
causal_gxe	correct_ld_environment	212	0.25	0.2590970069559632	0.027733722256298565	9.425564009843286e-21	0.5830595414262832	78
causal_gxe	diagonal_misspecified	212	0.25	0.26361828841647206	0.0215282922068881	1.7823260224595011e-34	0.9375924007490993	78
causal_gxe	correct_ld_environment	213	0.25	0.27533818298542984	0.029268944725355323	5.096341920758439e-21	0.33014814794718733	78
causal_gxe	diagonal_misspecified	213	0.25	0.2765421265021826	0.022967644703422635	2.176095266905338e-33	0.9912432824506784	78
causal_gxe	correct_ld_environment	214	0.25	0.2869274685340369	0.025483049138371967	2.078354455249447e-29	0.4487114929100378	78
causal_gxe	diagonal_misspecified	214	0.25	0.28822668510665517	0.02111506225688318	2.0108174770105114e-42	0.9729538920346764	78
causal_gxe	correct_ld_environment	215	0.25	0.2676559845163727	0.028254390999416377	2.717226387250567e-21	0.4299496074205033	78
causal_gxe	diagonal_misspecified	215	0.25	0.26527349275824774	0.022122829255429646	3.9638677070894534e-33	0.8860113861507415	78
causal_gxe	correct_ld_environment	216	0.25	0.23027019264879067	0.02847690614950756	6.155092292762619e-16	0.34000526952561416	78
causal_gxe	diagonal_misspecified	216	0.25	0.23850875603751281	0.022178766845298455	5.679342529113655e-27	0.9730954199283502	78
causal_gxe	correct_ld_environment	217	0.25	0.24740143982868282	0.027324367615053746	1.3751944167496626e-19	0.8902885789519961	78
causal_gxe	diagonal_misspecified	217	0.25	0.2451535779245806	0.02162827379211429	8.816727759956323e-30	0.9975013147750648	78
causal_gxe	correct_ld_environment	218	0.25	0.23784760840787797	0.026675009395465847	4.812751482943883e-19	0.1971702278591444	78
causal_gxe	diagonal_misspecified	218	0.25	0.2658499231157164	0.022892008491568944	3.5306604317640112e-31	0.3807410994460693	78
causal_gxe	correct_ld_environment	219	0.25	0.23230466438821412	0.02749257668980678	2.919941498428773e-17	0.8785273452644975	78
causal_gxe	diagonal_misspecified	219	0.25	0.24430749022003684	0.021413259081788902	3.763074074259258e-30	0.9890420960723739	78
causal_gxe	correct_ld_environment	220	0.25	0.23211711292477633	0.02650885698581437	2.0192573188260157e-18	0.9923266562061218	78
causal_gxe	diagonal_misspecified	220	0.25	0.22316635390427925	0.021978599489756324	3.1869917131462386e-24	0.9715711786760148	78
causal_gxe	correct_ld_environment	221	0.25	0.2902909296117889	0.028151513699054366	6.236556777832182e-25	0.7665750964478356	78
causal_gxe	diagonal_misspecified	221	0.25	0.29924180525549504	0.022016149806446034	4.471771062712044e-42	0.39416761595496846	78
causal_gxe	correct_ld_environment	222	0.25	0.24955032391634252	0.027580493379807444	1.4551317111740706e-19	0.6056504121080899	78
causal_gxe	diagonal_misspecified	222	0.25	0.25261402568446956	0.022717085679406678	1.0027036374638256e-28	0.7832918253373036	78
causal_gxe	correct_ld_environment	223	0.25	0.30193910829843734	0.028613310081567884	4.9515569654827326e-26	0.9814711825866544	78
causal_gxe	diagonal_misspecified	223	0.25	0.31154404126666346	0.022700420764844177	7.277489955014601e-43	0.9996933665436759	78
causal_gxe	correct_ld_environment	224	0.25	0.22991171243768202	0.028229243099372726	3.8100379318606236e-16	0.39940310642123494	78
causal_gxe	diagonal_misspecified	224	0.25	0.22284792940976203	0.02179912103828385	1.5675589442206035e-24	0.9994852864421004	78
causal_gxe	correct_ld_environment	225	0.25	0.2503200863444847	0.027136930562984798	2.8533094117152224e-20	0.2711525250578479	78
causal_gxe	diagonal_misspecified	225	0.25	0.2421093065468573	0.02160685725785473	3.8445433085588647e-29	0.6987029748311018	78
causal_gxe	correct_ld_environment	226	0.25	0.29097938705960297	0.028175523747026386	5.298720971290852e-25	0.8698980854838728	78
causal_gxe	diagonal_misspecified	226	0.25	0.2925997641420543	0.022132692509624248	6.703930201514421e-40	0.012881632058408208	78
causal_gxe	correct_ld_environment	227	0.25	0.25271765569385746	0.028307720690426336	4.35677481036811e-19	0.6592232129929118	78
causal_gxe	diagonal_misspecified	227	0.25	0.24729664040702992	0.0230603723903766	7.863485756196727e-27	0.2777787443526322	78
causal_gxe	correct_ld_environment	228	0.25	0.23776170094233834	0.02549803129513278	1.1128941953498527e-20	0.6924680676595212	78
causal_gxe	diagonal_misspecified	228	0.25	0.2224632021464232	0.02145297576969805	3.402138644388229e-25	0.22811259106006845	78
causal_gxe	correct_ld_environment	229	0.25	0.27038605848392483	0.030081008895985587	2.5040700491478802e-19	0.525836223464919	78
causal_gxe	diagonal_misspecified	229	0.25	0.26363072069053256	0.02322665720199031	7.386525765955867e-30	0.864461145973326	78
causal_gxe	correct_ld_environment	230	0.25	0.2631851426736996	0.028288861415432236	1.359095546940376e-20	0.05002160370739637	78
causal_gxe	diagonal_misspecified	230	0.25	0.27762200673238935	0.022545056526092455	7.606200671977125e-35	0.8729091874479346	78
causal_gxe	correct_ld_environment	231	0.25	0.25316204283174604	0.02912260589883048	3.5307458985340725e-18	0.54972275048441	78
causal_gxe	diagonal_misspecified	231	0.25	0.2535333915085372	0.02292593933580518	1.9873724698955806e-28	0.3712035296285142	78
causal_gxe	correct_ld_environment	232	0.25	0.23879011597589572	0.027632244550103126	5.537307650985521e-18	0.9914913685626876	78
causal_gxe	diagonal_misspecified	232	0.25	0.2395010302008026	0.021936520146614336	9.46450292398484e-28	0.722298591907935	78
causal_gxe	correct_ld_environment	233	0.25	0.20716501748819238	0.028339910975219568	2.6712356713304155e-13	0.45325363021102943	78
causal_gxe	diagonal_misspecified	233	0.25	0.2022001850361677	0.022050398081133956	4.734103061952735e-20	0.11844216027112335	78
causal_gxe	correct_ld_environment	234	0.25	0.22142002101954664	0.026104655937168826	2.213315596106053e-17	0.4790742346639526	78
causal_gxe	diagonal_misspecified	234	0.25	0.2115158604065586	0.021017630503928537	7.990808340732613e-24	0.996696847329221	78
causal_gxe	correct_ld_environment	235	0.25	0.2758106665222265	0.026661750890009713	4.41805713892187e-25	0.20539558853353795	78
causal_gxe	diagonal_misspecified	235	0.25	0.26600403917408594	0.02184003044680327	3.9896522013586915e-34	0.9943963009011372	78
causal_gxe	correct_ld_environment	236	0.25	0.23924096414076013	0.027661721656283004	5.203939745816307e-18	0.07054328697488069	78
causal_gxe	diagonal_misspecified	236	0.25	0.24837916500568444	0.02225555579233979	6.376034372332202e-29	0.5110614585310955	78
causal_gxe	correct_ld_environment	237	0.25	0.25343314949642604	0.026582261141036574	1.5145383295810465e-21	0.06843260442523202	78
causal_gxe	diagonal_misspecified	237	0.25	0.2535640745114912	0.021733293184435898	1.877571182293192e-31	0.0752038862567045	78
causal_gxe	correct_ld_environment	238	0.25	0.22718499881029908	0.025048180422243473	1.191041604564274e-19	0.22130353408088949	78
causal_gxe	diagonal_misspecified	238	0.25	0.21452225661343965	0.021473963086821396	1.6879052757039082e-23	0.5608217354742008	78
causal_gxe	correct_ld_environment	239	0.25	0.2268451636969671	0.02989913211184061	3.2735921395922306e-14	0.7977671505793713	78
causal_gxe	diagonal_misspecified	239	0.25	0.22686484510146004	0.023792753435793103	1.4982844187392745e-21	0.9972146477406214	78
causal_gxe	correct_ld_environment	240	0.25	0.23702952912566316	0.02932684066552653	6.353510526024315e-16	0.6556493189208773	78
causal_gxe	diagonal_misspecified	240	0.25	0.22313405409852663	0.022539228026940143	4.1707050501191046e-23	0.8183680414979344	78
causal_gxe	correct_ld_environment	241	0.25	0.24032130440952237	0.025205435228825596	1.5060483335777475e-21	0.4177578989890524	78
causal_gxe	diagonal_misspecified	241	0.25	0.25353735253852255	0.0206906212029981	1.6043677122847888e-34	0.6493150214337728	78
causal_gxe	correct_ld_environment	242	0.25	0.2632946509123367	0.027072923419502775	2.3501059696929425e-22	0.8439687253904375	78
causal_gxe	diagonal_misspecified	242	0.25	0.2663980095203285	0.021354644165585957	1.0227691427515105e-35	0.9893871420596062	78
causal_gxe	correct_ld_environment	243	0.25	0.24617679422684685	0.028327388749670123	3.61114531250548e-18	0.35023339103126394	78
causal_gxe	diagonal_misspecified	243	0.25	0.23862634539466115	0.02250800426928207	2.9216252526623126e-26	0.9841176678916531	78
causal_gxe	correct_ld_environment	244	0.25	0.2668828834523773	0.028323004746728993	4.3908703264784325e-21	0.9064500714789795	78
causal_gxe	diagonal_misspecified	244	0.25	0.2593226613823568	0.02282286905131481	6.434901767226537e-30	0.9854009846820216	78
causal_gxe	correct_ld_environment	245	0.25	0.2277949969517484	0.027537529923715696	1.315478466083495e-16	0.8939933731799187	78
causal_gxe	diagonal_misspecified	245	0.25	0.22754073316386692	0.021656138643897857	8.021678013976571e-26	0.9408675144855403	78
causal_gxe	correct_ld_environment	246	0.25	0.2438712125104882	0.029165281560150816	6.1823082639685e-17	0.7445635400453773	78
causal_gxe	diagonal_misspecified	246	0.25	0.2303950712338051	0.023143260928600657	2.3941601263611193e-23	0.9972754330502235	78
causal_gxe	correct_ld_environment	247	0.25	0.27569806152852644	0.02812253171101339	1.0879582649103812e-22	0.7632285728807685	78
causal_gxe	diagonal_misspecified	247	0.25	0.2844702954304913	0.022196132662269413	1.3304669552586344e-37	0.9901038716430105	78
causal_gxe	correct_ld_environment	248	0.25	0.2403615085419084	0.028712950065858105	5.70401295448009e-17	0.11537841706121425	78
causal_gxe	diagonal_misspecified	248	0.25	0.25387381187886	0.023876463159208078	2.097052196138419e-26	0.4521288506441987	78
causal_gxe	correct_ld_environment	249	0.25	0.29182953370063913	0.027365058663595627	1.495007828586131e-26	0.4645941865409989	78
causal_gxe	diagonal_misspecified	249	0.25	0.29732648972810394	0.022767622242113386	5.633085820723579e-39	0.3164185043467207	78
causal_gxe	correct_ld_environment	250	0.25	0.27071883066573593	0.027229711863785092	2.731800075752849e-23	0.20483867236642836	78
causal_gxe	diagonal_misspecified	250	0.25	0.29199704345350935	0.021975512112229884	2.739949780256309e-40	0.5959889752759422	78
causal_gxe	correct_ld_environment	251	0.25	0.22568683832680003	0.027560951307798794	2.641841379040305e-16	0.5714727254507808	78
causal_gxe	diagonal_misspecified	251	0.25	0.22400046509499813	0.022409987035400283	1.5937697350174797e-23	0.4555331600996128	78
causal_gxe	correct_ld_environment	252	0.25	0.22486419720106735	0.027656275690282974	4.2690550568952127e-16	0.10698935674660372	78
causal_gxe	diagonal_misspecified	252	0.25	0.23053615138875688	0.022917647356909498	8.35660746196299e-24	0.915182575377901	78
causal_gxe	correct_ld_environment	253	0.25	0.2218305906790476	0.028257161252214308	4.1464549996652635e-15	0.8059676188927736	78
causal_gxe	diagonal_misspecified	253	0.25	0.21485854008344285	0.022296096845494308	5.601315097941786e-22	0.6679067812293416	78
causal_gxe	correct_ld_environment	254	0.25	0.27044083292447085	0.02884725877858329	6.922620930547945e-21	0.22802126601376704	78
causal_gxe	diagonal_misspecified	254	0.25	0.2710903410488865	0.023969934521286318	1.1762622757601664e-29	0.17585381385678261	78
causal_gxe	correct_ld_environment	255	0.25	0.305755818651477	0.028888695707623237	3.5381479504561354e-26	0.5914314384682416	78
causal_gxe	diagonal_misspecified	255	0.25	0.3049063825145083	0.022486820240525823	6.976343172668332e-42	0.997197715285198	78
causal_gxe	correct_ld_environment	256	0.25	0.2258206462589189	0.027114207696557455	8.187390076412565e-17	0.0763881654015465	78
causal_gxe	diagonal_misspecified	256	0.25	0.2163357584319917	0.021561630653123123	1.0874356665383976e-23	0.6815945597170627	78
causal_gxe	correct_ld_environment	257	0.25	0.2064257990973338	0.027384731643359996	4.7727501616715373e-14	0.6617243676419311	78
causal_gxe	diagonal_misspecified	257	0.25	0.2175303942531007	0.021982177684144847	4.342911882169931e-23	0.4926644490019959	78
causal_gxe	correct_ld_environment	258	0.25	0.2773356970872134	0.028741091985577883	4.942062186210041e-22	0.08934863216661304	78
causal_gxe	diagonal_misspecified	258	0.25	0.2610574885208513	0.022447134067248284	2.9050370216958764e-31	0.013306823932592813	78
causal_gxe	correct_ld_environment	259	0.25	0.2592083657026535	0.02631469774660347	6.832163725871017e-23	0.2673559455284905	78
causal_gxe	diagonal_misspecified	259	0.25	0.27238708025401726	0.02171301511915662	4.240781452011635e-36	0.1071732662942794	78
causal_gxe	correct_ld_environment	260	0.25	0.27882918927705164	0.028239580164404032	5.412937814349742e-23	0.6310542816712843	78
causal_gxe	diagonal_misspecified	260	0.25	0.2742731571184554	0.022937492964452785	5.9380717214131754e-33	0.5185954881112778	78
causal_gxe	correct_ld_environment	261	0.25	0.2682100886506848	0.026835122437482366	1.6070738404120588e-23	0.6354134131647297	78
causal_gxe	diagonal_misspecified	261	0.25	0.2428647883983746	0.021377140143180717	6.54233346346209e-30	0.9949615056247336	78
causal_gxe	correct_ld_environment	262	0.25	0.22323714477832832	0.027978914886497223	1.4780647279226203e-15	0.872353621808795	78
causal_gxe	diagonal_misspecified	262	0.25	0.2329582088541967	0.022117513569843716	6.102609463310647e-26	0.9936380599428085	78
causal_gxe	correct_ld_environment	263	0.25	0.272136059060213	0.02820229973391308	4.943070010479465e-22	0.6690688295794263	78
causal_gxe	diagonal_misspecified	263	0.25	0.2782532439670589	0.02196258908664984	8.735899860647745e-37	0.5719997706014331	78
causal_gxe	correct_ld_environment	264	0.25	0.27585452541677447	0.027480893896578814	1.0370626552210777e-23	0.05595443670841798	78
causal_gxe	diagonal_misspecified	264	0.25	0.2697507599099175	0.022485908679531888	3.7092857927318035e-33	3.3981992842814895e-09	78
causal_gxe	correct_ld_environment	265	0.25	0.24731374331499972	0.0288888983816009	1.1203107612568603e-17	0.6782215998237578	78
causal_gxe	diagonal_misspecified	265	0.25	0.24283059184826486	0.022562948170359143	5.1825137507031086e-27	0.052469714545911005	78
causal_gxe	correct_ld_environment	266	0.25	0.27749220733326757	0.027003068013027293	9.010108700459452e-25	0.38350520566352725	78
causal_gxe	diagonal_misspecified	266	0.25	0.28393847606970796	0.0218918705962142	1.8093171836405436e-38	0.0645536095605708	78
causal_gxe	correct_ld_environment	267	0.25	0.21285425115006856	0.026694000887006627	1.5379257275388975e-15	0.7819160285703908	78
causal_gxe	diagonal_misspecified	267	0.25	0.22366117777861788	0.02142494715381728	1.640376691230461e-25	0.9985207728523413	78
causal_gxe	correct_ld_environment	268	0.25	0.23762925634083562	0.028679697856569743	1.1748923975354467e-16	0.6793359893582708	78
causal_gxe	diagonal_misspecified	268	0.25	0.21736607242107336	0.023220635075741465	7.905939001128538e-21	0.913184764815504	78
causal_gxe	correct_ld_environment	269	0.25	0.23080480727886057	0.029043880231788204	1.914495371517906e-15	0.7894648066117841	78
causal_gxe	diagonal_misspecified	269	0.25	0.23668702220963908	0.022936429648948806	5.766479892484967e-25	0.9993763650626275	78
causal_gxe	correct_ld_environment	270	0.25	0.22315188300316158	0.02826903357504438	2.929733642859328e-15	0.13023178821702017	78
causal_gxe	diagonal_misspecified	270	0.25	0.21623640588778092	0.022491043848884812	6.95580729412736e-22	0.018370471698320644	78
causal_gxe	correct_ld_environment	271	0.25	0.2455300802162946	0.028153182550529215	2.752216949344621e-18	0.8629482028035815	78
causal_gxe	diagonal_misspecified	271	0.25	0.24252977686208155	0.02290799463101742	3.419367839824549e-26	0.8603451950902764	78
causal_gxe	correct_ld_environment	272	0.25	0.22977641641232785	0.026977337351285866	1.6319376905328322e-17	0.7916134234555073	78
causal_gxe	diagonal_misspecified	272	0.25	0.21320710955914696	0.022096855422063983	4.975687189233404e-22	0.8169859218071993	78
causal_gxe	correct_ld_environment	273	0.25	0.2141970108245528	0.028688432660770116	8.246882151427847e-14	0.015920811438205337	78
causal_gxe	diagonal_misspecified	273	0.25	0.206369745594747	0.0223935689696564	3.0959746648595414e-20	0.005299402845603691	78
causal_gxe	correct_ld_environment	274	0.25	0.24656807880223264	0.028158080317383673	2.0128951656286876e-18	0.26505312362182903	78
causal_gxe	diagonal_misspecified	274	0.25	0.2438668052849816	0.022824293615516404	1.2025915769703813e-26	0.7233931791728035	78
causal_gxe	correct_ld_environment	275	0.25	0.26902163951673064	0.027238654327167128	5.265734986986057e-23	0.2785620111092651	78
causal_gxe	diagonal_misspecified	275	0.25	0.2722235544287581	0.02211188335390593	7.885379155015097e-35	0.9006932841203484	78
causal_gxe	correct_ld_environment	276	0.25	0.23841865211199317	0.027348675441353124	2.8380882005296524e-18	0.050947683701696195	78
causal_gxe	diagonal_misspecified	276	0.25	0.25326024421731586	0.022566909077571744	3.1571099618122827e-29	0.352624738678658	78
causal_gxe	correct_ld_environment	277	0.25	0.249991591999919	0.02581511677583685	3.5290982788652303e-22	0.3219972681381899	78
causal_gxe	diagonal_misspecified	277	0.25	0.2496499995915055	0.021208882615104032	5.5060381104586e-32	0.9962487720367347	78
causal_gxe	correct_ld_environment	278	0.25	0.29448042749543624	0.025959140857046117	7.943137474063902e-30	0.7198261235063536	78
causal_gxe	diagonal_misspecified	278	0.25	0.29813310567418333	0.021238880870882302	9.23679379570815e-45	0.8303014304788743	78
causal_gxe	correct_ld_environment	279	0.25	0.2677197152163606	0.024637503007644362	1.6673979590269446e-27	0.0910328239125769	78
causal_gxe	diagonal_misspecified	279	0.25	0.27366123845020807	0.020393116691485937	4.661295874949385e-41	0.9536856027157828	78
causal_gxe	correct_ld_environment	280	0.25	0.2858987763954341	0.027738103112185275	6.546178922453547e-25	0.16150827069326423	78
causal_gxe	diagonal_misspecified	280	0.25	0.27175711265025415	0.02229554281768057	3.563986438558712e-34	0.6869140672818094	78
causal_gxe	correct_ld_environment	281	0.25	0.2052591881378782	0.028740786480740684	9.215764035664964e-13	0.7051952418558193	78
causal_gxe	diagonal_misspecified	281	0.25	0.20855277547137271	0.023107224763647315	1.7898140985876576e-19	0.4414102206956349	78
causal_gxe	correct_ld_environment	282	0.25	0.2436598017763907	0.02894528671720069	3.83148941172981e-17	0.8101024468873487	78
causal_gxe	diagonal_misspecified	282	0.25	0.2608971823115301	0.023227858937858687	2.8371797459081266e-29	0.9954233353017068	78
causal_gxe	correct_ld_environment	283	0.25	0.2579079256575209	0.027237481490230944	2.829116990468864e-21	0.025456672335273784	78
causal_gxe	diagonal_misspecified	283	0.25	0.2602495109437646	0.02197375807220287	2.3212477117905952e-32	0.8646549059505408	78
causal_gxe	correct_ld_environment	284	0.25	0.24805323329183587	0.028148045006997982	1.2244023057963264e-18	0.9035078212310298	78
causal_gxe	diagonal_misspecified	284	0.25	0.2457486751548846	0.022798522984651074	4.318627530685919e-27	0.9991351565369422	78
causal_gxe	correct_ld_environment	285	0.25	0.2980730715103068	0.027458118735080243	1.876667660676629e-27	0.7497714782826479	78
causal_gxe	diagonal_misspecified	285	0.25	0.29359713264895526	0.021447730419000503	1.1818808645102402e-42	0.9689036709325743	78
causal_gxe	correct_ld_environment	286	0.25	0.22062838186118458	0.02641497617557121	6.689108707708684e-17	0.7719352394302071	78
causal_gxe	diagonal_misspecified	286	0.25	0.23162892388808645	0.021587594513812237	7.38165782030298e-27	0.9573028890963713	78
causal_gxe	correct_ld_environment	287	0.25	0.21808513149116104	0.026692741466352223	3.0786952863333235e-16	0.8132949913547102	78
causal_gxe	diagonal_misspecified	287	0.25	0.24022134145464255	0.02226476381898002	3.8670020755114965e-27	0.7276740629474371	78
causal_gxe	correct_ld_environment	288	0.25	0.3077958992343502	0.029751085871336177	4.376918934781531e-25	0.09630409013195843	78
causal_gxe	diagonal_misspecified	288	0.25	0.30864885322724467	0.022785490865532682	8.383719026866366e-42	0.04583289478641753	78
causal_gxe	correct_ld_environment	289	0.25	0.28210200501367005	0.028819301011899924	1.2596843924071698e-22	0.4455087931663566	78
causal_gxe	diagonal_misspecified	289	0.25	0.30626227539127077	0.02279991359362501	3.8945636608919466e-41	0.8231236903339464	78
causal_gxe	correct_ld_environment	290	0.25	0.2504992432667775	0.030119394332813406	9.031277457092312e-17	0.3690014914740045	78
causal_gxe	diagonal_misspecified	290	0.25	0.25909228443957777	0.023469576220791672	2.464123865209007e-28	0.9096840888218375	78
causal_gxe	correct_ld_environment	291	0.25	0.2440892082937521	0.028382296670247997	7.968045206704475e-18	0.8538997294250282	78
causal_gxe	diagonal_misspecified	291	0.25	0.241116827425476	0.02242334246573334	5.7403052852293155e-27	0.999941409256378	78
causal_gxe	correct_ld_environment	292	0.25	0.2550707326715568	0.02722657799832094	7.360807726013826e-21	0.8298498701024177	78
causal_gxe	diagonal_misspecified	292	0.25	0.24349964852579878	0.02207292461855876	2.690391420989338e-28	0.9997919803857512	78
causal_gxe	correct_ld_environment	293	0.25	0.29452782281035866	0.027181835050590377	2.3377463008465148e-27	0.6098813086799959	78
causal_gxe	diagonal_misspecified	293	0.25	0.28975868235295493	0.02254254965872738	8.182768632701054e-38	0.8155076765014431	78
causal_gxe	correct_ld_environment	294	0.25	0.2376136867818233	0.026163542305448182	1.0673281115361049e-19	0.40650588278369165	78
causal_gxe	diagonal_misspecified	294	0.25	0.22093457353396406	0.02162683895996424	1.6855489098408836e-24	8.830889892316095e-06	78
causal_gxe	correct_ld_environment	295	0.25	0.22163415960707802	0.02794836012559583	2.189146750780637e-15	0.2384329715579128	78
causal_gxe	diagonal_misspecified	295	0.25	0.22431263047281044	0.021604122431880327	2.967421320467419e-25	0.8400118592399568	78
causal_gxe	correct_ld_environment	296	0.25	0.24242768688579117	0.026892477473764182	1.9740532700853473e-19	0.30494662238182624	78
causal_gxe	diagonal_misspecified	296	0.25	0.24617011276095377	0.02151884151870666	2.646547402407262e-30	0.9746907493392566	78
causal_gxe	correct_ld_environment	297	0.25	0.22180410948102358	0.028148899457661625	3.2824021079215585e-15	0.31956139107008125	78
causal_gxe	diagonal_misspecified	297	0.25	0.22871424930268852	0.022002056459367782	2.609293762676333e-25	0.06794917591153429	78
causal_gxe	correct_ld_environment	298	0.25	0.27090672629124624	0.028124757632015555	5.839465592948904e-22	0.2818929660148767	78
causal_gxe	diagonal_misspecified	298	0.25	0.2836263765743516	0.021960515328995615	3.6906136554406737e-38	0.5344508141433199	78
causal_gxe	correct_ld_environment	299	0.25	0.19778971207603424	0.02914670573346013	1.152805753141682e-11	0.5271037561704853	78
causal_gxe	diagonal_misspecified	299	0.25	0.18611600505804815	0.022948182121346472	5.050646262052365e-16	0.9378632005955357	78
causal_gxe	correct_ld_environment	300	0.25	0.249400890536786	0.028100748019772966	6.978259895324608e-19	0.1503454671376324	78
causal_gxe	diagonal_misspecified	300	0.25	0.24025224178282756	0.022426822664337976	8.871752222199242e-27	0.4537049727914947	78
causal_gxe	correct_ld_environment	301	0.25	0.2748320573064046	0.026239442993821162	1.13727224214125e-25	0.37765402510824725	78
causal_gxe	diagonal_misspecified	301	0.25	0.28603369885879043	0.022037638328836033	1.602841994367609e-38	0.06414409496979115	78
causal_gxe	correct_ld_environment	302	0.25	0.2723708265003412	0.02755368080834973	4.83110368527495e-23	0.9029813282350622	78
causal_gxe	diagonal_misspecified	302	0.25	0.2880911130406786	0.02268365279734307	5.883988602874655e-37	0.9768860808234422	78
causal_gxe	correct_ld_environment	303	0.25	0.29925253872417235	0.02820035571184194	2.630385746530105e-26	0.49996452969615723	78
causal_gxe	diagonal_misspecified	303	0.25	0.3080335675189023	0.02192314353962972	7.63719781195549e-45	0.9449249309054015	78
causal_gxe	correct_ld_environment	304	0.25	0.20777662525071028	0.030000502498833948	4.336058629124873e-12	0.758463007221903	78
causal_gxe	diagonal_misspecified	304	0.25	0.19288913047438988	0.02401560306319583	9.603298164115676e-16	0.8013644448296877	78
causal_gxe	correct_ld_environment	305	0.25	0.2424193089299239	0.029613818672114357	2.700071084337384e-16	0.4047764538573215	78
causal_gxe	diagonal_misspecified	305	0.25	0.2376377265921587	0.022973636881506627	4.458619553310819e-25	0.9999301872345739	78
causal_gxe	correct_ld_environment	306	0.25	0.24854933385938693	0.029278105191965404	2.079639339162706e-17	0.4973923524236364	78
causal_gxe	diagonal_misspecified	306	0.25	0.22858574341133023	0.02331461840059364	1.0779028896974196e-22	0.33932521360380824	78
causal_gxe	correct_ld_environment	307	0.25	0.22917837397983631	0.02946144366812073	7.314314550020378e-15	0.9733578954768154	78
causal_gxe	diagonal_misspecified	307	0.25	0.22861056934050836	0.022378632635674977	1.688772995464214e-24	0.9999366386566569	78
causal_gxe	correct_ld_environment	308	0.25	0.2470408635245409	0.02840912332793765	3.4430824138122956e-18	0.3564985052027993	78
causal_gxe	diagonal_misspecified	308	0.25	0.24872079659518637	0.02380545789870614	1.4955674492013665e-25	0.6462636017947836	78
causal_gxe	correct_ld_environment	309	0.25	0.2557466716529445	0.028605192396079154	3.871746470821204e-19	0.632827281502385	78
causal_gxe	diagonal_misspecified	309	0.25	0.24245909064743915	0.02241877932725996	2.9229378665483854e-27	0.953273230779943	78
causal_gxe	correct_ld_environment	310	0.25	0.2835356266401543	0.027952762144435365	3.545950854443225e-24	0.02899351867185616	78
causal_gxe	diagonal_misspecified	310	0.25	0.3172619167616138	0.02224237678402805	3.676040076218243e-46	0.7543042563114276	78
causal_gxe	correct_ld_environment	311	0.25	0.19478596314903524	0.027675511865720634	1.947301771291049e-12	0.5137158207543286	78
causal_gxe	diagonal_misspecified	311	0.25	0.1941059115167074	0.021840437496093164	6.252437376543061e-19	0.18447871970178858	78
causal_gxe	correct_ld_environment	312	0.25	0.2634910764169497	0.02921760683283019	1.9115397906634108e-19	0.6342740555623377	78
causal_gxe	diagonal_misspecified	312	0.25	0.27460398135076003	0.023058828460144603	1.0644323017158552e-32	0.9864530937544856	78
causal_gxe	correct_ld_environment	313	0.25	0.27781954526323155	0.02727520885124749	2.294886327955444e-24	0.5285057151438927	78
causal_gxe	diagonal_misspecified	313	0.25	0.29445096594948733	0.022008995388394344	8.058221982748356e-41	0.07326155090805013	78
causal_gxe	correct_ld_environment	314	0.25	0.26569276997685987	0.030119746685146397	1.1322408909610573e-18	0.2349394555961619	78
causal_gxe	diagonal_misspecified	314	0.25	0.26790902313437	0.023307592063254983	1.4059928883732227e-30	0.731034898845793	78
causal_gxe	correct_ld_environment	315	0.25	0.2984551882669002	0.02772312529158131	5.005199597155374e-27	0.7392455696771705	78
causal_gxe	diagonal_misspecified	315	0.25	0.29098635833886055	0.02244400310793496	1.932463443820346e-38	0.9999528628485018	78
causal_gxe	correct_ld_environment	316	0.25	0.26947914806395235	0.026189386988749213	7.847591487924321e-25	0.9238890285687725	78
causal_gxe	diagonal_misspecified	316	0.25	0.2662508014116544	0.02169459073219164	1.269773358013715e-34	0.15799103073264262	78
causal_gxe	correct_ld_environment	317	0.25	0.2511281856011775	0.026174149361126164	8.431528402009031e-22	0.47340361865626174	78
causal_gxe	diagonal_misspecified	317	0.25	0.2500777620300754	0.021903403860027714	3.4271095455361515e-30	0.6086629327848714	78
causal_gxe	correct_ld_environment	318	0.25	0.24475287136493606	0.028375690834582717	6.384566831818509e-18	0.9777109397968147	78
causal_gxe	diagonal_misspecified	318	0.25	0.24378424733430287	0.0225286331884465	2.735209269594253e-27	0.957071389594775	78
causal_gxe	correct_ld_environment	319	0.25	0.25781718367624	0.027228368464853252	2.8335483311326383e-21	0.8412350407120581	78
causal_gxe	diagonal_misspecified	319	0.25	0.2740124628230071	0.022179000904734986	4.6009584809467884e-35	0.9993309296337676	78
causal_gxe	correct_ld_environment	320	0.25	0.29640375906764377	0.027961201678655682	2.9627339250737804e-26	0.9542254892882003	78
causal_gxe	diagonal_misspecified	320	0.25	0.2933324050364542	0.022633589665718594	2.061189224531141e-38	0.9999115866336657	78
causal_gxe	correct_ld_environment	321	0.25	0.26695057844628933	0.027685376873524903	5.298966065636351e-22	0.4599223833451725	78
causal_gxe	diagonal_misspecified	321	0.25	0.2796163522210031	0.022296616090330547	4.4673112735711114e-36	0.879822527399514	78
causal_gxe	correct_ld_environment	322	0.25	0.24268365312266035	0.026778760871911746	1.2744484671082588e-19	0.2631496018102474	78
causal_gxe	diagonal_misspecified	322	0.25	0.2719608214550938	0.021969522583647476	3.3952753919046525e-35	0.3104870307888361	78
causal_gxe	correct_ld_environment	323	0.25	0.2486940677554749	0.02674496409379069	1.4213980121680607e-20	0.06301327184046038	78
causal_gxe	diagonal_misspecified	323	0.25	0.25124098277122414	0.021202045237392088	2.155851954767056e-32	0.5411205992609855	78
causal_gxe	correct_ld_environment	324	0.25	0.2533686661020746	0.027640999866580997	4.890458477509877e-20	0.9194919942839237	78
causal_gxe	diagonal_misspecified	324	0.25	0.24559742668199838	0.022292028095326225	3.154612791245483e-28	0.9980467588191431	78
causal_gxe	correct_ld_environment	325	0.25	0.26953059417505065	0.027246380502735434	4.493762616267559e-23	0.2945747030753956	78
causal_gxe	diagonal_misspecified	325	0.25	0.2607319198051582	0.021865639509595716	8.844964530707936e-33	0.07681597574952947	78
causal_gxe	correct_ld_environment	326	0.25	0.2714933370874778	0.02693324890343714	6.75679402090701e-24	0.9352354930541308	78
causal_gxe	diagonal_misspecified	326	0.25	0.28109221231768544	0.02253736651789987	1.0576400824643683e-35	0.9990036303959828	78
causal_gxe	correct_ld_environment	327	0.25	0.23953156288614458	0.025887016966510974	2.1835776185507345e-20	0.8346754348014215	78
causal_gxe	diagonal_misspecified	327	0.25	0.25820453272383903	0.02135921743925528	1.2123326296746875e-33	0.9983126981086929	78
causal_gxe	correct_ld_environment	328	0.25	0.2778428225411987	0.025857915884034882	6.2574604408715945e-27	0.09568151074886753	78
causal_gxe	diagonal_misspecified	328	0.25	0.2803005281827382	0.020973973828129298	9.78724605488722e-41	0.033176118932973495	78
causal_gxe	correct_ld_environment	329	0.25	0.1751068340087693	0.027555831867953705	2.0894279457114187e-10	0.3464650714630552	78
causal_gxe	diagonal_misspecified	329	0.25	0.19283959902105044	0.022513925847143658	1.0775036411784971e-17	0.8480604426448802	78
causal_gxe	correct_ld_environment	330	0.25	0.24212607988832274	0.027673653902255808	2.1461290394651347e-18	0.6348095348373615	78
causal_gxe	diagonal_misspecified	330	0.25	0.2586882997904432	0.023089265533618553	3.9046090372932495e-29	0.7343514353701298	78
causal_gxe	correct_ld_environment	331	0.25	0.25805073469228207	0.026076504744512615	4.336499387376645e-23	0.5408535385440971	78
causal_gxe	diagonal_misspecified	331	0.25	0.27384224425711556	0.021624485660059808	9.417218360754668e-37	0.9948088420669575	78
causal_gxe	correct_ld_environment	332	0.25	0.29549739973653677	0.02643918247005683	5.314761066646221e-29	0.9015236889136962	78
causal_gxe	diagonal_misspecified	332	0.25	0.2824327675088309	0.021591617596886728	4.246950796693051e-39	0.9999995471258741	78
causal_gxe	correct_ld_environment	333	0.25	0.2266972201479585	0.025618751344274292	8.840308453192144e-19	0.11034250498302568	78
causal_gxe	diagonal_misspecified	333	0.25	0.23388015639655385	0.02096895405777071	6.873609830807372e-29	0.647013466848993	78
causal_gxe	correct_ld_environment	334	0.25	0.28199771156419584	0.028928354863462055	1.8787518539438902e-22	0.31708427283668916	78
causal_gxe	diagonal_misspecified	334	0.25	0.26572192894397756	0.023371024429202848	5.91792878803368e-30	0.23473042967552743	78
causal_gxe	correct_ld_environment	335	0.25	0.27721337147441666	0.026143130071982493	2.864823404604427e-26	0.5442036835363654	78
causal_gxe	diagonal_misspecified	335	0.25	0.2772494748482064	0.020755420274208788	1.0648266294097404e-40	0.12760238111227998	78
causal_gxe	correct_ld_environment	336	0.25	0.22960296785793696	0.027892551705760684	1.8458332499142996e-16	0.6358966745958828	78
causal_gxe	diagonal_misspecified	336	0.25	0.22671224765657652	0.0223400382634065	3.373654839610735e-24	0.9017308160678543	78
causal_gxe	correct_ld_environment	337	0.25	0.2582331348048417	0.027351380132073767	3.681120688774759e-21	0.8616242475205536	78
causal_gxe	diagonal_misspecified	337	0.25	0.25991309729636497	0.02182122609055072	1.0369877329788085e-32	0.3994454184169914	78
causal_gxe	correct_ld_environment	338	0.25	0.28108281912821176	0.02952005654745285	1.7027463816520497e-21	0.8828504911115382	78
causal_gxe	diagonal_misspecified	338	0.25	0.290868943090115	0.02315188640077212	3.3513148490028335e-36	0.6710603040812849	78
causal_gxe	correct_ld_environment	339	0.25	0.24663690254309167	0.02824604425971926	2.5080084006953544e-18	0.6934920965835153	78
causal_gxe	diagonal_misspecified	339	0.25	0.24828866740634015	0.02210933954366254	2.903619437690758e-29	0.9768207203697792	78
causal_gxe	correct_ld_environment	340	0.25	0.24912505903973667	0.029259651400470158	1.6761893182930128e-17	0.3695736104030759	78
causal_gxe	diagonal_misspecified	340	0.25	0.25699554315733797	0.022222819648239436	6.236177398541358e-31	0.5365741583681257	78
causal_gxe	correct_ld_environment	341	0.25	0.27083073269050634	0.028262541138434828	9.456385702912942e-22	0.7615052330838905	78
causal_gxe	diagonal_misspecified	341	0.25	0.2736605606511953	0.02305962227427636	1.7456303529324076e-32	0.9753537846451701	78
causal_gxe	correct_ld_environment	342	0.25	0.2134288078609334	0.026079525135849747	2.7510132283665633e-16	0.6024356848467193	78
causal_gxe	diagonal_misspecified	342	0.25	0.20894977419748542	0.02200338975174282	2.1757698395906612e-21	0.7616531011168388	78
causal_gxe	correct_ld_environment	343	0.25	0.2763463331358405	0.026306980595425185	8.220375181314257e-26	0.6701973767267052	78
causal_gxe	diagonal_misspecified	343	0.25	0.28622911130823087	0.021392502098924526	7.927524121993435e-41	0.9951043095836658	78
causal_gxe	correct_ld_environment	344	0.25	0.2824633782754878	0.028355030802826964	2.2426996281105547e-23	0.13451948985262935	78
causal_gxe	diagonal_misspecified	344	0.25	0.28222641007137966	0.022385253787852097	1.915170837884862e-36	0.49094356890759955	78
causal_gxe	correct_ld_environment	345	0.25	0.23346219728345224	0.027737472929286917	3.8673660687684825e-17	0.5378635579412094	78
causal_gxe	diagonal_misspecified	345	0.25	0.22023851214900214	0.02247071281252166	1.1132648994303262e-22	0.421591993328536	78
causal_gxe	correct_ld_environment	346	0.25	0.25369123964250484	0.026378130827472954	6.74613300129579e-22	0.8215156132600479	78
causal_gxe	diagonal_misspecified	346	0.25	0.25341504561203027	0.02230705787594765	6.591192928074754e-30	0.9860655243773004	78
causal_gxe	correct_ld_environment	347	0.25	0.2668922070670927	0.030944378215854915	6.414796939944274e-18	0.7293150986780473	78
causal_gxe	diagonal_misspecified	347	0.25	0.27268072697111495	0.02429050079501365	3.0455697365002545e-29	0.9903295326983194	78
causal_gxe	correct_ld_environment	348	0.25	0.21050716626776939	0.026589835226544466	2.43645378506753e-15	0.736548161284472	78
causal_gxe	diagonal_misspecified	348	0.25	0.23177745601099783	0.021712680902194373	1.336156702432448e-26	0.9999711772754563	78
causal_gxe	correct_ld_environment	349	0.25	0.26415700423982713	0.02787004191011316	2.5878062130778707e-21	0.6621713118795417	78
causal_gxe	diagonal_misspecified	349	0.25	0.27246436245141314	0.022334336528000633	3.133194568745307e-34	0.9714211558987388	78
causal_gxe	correct_ld_environment	350	0.25	0.30883387965748604	0.028632529994151886	4.0034038749750614e-27	0.04361413367122696	78
causal_gxe	diagonal_misspecified	350	0.25	0.31375600238964846	0.022354219352566183	9.432737248689149e-45	0.13261364671059425	78
causal_gxe	correct_ld_environment	351	0.25	0.26148518302522267	0.028547212546091785	5.2020168223875165e-20	0.8839412793287776	78
causal_gxe	diagonal_misspecified	351	0.25	0.2528858288155365	0.022393112710476316	1.4207271960280464e-29	0.9999963447478474	78
causal_gxe	correct_ld_environment	352	0.25	0.2177165777346029	0.028269565056897608	1.3453320238564113e-14	0.23904555923669513	78
causal_gxe	diagonal_misspecified	352	0.25	0.23212506531877108	0.022901464995351794	3.8315583936928765e-24	0.3995306476217789	78
causal_gxe	correct_ld_environment	353	0.25	0.2661888066889696	0.02756375588657601	4.581998190098317e-22	0.6289114872878179	78
causal_gxe	diagonal_misspecified	353	0.25	0.2608979875869029	0.022097931515095346	3.615312547260978e-32	0.26483109853190967	78
causal_gxe	correct_ld_environment	354	0.25	0.3135777457291604	0.02784113098189734	1.9958633704799826e-29	0.7461821293602336	78
causal_gxe	diagonal_misspecified	354	0.25	0.2889888226523869	0.02190567946752212	9.702591658502598e-40	0.6328314563474702	78
causal_gxe	correct_ld_environment	355	0.25	0.22623208325232005	0.027895973369350787	5.068343057651135e-16	0.6222119576953022	78
causal_gxe	diagonal_misspecified	355	0.25	0.22845869259315446	0.022442256743018377	2.4394991666135666e-24	0.9362471540921028	78
causal_gxe	correct_ld_environment	356	0.25	0.2522458578768156	0.026565129084142096	2.194205573550976e-21	0.39685951701667777	78
causal_gxe	diagonal_misspecified	356	0.25	0.23465753187019686	0.021672177479364185	2.5476230981699443e-27	0.9830876342872156	78
causal_gxe	correct_ld_environment	357	0.25	0.25291538050958007	0.027412182158570848	2.799163747880628e-20	0.26494479096980683	78
causal_gxe	diagonal_misspecified	357	0.25	0.25988673463497214	0.022562541734902172	1.0644257868587813e-30	0.7140784595457746	78
causal_gxe	correct_ld_environment	358	0.25	0.2677674244141003	0.027938956216041158	9.33424560956691e-22	0.24350854007774803	78
causal_gxe	diagonal_misspecified	358	0.25	0.2761755638276417	0.022498518408487985	1.2296898831005146e-34	0.989083169617065	78
causal_gxe	correct_ld_environment	359	0.25	0.21419733598054017	0.028014096766212818	2.0723840236898068e-14	0.5525431643189405	78
causal_gxe	diagonal_misspecified	359	0.25	0.2195193472212152	0.022718204011215697	4.342354316708755e-22	0.9932558072377013	78
causal_gxe	correct_ld_environment	360	0.25	0.24209698014320058	0.02796005487309369	4.772866588153359e-18	0.07636059455919561	78
causal_gxe	diagonal_misspecified	360	0.25	0.2331693052529183	0.022319151524305195	1.5115289382569256e-25	0.3901580125583496	78
causal_gxe	correct_ld_environment	361	0.25	0.2476984658641891	0.027272307311216274	1.0619011709999685e-19	0.6771510117188569	78
causal_gxe	diagonal_misspecified	361	0.25	0.26494275329905764	0.021818871395114025	6.262528578711379e-34	0.9677489356196622	78
causal_gxe	correct_ld_environment	362	0.25	0.3047117375029005	0.026891628683145714	9.204133560237e-30	0.6609873093119055	78
causal_gxe	diagonal_misspecified	362	0.25	0.3165968532755798	0.021686957314054133	2.871301203614748e-48	0.6308652384713659	78
causal_gxe	correct_ld_environment	363	0.25	0.2793375504969574	0.03035039516598993	3.45660201244845e-20	0.8130922911796439	78
causal_gxe	diagonal_misspecified	363	0.25	0.2798723430215898	0.02354366576734098	1.3766839230889713e-32	0.9704801114445618	78
causal_gxe	correct_ld_environment	364	0.25	0.2885536499798157	0.026362517188200207	6.975195420999233e-28	0.6681264056032937	78
causal_gxe	diagonal_misspecified	364	0.25	0.2762173008001814	0.02124779336415617	1.226457966143779e-38	0.9534418405349238	78
causal_gxe	correct_ld_environment	365	0.25	0.22310714976411347	0.027637000939082505	6.872103301736891e-16	0.5175482398730554	78
causal_gxe	diagonal_misspecified	365	0.25	0.23234837379437043	0.022213107378938238	1.319013692803821e-25	0.9552184203048122	78
causal_gxe	correct_ld_environment	366	0.25	0.2872051290577406	0.026633289699945606	4.1105994330159494e-27	0.7170612205381993	78
causal_gxe	diagonal_misspecified	366	0.25	0.29913734220619287	0.021261223828365775	5.838218038096028e-45	0.2593240789085659	78
causal_gxe	correct_ld_environment	367	0.25	0.2570021642668825	0.02875906755307626	4.0210105550948537e-19	0.790809568644099	78
causal_gxe	diagonal_misspecified	367	0.25	0.2578892367082481	0.023071519785841828	5.23618965368138e-29	0.9992076477402153	78
causal_gxe	correct_ld_environment	368	0.25	0.2695638952387271	0.028810410887614057	8.24411076193533e-21	0.884112249862516	78
causal_gxe	diagonal_misspecified	368	0.25	0.2638056955882735	0.02310155600915311	3.345709959392644e-30	0.9629162737528641	78
causal_gxe	correct_ld_environment	369	0.25	0.2809612862836912	0.02860441882295703	9.025705638352638e-23	0.5721917614764785	78
causal_gxe	diagonal_misspecified	369	0.25	0.26930077084435866	0.023168315655309236	3.124344542897909e-31	0.9675532773348955	78
causal_gxe	correct_ld_environment	370	0.25	0.23707116074528148	0.02772488047236208	1.2219042491282838e-17	0.08339047239319568	78
causal_gxe	diagonal_misspecified	370	0.25	0.24266700386716708	0.021435937861485142	1.0379655519876358e-29	0.9395300735947576	78
causal_gxe	correct_ld_environment	371	0.25	0.2955384969782971	0.027689898193475795	1.3593510416798522e-26	0.47365740346195717	78
causal_gxe	diagonal_misspecified	371	0.25	0.294203591211673	0.021518598841081468	1.49111654940925e-42	0.9734050986839065	78
causal_gxe	correct_ld_environment	372	0.25	0.2838956086564819	0.026752028673016008	2.617553714650658e-26	0.10834679898629296	78
causal_gxe	diagonal_misspecified	372	0.25	0.2663896492536023	0.02143125054952702	1.797177403670354e-35	0.17015303176204394	78
causal_gxe	correct_ld_environment	373	0.25	0.2606993582806848	0.02805049835144265	1.486947150030057e-20	0.59810492426757	78
causal_gxe	diagonal_misspecified	373	0.25	0.2612822592059581	0.022235908499454504	7.023150861598747e-32	0.995357480890734	78
causal_gxe	correct_ld_environment	374	0.25	0.21329135763773371	0.027466117103273974	8.124844979130527e-15	0.6923476181295655	78
causal_gxe	diagonal_misspecified	374	0.25	0.20872063166272714	0.022078458701438188	3.274138253701192e-21	0.99976669642217	78
causal_gxe	correct_ld_environment	375	0.25	0.270942006059309	0.02800785524310277	3.896879036288973e-22	0.8947604868383565	78
causal_gxe	diagonal_misspecified	375	0.25	0.2708618068046487	0.023360705603467848	4.380849833028414e-31	0.98782883162301	78
causal_gxe	correct_ld_environment	376	0.25	0.19213944473848635	0.02926217773207879	5.163758546898873e-11	0.597446156676061	78
causal_gxe	diagonal_misspecified	376	0.25	0.20108328162387487	0.023188216706839942	4.253899742173505e-18	0.8603985617391483	78
causal_gxe	correct_ld_environment	377	0.25	0.25894339149140155	0.026851859942046485	5.241914231858896e-22	0.9372207058626805	78
causal_gxe	diagonal_misspecified	377	0.25	0.25145761886280965	0.021427419417255816	8.400821510018903e-32	0.9793722032262825	78
causal_gxe	correct_ld_environment	378	0.25	0.21043460142764667	0.02762748257047407	2.59925749403966e-14	0.611822049764938	78
causal_gxe	diagonal_misspecified	378	0.25	0.21006549184244838	0.02215093554069396	2.4620340492107044e-21	0.7351569322169542	78
causal_gxe	correct_ld_environment	379	0.25	0.24800793283792424	0.028173482029611237	1.333427364110776e-18	0.7627431972418054	78
causal_gxe	diagonal_misspecified	379	0.25	0.251106427006583	0.0219667443387403	2.920172761542654e-30	0.9970514369137005	78
causal_gxe	correct_ld_environment	380	0.25	0.21423729639021433	0.028567341725023922	6.412133031162578e-14	0.3899929738784145	78
causal_gxe	diagonal_misspecified	380	0.25	0.20263165639234038	0.022148050113571332	5.748350440261039e-20	0.951526935233033	78
causal_gxe	correct_ld_environment	381	0.25	0.301779594887117	0.029380480857730498	9.478763974315752e-25	0.09545563976415956	78
causal_gxe	diagonal_misspecified	381	0.25	0.30342439527299697	0.023025780463291845	1.1809678754430163e-39	0.9671333501773033	78
causal_gxe	correct_ld_environment	382	0.25	0.2549306016622431	0.026980348007100557	3.4289633153715975e-21	0.1864311723959952	78
causal_gxe	diagonal_misspecified	382	0.25	0.25860465794210286	0.022350435689159183	5.817493664153226e-31	0.720448670867404	78
causal_gxe	correct_ld_environment	383	0.25	0.2880145673265349	0.02819938799731792	1.7251939878684273e-24	0.400482723366132	78
causal_gxe	diagonal_misspecified	383	0.25	0.28678556798994254	0.022674566312619215	1.1491030728777096e-36	0.03364832620812711	78
causal_gxe	correct_ld_environment	384	0.25	0.27486235917911467	0.027010414404718866	2.5335713604541245e-24	0.5668539245848294	78
causal_gxe	diagonal_misspecified	384	0.25	0.26198710221182103	0.021271202150807973	7.381489183319218e-35	0.7905739417646824	78
causal_gxe	correct_ld_environment	385	0.25	0.2674833253740397	0.028232674277186495	2.6869197292816535e-21	0.8929748535771863	78
causal_gxe	diagonal_misspecified	385	0.25	0.25386819674739264	0.021808147302513844	2.550691601565886e-31	0.9990856266216761	78
causal_gxe	correct_ld_environment	386	0.25	0.2236780599252294	0.028613170984449394	5.396360980033595e-15	0.5691840084107043	78
causal_gxe	diagonal_misspecified	386	0.25	0.21303445438484223	0.02276517984212394	8.133116066990687e-21	0.7520620205283437	78
causal_gxe	correct_ld_environment	387	0.25	0.23980953709916702	0.027700795178966224	4.837675358203146e-18	0.1680220134511415	78
causal_gxe	diagonal_misspecified	387	0.25	0.24823835018854248	0.022148812205072345	3.7356892507590003e-29	0.6506703537092138	78
causal_gxe	correct_ld_environment	388	0.25	0.21578516629585942	0.031355260198732846	5.904094054902459e-12	0.9168670703307027	78
causal_gxe	diagonal_misspecified	388	0.25	0.2259731175264948	0.024800777534061354	8.122555808891626e-20	0.9833778673082126	78
causal_gxe	correct_ld_environment	389	0.25	0.30336404892367386	0.028664956374742197	3.5695568029213666e-26	0.8803296126238106	78
causal_gxe	diagonal_misspecified	389	0.25	0.30510211347291455	0.022213163453718758	6.24883072650921e-43	0.8012005371702949	78
causal_gxe	correct_ld_environment	390	0.25	0.21665854349012978	0.028513230787787006	2.995212240817701e-14	0.8135926381282813	78
causal_gxe	diagonal_misspecified	390	0.25	0.21245582017650902	0.0224733481942621	3.271262422747523e-21	0.9881422908619721	78
causal_gxe	correct_ld_environment	391	0.25	0.2773263874405954	0.0294566606407344	4.743180899051602e-21	0.9717974643004048	78
causal_gxe	diagonal_misspecified	391	0.25	0.29634415709694273	0.023867054983819056	2.1278931340489952e-35	0.9771846294052812	78
causal_gxe	correct_ld_environment	392	0.25	0.24731006780312145	0.02851408314625962	4.199202311823816e-18	0.7106113079764413	78
causal_gxe	diagonal_misspecified	392	0.25	0.23569026127280854	0.02274449266195396	3.6715888757729434e-25	0.9666551801772927	78
causal_gxe	correct_ld_environment	393	0.25	0.24588945561795025	0.027789225408429735	8.880373220185507e-19	0.537814171076035	78
causal_gxe	diagonal_misspecified	393	0.25	0.2407754940234416	0.021937369445328682	5.00798504875616e-28	0.7784476137371475	78
causal_gxe	correct_ld_environment	394	0.25	0.2973228146926452	0.027780882308631277	9.914870262124405e-27	0.6178603752025668	78
causal_gxe	diagonal_misspecified	394	0.25	0.2930767407958145	0.022036752295833625	2.331693755274316e-40	0.23919950152403016	78
causal_gxe	correct_ld_environment	395	0.25	0.2526079141356787	0.028026477419168024	2.001514832413794e-19	0.5076726406129408	78
causal_gxe	diagonal_misspecified	395	0.25	0.24189746739971302	0.02293382710005871	5.209590430049484e-26	0.9731939341839362	78
causal_gxe	correct_ld_environment	396	0.25	0.29906107887480327	0.028078918830935776	1.7299667374089515e-26	0.9478487355001406	78
causal_gxe	diagonal_misspecified	396	0.25	0.2890750820614284	0.022383834986881724	3.730648526273459e-38	0.994746315925251	78
causal_gxe	correct_ld_environment	397	0.25	0.22077249314399802	0.027385865154772204	7.533370119195448e-16	0.554558718084452	78
causal_gxe	diagonal_misspecified	397	0.25	0.21240622750747157	0.021977600644095673	4.259963103148019e-22	0.9820845049617206	78
causal_gxe	correct_ld_environment	398	0.25	0.18929687997256472	0.026999977748402862	2.3661848124868466e-12	0.6073120487032657	78
causal_gxe	diagonal_misspecified	398	0.25	0.19517955087375338	0.022274549035348992	1.9105729027556735e-18	0.9854258317288047	78
causal_gxe	correct_ld_environment	399	0.25	0.24636223044241637	0.027148435093424156	1.1405562682241288e-19	0.397503433867031	78
causal_gxe	diagonal_misspecified	399	0.25	0.22914686822160146	0.02234800436019309	1.1404942464287094e-24	0.368361722651255	78
causal_gxe	correct_ld_environment	400	0.25	0.2230881981791172	0.028711312399241934	7.845805746129787e-15	0.5687745712748487	78
causal_gxe	diagonal_misspecified	400	0.25	0.23497557253265763	0.022337242973950545	7.028057706446876e-26	0.9982193559386814	78
causal_gxe	correct_ld_environment	401	0.25	0.20507051766828574	0.02899346732159847	1.5162991944937992e-12	0.2760952044723134	78
causal_gxe	diagonal_misspecified	401	0.25	0.19932629027201332	0.022591867009327003	1.1151059031037997e-18	0.464675824267325	78
causal_gxe	correct_ld_environment	402	0.25	0.26270673864122057	0.02797829779504799	6.019353503706709e-21	0.8755403212675514	78
causal_gxe	diagonal_misspecified	402	0.25	0.2612613653615093	0.021995126884090537	1.5373633539013975e-32	0.4603927736639402	78
causal_gxe	correct_ld_environment	403	0.25	0.2440525611119912	0.026925360663974097	1.2570564515342064e-19	0.7179359871538119	78
causal_gxe	diagonal_misspecified	403	0.25	0.2352789491877142	0.02090358094584193	2.1774284878532526e-29	0.6355135046259499	78
causal_gxe	correct_ld_environment	404	0.25	0.2587637790895115	0.027341846799076017	2.9632720964389824e-21	0.5405650341023251	78
causal_gxe	diagonal_misspecified	404	0.25	0.24246885085459285	0.021074742428900915	1.2421993663222351e-30	0.9938224181838087	78
causal_gxe	correct_ld_environment	405	0.25	0.2610039007701625	0.026910949607280195	3.050672598260074e-22	0.9678402463348569	78
causal_gxe	diagonal_misspecified	405	0.25	0.2627619966176554	0.02213574934017765	1.6849564111984136e-32	0.9605618823419103	78
causal_gxe	correct_ld_environment	406	0.25	0.2098898856904687	0.027382041571450924	1.7849886790417368e-14	0.27482397881242243	78
causal_gxe	diagonal_misspecified	406	0.25	0.22364792299393266	0.022582525383443804	4.016212555296786e-23	0.9522858936714373	78
causal_gxe	correct_ld_environment	407	0.25	0.22019811772206557	0.028715383107481864	1.7429344087651035e-14	0.42940258763839306	78
causal_gxe	diagonal_misspecified	407	0.25	0.22270171471758998	0.023598714586093205	3.835049681806288e-21	2.369810237845827e-06	78
causal_gxe	correct_ld_environment	408	0.25	0.24260493680268688	0.027184681678379185	4.48425013092324e-19	0.5094307831244327	78
causal_gxe	diagonal_misspecified	408	0.25	0.2468574732811034	0.021874876860966664	1.5568302282038644e-29	0.41105761851200173	78
causal_gxe	correct_ld_environment	409	0.25	0.2561603348801889	0.0288022554668694	5.907544691750101e-19	0.2301009342891285	78
causal_gxe	diagonal_misspecified	409	0.25	0.2434187969249636	0.022578040566791458	4.222531208913587e-27	0.043828431754738675	78
causal_gxe	correct_ld_environment	410	0.25	0.28653080290277066	0.027894345753454494	9.42276480716379e-25	0.984985342879233	78
causal_gxe	diagonal_misspecified	410	0.25	0.29128796102305143	0.02209779878590594	1.117475112870987e-39	0.9993021282082581	78
causal_gxe	correct_ld_environment	411	0.25	0.2703000035221419	0.025955269245775875	2.138765797248642e-25	0.9793899671262122	78
causal_gxe	diagonal_misspecified	411	0.25	0.2866369168101458	0.02191029113999078	4.1569079962030015e-39	0.9911207399155205	78
causal_gxe	correct_ld_environment	412	0.25	0.2594112417508168	0.026974456926629028	6.78306895792076e-22	0.548203001394742	78
causal_gxe	diagonal_misspecified	412	0.25	0.26328782223363667	0.021485887995395535	1.599326086811917e-34	0.7227593750144328	78
causal_gxe	correct_ld_environment	413	0.25	0.2303193931665985	0.02863220601502157	8.690472818503269e-16	0.22100166177035832	78
causal_gxe	diagonal_misspecified	413	0.25	0.24236357705869352	0.02255059141140344	6.085753886564844e-27	0.03580282148768246	78
causal_gxe	correct_ld_environment	414	0.25	0.22016457919108662	0.027522126584781804	1.2487652350685152e-15	0.4045955419402273	78
causal_gxe	diagonal_misspecified	414	0.25	0.22995524001341244	0.0229157049215057	1.0714206346588465e-23	0.9660423875637435	78
causal_gxe	correct_ld_environment	415	0.25	0.2845332288145782	0.028523362714181693	1.9522484380127186e-23	0.320435118234484	78
causal_gxe	diagonal_misspecified	415	0.25	0.2853689187682357	0.022315157436950516	1.9103861849607993e-37	0.8599989258530382	78
causal_gxe	correct_ld_environment	416	0.25	0.25617688416819584	0.029491008894276027	3.734163141562718e-18	0.4898348551418862	78
causal_gxe	diagonal_misspecified	416	0.25	0.2503790738882187	0.023150155326750962	2.908991735736894e-27	0.10850291746687465	78
causal_gxe	correct_ld_environment	417	0.25	0.2602930931977249	0.027862992943865943	9.462708610092951e-21	0.12847059737708147	78
causal_gxe	diagonal_misspecified	417	0.25	0.2703293018284166	0.022259950630769004	6.158165414769354e-34	0.5274009087041333	78
causal_gxe	correct_ld_environment	418	0.25	0.2540863825583885	0.027687938214727065	4.441350790652856e-20	0.8644936253793859	78
causal_gxe	diagonal_misspecified	418	0.25	0.2565091536305663	0.02210810693006713	4.002465505916282e-31	0.9618474468320243	78
causal_gxe	correct_ld_environment	419	0.25	0.28050742173136495	0.026743998196600165	9.744933070239065e-26	0.49033847218327764	78
causal_gxe	diagonal_misspecified	419	0.25	0.2838416220181502	0.021617652438465623	2.214067850984234e-39	0.09272928286048276	78
causal_gxe	correct_ld_environment	420	0.25	0.2754810734894059	0.030094257699344523	5.489331752006752e-20	0.5184599800181254	78
causal_gxe	diagonal_misspecified	420	0.25	0.2698969602837585	0.023462222496304395	1.2671732320846132e-30	0.7206580898452852	78
causal_gxe	correct_ld_environment	421	0.25	0.2244774852250296	0.027508076732674688	3.338590465828091e-16	0.6973603313135112	78
causal_gxe	diagonal_misspecified	421	0.25	0.23320800255427415	0.022928621683340974	2.670331134839837e-24	0.8003083601225258	78
causal_gxe	correct_ld_environment	422	0.25	0.31504525498370156	0.027391772835611596	1.2970953150803897e-30	0.9391069587359288	78
causal_gxe	diagonal_misspecified	422	0.25	0.31576108292620025	0.022750157402401425	8.431602100890599e-44	0.9992433249850391	78
causal_gxe	correct_ld_environment	423	0.25	0.2720907501693456	0.02651201262611382	1.0352447287408182e-24	0.1305388768028822	78
causal_gxe	diagonal_misspecified	423	0.25	0.26941528999230013	0.021732901003541777	2.724595536572205e-35	0.7898279563443291	78
causal_gxe	correct_ld_environment	424	0.25	0.28104206498739903	0.0269687410136744	1.9878811940560302e-25	0.22011806950546803	78
causal_gxe	diagonal_misspecified	424	0.25	0.29060037090175866	0.021785824882303524	1.3735195648342692e-40	0.045695289062327345	78
causal_gxe	correct_ld_environment	425	0.25	0.24641108181189222	0.027362613856302107	2.1489542938384117e-19	0.24675388942102106	78
causal_gxe	diagonal_misspecified	425	0.25	0.26649903860271207	0.021698983648551887	1.1367471196522184e-34	0.5197082447156507	78
causal_gxe	correct_ld_environment	426	0.25	0.2666243392641229	0.027675386688163182	5.745540804186217e-22	0.001357007984863994	78
causal_gxe	diagonal_misspecified	426	0.25	0.25648921923241963	0.022425395791107274	2.717730803173328e-30	0.00044358289691730153	78
causal_gxe	correct_ld_environment	427	0.25	0.24987360900095448	0.028091912790917564	5.849341186920578e-19	0.43210911549415104	78
causal_gxe	diagonal_misspecified	427	0.25	0.25678278625349055	0.02233631240129045	1.3784671908481002e-30	0.9363212838298256	78
causal_gxe	correct_ld_environment	428	0.25	0.2044331438961901	0.028547763981037613	8.003732673548924e-13	0.3632273185667023	78
causal_gxe	diagonal_misspecified	428	0.25	0.1845246377946903	0.022564604665106746	2.8951832995365006e-16	0.6600131569699806	78
causal_gxe	correct_ld_environment	429	0.25	0.28455112112540604	0.02668148198273187	1.4881150190066792e-26	0.967201439156488	78
causal_gxe	diagonal_misspecified	429	0.25	0.29423953401056474	0.02192469445673706	4.588423023028188e-41	0.9964348195868462	78
causal_gxe	correct_ld_environment	430	0.25	0.2850757913541388	0.028315682773920645	7.669705200301318e-24	0.09826621834753288	78
causal_gxe	diagonal_misspecified	430	0.25	0.2744379519032318	0.022475341544686334	2.727878783113027e-34	0.24084420569212675	78
causal_gxe	correct_ld_environment	431	0.25	0.2598635807639319	0.02810918712168962	2.3569926935607352e-20	0.20136625135373545	78
causal_gxe	diagonal_misspecified	431	0.25	0.2550818313254758	0.022479732553454305	7.65831479110961e-30	0.013332526593636691	78
causal_gxe	correct_ld_environment	432	0.25	0.24371877911004905	0.02696377982170885	1.5847814229954663e-19	0.44163009354818517	78
causal_gxe	diagonal_misspecified	432	0.25	0.24502344178167376	0.02150793715305155	4.571199422530644e-30	0.8903844046048499	78
causal_gxe	correct_ld_environment	433	0.25	0.25592085262191	0.027216329042209036	5.292340706313467e-21	0.9121585330455912	78
causal_gxe	diagonal_misspecified	433	0.25	0.25477649734509006	0.0218012024156895	1.4968093332538641e-31	0.9902709323146605	78
causal_gxe	correct_ld_environment	434	0.25	0.2666155992966048	0.029344883239230714	1.0313706885742827e-19	0.40094135733906017	78
causal_gxe	diagonal_misspecified	434	0.25	0.26618921741998175	0.023113284912905065	1.086700440599911e-30	0.6377729094928927	78
causal_gxe	correct_ld_environment	435	0.25	0.23079352404782327	0.027581418935113722	5.874498507177647e-17	0.43728618675077363	78
causal_gxe	diagonal_misspecified	435	0.25	0.2484750113221419	0.02263697637640884	4.9570300720681695e-28	0.6785848909875075	78
causal_gxe	correct_ld_environment	436	0.25	0.24343424406598155	0.027251779667661184	4.154226327967556e-19	0.7922570172542643	78
causal_gxe	diagonal_misspecified	436	0.25	0.2443083650269993	0.021990907245564885	1.1276739844975884e-28	0.9500140101140223	78
causal_gxe	correct_ld_environment	437	0.25	0.21710549123639414	0.028778493526140557	4.5570600546968486e-14	0.8707936972420881	78
causal_gxe	diagonal_misspecified	437	0.25	0.2079411353450486	0.02238518854998121	1.554104427465877e-20	0.9882592945516274	78
causal_gxe	correct_ld_environment	438	0.25	0.2432043055518039	0.02810617156153078	5.0137951943361355e-18	0.2101481418908094	78
causal_gxe	diagonal_misspecified	438	0.25	0.2452597783959574	0.0222126913744113	2.41176066966809e-28	0.0045027997050465585	78
causal_gxe	correct_ld_environment	439	0.25	0.26799643283832697	0.027926647410462913	8.275230885326843e-22	0.7519029794911386	78
causal_gxe	diagonal_misspecified	439	0.25	0.2701675805993835	0.0220961740940413	2.2331506893288773e-34	0.8911849805689483	78
causal_gxe	correct_ld_environment	440	0.25	0.22943256999216258	0.027969322038623942	2.344457615909991e-16	0.6027492711608531	78
causal_gxe	diagonal_misspecified	440	0.25	0.21893678279934825	0.021800484401275674	9.887985664770699e-24	0.7752766820043763	78
causal_gxe	correct_ld_environment	441	0.25	0.2731470331876954	0.0278363205354833	9.936194843244605e-23	0.9148676949451529	78
causal_gxe	diagonal_misspecified	441	0.25	0.261521675043841	0.02186858948908323	5.841302471259224e-33	0.9834751883058607	78
causal_gxe	correct_ld_environment	442	0.25	0.20222817161955575	0.027162112148174336	9.677568169272784e-14	0.46773865517203694	78
causal_gxe	diagonal_misspecified	442	0.25	0.2077576376300701	0.021986765337562546	3.413864490322227e-21	0.7509460627733949	78
causal_gxe	correct_ld_environment	443	0.25	0.26169212333246283	0.02694768589322394	2.7035857339762616e-22	0.01855235924050316	78
causal_gxe	diagonal_misspecified	443	0.25	0.26545732954433804	0.02129426194083581	1.142211739307366e-35	0.8596264508864304	78
causal_gxe	correct_ld_environment	444	0.25	0.2406613754173251	0.027769461726611024	4.459822548424586e-18	0.2945773759395292	78
causal_gxe	diagonal_misspecified	444	0.25	0.2414619094249312	0.02264984192335978	1.555162165429626e-26	0.00024829341415325126	78
causal_gxe	correct_ld_environment	445	0.25	0.24407833928970118	0.02857553577127216	1.3247452627525791e-17	0.04263909913698904	78
causal_gxe	diagonal_misspecified	445	0.25	0.24817546032990057	0.02284883214004712	1.755951503599308e-27	0.6442146567551839	78
causal_gxe	correct_ld_environment	446	0.25	0.2651070229070313	0.028636530211821953	2.089775578047292e-20	0.3650020326383563	78
causal_gxe	diagonal_misspecified	446	0.25	0.27095833389462065	0.022792996225606023	1.3698468412632578e-32	0.5156522955111283	78
causal_gxe	correct_ld_environment	447	0.25	0.25502337720231244	0.026474433557216938	5.81139770055176e-22	0.7788359651158118	78
causal_gxe	diagonal_misspecified	447	0.25	0.2450212583277569	0.021072069612655956	2.9776202956198506e-31	0.9914982309248022	78
causal_gxe	correct_ld_environment	448	0.25	0.30026167520362534	0.03018377936619027	2.578647215532698e-23	0.7459253773913227	78
causal_gxe	diagonal_misspecified	448	0.25	0.2971961010760761	0.02344005181481393	7.732519516232961e-37	0.3437437155916014	78
causal_gxe	correct_ld_environment	449	0.25	0.20844234331241135	0.026895921243311176	9.192070522562328e-15	0.11745500168569324	78
causal_gxe	diagonal_misspecified	449	0.25	0.2292636800220875	0.02245218895964286	1.7667531920099205e-24	9.961083695581285e-08	78
causal_gxe	correct_ld_environment	450	0.25	0.24385371844207837	0.027236931460842936	3.4578058268493457e-19	0.5688306622887882	78
causal_gxe	diagonal_misspecified	450	0.25	0.23454321719081198	0.021895138745611494	8.929923038937576e-27	0.9696571035442797	78
causal_gxe	correct_ld_environment	451	0.25	0.2658650992212048	0.02751161824019367	4.298811051622696e-22	0.46714314966675813	78
causal_gxe	diagonal_misspecified	451	0.25	0.27250312225989487	0.02190172055581608	1.5441498639604217e-35	0.9710452902705116	78
causal_gxe	correct_ld_environment	452	0.25	0.2722046379636782	0.027352283805118692	2.4764609674700435e-23	0.5052962681246287	78
causal_gxe	diagonal_misspecified	452	0.25	0.2471070983101869	0.022029144962787878	3.3542712871617605e-29	0.30516269111776545	78
causal_gxe	correct_ld_environment	453	0.25	0.2303654996509142	0.027324391254617306	3.434151102617932e-17	0.5404812427082503	78
causal_gxe	diagonal_misspecified	453	0.25	0.23229554665752958	0.022072133871074217	6.66983788727637e-26	0.8009784961691724	78
causal_gxe	correct_ld_environment	454	0.25	0.2795580085551215	0.027185273555365156	8.369010243078085e-25	0.4318783518417303	78
causal_gxe	diagonal_misspecified	454	0.25	0.28478997052114086	0.02197843944228963	2.1253145629845778e-38	0.5824307162912841	78
causal_gxe	correct_ld_environment	455	0.25	0.2568412066895976	0.028071551288046063	5.718732577681408e-20	0.5197254845970743	78
causal_gxe	diagonal_misspecified	455	0.25	0.2506319817293775	0.02221373781463019	1.5968067231894357e-29	0.9515827152316894	78
causal_gxe	correct_ld_environment	456	0.25	0.2944969267468555	0.027006334588151496	1.0941138879831593e-27	0.4165640780943215	78
causal_gxe	diagonal_misspecified	456	0.25	0.29872937931123567	0.021862706990904132	1.6685385768696352e-42	0.9890834566351988	78
causal_gxe	correct_ld_environment	457	0.25	0.2543883940250316	0.029182025020051988	2.8492075303818423e-18	0.2820767065379128	78
causal_gxe	diagonal_misspecified	457	0.25	0.25722124187185275	0.02283334618423322	1.9500288087678356e-29	0.39357144859092097	78
causal_gxe	correct_ld_environment	458	0.25	0.244757946989411	0.02652989036934806	2.8160205120547e-20	0.7719008778309064	78
causal_gxe	diagonal_misspecified	458	0.25	0.22861477398439808	0.021256406552225767	5.60732853824868e-27	0.9873412343389822	78
causal_gxe	correct_ld_environment	459	0.25	0.24518593117545628	0.02773195766951666	9.463036781340905e-19	0.7328499912975965	78
causal_gxe	diagonal_misspecified	459	0.25	0.23267588303268255	0.02257602490887015	6.597514317961179e-25	0.8740558062812476	78
causal_gxe	correct_ld_environment	460	0.25	0.2258369282345727	0.025948370897287024	3.2231859430586723e-18	0.48949638421219654	78
causal_gxe	diagonal_misspecified	460	0.25	0.22492762599879285	0.021580712044556066	1.9548614987132615e-25	0.19019337525539695	78
causal_gxe	correct_ld_environment	461	0.25	0.25864735718223164	0.028185760718707913	4.452243981583912e-20	0.09152218574246926	78
causal_gxe	diagonal_misspecified	461	0.25	0.24841009465217243	0.022074288675539365	2.2291412100436182e-29	2.459082234451347e-05	78
causal_gxe	correct_ld_environment	462	0.25	0.21323341047050248	0.026631839298235926	1.178180066552271e-15	0.278654420207494	78
causal_gxe	diagonal_misspecified	462	0.25	0.21232651136311506	0.02130485786522291	2.144692716681551e-23	0.9614882100032556	78
causal_gxe	correct_ld_environment	463	0.25	0.24967280385200044	0.02660923860474774	6.4160242924509235e-21	0.44211846036610836	78
causal_gxe	diagonal_misspecified	463	0.25	0.2338962366104594	0.021529104730809615	1.7073563781190382e-27	0.4010385282032116	78
causal_gxe	correct_ld_environment	464	0.25	0.272626485543667	0.02632280984419182	3.8879421887156636e-25	0.16943500436722259	78
causal_gxe	diagonal_misspecified	464	0.25	0.25997885929020026	0.020607484716110694	1.7290540427788954e-36	0.20270649072732042	78
causal_gxe	correct_ld_environment	465	0.25	0.26092502355514186	0.027115859518554296	6.418887147561274e-22	0.9928960761746813	78
causal_gxe	diagonal_misspecified	465	0.25	0.24873696299972822	0.021065402405037504	3.5556653803481877e-32	0.995845715151647	78
causal_gxe	correct_ld_environment	466	0.25	0.22037484798124665	0.02973833575118326	1.2585887527035905e-13	0.4717463207221239	78
causal_gxe	diagonal_misspecified	466	0.25	0.23313833605507922	0.02307099898141493	5.235898600361007e-24	0.9836801654947642	78
causal_gxe	correct_ld_environment	467	0.25	0.240388684647227	0.027357437106003236	1.5366250782203429e-18	0.36063313130551294	78
causal_gxe	diagonal_misspecified	467	0.25	0.2442775289845567	0.021918613180590837	7.595478494308882e-29	0.9893187141197822	78
causal_gxe	correct_ld_environment	468	0.25	0.25065806470429525	0.02788902962756076	2.5247178777556763e-19	0.6760055282720638	78
causal_gxe	diagonal_misspecified	468	0.25	0.24770102960475193	0.021675576223627698	3.0420985834617685e-30	0.9999957104572706	78
causal_gxe	correct_ld_environment	469	0.25	0.2622947429570619	0.02653895116886692	4.914287377131477e-23	0.5223732647274781	78
causal_gxe	diagonal_misspecified	469	0.25	0.27820891396421893	0.02185508648558164	4.0433795517430275e-37	0.9969315560987771	78
causal_gxe	correct_ld_environment	470	0.25	0.273390546069095	0.028043243281070423	1.8649280139977482e-22	0.25883827913860036	78
causal_gxe	diagonal_misspecified	470	0.25	0.25826834503504875	0.0219891067983817	7.46695846148217e-32	0.12650125660274233	78
causal_gxe	correct_ld_environment	471	0.25	0.26239531424656803	0.02680556043393016	1.2573130011512874e-22	0.4180666625394491	78
causal_gxe	diagonal_misspecified	471	0.25	0.26056823969330306	0.02211688462468817	4.866797825945613e-32	0.08040698790528142	78
causal_gxe	correct_ld_environment	472	0.25	0.25328434281308676	0.02781433500340874	8.527713075145967e-20	0.9753240635501711	78
causal_gxe	diagonal_misspecified	472	0.25	0.2815132955481417	0.022830892999117034	6.216275373028547e-35	0.7263641759380098	78
causal_gxe	correct_ld_environment	473	0.25	0.23088625521072373	0.027393807945110312	3.503923710075895e-17	0.6956109987186219	78
causal_gxe	diagonal_misspecified	473	0.25	0.2255740128089516	0.02229838128113504	4.684303631661284e-24	0.9481741934366728	78
causal_gxe	correct_ld_environment	474	0.25	0.2703809118382709	0.02561480037338123	4.783086322878116e-26	0.12325565470793087	78
causal_gxe	diagonal_misspecified	474	0.25	0.28321089658667153	0.021843927069934835	1.927255304617791e-38	0.14619899633784275	78
causal_gxe	correct_ld_environment	475	0.25	0.22113936166688436	0.02965948145909838	8.922826395858932e-14	0.6889021637699213	78
causal_gxe	diagonal_misspecified	475	0.25	0.21657178640358068	0.023648104893525253	5.2817464732683634e-20	0.8158181058559797	78
causal_gxe	correct_ld_environment	476	0.25	0.21683234899711787	0.0271922854873941	1.5357086042883511e-15	0.08446228307216351	78
causal_gxe	diagonal_misspecified	476	0.25	0.2091874219499729	0.02173882229399784	6.408938034668225e-22	0.9487876186667425	78
causal_gxe	correct_ld_environment	477	0.25	0.3033209836754214	0.026271223600438202	7.756180636067374e-31	0.21646385127465323	78
causal_gxe	diagonal_misspecified	477	0.25	0.2996273268450648	0.021290922114253145	5.565065166683709e-45	0.8349281118159816	78
causal_gxe	correct_ld_environment	478	0.25	0.25439459505252	0.027762941933540387	5.042774979703504e-20	0.847600415091934	78
causal_gxe	diagonal_misspecified	478	0.25	0.2687557820515529	0.02233100126345937	2.323587756629939e-33	0.7471856752751906	78
causal_gxe	correct_ld_environment	479	0.25	0.26341708262951047	0.028233913461667086	1.0605964063416147e-20	0.7590619070874778	78
causal_gxe	diagonal_misspecified	479	0.25	0.2551620262181955	0.02268240235555552	2.3333495081024793e-29	0.9554993303400331	78
causal_gxe	correct_ld_environment	480	0.25	0.26011091640081513	0.026509787639207364	1.0008393959529703e-22	0.7161488481309897	78
causal_gxe	diagonal_misspecified	480	0.25	0.2613623904637812	0.021786602258105317	3.70760985869793e-33	0.9770340494448985	78
causal_gxe	correct_ld_environment	481	0.25	0.22839769571111623	0.027606262764019587	1.3019036372008677e-16	0.29586542712205083	78
causal_gxe	diagonal_misspecified	481	0.25	0.23752271129909627	0.02163394662595067	4.81342084976266e-28	0.11843889268909692	78
causal_gxe	correct_ld_environment	482	0.25	0.23589722942927974	0.026948207854991753	2.064217921597674e-18	0.7797627616389307	78
causal_gxe	diagonal_misspecified	482	0.25	0.22850427902786782	0.0216731928693	5.462266121480613e-26	0.19292015674332874	78
causal_gxe	correct_ld_environment	483	0.25	0.2385368794589551	0.026834141045253165	6.149200486106382e-19	0.64433568380047	78
causal_gxe	diagonal_misspecified	483	0.25	0.2437476395451231	0.022724250786695363	7.658370792463206e-27	0.9998099932282359	78
causal_gxe	correct_ld_environment	484	0.25	0.2194060011920763	0.02710814039356002	5.786431529792592e-16	0.20058669605988294	78
causal_gxe	diagonal_misspecified	484	0.25	0.2287143316774038	0.022491506658134017	2.729178923980599e-24	0.6915815628329076	78
causal_gxe	correct_ld_environment	485	0.25	0.27534892819395507	0.02663947726181711	4.837100356059782e-25	0.6899723351130047	78
causal_gxe	diagonal_misspecified	485	0.25	0.2786214844683685	0.021122946753397657	9.956950907624326e-40	0.9550228978369896	78
causal_gxe	correct_ld_environment	486	0.25	0.2075240270900049	0.02704438643804133	1.6741729668448954e-14	0.41153222315335747	78
causal_gxe	diagonal_misspecified	486	0.25	0.21760722659985873	0.021781969883017525	1.6816473798918697e-23	0.9501471476501075	78
causal_gxe	correct_ld_environment	487	0.25	0.2427411175589118	0.028127305491847332	6.130486548321058e-18	0.7490601273914345	78
causal_gxe	diagonal_misspecified	487	0.25	0.22989267890846937	0.022460611307443656	1.376671937225532e-24	0.9705011674206792	78
causal_gxe	correct_ld_environment	488	0.25	0.22532767638739423	0.0302377151657244	9.202283367741853e-14	0.29364816689207984	78
causal_gxe	diagonal_misspecified	488	0.25	0.23361195434621917	0.023509032443227846	2.870198543211463e-23	0.6671136651743352	78
causal_gxe	correct_ld_environment	489	0.25	0.28026104052359674	0.026085777988998644	6.3363388631454015e-27	0.9437637586173099	78
causal_gxe	diagonal_misspecified	489	0.25	0.2853168377437201	0.02125946769510131	4.574016259879937e-41	0.9611367856240264	78
causal_gxe	correct_ld_environment	490	0.25	0.31498260109563325	0.028250911651014815	7.203674288462328e-29	0.41509521619672374	78
causal_gxe	diagonal_misspecified	490	0.25	0.32330883716303205	0.022124013118952124	2.304379755680133e-48	0.8250091113703834	78
causal_gxe	correct_ld_environment	491	0.25	0.235131515111499	0.026843469249770217	1.963682650155336e-18	0.13637296948309943	78
causal_gxe	diagonal_misspecified	491	0.25	0.22189137374643664	0.022271853093395296	2.2159260804152862e-23	0.31783682544226066	78
causal_gxe	correct_ld_environment	492	0.25	0.22035342420768325	0.028207752540016347	5.637533935271513e-15	0.2927932840899726	78
causal_gxe	diagonal_misspecified	492	0.25	0.22889936794031446	0.022402277261265265	1.6524328632379483e-24	0.043830330043366963	78
causal_gxe	correct_ld_environment	493	0.25	0.2670550855164359	0.028053860561791287	1.742316828967564e-21	0.3679111401825323	78
causal_gxe	diagonal_misspecified	493	0.25	0.25016958089564767	0.022802335909421226	5.255489265940582e-28	0.643840260229344	78
causal_gxe	correct_ld_environment	494	0.25	0.2251364757532586	0.02855144941149638	3.138043796665313e-15	0.17334535556801442	78
causal_gxe	diagonal_misspecified	494	0.25	0.22998788980352963	0.022683141763188554	3.7028873742767935e-24	0.3017660820209938	78
causal_gxe	correct_ld_environment	495	0.25	0.23555013126766544	0.02782290330630365	2.5385203710237573e-17	0.02045982986277025	78
causal_gxe	diagonal_misspecified	495	0.25	0.24238782131424635	0.022290116937768598	1.5294444283217647e-27	0.20078224597853123	78
causal_gxe	correct_ld_environment	496	0.25	0.3029707380732587	0.02801155167769032	2.8937045077480574e-27	0.9034372444908156	78
causal_gxe	diagonal_misspecified	496	0.25	0.30285456408732786	0.021995483038420503	3.9190216993723e-43	0.7944347050218227	78
causal_gxe	correct_ld_environment	497	0.25	0.2685869988367498	0.02802119944512127	9.233619347465012e-22	0.11184706618999174	78
causal_gxe	diagonal_misspecified	497	0.25	0.28882549219871945	0.022280649031347754	1.9816930592336145e-38	0.0017562442247241825	78
causal_gxe	correct_ld_environment	498	0.25	0.2741021885887989	0.02874187859392152	1.4747361587431084e-21	0.8347512413990095	78
causal_gxe	diagonal_misspecified	498	0.25	0.2847552780839398	0.022447764633007065	7.13949783236234e-37	0.8446821833274485	78
causal_gxe	correct_ld_environment	499	0.25	0.25560991030989433	0.026872366613212302	1.8703425975035268e-21	0.5503010922272209	78
causal_gxe	diagonal_misspecified	499	0.25	0.24948761184648366	0.022527372607135783	1.661302267563223e-28	0.9893055084997024	78
causal_gxe	correct_ld_environment	500	0.25	0.1995124428576622	0.028573078841036274	2.899065071158168e-12	0.6064536524861246	78
causal_gxe	diagonal_misspecified	500	0.25	0.1920311142444672	0.023037123030114712	7.702498303485579e-17	0.915904837266932	78
