scenario	replicate	method	parameter	estimate	se	pval	true_parameter	intercept	failure
constant_null_directional_pleiotropy	1	PlantMR	environment_slope	-0.07380695303495663	0.021664344485436544	0.0006571966611567512		0.20683083402501656	
constant_null_directional_pleiotropy	1	summary_MR_GxE	causal_effect	-0.05486954888888773	0.04534123740327871	0.22622260551046816	0.0	0.04889625543930952	
constant_null_directional_pleiotropy	2	PlantMR	environment_slope	-0.029083339998092095	0.02088235241188433	0.16370346205431996		0.16744507253885793	
constant_null_directional_pleiotropy	2	summary_MR_GxE	causal_effect	0.06700715613283661	0.04248538459078119	0.11475380351080278	0.0	0.02002501966896722	
constant_null_directional_pleiotropy	3	PlantMR	environment_slope	-0.053992681777347444	0.022237362271582243	0.015181653953297703		0.19229783252798038	
constant_null_directional_pleiotropy	3	summary_MR_GxE	causal_effect	0.0249516660929113	0.04602419061560426	0.5877203977150711	0.0	0.02880652056874905	
constant_null_directional_pleiotropy	4	PlantMR	environment_slope	-0.06442833669984546	0.022310790897510407	0.0038798876257034533		0.20639195376164118	
constant_null_directional_pleiotropy	4	summary_MR_GxE	causal_effect	0.006245144574030748	0.04470926050190556	0.8889100886884006	0.0	0.03426108845154307	
constant_null_directional_pleiotropy	5	PlantMR	environment_slope	-0.08547726402076719	0.020377322062796892	2.7320273917888378e-05		0.1863735862970523	
constant_null_directional_pleiotropy	5	summary_MR_GxE	causal_effect	-0.0763477009377399	0.04134921601741918	0.06483236301300287	0.0	0.04711874590725572	
constant_null_directional_pleiotropy	6	PlantMR	environment_slope	-0.0858010512726467	0.02262583114593971	0.00014933521087756065		0.31783336914206417	
constant_null_directional_pleiotropy	6	summary_MR_GxE	causal_effect	0.03673690151707537	0.04629522720281476	0.42746595443356156	0.0	0.048274039125281595	
constant_null_directional_pleiotropy	7	PlantMR	environment_slope	-0.07735962404414042	0.0213140494088346	0.0002839561922244508		0.2479865612508682	
constant_null_directional_pleiotropy	7	summary_MR_GxE	causal_effect	0.008653356103945131	0.04360429218850579	0.8426914880905347	0.0	0.04183280937214777	
constant_null_directional_pleiotropy	8	PlantMR	environment_slope	-0.10205909309121818	0.023214814558494938	1.1011600721120493e-05		0.28840030870344	
constant_null_directional_pleiotropy	8	summary_MR_GxE	causal_effect	-0.019254255204382564	0.04619441203995306	0.6768179840490076	0.0	0.049954626927754965	
constant_null_directional_pleiotropy	9	PlantMR	environment_slope	-0.09256767980115554	0.02148748179423065	1.6475096197477132e-05		0.2654891877259723	
constant_null_directional_pleiotropy	9	summary_MR_GxE	causal_effect	-0.01957293865940901	0.04379742556407015	0.6549494208063921	0.0	0.04986957889636663	
constant_null_directional_pleiotropy	10	PlantMR	environment_slope	-0.08543642126599169	0.022635050371557275	0.000160316872493176		0.2623802333164913	
constant_null_directional_pleiotropy	10	summary_MR_GxE	causal_effect	0.0002769544606961438	0.04505719246292475	0.9950956487820044	0.0	0.04262678479994591	
constant_null_directional_pleiotropy	11	PlantMR	environment_slope	-0.025887410855195664	0.022967551504804524	0.25968762172631743		0.16064712729178113	
constant_null_directional_pleiotropy	11	summary_MR_GxE	causal_effect	0.0580882246627111	0.045916240591579685	0.20583869364984447	0.0	0.021155178962998816	
constant_null_directional_pleiotropy	12	PlantMR	environment_slope	-0.05143943781108867	0.02103766163993773	0.014480718662348005		0.2429838962906295	
constant_null_directional_pleiotropy	12	summary_MR_GxE	causal_effect	0.036262927623191776	0.04352619611796508	0.4047720914324862	0.0	0.044238270473046806	
constant_null_directional_pleiotropy	13	PlantMR	environment_slope	-0.1022288164511844	0.02238252735278912	4.939309847763606e-06		0.28155122909777325	
constant_null_directional_pleiotropy	13	summary_MR_GxE	causal_effect	-0.07748240227991116	0.04534908762294386	0.08752935578711668	0.0	0.06676374658518514	
constant_null_directional_pleiotropy	14	PlantMR	environment_slope	-0.07814634085702951	0.022697375256267294	0.000575366999784997		0.299509195426659	
constant_null_directional_pleiotropy	14	summary_MR_GxE	causal_effect	0.04089227480659968	0.046298984642079606	0.3771164190348694	0.0	0.04520375637251946	
constant_null_directional_pleiotropy	15	PlantMR	environment_slope	-0.03459996248702725	0.0214676845827919	0.10702221530673375		0.1736406365408884	
constant_null_directional_pleiotropy	15	summary_MR_GxE	causal_effect	0.04293147105939782	0.04360831576085868	0.32488005220872107	0.0	0.026585441836342386	
constant_null_directional_pleiotropy	16	PlantMR	environment_slope	-0.039974326584793884	0.02229882480515184	0.0730264787934264		0.21807761044937238	
constant_null_directional_pleiotropy	16	summary_MR_GxE	causal_effect	0.10284961166833928	0.04576643140175724	0.02462266057606325	0.0	0.017094189732405257	
constant_null_directional_pleiotropy	17	PlantMR	environment_slope	-0.07673504218067008	0.021224290454828203	0.0002998437255491218		0.21032917939452372	
constant_null_directional_pleiotropy	17	summary_MR_GxE	causal_effect	-0.06538901857724658	0.04310693395869227	0.12929128659632277	0.0	0.053762765237296804	
constant_null_directional_pleiotropy	18	PlantMR	environment_slope	-0.10424335784363034	0.022423317421862255	3.337389843259142e-06		0.2930098611186305	
constant_null_directional_pleiotropy	18	summary_MR_GxE	causal_effect	-0.05030848325331705	0.04556064168953675	0.2695023660059301	0.0	0.05989914245882795	
constant_null_directional_pleiotropy	19	PlantMR	environment_slope	-0.065330956406047	0.022527823420385326	0.003731484718482819		0.22507232269481842	
constant_null_directional_pleiotropy	19	summary_MR_GxE	causal_effect	-0.004510469752248281	0.04333961529462522	0.9171116742638247	0.0	0.04474447826639719	
constant_null_directional_pleiotropy	20	PlantMR	environment_slope	-0.08865244093808487	0.02241902402111335	7.674624515322055e-05		0.24239421501715083	
constant_null_directional_pleiotropy	20	summary_MR_GxE	causal_effect	-0.03843031859429208	0.045606129639423454	0.39942037350734827	0.0	0.04778461772255075	
constant_null_directional_pleiotropy	21	PlantMR	environment_slope	-0.11880602322434741	0.02218014624654224	8.489035644508153e-08		0.2764914493557616	
constant_null_directional_pleiotropy	21	summary_MR_GxE	causal_effect	-0.11404491416074958	0.04627557312869969	0.013721478836557202	0.0	0.06785994067308812	
constant_null_directional_pleiotropy	22	PlantMR	environment_slope	-0.08691022512303732	0.021730419920996835	6.34837219549236e-05		0.24334707681095957	
constant_null_directional_pleiotropy	22	summary_MR_GxE	causal_effect	-0.0378535321729066	0.043655791699454265	0.38589230087141846	0.0	0.05049293439605685	
constant_null_directional_pleiotropy	23	PlantMR	environment_slope	-0.05482703759394625	0.02120124472518496	0.009708870968999533		0.10406987119150757	
constant_null_directional_pleiotropy	23	summary_MR_GxE	causal_effect	-0.06415252907613811	0.04429655541675804	0.1475468761815335	0.0	0.028903576886431227	
constant_null_directional_pleiotropy	24	PlantMR	environment_slope	-0.04066683265832379	0.02169707089598584	0.060889007042299464		0.1554035960663666	
constant_null_directional_pleiotropy	24	summary_MR_GxE	causal_effect	0.01043685815971479	0.044059515098401184	0.8127491778947014	0.0	0.02753860923509828	
constant_null_directional_pleiotropy	25	PlantMR	environment_slope	-0.08621264853105007	0.020180397451095147	1.9364187794285408e-05		0.24035316476564103	
constant_null_directional_pleiotropy	25	summary_MR_GxE	causal_effect	-0.0552802483531975	0.0405314388879012	0.17260355415167453	0.0	0.060083980878357764	
constant_null_directional_pleiotropy	26	PlantMR	environment_slope	-0.08018918797773188	0.022194045492950145	0.00030256414523726846		0.23478790554839354	
constant_null_directional_pleiotropy	26	summary_MR_GxE	causal_effect	-0.024586897461226942	0.04465395888979787	0.5819013416107328	0.0	0.04543447508888311	
constant_null_directional_pleiotropy	27	PlantMR	environment_slope	-0.07849764606615593	0.02187815920814961	0.00033329374752386184		0.22637228952423397	
constant_null_directional_pleiotropy	27	summary_MR_GxE	causal_effect	-0.013361540437717478	0.04321476509238997	0.7571775773217648	0.0	0.04081808570462629	
constant_null_directional_pleiotropy	28	PlantMR	environment_slope	-0.09109460533226824	0.022829224835258254	6.600014105577639e-05		0.2975304126747169	
constant_null_directional_pleiotropy	28	summary_MR_GxE	causal_effect	0.014768271862728777	0.04733434254766736	0.7550412139182588	0.0	0.04540382875025792	
constant_null_directional_pleiotropy	29	PlantMR	environment_slope	-0.029946256233672412	0.022022583901799446	0.17389398931734124		0.11946879988225204	
constant_null_directional_pleiotropy	29	summary_MR_GxE	causal_effect	0.011551702733561181	0.043789370713218076	0.7919328601016921	0.0	0.020586013209097337	
constant_null_directional_pleiotropy	30	PlantMR	environment_slope	-0.06576920749934408	0.022899751541989314	0.004078197845480466		0.26143539527017845	
constant_null_directional_pleiotropy	30	summary_MR_GxE	causal_effect	0.04535995946910287	0.044826401468110115	0.311584548409086	0.0	0.03834685423157219	
constant_null_directional_pleiotropy	31	PlantMR	environment_slope	-0.09179722376862509	0.02304829611719173	6.810222334543429e-05		0.23346210770903972	
constant_null_directional_pleiotropy	31	summary_MR_GxE	causal_effect	-0.04155303376600153	0.04486088549935763	0.3543086779229786	0.0	0.0439052485312723	
constant_null_directional_pleiotropy	32	PlantMR	environment_slope	-0.06171021636262659	0.022352241675146996	0.0057658809106030644		0.18728027273166317	
constant_null_directional_pleiotropy	32	summary_MR_GxE	causal_effect	-0.004801736191547501	0.04542529356260516	0.9158154431206345	0.0	0.032468981339839144	
constant_null_directional_pleiotropy	33	PlantMR	environment_slope	-0.07467495723620252	0.02239171157335063	0.0008531859182043784		0.21905722590867246	
constant_null_directional_pleiotropy	33	summary_MR_GxE	causal_effect	-0.014168767730340037	0.04423301611439508	0.7487249407586012	0.0	0.0409591906038799	
constant_null_directional_pleiotropy	34	PlantMR	environment_slope	-0.040047471323054765	0.021399748458721574	0.061289775043160716		0.18947586291483878	
constant_null_directional_pleiotropy	34	summary_MR_GxE	causal_effect	0.024594637394181162	0.0414996625373723	0.553417629369521	0.0	0.03628771559794096	
constant_null_directional_pleiotropy	35	PlantMR	environment_slope	-0.06234280241242358	0.0222591438946353	0.005098041440989088		0.18686947287631653	
constant_null_directional_pleiotropy	35	summary_MR_GxE	causal_effect	-0.012667861735336794	0.04484014177889189	0.7775512269008327	0.0	0.035465008045509304	
constant_null_directional_pleiotropy	36	PlantMR	environment_slope	-0.07028209829408344	0.02160124182195223	0.0011394707886927661		0.16149171370724102	
constant_null_directional_pleiotropy	36	summary_MR_GxE	causal_effect	-0.08010102223110319	0.04357963899889462	0.06605684077123875	0.0	0.04616452669016144	
constant_null_directional_pleiotropy	37	PlantMR	environment_slope	-0.06307113944017448	0.021612655941119364	0.003520016836953448		0.19806012906138226	
constant_null_directional_pleiotropy	37	summary_MR_GxE	causal_effect	-0.022544897146443504	0.043311765956406345	0.6026970616333945	0.0	0.04277786698477237	
constant_null_directional_pleiotropy	38	PlantMR	environment_slope	-0.10426709724962939	0.022661290552210785	4.202448149849236e-06		0.3339077431903696	
constant_null_directional_pleiotropy	38	summary_MR_GxE	causal_effect	0.0009302343771084853	0.04597165078396823	0.9838559419307261	0.0	0.055951243111759114	
constant_null_directional_pleiotropy	39	PlantMR	environment_slope	-0.048328143043847846	0.02219636252625709	0.02945818139794365		0.20034288181833604	
constant_null_directional_pleiotropy	39	summary_MR_GxE	causal_effect	0.019515597339471225	0.04479891579874817	0.6631077011198103	0.0	0.035401888397421484	
constant_null_directional_pleiotropy	40	PlantMR	environment_slope	-0.0477480473398281	0.02083856198484776	0.021944265134594274		0.22180655694301482	
constant_null_directional_pleiotropy	40	summary_MR_GxE	causal_effect	0.024979571649180132	0.043882394723318376	0.5691939392827293	0.0	0.042097556748465936	
constant_null_directional_pleiotropy	41	PlantMR	environment_slope	-0.07141664758734897	0.022828496099284137	0.0017576132136134747		0.2645368713010155	
constant_null_directional_pleiotropy	41	summary_MR_GxE	causal_effect	0.02443427186658015	0.04601031534854986	0.5953766927491387	0.0	0.042155833174908675	
constant_null_directional_pleiotropy	42	PlantMR	environment_slope	-0.03526112139348274	0.022151955655037206	0.11143331935841175		0.14684738297456923	
constant_null_directional_pleiotropy	42	summary_MR_GxE	causal_effect	-0.008286073200282018	0.046193445935884536	0.8576411552859655	0.0	0.032534331539396596	
constant_null_directional_pleiotropy	43	PlantMR	environment_slope	-0.09360088409412307	0.02199694852250284	2.0888478235997245e-05		0.24248445053285625	
constant_null_directional_pleiotropy	43	summary_MR_GxE	causal_effect	-0.05644686248191738	0.04519418939427329	0.2116705776954178	0.0	0.05198233485865035	
constant_null_directional_pleiotropy	44	PlantMR	environment_slope	-0.062097316423093504	0.021140458750408497	0.003310105798834826		0.18840864158411486	
constant_null_directional_pleiotropy	44	summary_MR_GxE	causal_effect	-0.016990375647428196	0.04431181932482603	0.7014027237130922	0.0	0.03718010817112707	
constant_null_directional_pleiotropy	45	PlantMR	environment_slope	-0.0823399400605398	0.021738858188906845	0.00015205765594074458		0.2061907649178567	
constant_null_directional_pleiotropy	45	summary_MR_GxE	causal_effect	-0.04275439266090819	0.044442304869935785	0.3360394837812659	0.0	0.04099689708271025	
constant_null_directional_pleiotropy	46	PlantMR	environment_slope	-0.07300032264100871	0.02341807989835704	0.0018253842049081603		0.2411393216042893	
constant_null_directional_pleiotropy	46	summary_MR_GxE	causal_effect	0.00927212246427822	0.04512626510814501	0.8372044364775599	0.0	0.04015009008820661	
constant_null_directional_pleiotropy	47	PlantMR	environment_slope	-0.038347051751370965	0.022882776558917742	0.09377656244867297		0.1665029052487	
constant_null_directional_pleiotropy	47	summary_MR_GxE	causal_effect	0.05115508314391945	0.04534148613563095	0.2592278421276631	0.0	0.018268686328232593	
constant_null_directional_pleiotropy	48	PlantMR	environment_slope	-0.06809070190903535	0.02217943462540743	0.00214064018591128		0.2108911691459304	
constant_null_directional_pleiotropy	48	summary_MR_GxE	causal_effect	-0.017701716026157888	0.04492064073246637	0.6935320030470798	0.0	0.04057133159310065	
constant_null_directional_pleiotropy	49	PlantMR	environment_slope	-0.06728906168889925	0.021184017663733203	0.0014911159813980025		0.22451602271581675	
constant_null_directional_pleiotropy	49	summary_MR_GxE	causal_effect	-0.0030494747156229463	0.043768483815091776	0.9444540571235644	0.0	0.042423216567353005	
constant_null_directional_pleiotropy	50	PlantMR	environment_slope	-0.04568532632288725	0.02287819761767299	0.04583674296488996		0.19550080506875572	
constant_null_directional_pleiotropy	50	summary_MR_GxE	causal_effect	0.04427446544580449	0.04595813881901333	0.33536435100174056	0.0	0.027328708079966978	
constant_null_directional_pleiotropy	51	PlantMR	environment_slope	-0.06812896177369936	0.02119770163304419	0.0013090937885827676		0.207523671027907	
constant_null_directional_pleiotropy	51	summary_MR_GxE	causal_effect	-0.024585514537706243	0.04359920393976299	0.5728233852465939	0.0	0.04424933472853522	
constant_null_directional_pleiotropy	52	PlantMR	environment_slope	-0.08519787642373669	0.021994394555964254	0.00010723157419450919		0.22385487574931798	
constant_null_directional_pleiotropy	52	summary_MR_GxE	causal_effect	-0.04393194517203666	0.043473656771589715	0.31223580766688974	0.0	0.046736984481713914	
constant_null_directional_pleiotropy	53	PlantMR	environment_slope	-0.0719145291286292	0.02232681706997897	0.0012774711582587111		0.23465487460022844	
constant_null_directional_pleiotropy	53	summary_MR_GxE	causal_effect	0.0008579745935539673	0.044979359605828516	0.9847813935795304	0.0	0.041339604160785456	
constant_null_directional_pleiotropy	54	PlantMR	environment_slope	-0.07951381700289395	0.02362958756073885	0.0007654066697111894		0.2831466751169695	
constant_null_directional_pleiotropy	54	summary_MR_GxE	causal_effect	0.04235768372835613	0.0493617968329357	0.39083360239475784	0.0	0.03594554242345922	
constant_null_directional_pleiotropy	55	PlantMR	environment_slope	-0.0639876239101336	0.022319450033373742	0.004145144004960778		0.19972831398878987	
constant_null_directional_pleiotropy	55	summary_MR_GxE	causal_effect	0.008068158906785305	0.04432966004825326	0.8555798796095264	0.0	0.03167899321364096	
constant_null_directional_pleiotropy	56	PlantMR	environment_slope	-0.06837745092759262	0.022433461107815977	0.00230360992375475		0.23518210730520597	
constant_null_directional_pleiotropy	56	summary_MR_GxE	causal_effect	0.006786891079862967	0.045479412991878215	0.8813721783106319	0.0	0.040099684261841635	
constant_null_directional_pleiotropy	57	PlantMR	environment_slope	-0.08047445520041338	0.02188741374357061	0.00023622828648838293		0.2763263700722005	
constant_null_directional_pleiotropy	57	summary_MR_GxE	causal_effect	0.018892019166698415	0.04480183614589704	0.6732589157844254	0.0	0.04414867060612358	
constant_null_directional_pleiotropy	58	PlantMR	environment_slope	-0.0901597145680944	0.02305113260830628	9.180363330309574e-05		0.20893486716112142	
constant_null_directional_pleiotropy	58	summary_MR_GxE	causal_effect	-0.08723337994920477	0.04616928205017651	0.05883494941782412	0.0	0.05101289716678353	
constant_null_directional_pleiotropy	59	PlantMR	environment_slope	-0.0504304600892802	0.023039490140049315	0.028606254435838467		0.16686395205997095	
constant_null_directional_pleiotropy	59	summary_MR_GxE	causal_effect	0.004720038421086897	0.04469942827313069	0.9159036512991329	0.0	0.029396815145615693	
constant_null_directional_pleiotropy	60	PlantMR	environment_slope	-0.053508815983755294	0.022268279809758592	0.016264902835570527		0.20595374932318028	
constant_null_directional_pleiotropy	60	summary_MR_GxE	causal_effect	0.021749864083313197	0.04509464902417629	0.6295815876922615	0.0	0.03441495577051562	
constant_null_directional_pleiotropy	61	PlantMR	environment_slope	-0.07529482139175084	0.02196678533581856	0.000608792116019026		0.23153930262775255	
constant_null_directional_pleiotropy	61	summary_MR_GxE	causal_effect	-0.02781395460142716	0.042855774159278555	0.5163299727904399	0.0	0.050019067627116144	
constant_null_directional_pleiotropy	62	PlantMR	environment_slope	-0.0686418512373981	0.02112034144058095	0.0011539076092514132		0.21383716508198683	
constant_null_directional_pleiotropy	62	summary_MR_GxE	causal_effect	-0.01574054214499837	0.04237360207004892	0.7102871418226724	0.0	0.04484551115556753	
constant_null_directional_pleiotropy	63	PlantMR	environment_slope	-0.05134436535324625	0.021604514447973948	0.017475049579512507		0.18868549050467054	
constant_null_directional_pleiotropy	63	summary_MR_GxE	causal_effect	0.01202351733921328	0.044891998037496994	0.7888285740495542	0.0	0.03183168257339985	
constant_null_directional_pleiotropy	64	PlantMR	environment_slope	-0.094249550904497	0.02087579910283999	6.338380937996239e-06		0.23190041559693972	
constant_null_directional_pleiotropy	64	summary_MR_GxE	causal_effect	-0.06115163769848686	0.04349611115454614	0.15975071448459827	0.0	0.051254699311276554	
constant_null_directional_pleiotropy	65	PlantMR	environment_slope	-0.051107794237755924	0.02246550109504327	0.02290918974570575		0.25920587962229136	
constant_null_directional_pleiotropy	65	summary_MR_GxE	causal_effect	0.09937292880989435	0.04615311018248605	0.03130968426661028	0.0	0.02611843817206634	
constant_null_directional_pleiotropy	66	PlantMR	environment_slope	-0.09079508301875057	0.022234010887382475	4.434096276278371e-05		0.23841544375212956	
constant_null_directional_pleiotropy	66	summary_MR_GxE	causal_effect	-0.02900743589570487	0.04436651294137116	0.5132318112019985	0.0	0.04495116530631744	
constant_null_directional_pleiotropy	67	PlantMR	environment_slope	-0.08927917084348994	0.022872392074775774	9.486659698786216e-05		0.24750115406371118	
constant_null_directional_pleiotropy	67	summary_MR_GxE	causal_effect	-0.04245433007586502	0.0454219562566702	0.34996077290256117	0.0	0.05016897520006007	
constant_null_directional_pleiotropy	68	PlantMR	environment_slope	-0.07536529155904731	0.02200568315465101	0.0006152287072260583		0.20421269653202426	
constant_null_directional_pleiotropy	68	summary_MR_GxE	causal_effect	-0.022095117372044476	0.04319712476324303	0.6090044231587121	0.0	0.03867785988613381	
constant_null_directional_pleiotropy	69	PlantMR	environment_slope	-0.05742530360627755	0.021333122018676987	0.0071059501726905465		0.26404283376206383	
constant_null_directional_pleiotropy	69	summary_MR_GxE	causal_effect	0.06851813631496423	0.04586354804991258	0.13518704295692519	0.0	0.03610848656116264	
constant_null_directional_pleiotropy	70	PlantMR	environment_slope	-0.05732482110177888	0.021665673585511806	0.008147817374312716		0.20753132418934206	
constant_null_directional_pleiotropy	70	summary_MR_GxE	causal_effect	0.027340205673043794	0.04545881017901834	0.5475548897181144	0.0	0.0309871485321074	
constant_null_directional_pleiotropy	71	PlantMR	environment_slope	-0.06894346082812262	0.021804497324964454	0.0015674780636538233		0.20913585457274175	
constant_null_directional_pleiotropy	71	summary_MR_GxE	causal_effect	-0.024927066152270444	0.044704445871309596	0.5771195864394947	0.0	0.042270670214165286	
constant_null_directional_pleiotropy	72	PlantMR	environment_slope	-0.062389976891639	0.02300573082771657	0.0066892320091054116		0.2213630641619301	
constant_null_directional_pleiotropy	72	summary_MR_GxE	causal_effect	-0.014554196779454187	0.04564984145428039	0.7498611120640015	0.0	0.045495177074369626	
constant_null_directional_pleiotropy	73	PlantMR	environment_slope	-0.06981035716413758	0.021764875068706065	0.001339043187660417		0.24309714107945754	
constant_null_directional_pleiotropy	73	summary_MR_GxE	causal_effect	0.027475320907537293	0.042846701129349296	0.5213621821217355	0.0	0.03845591452506086	
constant_null_directional_pleiotropy	74	PlantMR	environment_slope	-0.09644685371269915	0.022141762837886148	1.3253359753766295e-05		0.25606427726672387	
constant_null_directional_pleiotropy	74	summary_MR_GxE	causal_effect	-0.03975413060778765	0.043437973723567225	0.3600903052637455	0.0	0.05109011108031244	
constant_null_directional_pleiotropy	75	PlantMR	environment_slope	-0.043812332383439304	0.0215689614459443	0.0422278569878969		0.1844303955434326	
constant_null_directional_pleiotropy	75	summary_MR_GxE	causal_effect	0.02568818770509479	0.0424276807513355	0.5448745827835749	0.0	0.032313972087144864	
constant_null_directional_pleiotropy	76	PlantMR	environment_slope	-0.08660834582134319	0.022858740415720988	0.00015134606516817152		0.2568774794106428	
constant_null_directional_pleiotropy	76	summary_MR_GxE	causal_effect	-0.04093794345882812	0.04711179710527637	0.3848727686170598	0.0	0.05134329046862564	
constant_null_directional_pleiotropy	77	PlantMR	environment_slope	-0.11325644388291552	0.02202372973266548	2.711448702713468e-07		0.2776481222326496	
constant_null_directional_pleiotropy	77	summary_MR_GxE	causal_effect	-0.09056213226834753	0.044765700648503846	0.04307056843890709	0.0	0.06489535941878331	
constant_null_directional_pleiotropy	78	PlantMR	environment_slope	-0.08290182285289842	0.022678194024840552	0.0002566068895993308		0.22852882061321528	
constant_null_directional_pleiotropy	78	summary_MR_GxE	causal_effect	-0.05490778699220791	0.04505182702465945	0.22293173887083712	0.0	0.05171583517457604	
constant_null_directional_pleiotropy	79	PlantMR	environment_slope	-0.10294110135977128	0.021706639958390145	2.112235732746367e-06		0.28330024804011905	
constant_null_directional_pleiotropy	79	summary_MR_GxE	causal_effect	-0.03370441425820492	0.04322138640227696	0.4355034694807208	0.0	0.055131247637371344	
constant_null_directional_pleiotropy	80	PlantMR	environment_slope	-0.0786704960643351	0.02214531881494028	0.0003816380785829287		0.25337277382800844	
constant_null_directional_pleiotropy	80	summary_MR_GxE	causal_effect	0.006699598962541631	0.044933327010084595	0.8814740251213385	0.0	0.041810322798040464	
constant_null_directional_pleiotropy	81	PlantMR	environment_slope	-0.09243297413725907	0.02141455635620636	1.5862187588368106e-05		0.30387160965712057	
constant_null_directional_pleiotropy	81	summary_MR_GxE	causal_effect	-0.015027384808645905	0.04425415332203121	0.7341803401049007	0.0	0.05998286088325079	
constant_null_directional_pleiotropy	82	PlantMR	environment_slope	-0.023452249485662283	0.021759891431302004	0.28113453786408116		0.12991214847507646	
constant_null_directional_pleiotropy	82	summary_MR_GxE	causal_effect	0.03369669305015924	0.04434578215385927	0.447336830869855	0.0	0.019475628377269537	
constant_null_directional_pleiotropy	83	PlantMR	environment_slope	-0.08913915296268707	0.02246989821467686	7.276850168099468e-05		0.24260959407923408	
constant_null_directional_pleiotropy	83	summary_MR_GxE	causal_effect	-0.01530413781085882	0.045880763598873886	0.7387091340138945	0.0	0.0402876668842499	
constant_null_directional_pleiotropy	84	PlantMR	environment_slope	-0.02915861814138279	0.022322959344699717	0.19147893841348912		0.20012099935150343	
constant_null_directional_pleiotropy	84	summary_MR_GxE	causal_effect	0.11609042229764693	0.04645334835862674	0.012451779831672997	0.0	0.014034552689950394	
constant_null_directional_pleiotropy	85	PlantMR	environment_slope	-0.047839285223589816	0.021105727637553657	0.02341165079217223		0.20180598160907365	
constant_null_directional_pleiotropy	85	summary_MR_GxE	causal_effect	0.04335020599984607	0.04243892427858747	0.3070304985775606	0.0	0.030628734335750155	
constant_null_directional_pleiotropy	86	PlantMR	environment_slope	-0.07813879568554077	0.021822994584140363	0.0003428433135172228		0.23610884152377404	
constant_null_directional_pleiotropy	86	summary_MR_GxE	causal_effect	-0.04030495083249053	0.043188572256021886	0.3507002775986755	0.0	0.05356738696306108	
constant_null_directional_pleiotropy	87	PlantMR	environment_slope	-0.08042201457365811	0.02170397493778791	0.00021105332785528158		0.2388071894663923	
constant_null_directional_pleiotropy	87	summary_MR_GxE	causal_effect	-0.026485297040973188	0.044869962067200085	0.555011075017675	0.0	0.04744183120910416	
constant_null_directional_pleiotropy	88	PlantMR	environment_slope	-0.07453917078029297	0.02218875296383598	0.0007813390708410828		0.19276468455762008	
constant_null_directional_pleiotropy	88	summary_MR_GxE	causal_effect	-0.030924296617347913	0.045008922503635675	0.4920383907737946	0.0	0.03633845506169873	
constant_null_directional_pleiotropy	89	PlantMR	environment_slope	-0.05440094442491377	0.021555433688001852	0.01161040542483489		0.20308277976349612	
constant_null_directional_pleiotropy	89	summary_MR_GxE	causal_effect	0.029676592368852284	0.044790121423434026	0.507605966001581	0.0	0.02994423763545216	
constant_null_directional_pleiotropy	90	PlantMR	environment_slope	-0.08157081942278316	0.022209424170392355	0.00023990528794100988		0.22764164208967905	
constant_null_directional_pleiotropy	90	summary_MR_GxE	causal_effect	-0.03832497118661815	0.0445300932409129	0.3894290271895648	0.0	0.04800988292317993	
constant_null_directional_pleiotropy	91	PlantMR	environment_slope	-0.07467700166573879	0.022766390865766706	0.0010375474075877864		0.210195212621445	
constant_null_directional_pleiotropy	91	summary_MR_GxE	causal_effect	-0.03696779329269198	0.04490503310127916	0.41036932515299984	0.0	0.0435995714194441	
constant_null_directional_pleiotropy	92	PlantMR	environment_slope	-0.06354513555403965	0.021289564980692267	0.0028376196180776468		0.18905801650134682	
constant_null_directional_pleiotropy	92	summary_MR_GxE	causal_effect	-0.0185732386516472	0.04385410280161781	0.6719134307431007	0.0	0.037964019512608756	
constant_null_directional_pleiotropy	93	PlantMR	environment_slope	-0.057564838155777454	0.021510621959844364	0.007448170289291369		0.23003938381189065	
constant_null_directional_pleiotropy	93	summary_MR_GxE	causal_effect	0.038076026247517436	0.04410708785827278	0.38799276694018037	0.0	0.03538769379824552	
constant_null_directional_pleiotropy	94	PlantMR	environment_slope	-0.07366331086019332	0.022142262507151074	0.0008784325105346357		0.2633582013694643	
constant_null_directional_pleiotropy	94	summary_MR_GxE	causal_effect	-0.003580479726900121	0.04680389554721943	0.9390216247345531	0.0	0.048660594663418946	
constant_null_directional_pleiotropy	95	PlantMR	environment_slope	-0.0794763247107876	0.022048717819967534	0.00031266045697655873		0.22063226752412005	
constant_null_directional_pleiotropy	95	summary_MR_GxE	causal_effect	-0.008388660434761414	0.0447175275536755	0.8511963225658099	0.0	0.03615799261762432	
constant_null_directional_pleiotropy	96	PlantMR	environment_slope	-0.03687386251224728	0.022124472014916016	0.0955830202498296		0.18581683518903064	
constant_null_directional_pleiotropy	96	summary_MR_GxE	causal_effect	0.06425691146938317	0.04516961955605842	0.1548610655940926	0.0	0.02137667317741252	
constant_null_directional_pleiotropy	97	PlantMR	environment_slope	-0.08003043853978092	0.021767362438673617	0.00023633966281536982		0.2569463176149485	
constant_null_directional_pleiotropy	97	summary_MR_GxE	causal_effect	-0.026430240805097927	0.04430374532722009	0.5507951770651599	0.0	0.054365944825682404	
constant_null_directional_pleiotropy	98	PlantMR	environment_slope	-0.07283633018921289	0.02089827582922109	0.0004916234132270838		0.18798887901920888	
constant_null_directional_pleiotropy	98	summary_MR_GxE	causal_effect	-0.030771914234036912	0.041705120989543445	0.4606086554161833	0.0	0.037712591165160195	
constant_null_directional_pleiotropy	99	PlantMR	environment_slope	-0.04819396004936192	0.020979496664146086	0.02160774279548957		0.1307172512171759	
constant_null_directional_pleiotropy	99	summary_MR_GxE	causal_effect	-0.02860211783994762	0.04273423062083673	0.5033026749021751	0.0	0.03107037238968311	
constant_null_directional_pleiotropy	100	PlantMR	environment_slope	-0.08672826888401239	0.02060810273641709	2.5712294804878836e-05		0.2780405256394286	
constant_null_directional_pleiotropy	100	summary_MR_GxE	causal_effect	0.01977557681026315	0.04124107382010211	0.6315746572485847	0.0	0.046037806570416895	
constant_null_directional_pleiotropy	101	PlantMR	environment_slope	-0.07136793360748404	0.02054362560201468	0.0005128188714165815		0.2606295780130199	
constant_null_directional_pleiotropy	101	summary_MR_GxE	causal_effect	0.059546882399028445	0.042223508180494154	0.158457627859224	0.0	0.032858154601625764	
constant_null_directional_pleiotropy	102	PlantMR	environment_slope	-0.07930146314250797	0.021893127977312552	0.0002920991068688128		0.29809017650818415	
constant_null_directional_pleiotropy	102	summary_MR_GxE	causal_effect	0.017992982296329008	0.04330337677768435	0.6777686602053867	0.0	0.054010072159533934	
constant_null_directional_pleiotropy	103	PlantMR	environment_slope	-0.10974812687595609	0.021879049952559956	5.272306250907707e-07		0.3183538117683649	
constant_null_directional_pleiotropy	103	summary_MR_GxE	causal_effect	-0.006314231375909418	0.042707135416097004	0.8824614922618577	0.0	0.05554129781841351	
constant_null_directional_pleiotropy	104	PlantMR	environment_slope	-0.1031018529461223	0.021429987596767373	1.5010049982664194e-06		0.3099927088009505	
constant_null_directional_pleiotropy	104	summary_MR_GxE	causal_effect	-0.044865900293606154	0.044621147989649786	0.3146633114779555	0.0	0.06538095973497152	
constant_null_directional_pleiotropy	105	PlantMR	environment_slope	-0.06387638864049959	0.020965923471500933	0.0023138650424508887		0.24405467548614404	
constant_null_directional_pleiotropy	105	summary_MR_GxE	causal_effect	0.054846719700646696	0.04296095041263177	0.2017207244425731	0.0	0.03229588840973427	
constant_null_directional_pleiotropy	106	PlantMR	environment_slope	-0.06201016224731759	0.022198415718580326	0.005214910579640597		0.2518652061160258	
constant_null_directional_pleiotropy	106	summary_MR_GxE	causal_effect	0.0546396738713989	0.044049872616149115	0.2148257028179455	0.0	0.03567271948449656	
constant_null_directional_pleiotropy	107	PlantMR	environment_slope	-0.12288495659069303	0.022352498532663814	3.850086044037809e-08		0.2800107896319437	
constant_null_directional_pleiotropy	107	summary_MR_GxE	causal_effect	-0.09410405698497129	0.04507218983051371	0.03681119658443068	0.0	0.06062906787763211	
constant_null_directional_pleiotropy	108	PlantMR	environment_slope	-0.0800748061677687	0.020943498920454287	0.00013163846340099567		0.23029448174147069	
constant_null_directional_pleiotropy	108	summary_MR_GxE	causal_effect	-0.023182114081906624	0.0420017698311268	0.5809950531603227	0.0	0.045396387641929686	
constant_null_directional_pleiotropy	109	PlantMR	environment_slope	-0.09854472941999319	0.022430219776567194	1.1159606843777902e-05		0.26600068740642174	
constant_null_directional_pleiotropy	109	summary_MR_GxE	causal_effect	-0.03430452542050216	0.0455672177755732	0.45155000782525356	0.0	0.04963459623434984	
constant_null_directional_pleiotropy	110	PlantMR	environment_slope	-0.03752757476214351	0.021123317935464528	0.07563494773326566		0.18580221447929854	
constant_null_directional_pleiotropy	110	summary_MR_GxE	causal_effect	0.044711085724340405	0.04413443420479338	0.31102873441875967	0.0	0.029532573334765014	
constant_null_directional_pleiotropy	111	PlantMR	environment_slope	-0.04785903985028761	0.022459709803088992	0.03309868667586674		0.22296263415198508	
constant_null_directional_pleiotropy	111	summary_MR_GxE	causal_effect	0.05811908936189453	0.04431440026083648	0.18968315353020312	0.0	0.030794868654179575	
constant_null_directional_pleiotropy	112	PlantMR	environment_slope	-0.08091402829118978	0.021193715291584658	0.0001346299647213863		0.20647578074368622	
constant_null_directional_pleiotropy	112	summary_MR_GxE	causal_effect	-0.04745110501789507	0.04472041886463149	0.2886620515737878	0.0	0.04408468197455923	
constant_null_directional_pleiotropy	113	PlantMR	environment_slope	-0.07397818356589742	0.02267949003139659	0.0011066894992654449		0.2430478980540685	
constant_null_directional_pleiotropy	113	summary_MR_GxE	causal_effect	0.024922709702789703	0.04442391575028624	0.5747838341947654	0.0	0.03456835431991916	
constant_null_directional_pleiotropy	114	PlantMR	environment_slope	-0.056946218931192755	0.022264437687629687	0.010536059843513086		0.2347167986472649	
constant_null_directional_pleiotropy	114	summary_MR_GxE	causal_effect	0.050528277545961287	0.0435510476998064	0.24596409700938615	0.0	0.03356237403713681	
constant_null_directional_pleiotropy	115	PlantMR	environment_slope	-0.08213293233777057	0.021158626940968237	0.00010369875016720321		0.3159524029733599	
constant_null_directional_pleiotropy	115	summary_MR_GxE	causal_effect	0.03859677181428062	0.042785862030736664	0.36700814765382894	0.0	0.05357649855647306	
constant_null_directional_pleiotropy	116	PlantMR	environment_slope	-0.05654874219325434	0.02245229337306346	0.011781651877919503		0.21172111699410548	
constant_null_directional_pleiotropy	116	summary_MR_GxE	causal_effect	0.011533611887971695	0.044530044066842966	0.7956295144018666	0.0	0.037761505134715156	
constant_null_directional_pleiotropy	117	PlantMR	environment_slope	-0.057470308277360604	0.0218425699350476	0.008510529124535598		0.22017587406110956	
constant_null_directional_pleiotropy	117	summary_MR_GxE	causal_effect	0.007494296758631502	0.04404972194829263	0.8649058019716526	0.0	0.0426395709554238	
constant_null_directional_pleiotropy	118	PlantMR	environment_slope	-0.06076048418777216	0.021082861683852566	0.0039517895836311285		0.24881928488785854	
constant_null_directional_pleiotropy	118	summary_MR_GxE	causal_effect	0.03059429782001033	0.042459495611996495	0.4711848570284497	0.0	0.04470442933224167	
constant_null_directional_pleiotropy	119	PlantMR	environment_slope	-0.05834673922560084	0.021629446504089378	0.006984960371175873		0.18733269212379222	
constant_null_directional_pleiotropy	119	summary_MR_GxE	causal_effect	-0.011240396415912846	0.04404200571208934	0.7985532597734977	0.0	0.03551942045280684	
constant_null_directional_pleiotropy	120	PlantMR	environment_slope	-0.038316409077038475	0.021780269090848927	0.07853918120248538		0.12055942943683268	
constant_null_directional_pleiotropy	120	summary_MR_GxE	causal_effect	-0.016865830136534782	0.04521868534194838	0.7091606155639097	0.0	0.02746381537211094	
constant_null_directional_pleiotropy	121	PlantMR	environment_slope	-0.09256170807298673	0.02372547686449593	9.565241564793843e-05		0.23767535584868385	
constant_null_directional_pleiotropy	121	summary_MR_GxE	causal_effect	-0.05321363477208693	0.047553983966867296	0.2631336196114789	0.0	0.04626027040306124	
constant_null_directional_pleiotropy	122	PlantMR	environment_slope	-0.07431642083551243	0.022855504643286995	0.0011476690296338687		0.2593274552654017	
constant_null_directional_pleiotropy	122	summary_MR_GxE	causal_effect	0.020101916537465236	0.04702867241002837	0.6690591753953585	0.0	0.03930013305752281	
constant_null_directional_pleiotropy	123	PlantMR	environment_slope	-0.08264650910523005	0.020844057829469468	7.339860703249758e-05		0.22004476362123065	
constant_null_directional_pleiotropy	123	summary_MR_GxE	causal_effect	-0.055157402872844624	0.04377743245959764	0.20768717869737424	0.0	0.05185309355908484	
constant_null_directional_pleiotropy	124	PlantMR	environment_slope	-0.020602549248571064	0.022714334079005194	0.36439170568953283		0.14982239923464685	
constant_null_directional_pleiotropy	124	summary_MR_GxE	causal_effect	0.05633537098232827	0.04596866039959149	0.2203805200442764	0.0	0.019975467357390163	
constant_null_directional_pleiotropy	125	PlantMR	environment_slope	-0.11553386894694956	0.021703964443741897	1.019749683843996e-07		0.30292679631315333	
constant_null_directional_pleiotropy	125	summary_MR_GxE	causal_effect	-0.055491764059099336	0.04344871228555119	0.20153921230708927	0.0	0.06251294454114426	
constant_null_directional_pleiotropy	126	PlantMR	environment_slope	-0.06096842289379113	0.022584227290028014	0.006942249222697858		0.23093080049310216	
constant_null_directional_pleiotropy	126	summary_MR_GxE	causal_effect	0.019504552206151216	0.04683306143618957	0.6770663167439156	0.0	0.03728388786312463	
constant_null_directional_pleiotropy	127	PlantMR	environment_slope	-0.13625749417349117	0.022330899300964	1.0491545931536679e-09		0.33153516803731065	
constant_null_directional_pleiotropy	127	summary_MR_GxE	causal_effect	-0.1063065865674872	0.045466201637759565	0.01937971092371088	0.0	0.07639491807502327	
constant_null_directional_pleiotropy	128	PlantMR	environment_slope	-0.08330877090542757	0.021496946699718182	0.00010645978431238047		0.26820157039170583	
constant_null_directional_pleiotropy	128	summary_MR_GxE	causal_effect	-0.0072003555284057	0.04630470690837606	0.8764276033065361	0.0	0.04945966569327154	
constant_null_directional_pleiotropy	129	PlantMR	environment_slope	-0.06074558708342511	0.021155910005344	0.0040874930358042304		0.21499212390108602	
constant_null_directional_pleiotropy	129	summary_MR_GxE	causal_effect	0.02447998689697467	0.04430998950053908	0.5806256563790706	0.0	0.033739793502726906	
constant_null_directional_pleiotropy	130	PlantMR	environment_slope	-0.04887864839133051	0.021839253889271867	0.025213895032087576		0.1899357850542307	
constant_null_directional_pleiotropy	130	summary_MR_GxE	causal_effect	0.02373312658040022	0.044467958971742313	0.5935401323310799	0.0	0.031604193531200114	
constant_null_directional_pleiotropy	131	PlantMR	environment_slope	-0.06080084735800662	0.02178605620177843	0.005257555129342367		0.16229062948679615	
constant_null_directional_pleiotropy	131	summary_MR_GxE	causal_effect	-0.05128926849831347	0.04373995489644772	0.24095810789065364	0.0	0.04133894010179905	
constant_null_directional_pleiotropy	132	PlantMR	environment_slope	-0.09668120079960914	0.02285358795535527	2.3321340935062428e-05		0.2610384556412685	
constant_null_directional_pleiotropy	132	summary_MR_GxE	causal_effect	-0.0471633179948211	0.046410604570474315	0.30952531748261813	0.0	0.05291317812782759	
constant_null_directional_pleiotropy	133	PlantMR	environment_slope	-0.07403107348435453	0.02107518296149465	0.00044355597444837094		0.25193191738587833	
constant_null_directional_pleiotropy	133	summary_MR_GxE	causal_effect	0.016325117804342315	0.04317974902206264	0.705376011591716	0.0	0.04254490430749666	
constant_null_directional_pleiotropy	134	PlantMR	environment_slope	-0.07308143677597728	0.023330906753756726	0.0017339096175254635		0.22780790225114567	
constant_null_directional_pleiotropy	134	summary_MR_GxE	causal_effect	0.010260326166776135	0.04513321858162052	0.8201638465219883	0.0	0.0340248966538285	
constant_null_directional_pleiotropy	135	PlantMR	environment_slope	-0.10201238103563762	0.021501404276255364	2.090715207635089e-06		0.28699147866005303	
constant_null_directional_pleiotropy	135	summary_MR_GxE	causal_effect	-0.03274570998852622	0.0436203923837165	0.4528348593460415	0.0	0.05640832767405969	
constant_null_directional_pleiotropy	136	PlantMR	environment_slope	-0.10315923806386208	0.021862670624320336	2.3757785970878563e-06		0.28353199439708543	
constant_null_directional_pleiotropy	136	summary_MR_GxE	causal_effect	-0.04991278984922648	0.04523140236994919	0.2698106928778312	0.0	0.05860705028608724	
constant_null_directional_pleiotropy	137	PlantMR	environment_slope	-0.03644098055137325	0.021835166498358094	0.09513473791416449		0.18937730770459638	
constant_null_directional_pleiotropy	137	summary_MR_GxE	causal_effect	0.05181248262000426	0.043385976132365695	0.23239118068402081	0.0	0.027174861623217444	
constant_null_directional_pleiotropy	138	PlantMR	environment_slope	-0.07469527045651397	0.021468068724637655	0.0005026014723642346		0.2437877584369457	
constant_null_directional_pleiotropy	138	summary_MR_GxE	causal_effect	-0.016045117347035454	0.04404029285514109	0.7156129997816447	0.0	0.04953853585435108	
constant_null_directional_pleiotropy	139	PlantMR	environment_slope	-0.04886570288843092	0.022846251768699217	0.03244428225535023		0.2755099563684273	
constant_null_directional_pleiotropy	139	summary_MR_GxE	causal_effect	0.1201139314475208	0.04590016763877574	0.008874488991244829	0.0	0.02676270401719437	
constant_null_directional_pleiotropy	140	PlantMR	environment_slope	-0.07409792243882586	0.02170395321395721	0.0006400979728745176		0.19207805680721665	
constant_null_directional_pleiotropy	140	summary_MR_GxE	causal_effect	-0.05979087455593768	0.04441484931982307	0.17824089680927171	0.0	0.04622200969492521	
constant_null_directional_pleiotropy	141	PlantMR	environment_slope	-0.07309803216751694	0.02144894307053146	0.0006544051249419296		0.23260006518119372	
constant_null_directional_pleiotropy	141	summary_MR_GxE	causal_effect	-0.007205239171219513	0.04364214243388775	0.8688666895595129	0.0	0.04339435354763358	
constant_null_directional_pleiotropy	142	PlantMR	environment_slope	-0.04549178323184973	0.023561613470023012	0.053512936501862354		0.22869753354705327	
constant_null_directional_pleiotropy	142	summary_MR_GxE	causal_effect	0.05978358951637236	0.045645573138801035	0.19028561176389203	0.0	0.031488747377366885	
constant_null_directional_pleiotropy	143	PlantMR	environment_slope	-0.0722978610437611	0.022630830560373034	0.001399945487351761		0.2685915885553797	
constant_null_directional_pleiotropy	143	summary_MR_GxE	causal_effect	0.03374178434198033	0.04533255027167181	0.4566847653727512	0.0	0.0415033144343038	
constant_null_directional_pleiotropy	144	PlantMR	environment_slope	-0.035479186373514306	0.022378004119875512	0.11286433414207236		0.14232371952891526	
constant_null_directional_pleiotropy	144	summary_MR_GxE	causal_effect	-0.0018137741108656957	0.04511958136969725	0.9679342617884186	0.0	0.02898951080851904	
constant_null_directional_pleiotropy	145	PlantMR	environment_slope	-0.06369908520793366	0.022480131361240073	0.004603084471920437		0.2870424869549214	
constant_null_directional_pleiotropy	145	summary_MR_GxE	causal_effect	0.05658858557598395	0.04560002566476812	0.2146142250968457	0.0	0.044047445425303366	
constant_null_directional_pleiotropy	146	PlantMR	environment_slope	-0.07638613092605942	0.022910506449675638	0.0008557304729472784		0.2791286210554568	
constant_null_directional_pleiotropy	146	summary_MR_GxE	causal_effect	0.0170497388606215	0.04490837079630106	0.7042006792831352	0.0	0.047152308575646104	
constant_null_directional_pleiotropy	147	PlantMR	environment_slope	-0.0873106463925802	0.021741896266323172	5.9249805522998254e-05		0.23732113974721836	
constant_null_directional_pleiotropy	147	summary_MR_GxE	causal_effect	-0.05868107093152264	0.045832562953374116	0.20042706386799283	0.0	0.05285088635316016	
constant_null_directional_pleiotropy	148	PlantMR	environment_slope	-0.06183604479160318	0.02215263893959131	0.00524866588881467		0.2334614349064772	
constant_null_directional_pleiotropy	148	summary_MR_GxE	causal_effect	0.049996422857680745	0.043791587705402195	0.2535828506013439	0.0	0.030882574152184566	
constant_null_directional_pleiotropy	149	PlantMR	environment_slope	-0.047307015171184096	0.020782780212391917	0.022830441499663363		0.1859052088283319	
constant_null_directional_pleiotropy	149	summary_MR_GxE	causal_effect	0.0031680601409586062	0.04330187732912175	0.9416770543842417	0.0	0.03758975447771719	
constant_null_directional_pleiotropy	150	PlantMR	environment_slope	-0.05118131669455182	0.02183506676435366	0.019078358343835047		0.19853933438606303	
constant_null_directional_pleiotropy	150	summary_MR_GxE	causal_effect	0.02884348106480361	0.044678659326437276	0.5185538264761379	0.0	0.030865896614814578	
constant_null_directional_pleiotropy	151	PlantMR	environment_slope	-0.07950666886815758	0.02187173523337685	0.00027783714538633585		0.26944820618831994	
constant_null_directional_pleiotropy	151	summary_MR_GxE	causal_effect	0.01011236276028965	0.04464043489047293	0.8207898379163672	0.0	0.04658050198269749	
constant_null_directional_pleiotropy	152	PlantMR	environment_slope	-0.09015865303908019	0.02240026879046728	5.700157337835152e-05		0.2041945167746756	
constant_null_directional_pleiotropy	152	summary_MR_GxE	causal_effect	-0.08806009791552194	0.0454212276530739	0.05253261105221067	0.0	0.04998705472695925	
constant_null_directional_pleiotropy	153	PlantMR	environment_slope	-0.12001111874814825	0.022619149276182353	1.1222242543328298e-07		0.29763605965955353	
constant_null_directional_pleiotropy	153	summary_MR_GxE	causal_effect	-0.07953662111272353	0.04601334155521237	0.08388865454782801	0.0	0.06372337997603256	
constant_null_directional_pleiotropy	154	PlantMR	environment_slope	-0.04101192272455646	0.02109959833272874	0.051928016316428155		0.2078059093656676	
constant_null_directional_pleiotropy	154	summary_MR_GxE	causal_effect	0.04352594168887142	0.043339968703450464	0.3152383573048251	0.0	0.03462149517956788	
constant_null_directional_pleiotropy	155	PlantMR	environment_slope	-0.06703813804347974	0.02105727440138998	0.0014545110675251848		0.23338035215349878	
constant_null_directional_pleiotropy	155	summary_MR_GxE	causal_effect	0.020159553605995806	0.04525951462290078	0.6560152940033628	0.0	0.03754577094855778	
constant_null_directional_pleiotropy	156	PlantMR	environment_slope	-0.05660571106733843	0.02191660434409486	0.009800852734286701		0.17780050944113998	
constant_null_directional_pleiotropy	156	summary_MR_GxE	causal_effect	-0.015398880151295702	0.0449948025405168	0.7321726443338634	0.0	0.034872232723100444	
constant_null_directional_pleiotropy	157	PlantMR	environment_slope	-0.0794377501422918	0.021199616901425893	0.0001788683997302657		0.2844079601937338	
constant_null_directional_pleiotropy	157	summary_MR_GxE	causal_effect	0.04702678223106105	0.044198024629655316	0.2873278383232736	0.0	0.03978718339121158	
constant_null_directional_pleiotropy	158	PlantMR	environment_slope	-0.1298031789431094	0.021276890151062433	1.0562808392810035e-09		0.3038190870029915	
constant_null_directional_pleiotropy	158	summary_MR_GxE	causal_effect	-0.10917677300763118	0.043626767939537375	0.012331334714518855	0.0	0.07349469326636011	
constant_null_directional_pleiotropy	159	PlantMR	environment_slope	-0.0327630203596379	0.02139924682149345	0.12576045976659894		0.14307376333678942	
constant_null_directional_pleiotropy	159	summary_MR_GxE	causal_effect	0.008213357706506413	0.04494185294112018	0.8549900950142384	0.0	0.028476464820229808	
constant_null_directional_pleiotropy	160	PlantMR	environment_slope	-0.08062245890947514	0.02213190150327453	0.00026967094752164053		0.2575002741190763	
constant_null_directional_pleiotropy	160	summary_MR_GxE	causal_effect	0.00929352928967353	0.04641169904672768	0.8412920312910597	0.0	0.03992144125530231	
constant_null_directional_pleiotropy	161	PlantMR	environment_slope	-0.07338809411288064	0.022050047196954352	0.0008739305410192309		0.1988720385002931	
constant_null_directional_pleiotropy	161	summary_MR_GxE	causal_effect	-0.04591699578192701	0.04493182915962397	0.3068160169398618	0.0	0.045034252987151586	
constant_null_directional_pleiotropy	162	PlantMR	environment_slope	-0.07499933465229223	0.022922555094034226	0.0010684339912293789		0.21625801205864853	
constant_null_directional_pleiotropy	162	summary_MR_GxE	causal_effect	-0.038971732771564654	0.04574745131889396	0.3942759184615639	0.0	0.046075910551957776	
constant_null_directional_pleiotropy	163	PlantMR	environment_slope	-0.013373597998594444	0.02095939558145409	0.5234269818724279		0.1442025898348554	
constant_null_directional_pleiotropy	163	summary_MR_GxE	causal_effect	0.08601592349606602	0.04127120432243541	0.037145328783249484	0.0	0.013073507203997158	
constant_null_directional_pleiotropy	164	PlantMR	environment_slope	-0.05082553353074687	0.02176475969480241	0.019531855535970498		0.20024314586702216	
constant_null_directional_pleiotropy	164	summary_MR_GxE	causal_effect	0.01861835669451606	0.045221463078798194	0.680548296464454	0.0	0.034550513163422274	
constant_null_directional_pleiotropy	165	PlantMR	environment_slope	-0.06438607102079649	0.022690552635031436	0.0045458129342977795		0.17198388723622782	
constant_null_directional_pleiotropy	165	summary_MR_GxE	causal_effect	-0.0521419551371986	0.046319794965934004	0.26029469988913756	0.0	0.039840402586867225	
constant_null_directional_pleiotropy	166	PlantMR	environment_slope	-0.08355644029464603	0.022170586907833998	0.00016403625720467263		0.2689284487125445	
constant_null_directional_pleiotropy	166	summary_MR_GxE	causal_effect	-0.01987618864297047	0.04433938525986798	0.6539555429527805	0.0	0.05367858953739672	
constant_null_directional_pleiotropy	167	PlantMR	environment_slope	-0.07506289634761588	0.020718174514756393	0.0002911541795117017		0.24806693318948733	
constant_null_directional_pleiotropy	167	summary_MR_GxE	causal_effect	0.02574560105915269	0.042599182899986154	0.5455987236767912	0.0	0.038129566411317845	
constant_null_directional_pleiotropy	168	PlantMR	environment_slope	-0.04787768237022474	0.021767315558263795	0.02784084967929484		0.20131182745670612	
constant_null_directional_pleiotropy	168	summary_MR_GxE	causal_effect	0.01981020513845655	0.046139782631687117	0.6676671240392478	0.0	0.03440529549641883	
constant_null_directional_pleiotropy	169	PlantMR	environment_slope	-0.048793531605517144	0.02285647749564145	0.032779054146107156		0.19375014009866187	
constant_null_directional_pleiotropy	169	summary_MR_GxE	causal_effect	0.05315929787090459	0.04718008782911957	0.2598559595527935	0.0	0.021426780627795877	
constant_null_directional_pleiotropy	170	PlantMR	environment_slope	-0.07057236088375726	0.021262400998822723	0.000903031286707555		0.21929199495946297	
constant_null_directional_pleiotropy	170	summary_MR_GxE	causal_effect	-0.013680127625765204	0.044274891070087426	0.7573355073183982	0.0	0.043111217901866644	
constant_null_directional_pleiotropy	171	PlantMR	environment_slope	-0.0808953999581773	0.02245036193445007	0.00031420194737345313		0.2757295354107273	
constant_null_directional_pleiotropy	171	summary_MR_GxE	causal_effect	0.008831043503036484	0.04330751859840708	0.8384200881955771	0.0	0.04801355126145915	
constant_null_directional_pleiotropy	172	PlantMR	environment_slope	-0.10214793986183603	0.02237836407561193	5.0048393892247335e-06		0.2974865590292245	
constant_null_directional_pleiotropy	172	summary_MR_GxE	causal_effect	-0.020939714362579076	0.04517742069597483	0.6430063341581647	0.0	0.053589671098900483	
constant_null_directional_pleiotropy	173	PlantMR	environment_slope	-0.06695925876083966	0.021383828299899026	0.0017403214042389437		0.17101370825777015	
constant_null_directional_pleiotropy	173	summary_MR_GxE	causal_effect	-0.04920222352510284	0.0438529076866886	0.261869604105917	0.0	0.039580394508356376	
constant_null_directional_pleiotropy	174	PlantMR	environment_slope	-0.09498799687467827	0.021385480176547553	8.924881133734413e-06		0.2950618953887322	
constant_null_directional_pleiotropy	174	summary_MR_GxE	causal_effect	7.781860132050067e-05	0.0425532873702971	0.998540882978349	0.0	0.05164258026797147	
constant_null_directional_pleiotropy	175	PlantMR	environment_slope	-0.0611894246377677	0.021165581177337797	0.003840337399034089		0.21326270953049484	
constant_null_directional_pleiotropy	175	summary_MR_GxE	causal_effect	0.0341303022045627	0.042028769618489344	0.41675147628798725	0.0	0.030838210700212518	
constant_null_directional_pleiotropy	176	PlantMR	environment_slope	-0.05590792022293109	0.02199693008761728	0.011033887470108684		0.20868191282948095	
constant_null_directional_pleiotropy	176	summary_MR_GxE	causal_effect	0.014976704653666517	0.04395644177598675	0.7333166792125583	0.0	0.035720054831535696	
constant_null_directional_pleiotropy	177	PlantMR	environment_slope	-0.041524040261803105	0.021787509401191105	0.05666779060787216		0.1703071210800059	
constant_null_directional_pleiotropy	177	summary_MR_GxE	causal_effect	0.02755404605606751	0.04410976601642108	0.5321876887165805	0.0	0.02557113816871731	
constant_null_directional_pleiotropy	178	PlantMR	environment_slope	-0.07511554496676638	0.020875100179761998	0.0003202643901734959		0.20994669103799032	
constant_null_directional_pleiotropy	178	summary_MR_GxE	causal_effect	-0.021322095843976013	0.04363521128205483	0.6250935672875666	0.0	0.03987243675273251	
constant_null_directional_pleiotropy	179	PlantMR	environment_slope	-0.022088034607158996	0.021798916080048733	0.3109345664490029		0.15108207922770928	
constant_null_directional_pleiotropy	179	summary_MR_GxE	causal_effect	0.05262653870487863	0.043557718600188346	0.22696943162206412	0.0	0.02289042453342778	
constant_null_directional_pleiotropy	180	PlantMR	environment_slope	-0.07161376332094904	0.02262073283316866	0.0015463247728679116		0.23996537931222198	
constant_null_directional_pleiotropy	180	summary_MR_GxE	causal_effect	0.031979396472423594	0.0439461003103772	0.4667997682875201	0.0	0.03409940208709607	
constant_null_directional_pleiotropy	181	PlantMR	environment_slope	-0.07224287704402524	0.0239217087054662	0.0025279852378075323		0.251155917373672	
constant_null_directional_pleiotropy	181	summary_MR_GxE	causal_effect	0.002062470957506002	0.04827996994875583	0.9659255513958285	0.0	0.04248022230459968	
constant_null_directional_pleiotropy	182	PlantMR	environment_slope	-0.06093602536869409	0.02247218669076094	0.006695535048347317		0.23263989042731684	
constant_null_directional_pleiotropy	182	summary_MR_GxE	causal_effect	0.028260819268674187	0.04559247958617563	0.5353519138980144	0.0	0.0356513457478198	
constant_null_directional_pleiotropy	183	PlantMR	environment_slope	-0.07866776239949524	0.021523384104544335	0.0002571915959885632		0.25359643637027596	
constant_null_directional_pleiotropy	183	summary_MR_GxE	causal_effect	0.027489519138989504	0.043973749985500146	0.5318826234071283	0.0	0.036491999130172446	
constant_null_directional_pleiotropy	184	PlantMR	environment_slope	-0.059026571042237005	0.021838501932702457	0.006874420142677102		0.1853220438228798	
constant_null_directional_pleiotropy	184	summary_MR_GxE	causal_effect	0.0026853664096859464	0.04394575183558895	0.9512744772944879	0.0	0.03211516146537215	
constant_null_directional_pleiotropy	185	PlantMR	environment_slope	-0.1010656808524159	0.02234305529501277	6.086560701700649e-06		0.325844187378031	
constant_null_directional_pleiotropy	185	summary_MR_GxE	causal_effect	0.0006499376195179263	0.044946356835886554	0.9884627552306519	0.0	0.057381715722885085	
constant_null_directional_pleiotropy	186	PlantMR	environment_slope	-0.0787464736752821	0.021098213974661786	0.00018968185777600564		0.21959525111418574	
constant_null_directional_pleiotropy	186	summary_MR_GxE	causal_effect	-0.028789171747577863	0.0432512958788972	0.5056504099536585	0.0	0.043966573241555625	
constant_null_directional_pleiotropy	187	PlantMR	environment_slope	-0.07471234242546357	0.02232444784391309	0.0008179138586892051		0.18203988088233963	
constant_null_directional_pleiotropy	187	summary_MR_GxE	causal_effect	-0.06394029808365895	0.044949789484857394	0.15488616911505815	0.0	0.04427273930634459	
constant_null_directional_pleiotropy	188	PlantMR	environment_slope	-0.06998903803474606	0.0213169813598958	0.0010261661054327715		0.25058570659291823	
constant_null_directional_pleiotropy	188	summary_MR_GxE	causal_effect	0.03457563231913896	0.042855025005760744	0.4197790549165038	0.0	0.03817450686566683	
constant_null_directional_pleiotropy	189	PlantMR	environment_slope	-0.09562477126713331	0.022190520045016864	1.6380001035591306e-05		0.22497148291415872	
constant_null_directional_pleiotropy	189	summary_MR_GxE	causal_effect	-0.05749267856508336	0.046003874122212796	0.21139615340059348	0.0	0.04496097878063414	
constant_null_directional_pleiotropy	190	PlantMR	environment_slope	-0.05044610124105344	0.022454671499921773	0.02466720817843119		0.2080271156657439	
constant_null_directional_pleiotropy	190	summary_MR_GxE	causal_effect	0.03847182444986119	0.04521100512748714	0.39480303062394173	0.0	0.030712449745808383	
constant_null_directional_pleiotropy	191	PlantMR	environment_slope	-0.06893045619617158	0.02078563832495119	0.0009123286901327361		0.20509316488702137	
constant_null_directional_pleiotropy	191	summary_MR_GxE	causal_effect	-0.03550469480086421	0.0428665219710805	0.40752235515814506	0.0	0.04738915270552112	
constant_null_directional_pleiotropy	192	PlantMR	environment_slope	-0.08994167439424422	0.02345497313386863	0.0001257418725539501		0.2365328676572809	
constant_null_directional_pleiotropy	192	summary_MR_GxE	causal_effect	-0.01360707679297804	0.045622537585508105	0.7655097706140707	0.0	0.03748062144491587	
constant_null_directional_pleiotropy	193	PlantMR	environment_slope	-0.07194665357773683	0.02190581249408277	0.0010221295462602442		0.3063078424873608	
constant_null_directional_pleiotropy	193	summary_MR_GxE	causal_effect	0.08297980565335689	0.04325001993525863	0.05503404612448909	0.0	0.039783694495557534	
constant_null_directional_pleiotropy	194	PlantMR	environment_slope	-0.06303034481276958	0.02184945784724611	0.003917176915209111		0.1973384264087222	
constant_null_directional_pleiotropy	194	summary_MR_GxE	causal_effect	-0.0389263556803158	0.0438094906110798	0.3742519338365159	0.0	0.04789099646752317	
constant_null_directional_pleiotropy	195	PlantMR	environment_slope	-0.10072624943292185	0.022460357550963678	7.304275840988015e-06		0.20552634262210767	
constant_null_directional_pleiotropy	195	summary_MR_GxE	causal_effect	-0.09488432185584608	0.046312048124005564	0.040481258268619216	0.0	0.047355599104355134	
constant_null_directional_pleiotropy	196	PlantMR	environment_slope	-0.034132233397437026	0.021198479611646618	0.1073702469164775		0.1704307360900849	
constant_null_directional_pleiotropy	196	summary_MR_GxE	causal_effect	0.0476288016136103	0.04275869097805764	0.26532313567010835	0.0	0.023959342687685188	
constant_null_directional_pleiotropy	197	PlantMR	environment_slope	-0.04434241644878064	0.021446109467187398	0.03867571903252323		0.16092192816402429	
constant_null_directional_pleiotropy	197	summary_MR_GxE	causal_effect	0.005770254342030906	0.045147985109618774	0.8983012578945428	0.0	0.02867777832024275	
constant_null_directional_pleiotropy	198	PlantMR	environment_slope	-0.06290938717060086	0.021522007386105404	0.0034664756876352774		0.26338962578463865	
constant_null_directional_pleiotropy	198	summary_MR_GxE	causal_effect	0.04534646334445769	0.04389311891535919	0.30155196290487807	0.0	0.04299986413340935	
constant_null_directional_pleiotropy	199	PlantMR	environment_slope	-0.07374913234650145	0.022191314416102118	0.0008894859405841497		0.29140857897222405	
constant_null_directional_pleiotropy	199	summary_MR_GxE	causal_effect	0.05867898654509063	0.04410810728276476	0.18340472730739416	0.0	0.03996297278967126	
constant_null_directional_pleiotropy	200	PlantMR	environment_slope	-0.05701061332339986	0.021379884636918447	0.00766333322844533		0.1824118849835909	
constant_null_directional_pleiotropy	200	summary_MR_GxE	causal_effect	-0.009451650206203782	0.04336844190995241	0.827477082769479	0.0	0.03591802162292461	
constant_null_directional_pleiotropy	201	PlantMR	environment_slope	-0.0634565165297007	0.021293998273014217	0.002882306337158374		0.2125276364246575	
constant_null_directional_pleiotropy	201	summary_MR_GxE	causal_effect	-0.004564436549405693	0.04374144552667789	0.9168912970680334	0.0	0.04105236077328277	
constant_null_directional_pleiotropy	202	PlantMR	environment_slope	-0.09699494761504704	0.022838976221406952	2.1674442863094947e-05		0.25527496472489813	
constant_null_directional_pleiotropy	202	summary_MR_GxE	causal_effect	-0.04723708048544911	0.0465248149432176	0.30995837993388103	0.0	0.04939089440171774	
constant_null_directional_pleiotropy	203	PlantMR	environment_slope	-0.051375794332004586	0.022628899749863332	0.02318562746976636		0.19609910968340294	
constant_null_directional_pleiotropy	203	summary_MR_GxE	causal_effect	0.043480823201427904	0.04517813201918848	0.3358332765678821	0.0	0.025280467239609652	
constant_null_directional_pleiotropy	204	PlantMR	environment_slope	-0.0708461011974481	0.02192086984949928	0.0012296925870321131		0.2437451360040911	
constant_null_directional_pleiotropy	204	summary_MR_GxE	causal_effect	-0.00325111180955312	0.04556227054512827	0.9431149436817212	0.0	0.04647895747890134	
constant_null_directional_pleiotropy	205	PlantMR	environment_slope	-0.09279997488663544	0.02228818778637158	3.132147687954042e-05		0.2664325425296037	
constant_null_directional_pleiotropy	205	summary_MR_GxE	causal_effect	-0.014498315689012664	0.043977689241189756	0.7416460442383266	0.0	0.04808221773605678	
constant_null_directional_pleiotropy	206	PlantMR	environment_slope	-0.08372012552928705	0.023407187036705374	0.00034797960017952717		0.24407085292140548	
constant_null_directional_pleiotropy	206	summary_MR_GxE	causal_effect	-0.018096121027377343	0.04538317176941923	0.6900842209948737	0.0	0.04406705107472265	
constant_null_directional_pleiotropy	207	PlantMR	environment_slope	-0.08003221678348599	0.02316155250586735	0.0005494956106812615		0.27192330783286023	
constant_null_directional_pleiotropy	207	summary_MR_GxE	causal_effect	-0.006797296600824676	0.04586504781959056	0.8821832711644622	0.0	0.050899852622377374	
constant_null_directional_pleiotropy	208	PlantMR	environment_slope	-0.05291336224162248	0.022832680761209576	0.020479788536370308		0.22756087603364888	
constant_null_directional_pleiotropy	208	summary_MR_GxE	causal_effect	0.03600632835223749	0.043977973399953664	0.4129373337400016	0.0	0.03853741449200991	
constant_null_directional_pleiotropy	209	PlantMR	environment_slope	-0.08231785320432218	0.02181859768042446	0.00016140646833899688		0.2297326573508235	
constant_null_directional_pleiotropy	209	summary_MR_GxE	causal_effect	-0.03959398680973808	0.044211393771815745	0.3704874324914263	0.0	0.04735796631828353	
constant_null_directional_pleiotropy	210	PlantMR	environment_slope	-0.056213245437839024	0.0210518820934641	0.007580061053130419		0.17389085531286766	
constant_null_directional_pleiotropy	210	summary_MR_GxE	causal_effect	0.026723753427260938	0.04213910959058981	0.5259637778293959	0.0	0.02156111638975816	
constant_null_directional_pleiotropy	211	PlantMR	environment_slope	-0.07528398363757353	0.022226561728833843	0.000706310444266091		0.2835456748563327	
constant_null_directional_pleiotropy	211	summary_MR_GxE	causal_effect	0.03885654167412056	0.04461869641093684	0.3838317780023995	0.0	0.044442668172422276	
constant_null_directional_pleiotropy	212	PlantMR	environment_slope	-0.08357800111055612	0.020582099065260737	4.892304165563236e-05		0.22911711249072136	
constant_null_directional_pleiotropy	212	summary_MR_GxE	causal_effect	-0.025956070616701854	0.04160705967058761	0.5327338906315855	0.0	0.04550258122706389	
constant_null_directional_pleiotropy	213	PlantMR	environment_slope	-0.05692175959835375	0.022533356264808534	0.011533302788308717		0.16323085691485462	
constant_null_directional_pleiotropy	213	summary_MR_GxE	causal_effect	-0.029685624349552825	0.04657490485429832	0.5238813864898754	0.0	0.03412718403273763	
constant_null_directional_pleiotropy	214	PlantMR	environment_slope	-0.07884267758647787	0.022143025480991407	0.0003699942971916474		0.2489487131400321	
constant_null_directional_pleiotropy	214	summary_MR_GxE	causal_effect	-0.02742178876191026	0.04306686045070727	0.5243033503476054	0.0	0.053902594796623675	
constant_null_directional_pleiotropy	215	PlantMR	environment_slope	-0.014116788348668183	0.020564772884025095	0.49242631834735306		0.11896916524694898	
constant_null_directional_pleiotropy	215	summary_MR_GxE	causal_effect	0.08023074550008874	0.04157430051395939	0.05362965466674958	0.0	0.005936263443705465	
constant_null_directional_pleiotropy	216	PlantMR	environment_slope	-0.037008639574704766	0.022149197359045067	0.09474548353953668		0.20799657132972263	
constant_null_directional_pleiotropy	216	summary_MR_GxE	causal_effect	0.0869980987063727	0.044155202127421404	0.04880632285918617	0.0	0.021147969377150327	
constant_null_directional_pleiotropy	217	PlantMR	environment_slope	-0.06597057189794171	0.021549897784230748	0.0022038261233032373		0.21161647861056201	
constant_null_directional_pleiotropy	217	summary_MR_GxE	causal_effect	-0.021944121545403206	0.044314040196459716	0.6204619953396551	0.0	0.04401075581528631	
constant_null_directional_pleiotropy	218	PlantMR	environment_slope	-0.06522450292414	0.021736132474274184	0.0026932357552707535		0.15759843641432872	
constant_null_directional_pleiotropy	218	summary_MR_GxE	causal_effect	-0.07669406521396152	0.04357599092605835	0.07840655686648963	0.0	0.045095799284654486	
constant_null_directional_pleiotropy	219	PlantMR	environment_slope	-0.06624237603590062	0.022091001335687373	0.0027121106851797417		0.2016799729699742	
constant_null_directional_pleiotropy	219	summary_MR_GxE	causal_effect	-0.03984700556888787	0.04596977408166473	0.3860467693860072	0.0	0.04463442292960568	
constant_null_directional_pleiotropy	220	PlantMR	environment_slope	-0.06994457216038173	0.02115905111123862	0.0009475389509384446		0.2439076848739309	
constant_null_directional_pleiotropy	220	summary_MR_GxE	causal_effect	0.03126984600361177	0.04344530746928318	0.4716777167113767	0.0	0.03663873344301501	
constant_null_directional_pleiotropy	221	PlantMR	environment_slope	-0.06527413195178657	0.021735833235745735	0.0026727485795205765		0.16749141763692454	
constant_null_directional_pleiotropy	221	summary_MR_GxE	causal_effect	-0.03878498415179252	0.045923867488368256	0.39836235619208815	0.0	0.03647603695838191	
constant_null_directional_pleiotropy	222	PlantMR	environment_slope	-0.054678399761558506	0.02164064847967535	0.01151553634790471		0.1767848969645092	
constant_null_directional_pleiotropy	222	summary_MR_GxE	causal_effect	-0.00046941938881508993	0.043874695267539295	0.9914635227655848	0.0	0.03182546191995229	
constant_null_directional_pleiotropy	223	PlantMR	environment_slope	-0.06407163744850365	0.021574678330314973	0.002980315574357862		0.17696774671483195	
constant_null_directional_pleiotropy	223	summary_MR_GxE	causal_effect	-0.019257838389688392	0.0447211510867758	0.6667444312649693	0.0	0.03370750899351099	
constant_null_directional_pleiotropy	224	PlantMR	environment_slope	-0.043769843419652205	0.02218118114313545	0.04846283712319738		0.19386597280089513	
constant_null_directional_pleiotropy	224	summary_MR_GxE	causal_effect	0.04981035964735048	0.0462407518049779	0.281392646554987	0.0	0.025744156182718796	
constant_null_directional_pleiotropy	225	PlantMR	environment_slope	-0.0682085602226333	0.02302062258671581	0.0030472297990072846		0.24842881950545845	
constant_null_directional_pleiotropy	225	summary_MR_GxE	causal_effect	0.025941483585697866	0.04456979561685265	0.5605385329757695	0.0	0.038670118979956	
constant_null_directional_pleiotropy	226	PlantMR	environment_slope	-0.07911990467179268	0.022990624106427073	0.0005787150465117559		0.25913474179147356	
constant_null_directional_pleiotropy	226	summary_MR_GxE	causal_effect	0.026293388231207138	0.04537084840144167	0.5622372529421263	0.0	0.0362218253548633	
constant_null_directional_pleiotropy	227	PlantMR	environment_slope	-0.10002786369106696	0.022453117006638657	8.39066505636192e-06		0.22490880542015396	
constant_null_directional_pleiotropy	227	summary_MR_GxE	causal_effect	-0.06848854371420351	0.045021760296186805	0.128201620795547	0.0	0.04682828396029509	
constant_null_directional_pleiotropy	228	PlantMR	environment_slope	-0.05824861593275587	0.022319614059704014	0.009060837549523885		0.16057802453050843	
constant_null_directional_pleiotropy	228	summary_MR_GxE	causal_effect	-0.057935824473345915	0.04567189096109491	0.20461139610660453	0.0	0.0416101608153452	
constant_null_directional_pleiotropy	229	PlantMR	environment_slope	-0.07712312307592553	0.02170950106899729	0.0003815809663062033		0.26330634644499074	
constant_null_directional_pleiotropy	229	summary_MR_GxE	causal_effect	0.017181304568779476	0.044556372246912494	0.699786824965351	0.0	0.043749789021935104	
constant_null_directional_pleiotropy	230	PlantMR	environment_slope	-0.0887742307213559	0.022864541399598242	0.00010333875761594084		0.23000116427634282	
constant_null_directional_pleiotropy	230	summary_MR_GxE	causal_effect	-0.06418201750580951	0.046656560771704686	0.16893719102957355	0.0	0.050497447572355865	
constant_null_directional_pleiotropy	231	PlantMR	environment_slope	-0.07164042602450776	0.02140539657440991	0.0008173853134229606		0.2213711995811357	
constant_null_directional_pleiotropy	231	summary_MR_GxE	causal_effect	0.00551105605233454	0.04287515792341622	0.8977238000660135	0.0	0.03766546170721061	
constant_null_directional_pleiotropy	232	PlantMR	environment_slope	-0.07017045453560174	0.021971434095729343	0.001404556819196496		0.21381124317250472	
constant_null_directional_pleiotropy	232	summary_MR_GxE	causal_effect	-0.03471392074208257	0.04487135043503559	0.4391483353338002	0.0	0.04727491402788252	
constant_null_directional_pleiotropy	233	PlantMR	environment_slope	-0.07139584871754306	0.02152598372143349	0.000910780001931602		0.15800198689968012	
constant_null_directional_pleiotropy	233	summary_MR_GxE	causal_effect	-0.08486998647528676	0.044076999425620024	0.054167618359761485	0.0	0.04570337780759889	
constant_null_directional_pleiotropy	234	PlantMR	environment_slope	-0.07812437078890595	0.020178377508295375	0.00010808449358651798		0.19066546467000575	
constant_null_directional_pleiotropy	234	summary_MR_GxE	causal_effect	-0.06353811245620816	0.041304644150451965	0.12398014135540077	0.0	0.04812062853868926	
constant_null_directional_pleiotropy	235	PlantMR	environment_slope	-0.06476215903933605	0.020552854833415346	0.0016270941490970463		0.18640968192898258	
constant_null_directional_pleiotropy	235	summary_MR_GxE	causal_effect	0.0018285400943884589	0.042329048730360246	0.9655435139260375	0.0	0.031834703447081246	
constant_null_directional_pleiotropy	236	PlantMR	environment_slope	-0.07225966506155578	0.021523405503837068	0.000787190945024391		0.18973469871402834	
constant_null_directional_pleiotropy	236	summary_MR_GxE	causal_effect	-0.04482681164295252	0.043523224374923536	0.303032758137766	0.0	0.041998235428851595	
constant_null_directional_pleiotropy	237	PlantMR	environment_slope	-0.07991726974394689	0.0219275358084651	0.00026779979058702167		0.22029519229082403	
constant_null_directional_pleiotropy	237	summary_MR_GxE	causal_effect	-0.06717875305893056	0.04496069493797286	0.1351321709071698	0.0	0.055456346499590074	
constant_null_directional_pleiotropy	238	PlantMR	environment_slope	-0.10248510325405863	0.02275194247830037	6.654346595159973e-06		0.28780386443151146	
constant_null_directional_pleiotropy	238	summary_MR_GxE	causal_effect	-0.02127610128986218	0.043749765629204386	0.6267449148579823	0.0	0.051983718108819944	
constant_null_directional_pleiotropy	239	PlantMR	environment_slope	-0.0907003903522546	0.02186583642841283	3.3533206361636315e-05		0.26177563755918487	
constant_null_directional_pleiotropy	239	summary_MR_GxE	causal_effect	-0.024000850895541603	0.044251182220040285	0.5875583937706967	0.0	0.04959010766088148	
constant_null_directional_pleiotropy	240	PlantMR	environment_slope	-0.0942666543756092	0.02147226677212547	1.1326807205052784e-05		0.2286487255574264	
constant_null_directional_pleiotropy	240	summary_MR_GxE	causal_effect	-0.0765291032601404	0.04331335983375577	0.07724989715269777	0.0	0.05533814315443856	
constant_null_directional_pleiotropy	241	PlantMR	environment_slope	-0.019768857163395354	0.0223325881782412	0.37604756242334586		0.1724974224381446	
constant_null_directional_pleiotropy	241	summary_MR_GxE	causal_effect	0.11884010856516064	0.045888871255405195	0.00960492768553831	0.0	0.007650248677766536	
constant_null_directional_pleiotropy	242	PlantMR	environment_slope	-0.06405160996523294	0.020430702405416005	0.0017181517880016884		0.1976218289984918	
constant_null_directional_pleiotropy	242	summary_MR_GxE	causal_effect	-0.021374442278520228	0.04243677676173331	0.6144881437218552	0.0	0.04292287252493645	
constant_null_directional_pleiotropy	243	PlantMR	environment_slope	-0.07616304552326016	0.023469072862479783	0.0011734690579327373		0.20742401905689528	
constant_null_directional_pleiotropy	243	summary_MR_GxE	causal_effect	-0.05121299621516587	0.04467520862079343	0.2516543356601628	0.0	0.04750084462967144	
constant_null_directional_pleiotropy	244	PlantMR	environment_slope	-0.09373153928966818	0.021387303853042456	1.1728285417643301e-05		0.24030321383598718	
constant_null_directional_pleiotropy	244	summary_MR_GxE	causal_effect	-0.04371913844705033	0.042391287271268285	0.3023890566746965	0.0	0.049395889642002894	
constant_null_directional_pleiotropy	245	PlantMR	environment_slope	-0.052640279779208494	0.022099346741939613	0.01721966797292556		0.1705119197587741	
constant_null_directional_pleiotropy	245	summary_MR_GxE	causal_effect	-0.010331565871983056	0.04382368758349901	0.8136243398046141	0.0	0.0332940891158835	
constant_null_directional_pleiotropy	246	PlantMR	environment_slope	-0.014975470572854477	0.0229448815590445	0.513968071076898		0.16761682460035407	
constant_null_directional_pleiotropy	246	summary_MR_GxE	causal_effect	0.11219088835327168	0.0446109610986328	0.011907536911079188	0.0	0.011275940155982038	
constant_null_directional_pleiotropy	247	PlantMR	environment_slope	-0.06454450115003213	0.021801154421207142	0.003070402720931877		0.23058168794006645	
constant_null_directional_pleiotropy	247	summary_MR_GxE	causal_effect	0.020385053465136194	0.04449416940496412	0.6468438757130535	0.0	0.03684635117025967	
constant_null_directional_pleiotropy	248	PlantMR	environment_slope	-0.07474915828153508	0.022352850810758357	0.000825634238098393		0.2767525139375827	
constant_null_directional_pleiotropy	248	summary_MR_GxE	causal_effect	0.016219561068510246	0.04463815633075132	0.7163386455204305	0.0	0.04895219162630614	
constant_null_directional_pleiotropy	249	PlantMR	environment_slope	-0.055071561167075844	0.023057257243314193	0.01691870162168936		0.24921814867418	
constant_null_directional_pleiotropy	249	summary_MR_GxE	causal_effect	0.08164279897536808	0.044940981219174246	0.0692681126733702	0.0	0.028066503758634828	
constant_null_directional_pleiotropy	250	PlantMR	environment_slope	-0.049255264240818	0.022591859846034044	0.02924102802037618		0.19181167091341783	
constant_null_directional_pleiotropy	250	summary_MR_GxE	causal_effect	0.034715739242535265	0.04361927684158761	0.42610139799193436	0.0	0.027458096913292734	
constant_null_directional_pleiotropy	251	PlantMR	environment_slope	-0.1115070904355591	0.022192692960594135	5.047570993244735e-07		0.2958310578627874	
constant_null_directional_pleiotropy	251	summary_MR_GxE	causal_effect	-0.026730721412778935	0.045635458907368524	0.5580471903455955	0.0	0.05036859397213898	
constant_null_directional_pleiotropy	252	PlantMR	environment_slope	-0.09986908886990535	0.021326186036190565	2.8279971307021995e-06		0.29874510438089263	
constant_null_directional_pleiotropy	252	summary_MR_GxE	causal_effect	-0.011302038034362138	0.04377937080453054	0.7962842086339184	0.0	0.05371097061774584	
constant_null_directional_pleiotropy	253	PlantMR	environment_slope	-0.06505133618565159	0.021473940703924665	0.0024510876254291427		0.21949319916248203	
constant_null_directional_pleiotropy	253	summary_MR_GxE	causal_effect	0.018554197205668976	0.04277579603109051	0.6644666715069786	0.0	0.03552104049574014	
constant_null_directional_pleiotropy	254	PlantMR	environment_slope	-0.09776416473461895	0.022815077278577945	1.82683044782257e-05		0.27188272054020485	
constant_null_directional_pleiotropy	254	summary_MR_GxE	causal_effect	-0.048848890265100586	0.04609489620904509	0.2892600866569276	0.0	0.056190266797924236	
constant_null_directional_pleiotropy	255	PlantMR	environment_slope	-0.10019150534859263	0.021254827867648367	2.4311136238703122e-06		0.2757582872216531	
constant_null_directional_pleiotropy	255	summary_MR_GxE	causal_effect	-0.017480922891990713	0.04232480192389	0.6795931169321909	0.0	0.04887799182468469	
constant_null_directional_pleiotropy	256	PlantMR	environment_slope	-0.02982769849158784	0.021565450440015874	0.16662675665802243		0.19398640328166722	
constant_null_directional_pleiotropy	256	summary_MR_GxE	causal_effect	0.08494994504749748	0.04260639912006832	0.04617056328422343	0.0	0.021822216444958187	
constant_null_directional_pleiotropy	257	PlantMR	environment_slope	-0.07178125894645485	0.021842547912953033	0.0010151128602841387		0.24921428164273401	
constant_null_directional_pleiotropy	257	summary_MR_GxE	causal_effect	0.0013056336521193312	0.04548834768241757	0.9771017861610064	0.0	0.04476484141842054	
constant_null_directional_pleiotropy	258	PlantMR	environment_slope	-0.07262365807142003	0.02107414982149289	0.000568736822272124		0.20044236574843147	
constant_null_directional_pleiotropy	258	summary_MR_GxE	causal_effect	-0.04229579956473953	0.04183596852876258	0.31202060116770325	0.0	0.046451349981010956	
constant_null_directional_pleiotropy	259	PlantMR	environment_slope	-0.0998157856704776	0.02315651906048544	1.6289822751675043e-05		0.2203951259913418	
constant_null_directional_pleiotropy	259	summary_MR_GxE	causal_effect	-0.09549918126628193	0.046081407738706164	0.038228008048159755	0.0	0.052451793050710696	
constant_null_directional_pleiotropy	260	PlantMR	environment_slope	-0.03967703595892291	0.02124537559802423	0.0618232798036449		0.17233410748088437	
constant_null_directional_pleiotropy	260	summary_MR_GxE	causal_effect	0.0062337037899020675	0.04318690191098699	0.885230048770709	0.0	0.035368634183123505	
constant_null_directional_pleiotropy	261	PlantMR	environment_slope	-0.09000263210601087	0.021669957292386074	3.276618553266558e-05		0.2429081898471828	
constant_null_directional_pleiotropy	261	summary_MR_GxE	causal_effect	-0.030684847377808022	0.04517974206632819	0.49702844321952244	0.0	0.04579286622676934	
constant_null_directional_pleiotropy	262	PlantMR	environment_slope	-0.055217036132571784	0.021731846537891404	0.01105880971863702		0.2861590722877087	
constant_null_directional_pleiotropy	262	summary_MR_GxE	causal_effect	0.11865256421957926	0.04456251604060219	0.007753741154645874	0.0	0.02927525278780603	
constant_null_directional_pleiotropy	263	PlantMR	environment_slope	-0.060590611728456895	0.021908153229456974	0.005680686550703512		0.27640825548982534	
constant_null_directional_pleiotropy	263	summary_MR_GxE	causal_effect	0.08419858783359957	0.044284883135639594	0.057263499050453096	0.0	0.03330217650400431	
constant_null_directional_pleiotropy	264	PlantMR	environment_slope	-0.06241480724175228	0.022534828941038334	0.005610724575054526		0.21193323330869485	
constant_null_directional_pleiotropy	264	summary_MR_GxE	causal_effect	0.0013453838893281445	0.04649338034033733	0.976914751453258	0.0	0.037718595815285555	
constant_null_directional_pleiotropy	265	PlantMR	environment_slope	-0.026369457318039934	0.02152472153746018	0.22054592951789811		0.14206816678351913	
constant_null_directional_pleiotropy	265	summary_MR_GxE	causal_effect	0.031918058243844805	0.04460740742160717	0.4742799484159844	0.0	0.022172932565225678	
constant_null_directional_pleiotropy	266	PlantMR	environment_slope	-0.02245888207222073	0.023219613446374153	0.33342529362540835		0.16342914910590137	
constant_null_directional_pleiotropy	266	summary_MR_GxE	causal_effect	0.05027969158282558	0.04668087156133332	0.28143822632765614	0.0	0.02604523204540303	
constant_null_directional_pleiotropy	267	PlantMR	environment_slope	-0.07816170394810207	0.021964814972212917	0.00037298461717726695		0.20114576465466302	
constant_null_directional_pleiotropy	267	summary_MR_GxE	causal_effect	-0.06758618365156788	0.045411191813475596	0.13666769174291782	0.0	0.04943231644263187	
constant_null_directional_pleiotropy	268	PlantMR	environment_slope	-0.06788900337655634	0.02245402475764138	0.0024989626318630232		0.23609168764831914	
constant_null_directional_pleiotropy	268	summary_MR_GxE	causal_effect	0.02784049844557246	0.04431632226443607	0.5298583748131743	0.0	0.035912933838400246	
constant_null_directional_pleiotropy	269	PlantMR	environment_slope	-0.10156453917676253	0.021744744315052876	3.000835429721817e-06		0.32279446674464696	
constant_null_directional_pleiotropy	269	summary_MR_GxE	causal_effect	-0.00024652859699630936	0.04399283446846768	0.9955288097659531	0.0	0.05674779928537814	
constant_null_directional_pleiotropy	270	PlantMR	environment_slope	-0.09619455974524287	0.02122940367567537	5.865107382033769e-06		0.2626504663383145	
constant_null_directional_pleiotropy	270	summary_MR_GxE	causal_effect	-0.04203409538987207	0.04254602692291392	0.3231685245749364	0.0	0.055262119943016046	
constant_null_directional_pleiotropy	271	PlantMR	environment_slope	-0.04491285164908257	0.022640542857187664	0.04728531885963826		0.20371127306707493	
constant_null_directional_pleiotropy	271	summary_MR_GxE	causal_effect	0.040491057731294244	0.046408509756096755	0.38293998079059804	0.0	0.03016275417456249	
constant_null_directional_pleiotropy	272	PlantMR	environment_slope	-0.11440592580444657	0.023089127506504645	7.23415838686896e-07		0.2917119729675088	
constant_null_directional_pleiotropy	272	summary_MR_GxE	causal_effect	-0.09318970536169097	0.04682131200421517	0.046554963460772064	0.0	0.06785965710571651	
constant_null_directional_pleiotropy	273	PlantMR	environment_slope	-0.06887391792481343	0.02272082232666973	0.0024349291218680857		0.24098381579015482	
constant_null_directional_pleiotropy	273	summary_MR_GxE	causal_effect	0.0331146252290192	0.04580120322435412	0.4696751182980705	0.0	0.033714892054695945	
constant_null_directional_pleiotropy	274	PlantMR	environment_slope	-0.08633941361378578	0.021317287575522512	5.117248725046297e-05		0.2319571709075995	
constant_null_directional_pleiotropy	274	summary_MR_GxE	causal_effect	-0.0032220479953516956	0.04448049740069728	0.942253886236593	0.0	0.036912545313109835	
constant_null_directional_pleiotropy	275	PlantMR	environment_slope	-0.07445917195825233	0.022342575205778713	0.0008603431182108839		0.276319708065512	
constant_null_directional_pleiotropy	275	summary_MR_GxE	causal_effect	0.034937242776027166	0.04615915679401794	0.4491178620579702	0.0	0.04228976950469654	
constant_null_directional_pleiotropy	276	PlantMR	environment_slope	-0.0590024741236152	0.02137463988362712	0.005773130539282771		0.21302690169994853	
constant_null_directional_pleiotropy	276	summary_MR_GxE	causal_effect	0.006143909895750366	0.04413767290187255	0.8892930783426811	0.0	0.0396579377366025	
constant_null_directional_pleiotropy	277	PlantMR	environment_slope	-0.028974947224631786	0.021705381919773566	0.18190254938717876		0.18175806703814967	
constant_null_directional_pleiotropy	277	summary_MR_GxE	causal_effect	0.0835104481191922	0.04380488092953768	0.05659589272498012	0.0	0.01851624267876415	
constant_null_directional_pleiotropy	278	PlantMR	environment_slope	-0.11037716248502916	0.021085827786851995	1.6528785312862202e-07		0.2909849386869576	
constant_null_directional_pleiotropy	278	summary_MR_GxE	causal_effect	-0.051197016877460144	0.04500353160203183	0.2552782702674425	0.0	0.058302504994115496	
constant_null_directional_pleiotropy	279	PlantMR	environment_slope	-0.04472659466806921	0.022241396240913414	0.04432950864666635		0.19373920973192643	
constant_null_directional_pleiotropy	279	summary_MR_GxE	causal_effect	0.04679675305190498	0.04563383331795346	0.3051350041838427	0.0	0.02476955014661157	
constant_null_directional_pleiotropy	280	PlantMR	environment_slope	-0.07051629916831369	0.02144242025497226	0.001006743994668553		0.22852150282497125	
constant_null_directional_pleiotropy	280	summary_MR_GxE	causal_effect	-0.03459497168135328	0.04328428824252025	0.4241454072030205	0.0	0.053358078518113965	
constant_null_directional_pleiotropy	281	PlantMR	environment_slope	-0.08168246171272064	0.021849625195101065	0.0001852010988470185		0.2602022985119661	
constant_null_directional_pleiotropy	281	summary_MR_GxE	causal_effect	-0.03179448985967265	0.04594389209671604	0.4889193338880551	0.0	0.05397928197777512	
constant_null_directional_pleiotropy	282	PlantMR	environment_slope	-0.08072509312381854	0.02238386464462977	0.00031047850593829944		0.24415408134271244	
constant_null_directional_pleiotropy	282	summary_MR_GxE	causal_effect	0.007839432315961459	0.045952216087501295	0.864538567422339	0.0	0.03673575841742469	
constant_null_directional_pleiotropy	283	PlantMR	environment_slope	-0.09396118428566251	0.02209144685900932	2.1065869271167965e-05		0.24979865354226674	
constant_null_directional_pleiotropy	283	summary_MR_GxE	causal_effect	-0.07923193760300001	0.04476422764705373	0.07672991445908964	0.0	0.06140267509342095	
constant_null_directional_pleiotropy	284	PlantMR	environment_slope	-0.08591766629627186	0.021959421791013338	9.132092656299969e-05		0.2186679288172209	
constant_null_directional_pleiotropy	284	summary_MR_GxE	causal_effect	-0.06311391348344048	0.0427236353879479	0.13960598175450145	0.0	0.05306123801478387	
constant_null_directional_pleiotropy	285	PlantMR	environment_slope	-0.06769859654653007	0.022372578589150344	0.002478425733753756		0.2543853917297804	
constant_null_directional_pleiotropy	285	summary_MR_GxE	causal_effect	0.013142853243198471	0.04655912990567242	0.7777264806614418	0.0	0.04464664236137532	
constant_null_directional_pleiotropy	286	PlantMR	environment_slope	-0.05294678750324533	0.021319946226395343	0.013012059131667903		0.11977519282490807	
constant_null_directional_pleiotropy	286	summary_MR_GxE	causal_effect	-0.08172415842808517	0.04266054212407474	0.0554052094578658	0.0	0.04147597071072284	
constant_null_directional_pleiotropy	287	PlantMR	environment_slope	-0.04726283483767238	0.022045002170641564	0.032038883753429975		0.19644029249032807	
constant_null_directional_pleiotropy	287	summary_MR_GxE	causal_effect	0.038049991803258965	0.04309297600988558	0.37725013880161795	0.0	0.030163486107181087	
constant_null_directional_pleiotropy	288	PlantMR	environment_slope	-0.05452015979450024	0.022616221627446597	0.015923416899359576		0.24323782739655758	
constant_null_directional_pleiotropy	288	summary_MR_GxE	causal_effect	0.05308654882620811	0.04611119724114636	0.24962018704017053	0.0	0.034765823390131984	
constant_null_directional_pleiotropy	289	PlantMR	environment_slope	-0.06492041163685751	0.021177963131134132	0.002173281447810988		0.16926575648676917	
constant_null_directional_pleiotropy	289	summary_MR_GxE	causal_effect	-0.03302333663749005	0.044159959367891424	0.4545737117989694	0.0	0.035108493587385325	
constant_null_directional_pleiotropy	290	PlantMR	environment_slope	-0.07354584271077029	0.02197428418432419	0.0008171919574188248		0.2693016271412382	
constant_null_directional_pleiotropy	290	summary_MR_GxE	causal_effect	0.032568810407213045	0.043716750803566504	0.45627405606701055	0.0	0.04202456244106635	
constant_null_directional_pleiotropy	291	PlantMR	environment_slope	-0.03622941223371884	0.021733296336643476	0.09551433862703608		0.18686627038078518	
constant_null_directional_pleiotropy	291	summary_MR_GxE	causal_effect	0.020443057927473363	0.04323066705773306	0.6362964824628594	0.0	0.03727206146097493	
constant_null_directional_pleiotropy	292	PlantMR	environment_slope	-0.03321815873075826	0.02166116941167494	0.12514412052985147		0.15560845092740322	
constant_null_directional_pleiotropy	292	summary_MR_GxE	causal_effect	0.04058734921890722	0.04479429651821013	0.36489193859573554	0.0	0.022208197353432838	
constant_null_directional_pleiotropy	293	PlantMR	environment_slope	0.001449911328342171	0.023036009462120546	0.9498134220857941		0.1418531633073816	
constant_null_directional_pleiotropy	293	summary_MR_GxE	causal_effect	0.1250406521929156	0.04817144051143094	0.009438679031393973	0.0	0.006748649141298996	
constant_null_directional_pleiotropy	294	PlantMR	environment_slope	-0.033768430130920735	0.02285736321493566	0.13958061572173874		0.17497828450870329	
constant_null_directional_pleiotropy	294	summary_MR_GxE	causal_effect	0.04492374955250972	0.046111430480785136	0.329935778454279	0.0	0.024532433808148096	
constant_null_directional_pleiotropy	295	PlantMR	environment_slope	-0.06454391477411922	0.023078112275484754	0.005161804416145036		0.2381925367683315	
constant_null_directional_pleiotropy	295	summary_MR_GxE	causal_effect	0.003844287959370085	0.045314300397494976	0.9323917031662836	0.0	0.04423139286229948	
constant_null_directional_pleiotropy	296	PlantMR	environment_slope	-0.06025889922282343	0.022377181932819984	0.007083934040645148		0.24434740577455583	
constant_null_directional_pleiotropy	296	summary_MR_GxE	causal_effect	0.04655025450571171	0.04427006237578613	0.293026065443011	0.0	0.03533252582660526	
constant_null_directional_pleiotropy	297	PlantMR	environment_slope	-0.039990361864376434	0.021970930698002305	0.06873635659463709		0.1390543563460849	
constant_null_directional_pleiotropy	297	summary_MR_GxE	causal_effect	7.793723031856992e-05	0.044874702088861164	0.9986142552791208	0.0	0.02519298277880798	
constant_null_directional_pleiotropy	298	PlantMR	environment_slope	-0.0764364409814059	0.022150104932947074	0.0005588473019697805		0.2549753135518851	
constant_null_directional_pleiotropy	298	summary_MR_GxE	causal_effect	0.015372778564687495	0.043337358372056954	0.7227967590736648	0.0	0.04283629146460701	
constant_null_directional_pleiotropy	299	PlantMR	environment_slope	-0.059809342784582845	0.021303574903686416	0.004993090893604642		0.15201914710489506	
constant_null_directional_pleiotropy	299	summary_MR_GxE	causal_effect	-0.04233575912830759	0.04357488850555681	0.33126788599264934	0.0	0.036540881687103594	
constant_null_directional_pleiotropy	300	PlantMR	environment_slope	-0.08225458328509591	0.020966413577851385	8.739527347288588e-05		0.18894777682327885	
constant_null_directional_pleiotropy	300	summary_MR_GxE	causal_effect	-0.09042388450624686	0.04362125822703259	0.03817864589354464	0.0	0.05185670782585724	
constant_null_directional_pleiotropy	301	PlantMR	environment_slope	-0.04804930176916283	0.021418227275105988	0.024872082636404738		0.20718548041879742	
constant_null_directional_pleiotropy	301	summary_MR_GxE	causal_effect	0.0599198393863028	0.04474255250103118	0.18050111294696294	0.0	0.02370711826913148	
constant_null_directional_pleiotropy	302	PlantMR	environment_slope	-0.0742800367068445	0.02158371908668468	0.0005785314158076792		0.22945565554266759	
constant_null_directional_pleiotropy	302	summary_MR_GxE	causal_effect	0.012655657500477868	0.043287564447255976	0.7700095309828592	0.0	0.035879351870994135	
constant_null_directional_pleiotropy	303	PlantMR	environment_slope	-0.034976651352825766	0.022068669545716416	0.11298888159651384		0.18910092740745177	
constant_null_directional_pleiotropy	303	summary_MR_GxE	causal_effect	0.070795746834316	0.04442215589907248	0.11100245238185869	0.0	0.021806984243397297	
constant_null_directional_pleiotropy	304	PlantMR	environment_slope	-0.08876466165439578	0.022034454759267928	5.614620593249583e-05		0.30499286143597315	
constant_null_directional_pleiotropy	304	summary_MR_GxE	causal_effect	0.03827870211048251	0.043790932657313084	0.38205076736308036	0.0	0.04498251940343126	
constant_null_directional_pleiotropy	305	PlantMR	environment_slope	-0.09295899495389733	0.021268082518654793	1.2377988353731756e-05		0.19968755576585687	
constant_null_directional_pleiotropy	305	summary_MR_GxE	causal_effect	-0.10978117022456138	0.04349520116466833	0.011603337347500178	0.0	0.05784602571254528	
constant_null_directional_pleiotropy	306	PlantMR	environment_slope	-0.07302031717270772	0.02318976276670991	0.001639328669636459		0.1872896957391318	
constant_null_directional_pleiotropy	306	summary_MR_GxE	causal_effect	-0.06594806906648037	0.044494030990256964	0.13829296742699007	0.0	0.046091393174207615	
constant_null_directional_pleiotropy	307	PlantMR	environment_slope	-0.08236085696308235	0.02368908994294198	0.0005075457192063731		0.33278088174620696	
constant_null_directional_pleiotropy	307	summary_MR_GxE	causal_effect	0.059845314242889414	0.0456835537951373	0.1901968814124591	0.0	0.04719421280275199	
constant_null_directional_pleiotropy	308	PlantMR	environment_slope	-0.06058957450998845	0.022479182753431515	0.00703118252020378		0.22404754481789646	
constant_null_directional_pleiotropy	308	summary_MR_GxE	causal_effect	0.021582037619333416	0.0455000822474053	0.6352648585113279	0.0	0.03576923875581937	
constant_null_directional_pleiotropy	309	PlantMR	environment_slope	-0.04620209655511602	0.021626387747291326	0.03264877563137079		0.2014361208828011	
constant_null_directional_pleiotropy	309	summary_MR_GxE	causal_effect	0.048270033883039964	0.043245634594229386	0.26434389166727834	0.0	0.028668998915861624	
constant_null_directional_pleiotropy	310	PlantMR	environment_slope	-0.08549082595524919	0.021299737918689946	5.977350216150276e-05		0.26016097378386477	
constant_null_directional_pleiotropy	310	summary_MR_GxE	causal_effect	0.023199283559169115	0.0444090497582422	0.6013919192492588	0.0	0.03596062820977783	
constant_null_directional_pleiotropy	311	PlantMR	environment_slope	-0.04983183312049634	0.020923514752949818	0.017236736650428894		0.1999912077733449	
constant_null_directional_pleiotropy	311	summary_MR_GxE	causal_effect	-0.0015660275850988281	0.04303340875320433	0.9709706124891825	0.0	0.04334996339029341	
constant_null_directional_pleiotropy	312	PlantMR	environment_slope	-0.048093972559698384	0.022313891220671806	0.031135412151668		0.22917182137366604	
constant_null_directional_pleiotropy	312	summary_MR_GxE	causal_effect	0.07541765623676805	0.045737823523002145	0.09916561877454379	0.0	0.02738052002987086	
constant_null_directional_pleiotropy	313	PlantMR	environment_slope	-0.06993120081647256	0.023718313912020013	0.0031941805772806153		0.22034396674240803	
constant_null_directional_pleiotropy	313	summary_MR_GxE	causal_effect	-0.03858306008260076	0.049104570041722	0.4320241770294818	0.0	0.0467598674918039	
constant_null_directional_pleiotropy	314	PlantMR	environment_slope	-0.08978487863784226	0.02229119305184765	5.629678760431104e-05		0.2305496072668181	
constant_null_directional_pleiotropy	314	summary_MR_GxE	causal_effect	-0.029618184959725458	0.04705855216136278	0.5290937239848378	0.0	0.038970629051183744	
constant_null_directional_pleiotropy	315	PlantMR	environment_slope	-0.013730363828411515	0.020768716218191915	0.5085430741502749		0.13522293527151594	
constant_null_directional_pleiotropy	315	summary_MR_GxE	causal_effect	0.06475854586250746	0.04409749326643244	0.1419599805701716	0.0	0.016917076258330548	
constant_null_directional_pleiotropy	316	PlantMR	environment_slope	-0.0923522307814872	0.02070232198926207	8.159331133413808e-06		0.2225883921396196	
constant_null_directional_pleiotropy	316	summary_MR_GxE	causal_effect	-0.08381104729112848	0.04366563398560902	0.05493596264067019	0.0	0.057039749960157204	
constant_null_directional_pleiotropy	317	PlantMR	environment_slope	-0.07114345715174716	0.021554391166087775	0.0009646183710264247		0.2696828473621971	
constant_null_directional_pleiotropy	317	summary_MR_GxE	causal_effect	-0.0012720748719453057	0.044594176669211186	0.9772429643305508	0.0	0.05444815209892412	
constant_null_directional_pleiotropy	318	PlantMR	environment_slope	-0.022174756447472327	0.02188979385226015	0.3110515358289564		0.2208024852960581	
constant_null_directional_pleiotropy	318	summary_MR_GxE	causal_effect	0.14581143346023012	0.04459717656538718	0.0010772950016976024	0.0	0.012731855284869281	
constant_null_directional_pleiotropy	319	PlantMR	environment_slope	-0.059594771521038224	0.02160586606844514	0.005810851532804087		0.21014881987985287	
constant_null_directional_pleiotropy	319	summary_MR_GxE	causal_effect	0.010014299662347681	0.043274351871771505	0.8169930319572927	0.0	0.03614495850943256	
constant_null_directional_pleiotropy	320	PlantMR	environment_slope	-0.06197240209019046	0.022350120957705156	0.005557636763121465		0.24072470794273426	
constant_null_directional_pleiotropy	320	summary_MR_GxE	causal_effect	0.034086789581402765	0.04674948063312272	0.465917686744749	0.0	0.03715759572004344	
constant_null_directional_pleiotropy	321	PlantMR	environment_slope	-0.061351097641227294	0.021491796946261677	0.0043087187292057405		0.18278826593519892	
constant_null_directional_pleiotropy	321	summary_MR_GxE	causal_effect	0.0018774231608065794	0.04315044096643944	0.9652959635494334	0.0	0.029512090449678056	
constant_null_directional_pleiotropy	322	PlantMR	environment_slope	-0.03536560131266461	0.020705805074342328	0.08763556960382542		0.17120216262362264	
constant_null_directional_pleiotropy	322	summary_MR_GxE	causal_effect	0.04056031019421574	0.043237415676453665	0.34820145344043585	0.0	0.027052727516557906	
constant_null_directional_pleiotropy	323	PlantMR	environment_slope	-0.10340701966995343	0.021960905625490284	2.4931819456933763e-06		0.33094025043007635	
constant_null_directional_pleiotropy	323	summary_MR_GxE	causal_effect	0.046592720091838846	0.04500044177870183	0.3004897945192636	0.0	0.04305423101400868	
constant_null_directional_pleiotropy	324	PlantMR	environment_slope	-0.047381155178730094	0.02071565601438616	0.022183288156376216		0.17862466124597412	
constant_null_directional_pleiotropy	324	summary_MR_GxE	causal_effect	0.007490239451062031	0.04247835318980807	0.8600341133667871	0.0	0.03531041319499355	
constant_null_directional_pleiotropy	325	PlantMR	environment_slope	-0.014827770828637808	0.020581976383961347	0.4712633473067982		0.11744651252802088	
constant_null_directional_pleiotropy	325	summary_MR_GxE	causal_effect	0.048328834352126204	0.04314586621425782	0.262659797787422	0.0	0.01670166463820693	
constant_null_directional_pleiotropy	326	PlantMR	environment_slope	-0.036844360040425767	0.022271741497976755	0.09806458447490075		0.16907495427740699	
constant_null_directional_pleiotropy	326	summary_MR_GxE	causal_effect	0.034695018329545135	0.04547699765043278	0.44551494669960157	0.0	0.025479730493455324	
constant_null_directional_pleiotropy	327	PlantMR	environment_slope	-0.07829516391812771	0.023716073023219566	0.0009621923298848139		0.25088315908274006	
constant_null_directional_pleiotropy	327	summary_MR_GxE	causal_effect	-0.01505730199911981	0.04803547422212552	0.7539295888446877	0.0	0.045165179072187096	
constant_null_directional_pleiotropy	328	PlantMR	environment_slope	-0.0702682510272378	0.02207310484554582	0.0014553977643192361		0.23596413663501373	
constant_null_directional_pleiotropy	328	summary_MR_GxE	causal_effect	0.026155315453358363	0.044683322060371976	0.5583134110662504	0.0	0.035348008693965316	
constant_null_directional_pleiotropy	329	PlantMR	environment_slope	-0.07615606398930588	0.022230461501996316	0.0006130982739681807		0.26208261971568647	
constant_null_directional_pleiotropy	329	summary_MR_GxE	causal_effect	0.005382650218851759	0.044638837430812074	0.9040219506225824	0.0	0.04747311962110698	
constant_null_directional_pleiotropy	330	PlantMR	environment_slope	-0.09002706598767235	0.022594878936827874	6.765045481306625e-05		0.21478306524382063	
constant_null_directional_pleiotropy	330	summary_MR_GxE	causal_effect	-0.08617680193562541	0.04651737162024656	0.06394366172820343	0.0	0.051288676510718494	
constant_null_directional_pleiotropy	331	PlantMR	environment_slope	-0.05773229049856835	0.022306395411630958	0.009649303677130907		0.20959259114935752	
constant_null_directional_pleiotropy	331	summary_MR_GxE	causal_effect	0.03372647975394427	0.044589713518955555	0.4494252637902504	0.0	0.02937360777894335	
constant_null_directional_pleiotropy	332	PlantMR	environment_slope	-0.1258592014360863	0.021039427162981867	2.203275579092292e-09		0.2979553320619756	
constant_null_directional_pleiotropy	332	summary_MR_GxE	causal_effect	-0.09330517164957847	0.0431956349618879	0.030768010004959	0.0	0.06895245356658666	
constant_null_directional_pleiotropy	333	PlantMR	environment_slope	-0.07361934653323095	0.020318977663525688	0.00029100133196917674		0.20522377290904753	
constant_null_directional_pleiotropy	333	summary_MR_GxE	causal_effect	-0.034465562806733574	0.04336165012461607	0.42670672972865964	0.0	0.04298427502704179	
constant_null_directional_pleiotropy	334	PlantMR	environment_slope	-0.0742176368517051	0.022451858494165918	0.000947616288875179		0.2431817842963037	
constant_null_directional_pleiotropy	334	summary_MR_GxE	causal_effect	-0.003896037076361658	0.04446353719337416	0.9301761681691608	0.0	0.04453566071945494	
constant_null_directional_pleiotropy	335	PlantMR	environment_slope	-0.0707615677798181	0.022205139616159296	0.001438958873781437		0.2038272510729979	
constant_null_directional_pleiotropy	335	summary_MR_GxE	causal_effect	-0.046315991876385326	0.046105417290670324	0.3151052777016504	0.0	0.04628134115131982	
constant_null_directional_pleiotropy	336	PlantMR	environment_slope	-0.06665637864470972	0.022417189988049032	0.00294473017863657		0.21093350981217013	
constant_null_directional_pleiotropy	336	summary_MR_GxE	causal_effect	0.018209786577644826	0.04313063439461268	0.6728784875531215	0.0	0.0314635345909102	
constant_null_directional_pleiotropy	337	PlantMR	environment_slope	-0.06602328718189185	0.02190748847019336	0.0025805611280049403		0.22947925678887995	
constant_null_directional_pleiotropy	337	summary_MR_GxE	causal_effect	0.00043387053499022166	0.0442732066226403	0.9921809806256663	0.0	0.04323433761699786	
constant_null_directional_pleiotropy	338	PlantMR	environment_slope	-0.052294700096693916	0.022837523498271995	0.022029513539344694		0.16297278969204	
constant_null_directional_pleiotropy	338	summary_MR_GxE	causal_effect	-0.03652865081430304	0.047499895090378816	0.4418779197224229	0.0	0.03751054500660361	
constant_null_directional_pleiotropy	339	PlantMR	environment_slope	-0.05957416381633398	0.021596984237879705	0.005807649627061857		0.23188331212619578	
constant_null_directional_pleiotropy	339	summary_MR_GxE	causal_effect	0.06064976754446405	0.04437504362744553	0.17170243148980777	0.0	0.027472623393904383	
constant_null_directional_pleiotropy	340	PlantMR	environment_slope	-0.07571794269947266	0.02410249983678051	0.0016808625043397013		0.2825841623384215	
constant_null_directional_pleiotropy	340	summary_MR_GxE	causal_effect	0.03993188773037504	0.04952301130556778	0.4200526199466896	0.0	0.0384564535090017	
constant_null_directional_pleiotropy	341	PlantMR	environment_slope	-0.0597812792971489	0.02199291825627844	0.006563698631200184		0.21133379995841772	
constant_null_directional_pleiotropy	341	summary_MR_GxE	causal_effect	0.019545412942666762	0.04423527009764053	0.6585967914380078	0.0	0.03475575299100189	
constant_null_directional_pleiotropy	342	PlantMR	environment_slope	-0.06750570333772803	0.02238429584031842	0.0025633458162871384		0.2173940942098787	
constant_null_directional_pleiotropy	342	summary_MR_GxE	causal_effect	-0.009566488344040724	0.04676769321816213	0.8379211055135511	0.0	0.03910869543666077	
constant_null_directional_pleiotropy	343	PlantMR	environment_slope	-0.06212634689142395	0.02168280782517531	0.004166994536407659		0.2561510574826747	
constant_null_directional_pleiotropy	343	summary_MR_GxE	causal_effect	0.04092395962331663	0.044842717042965094	0.3614471343355707	0.0	0.041250108119443685	
constant_null_directional_pleiotropy	344	PlantMR	environment_slope	-0.056788236082003785	0.02130341695761196	0.007683124819685359		0.18469742092822058	
constant_null_directional_pleiotropy	344	summary_MR_GxE	causal_effect	-0.01959426528065783	0.043149717869752226	0.6497572136299808	0.0	0.039668896150481456	
constant_null_directional_pleiotropy	345	PlantMR	environment_slope	-0.05960916602931533	0.02048438646053896	0.00361451257604853		0.15130533111114766	
constant_null_directional_pleiotropy	345	summary_MR_GxE	causal_effect	-0.03114000796810723	0.04118168434210307	0.4495523179033906	0.0	0.03334851308636295	
constant_null_directional_pleiotropy	346	PlantMR	environment_slope	-0.07789387759880988	0.022190420303210622	0.00044768900134544977		0.21185612597473566	
constant_null_directional_pleiotropy	346	summary_MR_GxE	causal_effect	-0.012197465223904524	0.04349523780958113	0.7791459357632005	0.0	0.03588439799952574	
constant_null_directional_pleiotropy	347	PlantMR	environment_slope	-0.09972474462584727	0.021096008744320632	2.276533832014642e-06		0.2985254664173494	
constant_null_directional_pleiotropy	347	summary_MR_GxE	causal_effect	-0.0035041387379050604	0.04229683926836597	0.933973714030458	0.0	0.05316821893302029	
constant_null_directional_pleiotropy	348	PlantMR	environment_slope	-0.10196545266405915	0.02173784031727874	2.7228632080180695e-06		0.26420768037274195	
constant_null_directional_pleiotropy	348	summary_MR_GxE	causal_effect	-0.045845174262641175	0.042578440968763884	0.28160416442200015	0.0	0.05437642985225914	
constant_null_directional_pleiotropy	349	PlantMR	environment_slope	-0.04634690468894691	0.021559391201955064	0.03157645083749583		0.1875379900472845	
constant_null_directional_pleiotropy	349	summary_MR_GxE	causal_effect	0.04093972086607603	0.044331940490761196	0.35575640784616275	0.0	0.02640593436828255	
constant_null_directional_pleiotropy	350	PlantMR	environment_slope	-0.06337388622972034	0.02106094242831816	0.0026204724922571916		0.1702695018239833	
constant_null_directional_pleiotropy	350	summary_MR_GxE	causal_effect	-0.03307590183710671	0.043327041131644206	0.4452243482726657	0.0	0.03671538035164549	
constant_null_directional_pleiotropy	351	PlantMR	environment_slope	-0.059490133364249624	0.021538220956629727	0.005743567757209494		0.22804019303099274	
constant_null_directional_pleiotropy	351	summary_MR_GxE	causal_effect	0.027208964689815707	0.044244707739260994	0.538577566205358	0.0	0.03690200082374801	
constant_null_directional_pleiotropy	352	PlantMR	environment_slope	-0.03769767713015815	0.022482337799589802	0.09358774838079313		0.2162760762942607	
constant_null_directional_pleiotropy	352	summary_MR_GxE	causal_effect	0.09679972865622744	0.04469579771932498	0.030330629998836244	0.0	0.020501615336437753	
constant_null_directional_pleiotropy	353	PlantMR	environment_slope	-0.08437327032020454	0.021672655224776	9.898157068826453e-05		0.2530902052872528	
constant_null_directional_pleiotropy	353	summary_MR_GxE	causal_effect	-0.04388235894041004	0.0458982100864747	0.3390318377160748	0.0	0.054149925815470776	
constant_null_directional_pleiotropy	354	PlantMR	environment_slope	-0.07095629584004705	0.021490467483284453	0.0009608135885376771		0.26080284224172806	
constant_null_directional_pleiotropy	354	summary_MR_GxE	causal_effect	0.012206561256877246	0.04380950635746297	0.7805302152272527	0.0	0.04790784546380225	
constant_null_directional_pleiotropy	355	PlantMR	environment_slope	-0.03384363912875582	0.021620699868877703	0.1175043708310109		0.2071799658895143	
constant_null_directional_pleiotropy	355	summary_MR_GxE	causal_effect	0.09429447034369365	0.04448885443399357	0.034047582184362775	0.0	0.020883467356637028	
constant_null_directional_pleiotropy	356	PlantMR	environment_slope	-0.0500504203070396	0.022739245541748047	0.02773184963209386		0.21454813979433068	
constant_null_directional_pleiotropy	356	summary_MR_GxE	causal_effect	0.04832498794732193	0.04666009583068499	0.30035085683008916	0.0	0.02968927417701738	
constant_null_directional_pleiotropy	357	PlantMR	environment_slope	-0.059571947864666894	0.021409704804946333	0.0053946180571356975		0.24778387497369958	
constant_null_directional_pleiotropy	357	summary_MR_GxE	causal_effect	0.05841170630720055	0.04288842527565508	0.17321502281835247	0.0	0.03314540491793966	
constant_null_directional_pleiotropy	358	PlantMR	environment_slope	-0.09925422874532282	0.02220136838725058	7.79874644718714e-06		0.2456813470852921	
constant_null_directional_pleiotropy	358	summary_MR_GxE	causal_effect	-0.06005679808184339	0.046500121174515956	0.19651625881843207	0.0	0.05009733425045293	
constant_null_directional_pleiotropy	359	PlantMR	environment_slope	-0.07835211700551223	0.022074297500256822	0.0003860034436130223		0.24232776009710924	
constant_null_directional_pleiotropy	359	summary_MR_GxE	causal_effect	-0.04513983106574382	0.04467070745640718	0.3122549291889233	0.0	0.055042183808191404	
constant_null_directional_pleiotropy	360	PlantMR	environment_slope	-0.0657222504338565	0.023301337557254474	0.0047943564195891235		0.1592915404549073	
constant_null_directional_pleiotropy	360	summary_MR_GxE	causal_effect	-0.0538505996696729	0.04724924919202572	0.2544057471282447	0.0	0.035248902332344456	
constant_null_directional_pleiotropy	361	PlantMR	environment_slope	-0.09357637321783045	0.021378216272367596	1.2022281380205151e-05		0.24262144675100333	
constant_null_directional_pleiotropy	361	summary_MR_GxE	causal_effect	-0.04350215968184801	0.04383183995637869	0.32096415222382246	0.0	0.04969987522713317	
constant_null_directional_pleiotropy	362	PlantMR	environment_slope	-0.0879524502220921	0.021421198940605103	4.028128881614176e-05		0.23736314005509415	
constant_null_directional_pleiotropy	362	summary_MR_GxE	causal_effect	-0.057426351796877634	0.04417247108358479	0.19358437003623885	0.0	0.05351917108488873	
constant_null_directional_pleiotropy	363	PlantMR	environment_slope	-0.03605336665203641	0.020343534167706307	0.07635683344423322		0.17444026245482713	
constant_null_directional_pleiotropy	363	summary_MR_GxE	causal_effect	0.045536464501617996	0.042868231475843864	0.28812553498676063	0.0	0.026236855588508808	
constant_null_directional_pleiotropy	364	PlantMR	environment_slope	-0.040134716364042956	0.02148092891092232	0.06170796596994436		0.16709532694286477	
constant_null_directional_pleiotropy	364	summary_MR_GxE	causal_effect	0.015368431005683664	0.044248333504182336	0.7283492326121792	0.0	0.030330289050413975	
constant_null_directional_pleiotropy	365	PlantMR	environment_slope	-0.07316191131631508	0.02358877261063378	0.0019250612359751405		0.2545333693750983	
constant_null_directional_pleiotropy	365	summary_MR_GxE	causal_effect	0.023404151378808136	0.047793895330416974	0.6243538896306446	0.0	0.03669210782651168	
constant_null_directional_pleiotropy	366	PlantMR	environment_slope	-0.08627284724511133	0.022247863329625535	0.00010540369858204702		0.22589072831814355	
constant_null_directional_pleiotropy	366	summary_MR_GxE	causal_effect	-0.015092899542208521	0.04545147506169115	0.7398392563315148	0.0	0.03462610013254813	
constant_null_directional_pleiotropy	367	PlantMR	environment_slope	-0.059082395488551626	0.02255100005807553	0.008794377045750274		0.1398937386938825	
constant_null_directional_pleiotropy	367	summary_MR_GxE	causal_effect	-0.025377943259591987	0.04595909567311695	0.5808213119244051	0.0	0.02483514499771475	
constant_null_directional_pleiotropy	368	PlantMR	environment_slope	-0.06961827647707533	0.021342980501057873	0.0011067533925695338		0.23028129622187737	
constant_null_directional_pleiotropy	368	summary_MR_GxE	causal_effect	-0.008319455351945393	0.04280818703427233	0.8459076135055642	0.0	0.045936624211805804	
constant_null_directional_pleiotropy	369	PlantMR	environment_slope	-0.04925295166320301	0.021336462746700202	0.020977260857808485		0.17438815786074438	
constant_null_directional_pleiotropy	369	summary_MR_GxE	causal_effect	-0.00259685316837327	0.04371838541945913	0.9526338578538524	0.0	0.03393772831941035	
constant_null_directional_pleiotropy	370	PlantMR	environment_slope	-0.06357982281189418	0.02014615232498443	0.0015998789638041683		0.19696597800306126	
constant_null_directional_pleiotropy	370	summary_MR_GxE	causal_effect	0.008754409950999131	0.04111436442336097	0.8313829219021467	0.0	0.03362536752233793	
constant_null_directional_pleiotropy	371	PlantMR	environment_slope	-0.104402120297594	0.02260505437067309	3.864682329698004e-06		0.28081623066181527	
constant_null_directional_pleiotropy	371	summary_MR_GxE	causal_effect	-0.049668020409587565	0.04412821243027646	0.26036073582160074	0.0	0.05765705870670177	
constant_null_directional_pleiotropy	372	PlantMR	environment_slope	-0.06694085169711084	0.022534751859665886	0.002972565074590888		0.20213287386996315	
constant_null_directional_pleiotropy	372	summary_MR_GxE	causal_effect	-0.006461770660963456	0.04668067034488327	0.8899045592199578	0.0	0.034170526782090906	
constant_null_directional_pleiotropy	373	PlantMR	environment_slope	-0.09707580743172733	0.021168194084446784	4.519750188201656e-06		0.23435585581684762	
constant_null_directional_pleiotropy	373	summary_MR_GxE	causal_effect	-0.08604171787202769	0.042140254543722874	0.04117197206978957	0.0	0.06022494739845881	
constant_null_directional_pleiotropy	374	PlantMR	environment_slope	-0.08296744714229962	0.021389072145618894	0.00010490214958880919		0.2662761223866799	
constant_null_directional_pleiotropy	374	summary_MR_GxE	causal_effect	0.003062196841563447	0.04442357804682893	0.945043912345574	0.0	0.04730968278481108	
constant_null_directional_pleiotropy	375	PlantMR	environment_slope	-0.0632080119147742	0.021424267029945654	0.0031746565638732208		0.2630911494243233	
constant_null_directional_pleiotropy	375	summary_MR_GxE	causal_effect	0.06171330856034074	0.04299903943097926	0.15122291100207422	0.0	0.0359260938053859	
constant_null_directional_pleiotropy	376	PlantMR	environment_slope	-0.08432210020564818	0.02200444567911824	0.00012708074508087098		0.2552675582553059	
constant_null_directional_pleiotropy	376	summary_MR_GxE	causal_effect	0.012932228646287458	0.045117172497824265	0.774390659697719	0.0	0.037311698740085095	
constant_null_directional_pleiotropy	377	PlantMR	environment_slope	-0.09254317004757888	0.021803848364820314	2.1922767392769997e-05		0.2580343673973531	
constant_null_directional_pleiotropy	377	summary_MR_GxE	causal_effect	-0.039183006632319994	0.04422959873630794	0.3756713538531487	0.0	0.05199523416176396	
constant_null_directional_pleiotropy	378	PlantMR	environment_slope	-0.09840062431571536	0.02278980398077046	1.5762944676022875e-05		0.3030416797556115	
constant_null_directional_pleiotropy	378	summary_MR_GxE	causal_effect	0.0157221963495911	0.04609322432471006	0.733031607919824	0.0	0.04361550933031422	
constant_null_directional_pleiotropy	379	PlantMR	environment_slope	-0.1027742784752759	0.02252017551169447	5.02710160338478e-06		0.3070746165354397	
constant_null_directional_pleiotropy	379	summary_MR_GxE	causal_effect	0.001134294242914946	0.046820936716023234	0.9806721649320599	0.0	0.04802405521090845	
constant_null_directional_pleiotropy	380	PlantMR	environment_slope	-0.11318390753482521	0.024215572111252907	2.953701066564251e-06		0.3232313047557972	
constant_null_directional_pleiotropy	380	summary_MR_GxE	causal_effect	0.014658521961004312	0.04771202032737712	0.7586689830203324	0.0	0.0431481265020625	
constant_null_directional_pleiotropy	381	PlantMR	environment_slope	-0.054030699724623266	0.02351388025818558	0.021571950281169996		0.2690800451144165	
constant_null_directional_pleiotropy	381	summary_MR_GxE	causal_effect	0.06510035483187288	0.0463648518531665	0.16029250059827166	0.0	0.03931419226625475	
constant_null_directional_pleiotropy	382	PlantMR	environment_slope	-0.06719522229615929	0.021708614855650267	0.0019659722532401674		0.17963858655016166	
constant_null_directional_pleiotropy	382	summary_MR_GxE	causal_effect	-0.022035249161271586	0.04380304965627054	0.6149271121951088	0.0	0.03432268366398279	
constant_null_directional_pleiotropy	383	PlantMR	environment_slope	-0.05834988471907429	0.021338493551247208	0.0062477104358123		0.21804095498489956	
constant_null_directional_pleiotropy	383	summary_MR_GxE	causal_effect	0.0063284032909881605	0.044485736703910025	0.8868770838299036	0.0	0.04072882830534618	
constant_null_directional_pleiotropy	384	PlantMR	environment_slope	-0.026878016158677964	0.02147679688984964	0.2107554267424075		0.23335989270440577	
constant_null_directional_pleiotropy	384	summary_MR_GxE	causal_effect	0.1315517310123399	0.04471063035642088	0.0032579254303998504	0.0	0.020937698426369722	
constant_null_directional_pleiotropy	385	PlantMR	environment_slope	-0.0691555679468609	0.022859626964790814	0.0024844632193822716		0.16933816014943703	
constant_null_directional_pleiotropy	385	summary_MR_GxE	causal_effect	-0.04510879565247178	0.045464874526869	0.3211155579773	0.0	0.037610471179113966	
constant_null_directional_pleiotropy	386	PlantMR	environment_slope	-0.06964415909408256	0.022237862196897353	0.0017374823541606696		0.20713239725372642	
constant_null_directional_pleiotropy	386	summary_MR_GxE	causal_effect	-0.01883850719955124	0.044696200785309295	0.6734053885301526	0.0	0.038515728166116266	
constant_null_directional_pleiotropy	387	PlantMR	environment_slope	-0.07574699200224216	0.021445518218208434	0.0004123259770194332		0.25936330563799337	
constant_null_directional_pleiotropy	387	summary_MR_GxE	causal_effect	0.018273688902151974	0.04281672844352981	0.6695333562718376	0.0	0.04352281746331152	
constant_null_directional_pleiotropy	388	PlantMR	environment_slope	-0.08694481126630521	0.022336656753210112	9.922794969320093e-05		0.24844213181120728	
constant_null_directional_pleiotropy	388	summary_MR_GxE	causal_effect	-0.02961909967387283	0.04563976510604368	0.5163540664612108	0.0	0.04698407745704468	
constant_null_directional_pleiotropy	389	PlantMR	environment_slope	-0.09105520109384582	0.02461741109158278	0.00021661008082598444		0.23188448016055732	
constant_null_directional_pleiotropy	389	summary_MR_GxE	causal_effect	-0.09766139439803284	0.04910777036496011	0.04673259099064463	0.0	0.05863602517513544	
constant_null_directional_pleiotropy	390	PlantMR	environment_slope	-0.0350917732637859	0.02310399909908937	0.12879737763256105		0.17057892994539448	
constant_null_directional_pleiotropy	390	summary_MR_GxE	causal_effect	0.0407084088415339	0.047715328027996246	0.3935752351221418	0.0	0.02363563717298451	
constant_null_directional_pleiotropy	391	PlantMR	environment_slope	-0.06909390206387428	0.023201678068809274	0.002901643507201026		0.24888226770107647	
constant_null_directional_pleiotropy	391	summary_MR_GxE	causal_effect	0.021462468865659112	0.047689556042658524	0.652677651529901	0.0	0.038216869761486576	
constant_null_directional_pleiotropy	392	PlantMR	environment_slope	-0.06544681423946976	0.02147109990094231	0.0023026634376341086		0.20505465745544588	
constant_null_directional_pleiotropy	392	summary_MR_GxE	causal_effect	-0.014853614907291202	0.04387353830195713	0.7349448302148228	0.0	0.041344159070009406	
constant_null_directional_pleiotropy	393	PlantMR	environment_slope	-0.053877581376044106	0.022434700256593654	0.016326718672529644		0.19617602449063376	
constant_null_directional_pleiotropy	393	summary_MR_GxE	causal_effect	0.01759667918882246	0.044601460620900986	0.6931887082208368	0.0	0.03208908752286279	
constant_null_directional_pleiotropy	394	PlantMR	environment_slope	-0.06343393679132772	0.021812291437747804	0.00363546106844104		0.21223393181189923	
constant_null_directional_pleiotropy	394	summary_MR_GxE	causal_effect	0.00929734118445602	0.044122704046229796	0.8331092162983021	0.0	0.03612034578066481	
constant_null_directional_pleiotropy	395	PlantMR	environment_slope	-0.06045303011181853	0.0212246341261471	0.0043960598211067355		0.26877311064653997	
constant_null_directional_pleiotropy	395	summary_MR_GxE	causal_effect	0.06936151050181438	0.04238626005356076	0.10175276809116698	0.0	0.03716808676409199	
constant_null_directional_pleiotropy	396	PlantMR	environment_slope	-0.09388779552119401	0.020953781360177493	7.439550820556929e-06		0.24038296718513	
constant_null_directional_pleiotropy	396	summary_MR_GxE	causal_effect	-0.06385868276736875	0.042012610082999634	0.12851387440745873	0.0	0.0568783554159146	
constant_null_directional_pleiotropy	397	PlantMR	environment_slope	-0.10452939700179797	0.021762412142115065	1.5614335749495388e-06		0.25044855490875123	
constant_null_directional_pleiotropy	397	summary_MR_GxE	causal_effect	-0.10333228478745565	0.04423885756793939	0.01950265621697474	0.0	0.06570952411861007	
constant_null_directional_pleiotropy	398	PlantMR	environment_slope	-0.054310646304829464	0.022655116846302413	0.016517320744681332		0.19651694267194508	
constant_null_directional_pleiotropy	398	summary_MR_GxE	causal_effect	0.0005380273003430247	0.04594956622074087	0.9906577166571434	0.0	0.03536031000871511	
constant_null_directional_pleiotropy	399	PlantMR	environment_slope	-0.07262169764852319	0.021517162685828668	0.0007379981648742512		0.17411777069295917	
constant_null_directional_pleiotropy	399	summary_MR_GxE	causal_effect	-0.05993079890480216	0.04323045071588278	0.1656523156624	0.0	0.0423176534482862	
constant_null_directional_pleiotropy	400	PlantMR	environment_slope	-0.0795199027276318	0.021665030957047825	0.00024214613775947846		0.21211981273009475	
constant_null_directional_pleiotropy	400	summary_MR_GxE	causal_effect	-0.06110526890498946	0.04442460245622663	0.16898186803001147	0.0	0.050646317823718305	
constant_null_directional_pleiotropy	401	PlantMR	environment_slope	-0.11154865057211365	0.02142423412094073	1.922724415110209e-07		0.30571431783100733	
constant_null_directional_pleiotropy	401	summary_MR_GxE	causal_effect	-0.04738927227910694	0.043739110640850704	0.27860738511150623	0.0	0.06225991782473416	
constant_null_directional_pleiotropy	402	PlantMR	environment_slope	-0.003555253300899189	0.02310097040506915	0.8776881077676337		0.1019150262965429	
constant_null_directional_pleiotropy	402	summary_MR_GxE	causal_effect	0.07590972482850925	0.04658834682105647	0.10323439699837014	0.0	0.007343505659579114	
constant_null_directional_pleiotropy	403	PlantMR	environment_slope	-0.11730673653877098	0.021289088715093458	3.5846447907991284e-08		0.3007210275336712	
constant_null_directional_pleiotropy	403	summary_MR_GxE	causal_effect	-0.05606516718529653	0.04307613897379488	0.19307487903624604	0.0	0.06178638646559916	
constant_null_directional_pleiotropy	404	PlantMR	environment_slope	-0.04302577333204595	0.022319541427572885	0.053890258945944604		0.12942909763058771	
constant_null_directional_pleiotropy	404	summary_MR_GxE	causal_effect	-0.0022655374556919128	0.04587874867028891	0.960615687423568	0.0	0.021722334359827074	
constant_null_directional_pleiotropy	405	PlantMR	environment_slope	-0.04352243742272616	0.021773814835444185	0.04562534335002969		0.23483054678851523	
constant_null_directional_pleiotropy	405	summary_MR_GxE	causal_effect	0.07352992196194169	0.042630863145003146	0.08456263706337581	0.0	0.030572608480462185	
constant_null_directional_pleiotropy	406	PlantMR	environment_slope	-0.09523778870970342	0.021541018876327738	9.81408557577664e-06		0.2689690342203759	
constant_null_directional_pleiotropy	406	summary_MR_GxE	causal_effect	-0.01578678946485884	0.043200861668694315	0.7147922026974116	0.0	0.04873761983764556	
constant_null_directional_pleiotropy	407	PlantMR	environment_slope	-0.06704569551120036	0.021749952091195904	0.0020522317958314397		0.17296362119079228	
constant_null_directional_pleiotropy	407	summary_MR_GxE	causal_effect	-0.04738634757610835	0.04395938816845093	0.28105276965596865	0.0	0.040186869377307914	
constant_null_directional_pleiotropy	408	PlantMR	environment_slope	-0.05364772796240173	0.02229280676576573	0.016106029012182225		0.21700302888403766	
constant_null_directional_pleiotropy	408	summary_MR_GxE	causal_effect	0.00803535455456178	0.04638106562238373	0.8624577207728381	0.0	0.0410033089530461	
constant_null_directional_pleiotropy	409	PlantMR	environment_slope	-0.09666602720399647	0.02163007232628851	7.856517619436568e-06		0.24071596897156336	
constant_null_directional_pleiotropy	409	summary_MR_GxE	causal_effect	-0.04858321621664491	0.043188691043842785	0.26062888362094916	0.0	0.04798670423504475	
constant_null_directional_pleiotropy	410	PlantMR	environment_slope	-0.08842389784529937	0.02169835266133617	4.5986007963785145e-05		0.2517750161548183	
constant_null_directional_pleiotropy	410	summary_MR_GxE	causal_effect	-0.04860456655240092	0.045926178050712516	0.2899098378864318	0.0	0.05502892214382289	
constant_null_directional_pleiotropy	411	PlantMR	environment_slope	-0.0507804885569816	0.021612861418601536	0.018796142807317503		0.17893687457896357	
constant_null_directional_pleiotropy	411	summary_MR_GxE	causal_effect	-0.0006054475966004169	0.04319674886844772	0.9888171798548532	0.0	0.035066487511810344	
constant_null_directional_pleiotropy	412	PlantMR	environment_slope	-0.0789482674505312	0.02236711305894524	0.00041609661094022524		0.22595404525036797	
constant_null_directional_pleiotropy	412	summary_MR_GxE	causal_effect	-0.05358127449272798	0.04527187609324169	0.23659346900658235	0.0	0.05261177349927145	
constant_null_directional_pleiotropy	413	PlantMR	environment_slope	-0.08396467383047564	0.022840478845929938	0.00023679464864688615		0.2201881728933334	
constant_null_directional_pleiotropy	413	summary_MR_GxE	causal_effect	-0.02141218213633561	0.04518668488648047	0.6355994350611471	0.0	0.037793463418033975	
constant_null_directional_pleiotropy	414	PlantMR	environment_slope	-0.07109300129031865	0.022022418714250584	0.0012456731348802791		0.18428090103679667	
constant_null_directional_pleiotropy	414	summary_MR_GxE	causal_effect	-0.06185487037492837	0.04436320449265727	0.16323210442317607	0.0	0.045649101610414966	
constant_null_directional_pleiotropy	415	PlantMR	environment_slope	-0.07318057589043954	0.02328148946136597	0.0016705771703119144		0.19600971426859695	
constant_null_directional_pleiotropy	415	summary_MR_GxE	causal_effect	-0.052286524619931635	0.04556898970852508	0.2512103052087282	0.0	0.045070643011219984	
constant_null_directional_pleiotropy	416	PlantMR	environment_slope	-0.025122099948092932	0.0222139965186603	0.25809166366617137		0.1849925495500967	
constant_null_directional_pleiotropy	416	summary_MR_GxE	causal_effect	0.11123191551549513	0.044774465812857905	0.012981690372410575	0.0	0.01137147839108519	
constant_null_directional_pleiotropy	417	PlantMR	environment_slope	-0.09826670466133555	0.022780089664344978	1.605373729246861e-05		0.2920128699195226	
constant_null_directional_pleiotropy	417	summary_MR_GxE	causal_effect	-0.015873680517443867	0.04604901343237864	0.730310357002226	0.0	0.051315708999020285	
constant_null_directional_pleiotropy	418	PlantMR	environment_slope	-0.051409129111268694	0.020896155163862964	0.013885205165557654		0.17329903587073656	
constant_null_directional_pleiotropy	418	summary_MR_GxE	causal_effect	-0.010762639740022006	0.042231445363623235	0.7988397622877421	0.0	0.03636359260272551	
constant_null_directional_pleiotropy	419	PlantMR	environment_slope	-0.05657663363809553	0.021633209360012905	0.008915754680621852		0.2164875192319824	
constant_null_directional_pleiotropy	419	summary_MR_GxE	causal_effect	0.03970934844400936	0.04399187977329546	0.36671073757921724	0.0	0.030904419577897836	
constant_null_directional_pleiotropy	420	PlantMR	environment_slope	-0.06672924878713184	0.02165449638494345	0.0020593114494568804		0.19578124889265527	
constant_null_directional_pleiotropy	420	summary_MR_GxE	causal_effect	-0.020851244258763807	0.0448237768103962	0.6418006467095126	0.0	0.03856539668884094	
constant_null_directional_pleiotropy	421	PlantMR	environment_slope	-0.06956623749461988	0.02316263696238132	0.0026699742301695235		0.240297206374333	
constant_null_directional_pleiotropy	421	summary_MR_GxE	causal_effect	0.021867918401703323	0.047916455262352185	0.6481196478024583	0.0	0.03568491215660833	
constant_null_directional_pleiotropy	422	PlantMR	environment_slope	-0.04494210338215722	0.021770681380133442	0.038985425772945295		0.17237864491705024	
constant_null_directional_pleiotropy	422	summary_MR_GxE	causal_effect	0.010070284259691614	0.04502902457931536	0.823037553838134	0.0	0.03177919454171258	
constant_null_directional_pleiotropy	423	PlantMR	environment_slope	-0.07401113305490768	0.02065913223981762	0.000340334749912516		0.1968258281848744	
constant_null_directional_pleiotropy	423	summary_MR_GxE	causal_effect	-0.04757015486184654	0.04261842410531361	0.26434185778962205	0.0	0.0466909274049506	
constant_null_directional_pleiotropy	424	PlantMR	environment_slope	-0.06064430975769915	0.02194223841867976	0.005712974363536218		0.2277535746613215	
constant_null_directional_pleiotropy	424	summary_MR_GxE	causal_effect	0.01901187569210816	0.044872865829355416	0.6717969289786017	0.0	0.038688152864036596	
constant_null_directional_pleiotropy	425	PlantMR	environment_slope	-0.09605822813100375	0.02183528487087429	1.0864050650937576e-05		0.2781338792662992	
constant_null_directional_pleiotropy	425	summary_MR_GxE	causal_effect	-0.023426545454903358	0.04390658996936063	0.5936500031596171	0.0	0.05215837128432168	
constant_null_directional_pleiotropy	426	PlantMR	environment_slope	-0.10797828471381385	0.02228643126561079	1.2659665061843551e-06		0.2644372022863695	
constant_null_directional_pleiotropy	426	summary_MR_GxE	causal_effect	-0.11032218487111817	0.044783895499806964	0.013761310822248983	0.0	0.06873237025640894	
constant_null_directional_pleiotropy	427	PlantMR	environment_slope	-0.0656392403980228	0.022119928635374823	0.0030030504468223293		0.21792688967823493	
constant_null_directional_pleiotropy	427	summary_MR_GxE	causal_effect	0.01634702886941919	0.04408408979277742	0.7107755460032215	0.0	0.03426656706799121	
constant_null_directional_pleiotropy	428	PlantMR	environment_slope	-0.05367850662049034	0.02102593232835911	0.01068096848751324		0.2367464913186228	
constant_null_directional_pleiotropy	428	summary_MR_GxE	causal_effect	0.028160926813618647	0.04481154665318874	0.5297221937927149	0.0	0.041664780614376146	
constant_null_directional_pleiotropy	429	PlantMR	environment_slope	-0.0771953188199036	0.022183855678119823	0.000501793470269896		0.24008753011881068	
constant_null_directional_pleiotropy	429	summary_MR_GxE	causal_effect	0.005443922978383253	0.04357462806088058	0.9005763389836209	0.0	0.04018764489411329	
constant_null_directional_pleiotropy	430	PlantMR	environment_slope	-0.05985646939281168	0.022393290858277765	0.007518422744600661		0.20424296754968396	
constant_null_directional_pleiotropy	430	summary_MR_GxE	causal_effect	0.01610813175506126	0.045507324526011146	0.7233629455399646	0.0	0.03184181806341122	
constant_null_directional_pleiotropy	431	PlantMR	environment_slope	-0.06884983662367561	0.021094926429431872	0.001099247671208597		0.18879182389266638	
constant_null_directional_pleiotropy	431	summary_MR_GxE	causal_effect	-0.0045515077174490826	0.043732015423722216	0.9171080480198299	0.0	0.030564415703829922	
constant_null_directional_pleiotropy	432	PlantMR	environment_slope	-0.039178100577246064	0.020405999134280314	0.05486667593015846		0.14100949947085245	
constant_null_directional_pleiotropy	432	summary_MR_GxE	causal_effect	-0.012128307827151574	0.042641701936547025	0.7760857492148383	0.0	0.03321017425709792	
constant_null_directional_pleiotropy	433	PlantMR	environment_slope	-0.08731343471314838	0.021763483852111114	6.022598988250438e-05		0.23754813876874753	
constant_null_directional_pleiotropy	433	summary_MR_GxE	causal_effect	-0.05752166175267576	0.043567527175943054	0.18673904574335723	0.0	0.05629249731656012	
constant_null_directional_pleiotropy	434	PlantMR	environment_slope	-0.07048297107236233	0.021437081586384306	0.0010093784429308693		0.21599464412881145	
constant_null_directional_pleiotropy	434	summary_MR_GxE	causal_effect	-0.010569239081351378	0.0437672780264215	0.8091775065237184	0.0	0.04019289045490164	
constant_null_directional_pleiotropy	435	PlantMR	environment_slope	-0.05260880371933864	0.021761928786521688	0.015628834611280996		0.247490746511733	
constant_null_directional_pleiotropy	435	summary_MR_GxE	causal_effect	0.044391879088838904	0.04410545934758995	0.3141780085386989	0.0	0.04121678977730095	
constant_null_directional_pleiotropy	436	PlantMR	environment_slope	-0.09124610256446596	0.02246821204537835	4.883788486167703e-05		0.2389067641933184	
constant_null_directional_pleiotropy	436	summary_MR_GxE	causal_effect	-0.06238016799934237	0.04510415818078137	0.1666572709313299	0.0	0.053167274843971234	
constant_null_directional_pleiotropy	437	PlantMR	environment_slope	-0.08532540751901999	0.02126033920208933	5.9860361787774394e-05		0.2154765274315883	
constant_null_directional_pleiotropy	437	summary_MR_GxE	causal_effect	-0.041763309482131084	0.0432393689562865	0.33411270572637586	0.0	0.044958839619986105	
constant_null_directional_pleiotropy	438	PlantMR	environment_slope	-0.07712468609344829	0.021166162229787924	0.0002686706095613793		0.2527996203687288	
constant_null_directional_pleiotropy	438	summary_MR_GxE	causal_effect	0.005720260640358854	0.043416707204076914	0.8951800415889967	0.0	0.04401592328365094	
constant_null_directional_pleiotropy	439	PlantMR	environment_slope	-0.061619096138502104	0.02319072228559815	0.007882586036730211		0.1996054466704312	
constant_null_directional_pleiotropy	439	summary_MR_GxE	causal_effect	0.0003779968964053859	0.04730468316887113	0.9936244224050866	0.0	0.03338599981657176	
constant_null_directional_pleiotropy	440	PlantMR	environment_slope	-0.08855065756766685	0.021785761489176863	4.8112526276017167e-05		0.21850832081199606	
constant_null_directional_pleiotropy	440	summary_MR_GxE	causal_effect	-0.0714254600125395	0.045071897122119016	0.1130343876054902	0.0	0.05113191556347963	
constant_null_directional_pleiotropy	441	PlantMR	environment_slope	-0.06691305628252964	0.02240428176825854	0.0028208092021773357		0.21373044946905434	
constant_null_directional_pleiotropy	441	summary_MR_GxE	causal_effect	-0.00015510583384475973	0.04470242125346191	0.9972315526021672	0.0	0.03808204111591183	
constant_null_directional_pleiotropy	442	PlantMR	environment_slope	-0.06947298268573997	0.021121077533374916	0.0010044666888160744		0.17442015861523033	
constant_null_directional_pleiotropy	442	summary_MR_GxE	causal_effect	-0.0830490079899315	0.043479803380513486	0.05612556322091018	0.0	0.05257921919752537	
constant_null_directional_pleiotropy	443	PlantMR	environment_slope	-0.05827904296583848	0.02267006943570617	0.010147904491778482		0.21780510883102128	
constant_null_directional_pleiotropy	443	summary_MR_GxE	causal_effect	0.04501605555465782	0.04600151843599128	0.32778873114064144	0.0	0.027646935427856074	
constant_null_directional_pleiotropy	444	PlantMR	environment_slope	-0.07384220548950195	0.021864312330300915	0.0007320282706095986		0.20894532452798797	
constant_null_directional_pleiotropy	444	summary_MR_GxE	causal_effect	-0.021772231359317856	0.04419913385401935	0.6222994369359627	0.0	0.039045900443042396	
constant_null_directional_pleiotropy	445	PlantMR	environment_slope	-0.06756592721165351	0.021886372288307514	0.0020210382889621482		0.2622672693038617	
constant_null_directional_pleiotropy	445	summary_MR_GxE	causal_effect	0.05881726296230483	0.04492377686509293	0.19044358916041623	0.0	0.034327096509671085	
constant_null_directional_pleiotropy	446	PlantMR	environment_slope	-0.05533382339292983	0.021937574634042174	0.011657997070661686		0.17937881205473832	
constant_null_directional_pleiotropy	446	summary_MR_GxE	causal_effect	0.0017893976664436484	0.04621795755080582	0.9691164162265341	0.0	0.029886000979342596	
constant_null_directional_pleiotropy	447	PlantMR	environment_slope	-0.06412473959405715	0.022718726895024043	0.004764341189469777		0.23921667528285132	
constant_null_directional_pleiotropy	447	summary_MR_GxE	causal_effect	0.010092994900228358	0.04478894799701753	0.8217103839899248	0.0	0.04348547212678261	
constant_null_directional_pleiotropy	448	PlantMR	environment_slope	-0.07131013992333668	0.02332858685754444	0.0022373538415211905		0.25086534719317993	
constant_null_directional_pleiotropy	448	summary_MR_GxE	causal_effect	0.0004198377117058394	0.04853987876978372	0.9930989145414942	0.0	0.04498616772924866	
constant_null_directional_pleiotropy	449	PlantMR	environment_slope	-0.07178618538618298	0.022588797975030134	0.0014831772529435806		0.22337992035177007	
constant_null_directional_pleiotropy	449	summary_MR_GxE	causal_effect	0.0029119204817922295	0.04488304083276743	0.9482711627089047	0.0	0.0361662034142477	
constant_null_directional_pleiotropy	450	PlantMR	environment_slope	-0.07550215525570607	0.020313864590350145	0.00020177840676676662		0.21161171920296615	
constant_null_directional_pleiotropy	450	summary_MR_GxE	causal_effect	-0.008699439428881767	0.042017904308491526	0.8359776435655808	0.0	0.038221583873550714	
constant_null_directional_pleiotropy	451	PlantMR	environment_slope	-0.09143637543225432	0.02276357346355506	5.8997558446009506e-05		0.238473246744855	
constant_null_directional_pleiotropy	451	summary_MR_GxE	causal_effect	-0.03588971926337331	0.046170739604723225	0.4369664217130777	0.0	0.043840158343558165	
constant_null_directional_pleiotropy	452	PlantMR	environment_slope	-0.05991892614264806	0.02266938859416814	0.008213508805468589		0.22285039274256874	
constant_null_directional_pleiotropy	452	summary_MR_GxE	causal_effect	0.015925593314715603	0.046407946590346145	0.7314741663075401	0.0	0.03773241014848013	
constant_null_directional_pleiotropy	453	PlantMR	environment_slope	-0.046141196096665546	0.021474741593266768	0.031664029522296105		0.18626731250018674	
constant_null_directional_pleiotropy	453	summary_MR_GxE	causal_effect	0.02879254923660976	0.043353730430900954	0.5066065756583437	0.0	0.030291795024925107	
constant_null_directional_pleiotropy	454	PlantMR	environment_slope	-0.06183706524298986	0.021678815299002455	0.004338786481279781		0.23122840153723345	
constant_null_directional_pleiotropy	454	summary_MR_GxE	causal_effect	0.034009705414717095	0.04421740872684405	0.4418058059060157	0.0	0.03554079682400968	
constant_null_directional_pleiotropy	455	PlantMR	environment_slope	-0.026709230867663927	0.022945887736918292	0.24442016971539393		0.1453871771972246	
constant_null_directional_pleiotropy	455	summary_MR_GxE	causal_effect	0.05906478231985168	0.04827280670474121	0.22111742067212997	0.0	0.014229565379459255	
constant_null_directional_pleiotropy	456	PlantMR	environment_slope	-0.08179620085684344	0.02200836157422691	0.0002019244924576225		0.2440002388577453	
constant_null_directional_pleiotropy	456	summary_MR_GxE	causal_effect	-0.015086750283972605	0.04488161942478998	0.7367612177919822	0.0	0.044571562612326004	
constant_null_directional_pleiotropy	457	PlantMR	environment_slope	-0.061598981038185154	0.02231766739890854	0.005778377210463738		0.24295481720632436	
constant_null_directional_pleiotropy	457	summary_MR_GxE	causal_effect	0.05996934775090629	0.04758399659801415	0.2075669435263744	0.0	0.028185392033781634	
constant_null_directional_pleiotropy	458	PlantMR	environment_slope	-0.08735363966139585	0.02179743204294719	6.135972891689671e-05		0.2625533291337489	
constant_null_directional_pleiotropy	458	summary_MR_GxE	causal_effect	-0.032827608504449435	0.0443726460920356	0.4594114445425985	0.0	0.05371886072577699	
constant_null_directional_pleiotropy	459	PlantMR	environment_slope	-0.05870273545449774	0.02464775893107823	0.01723450964374388		0.20798250549398256	
constant_null_directional_pleiotropy	459	summary_MR_GxE	causal_effect	0.0174436867030211	0.04950010981461189	0.7245406044793284	0.0	0.030486133984729873	
constant_null_directional_pleiotropy	460	PlantMR	environment_slope	-0.053491391206592576	0.023588841369113142	0.023350146596825		0.2218458314283715	
constant_null_directional_pleiotropy	460	summary_MR_GxE	causal_effect	0.04360445692400344	0.04679032177109835	0.3513820653640551	0.0	0.030637718300665584	
constant_null_directional_pleiotropy	461	PlantMR	environment_slope	-0.04320137416793346	0.021305662898894052	0.042591443623393295		0.18553579260981784	
constant_null_directional_pleiotropy	461	summary_MR_GxE	causal_effect	0.05356466127412107	0.043848697916497745	0.22186676425053906	0.0	0.022587558565032723	
constant_null_directional_pleiotropy	462	PlantMR	environment_slope	-0.02988606750860691	0.02356067503511735	0.20462927822088275		0.16787007755380678	
constant_null_directional_pleiotropy	462	summary_MR_GxE	causal_effect	0.07860414871287119	0.04577576053746941	0.08595056534976143	0.0	0.01576619818550934	
constant_null_directional_pleiotropy	463	PlantMR	environment_slope	-0.10013079155168739	0.021339362813755508	2.7014443228526332e-06		0.23692147026883126	
constant_null_directional_pleiotropy	463	summary_MR_GxE	causal_effect	-0.05974131828177481	0.04404008428968325	0.17493332045651278	0.0	0.04892108231953565	
constant_null_directional_pleiotropy	464	PlantMR	environment_slope	-0.0674943829872989	0.021958795607386193	0.002114337661641601		0.21440592947169146	
constant_null_directional_pleiotropy	464	summary_MR_GxE	causal_effect	-0.008761159012292796	0.044425175473109736	0.843661969647207	0.0	0.040379961354459516	
constant_null_directional_pleiotropy	465	PlantMR	environment_slope	-0.05365784892496928	0.022166696626043928	0.015492719201833103		0.21078793072762647	
constant_null_directional_pleiotropy	465	summary_MR_GxE	causal_effect	0.0267754390714377	0.04633448896103078	0.563350026601116	0.0	0.03285032532581794	
constant_null_directional_pleiotropy	466	PlantMR	environment_slope	-0.033535831806310784	0.02204095589014674	0.12812852481771503		0.1207023144797729	
constant_null_directional_pleiotropy	466	summary_MR_GxE	causal_effect	-0.020600867251469313	0.045726095588970714	0.6523300711254152	0.0	0.029488803061465233	
constant_null_directional_pleiotropy	467	PlantMR	environment_slope	-0.06630423356574565	0.021609452817391288	0.0021528206213458387		0.27632478423415274	
constant_null_directional_pleiotropy	467	summary_MR_GxE	causal_effect	0.025138678180162466	0.04357132363293526	0.5639700850095059	0.0	0.05147323135589009	
constant_null_directional_pleiotropy	468	PlantMR	environment_slope	-0.08504990633309474	0.02200147397362448	0.0001107956182641037		0.22547719789004494	
constant_null_directional_pleiotropy	468	summary_MR_GxE	causal_effect	-0.050012594365231006	0.04409864170248247	0.2567495143988517	0.0	0.04927738708111468	
constant_null_directional_pleiotropy	469	PlantMR	environment_slope	-0.07814554393297711	0.022644454667057046	0.000558556442640726		0.23807105086047006	
constant_null_directional_pleiotropy	469	summary_MR_GxE	causal_effect	-0.02133229389230873	0.045362330496611834	0.6381660536121526	0.0	0.046433484031316134	
constant_null_directional_pleiotropy	470	PlantMR	environment_slope	-0.10164443137133955	0.02248881579106994	6.190481602594049e-06		0.2882447879074359	
constant_null_directional_pleiotropy	470	summary_MR_GxE	causal_effect	-0.04164079130265813	0.04465446998936143	0.3510724254767519	0.0	0.057374833998991404	
constant_null_directional_pleiotropy	471	PlantMR	environment_slope	-0.06886214362874334	0.021988149609977452	0.001737474233881778		0.22263035731302855	
constant_null_directional_pleiotropy	471	summary_MR_GxE	causal_effect	0.004248383582954818	0.04533856346072555	0.9253446636034521	0.0	0.03730609625270555	
constant_null_directional_pleiotropy	472	PlantMR	environment_slope	-0.08649865176447538	0.021891021903401305	7.771806720547892e-05		0.2604217152602025	
constant_null_directional_pleiotropy	472	summary_MR_GxE	causal_effect	-0.009979681418418485	0.044004388336509034	0.8205883443472406	0.0	0.04740459496046101	
constant_null_directional_pleiotropy	473	PlantMR	environment_slope	-0.05763387994949014	0.021755569123136597	0.008069325592394752		0.2213382327597495	
constant_null_directional_pleiotropy	473	summary_MR_GxE	causal_effect	0.04013466475207339	0.044260236284463315	0.3645187542071576	0.0	0.030800389180304866	
constant_null_directional_pleiotropy	474	PlantMR	environment_slope	-0.03314310860778115	0.021770812615967937	0.1279178167982239		0.1636976410259548	
constant_null_directional_pleiotropy	474	summary_MR_GxE	causal_effect	0.028484915421145757	0.04492925603799288	0.526084205178134	0.0	0.028496985315823724	
constant_null_directional_pleiotropy	475	PlantMR	environment_slope	-0.0939819717700767	0.02232479132929234	2.5564421899757438e-05		0.28199122145430944	
constant_null_directional_pleiotropy	475	summary_MR_GxE	causal_effect	-0.009882393362851627	0.04536615450830883	0.8275566926424223	0.0	0.0502271900106025	
constant_null_directional_pleiotropy	476	PlantMR	environment_slope	-0.08342056328197903	0.021095753196217967	7.673430345891673e-05		0.2493394408482274	
constant_null_directional_pleiotropy	476	summary_MR_GxE	causal_effect	-0.0589824494503563	0.04244989207010202	0.16469275570646585	0.0	0.06424403585091135	
constant_null_directional_pleiotropy	477	PlantMR	environment_slope	-0.061044102849420856	0.022716461541842554	0.007204973647038153		0.2253142337282783	
constant_null_directional_pleiotropy	477	summary_MR_GxE	causal_effect	0.03658649792279717	0.046046375573560075	0.4268708873369325	0.0	0.03116702512391288	
constant_null_directional_pleiotropy	478	PlantMR	environment_slope	-0.09048430456776005	0.02172004233004327	3.100777960885298e-05		0.22487870842345917	
constant_null_directional_pleiotropy	478	summary_MR_GxE	causal_effect	-0.06165244401791889	0.04426558137356058	0.16368477287932554	0.0	0.050618202896736714	
constant_null_directional_pleiotropy	479	PlantMR	environment_slope	0.0004894002951192772	0.022349337918634665	0.9825295167049928		0.13262400639892427	
constant_null_directional_pleiotropy	479	summary_MR_GxE	causal_effect	0.07610526304427151	0.04665736702826172	0.10285822580074411	0.0	0.01900030889772042	
constant_null_directional_pleiotropy	480	PlantMR	environment_slope	-0.09853039056677006	0.02291212807381451	1.7052115668531104e-05		0.2850507663266342	
constant_null_directional_pleiotropy	480	summary_MR_GxE	causal_effect	-0.02731690585668123	0.04585697375981514	0.5513770192842204	0.0	0.05339330975952431	
constant_null_directional_pleiotropy	481	PlantMR	environment_slope	-0.12632912124849957	0.021954843859543244	8.713384544296647e-09		0.31035507243079963	
constant_null_directional_pleiotropy	481	summary_MR_GxE	causal_effect	-0.0784497572980759	0.04691124974710482	0.09446486730472442	0.0	0.062028876723284124	
constant_null_directional_pleiotropy	482	PlantMR	environment_slope	-0.1009988832872512	0.02278882787003205	9.338586182828583e-06		0.25812046217103796	
constant_null_directional_pleiotropy	482	summary_MR_GxE	causal_effect	-0.06313801312943546	0.04632820917382301	0.17293242086973307	0.0	0.0539711140330394	
constant_null_directional_pleiotropy	483	PlantMR	environment_slope	-0.10510230201682788	0.023460211405275464	7.463476770681315e-06		0.2471133531683816	
constant_null_directional_pleiotropy	483	summary_MR_GxE	causal_effect	-0.062229114967900095	0.0485008668776598	0.19947399799413099	0.0	0.046735819934154876	
constant_null_directional_pleiotropy	484	PlantMR	environment_slope	-0.04486584928639335	0.02206076100721077	0.04197782969793714		0.1853472298922917	
constant_null_directional_pleiotropy	484	summary_MR_GxE	causal_effect	0.03010171953671481	0.04568187133552751	0.5099327909620889	0.0	0.028840065723606916	
constant_null_directional_pleiotropy	485	PlantMR	environment_slope	-0.041593367121306075	0.020130581692640828	0.03881166551204044		0.12031629142241942	
constant_null_directional_pleiotropy	485	summary_MR_GxE	causal_effect	-0.011250749062640453	0.040987659984023074	0.7837072199815688	0.0	0.024861568590758734	
constant_null_directional_pleiotropy	486	PlantMR	environment_slope	-0.07360898374315195	0.021596137315640248	0.0006533716503806681		0.25530223736762225	
constant_null_directional_pleiotropy	486	summary_MR_GxE	causal_effect	0.004999517551063093	0.043748345077420946	0.9090166213191463	0.0	0.04553123781585681	
constant_null_directional_pleiotropy	487	PlantMR	environment_slope	-0.06346115585216361	0.021789396822325113	0.0035857256363145684		0.23390110082936894	
constant_null_directional_pleiotropy	487	summary_MR_GxE	causal_effect	0.018969675910859296	0.04297238726063408	0.6588954112640203	0.0	0.04178360804246904	
constant_null_directional_pleiotropy	488	PlantMR	environment_slope	-0.05746400951455797	0.021594780288650486	0.007790575163884751		0.20384650615560249	
constant_null_directional_pleiotropy	488	summary_MR_GxE	causal_effect	0.019186562833450993	0.043883013381695694	0.6619512824040417	0.0	0.033825926908003394	
constant_null_directional_pleiotropy	489	PlantMR	environment_slope	-0.10346595648267652	0.023067297098178056	7.27787225592308e-06		0.27092623910092867	
constant_null_directional_pleiotropy	489	summary_MR_GxE	causal_effect	-0.04663095523630045	0.046171403035650316	0.3125177230157452	0.0	0.05130439961285294	
constant_null_directional_pleiotropy	490	PlantMR	environment_slope	-0.055957298065640454	0.022157910508992684	0.01155709581227468		0.2796798199080214	
constant_null_directional_pleiotropy	490	summary_MR_GxE	causal_effect	0.0961465716823201	0.04514676676019244	0.033200959296613576	0.0	0.033651521002114174	
constant_null_directional_pleiotropy	491	PlantMR	environment_slope	-0.06956742926562984	0.021267862581146636	0.0010716344239801575		0.22949168432582437	
constant_null_directional_pleiotropy	491	summary_MR_GxE	causal_effect	0.028242175419926352	0.0438944590410868	0.5199574826488629	0.0	0.032108133420520005	
constant_null_directional_pleiotropy	492	PlantMR	environment_slope	-0.06060121044236752	0.02079630653240189	0.0035678741108928083		0.2045861370338553	
constant_null_directional_pleiotropy	492	summary_MR_GxE	causal_effect	-0.0034384788553171175	0.04321710499596933	0.9365848911437067	0.0	0.03959214398063752	
constant_null_directional_pleiotropy	493	PlantMR	environment_slope	-0.10952065517129517	0.02272513383330733	1.4401775269028816e-06		0.24660327299588658	
constant_null_directional_pleiotropy	493	summary_MR_GxE	causal_effect	-0.11047966466533332	0.046306797252198204	0.017041107918158372	0.0	0.059786043271543014	
constant_null_directional_pleiotropy	494	PlantMR	environment_slope	-0.057644540925287015	0.021733917622874778	0.007994905693791568		0.16164948513145935	
constant_null_directional_pleiotropy	494	summary_MR_GxE	causal_effect	-0.008449334061108815	0.04437592493728101	0.8489929086727871	0.0	0.028416421179287533	
constant_null_directional_pleiotropy	495	PlantMR	environment_slope	-0.0714078649057148	0.02311784724332095	0.0020092401280727107		0.19689259291492664	
constant_null_directional_pleiotropy	495	summary_MR_GxE	causal_effect	-0.015365342558028655	0.04752453028328578	0.7464575070159798	0.0	0.03243649809654292	
constant_null_directional_pleiotropy	496	PlantMR	environment_slope	-0.08532774396635873	0.021514160680898373	7.30520792901108e-05		0.27149425218460704	
constant_null_directional_pleiotropy	496	summary_MR_GxE	causal_effect	-0.01177919472497685	0.044658531854629265	0.7919638171162807	0.0	0.05181033984717891	
constant_null_directional_pleiotropy	497	PlantMR	environment_slope	-0.09039025412962277	0.022540281717391943	6.067627134420829e-05		0.25096173664850063	
constant_null_directional_pleiotropy	497	summary_MR_GxE	causal_effect	-0.05109675829588656	0.04551832732345736	0.2616271676339145	0.0	0.05396029725048056	
constant_null_directional_pleiotropy	498	PlantMR	environment_slope	-0.07287360633880305	0.02309509078149855	0.0016029349936582146		0.24166716684563874	
constant_null_directional_pleiotropy	498	summary_MR_GxE	causal_effect	-0.011137434993908235	0.045287192576256644	0.8057371770703018	0.0	0.047062364333158455	
constant_null_directional_pleiotropy	499	PlantMR	environment_slope	-0.058740496928340366	0.021635114209781037	0.006626502419247424		0.22851724737235102	
constant_null_directional_pleiotropy	499	summary_MR_GxE	causal_effect	0.017785758156514286	0.044994819889480384	0.6926328834837426	0.0	0.0400069658438481	
constant_null_directional_pleiotropy	500	PlantMR	environment_slope	-0.08627796644569766	0.02191822685914006	8.27278670683422e-05		0.20020096032931928	
constant_null_directional_pleiotropy	500	summary_MR_GxE	causal_effect	-0.08163955607846113	0.045498492644260174	0.07275965078699037	0.0	0.04902397510731982	
constant_effect_no_pleiotropy	1	PlantMR	environment_slope	0.006774937409399329	0.022292713410108647	0.7611978644446081	0.0	0.47010772680538926	
constant_effect_no_pleiotropy	1	summary_MR_GxE	causal_effect	0.4828411122178743	0.04365031393430572	1.9268930887041926e-28	0.5	0.001815909655354081	
constant_effect_no_pleiotropy	2	PlantMR	environment_slope	0.03087553499354012	0.021072764576115118	0.14286997940713533	0.0	0.43974468999420246	
constant_effect_no_pleiotropy	2	summary_MR_GxE	causal_effect	0.5118078725434179	0.04309399185089548	1.5670563247279385e-32	0.5	-0.007052662933293458	
constant_effect_no_pleiotropy	3	PlantMR	environment_slope	-0.01473751238362958	0.023029957986597505	0.5222194820064902	0.0	0.4867273697894614	
constant_effect_no_pleiotropy	3	summary_MR_GxE	causal_effect	0.46427185819969796	0.04757819389808261	1.703483711707529e-22	0.5	0.0025996462617932092	
constant_effect_no_pleiotropy	4	PlantMR	environment_slope	-0.04648770616262382	0.0227273375595543	0.04081019506857058	0.0	0.5355613353268608	
constant_effect_no_pleiotropy	4	summary_MR_GxE	causal_effect	0.4042589785016558	0.04497361850317087	2.4993850696427255e-19	0.5	0.02095945184812187	
constant_effect_no_pleiotropy	5	PlantMR	environment_slope	-0.007714066949063736	0.022310424374625555	0.7295225960624916	0.0	0.4953377743549954	
constant_effect_no_pleiotropy	5	summary_MR_GxE	causal_effect	0.4879570212219917	0.04636134002061514	6.620201958032722e-26	0.5	0.00046454423155983804	
constant_effect_no_pleiotropy	6	PlantMR	environment_slope	0.007782989532245654	0.023718108700100018	0.7428016881501971	0.0	0.5079771669003837	
constant_effect_no_pleiotropy	6	summary_MR_GxE	causal_effect	0.5223710457580446	0.047351827784476275	2.6874361917999447e-28	0.5	0.0011658661765063805	
constant_effect_no_pleiotropy	7	PlantMR	environment_slope	0.022803897784577642	0.022232505956646963	0.30503266602698376	0.0	0.48188150222117254	
constant_effect_no_pleiotropy	7	summary_MR_GxE	causal_effect	0.5633576797728178	0.0479178670490192	6.520716763144957e-32	0.5	-0.013511312944784415	
constant_effect_no_pleiotropy	8	PlantMR	environment_slope	0.010963779748530744	0.02134926406486286	0.6075710606185207	0.0	0.5335102597482378	
constant_effect_no_pleiotropy	8	summary_MR_GxE	causal_effect	0.5760571619330113	0.04378348696434123	1.5522582994762512e-39	0.5	-0.0072870663515682554	
constant_effect_no_pleiotropy	9	PlantMR	environment_slope	-0.0037798003048074014	0.022447197626769503	0.8662793939585649	0.0	0.516833895633399	
constant_effect_no_pleiotropy	9	summary_MR_GxE	causal_effect	0.48893015299159825	0.04584179150411108	1.474463188577858e-26	0.5	0.008366640935843328	
constant_effect_no_pleiotropy	10	PlantMR	environment_slope	-0.0018095324447154337	0.021664573898164678	0.9334341397258977	0.0	0.4579184621970127	
constant_effect_no_pleiotropy	10	summary_MR_GxE	causal_effect	0.4916517450512278	0.042733237750987564	1.2429215516486968e-30	0.5	-0.011401131021064187	
constant_effect_no_pleiotropy	11	PlantMR	environment_slope	0.01256531042644693	0.021289112974436787	0.5550415856539211	0.0	0.47285306738208155	
constant_effect_no_pleiotropy	11	summary_MR_GxE	causal_effect	0.5016524399701872	0.04332322217326359	5.2474838607600246e-31	0.5	-0.00315475068982915	
constant_effect_no_pleiotropy	12	PlantMR	environment_slope	-0.037280692667024384	0.02122262732711701	0.07897777120911803	0.0	0.5342294021095441	
constant_effect_no_pleiotropy	12	summary_MR_GxE	causal_effect	0.44497154091201807	0.04352279304991798	1.550193956370567e-24	0.5	0.012517882780126027	
constant_effect_no_pleiotropy	13	PlantMR	environment_slope	0.03522219022306311	0.02285365931988108	0.12326672841055217	0.0	0.44671474035792436	
constant_effect_no_pleiotropy	13	summary_MR_GxE	causal_effect	0.5242415301658845	0.04674403319531347	3.4358788200705935e-29	0.5	-0.006327450384888633	
constant_effect_no_pleiotropy	14	PlantMR	environment_slope	0.022757105062440053	0.023343173047029535	0.3296131461697175	0.0	0.4330183693625891	
constant_effect_no_pleiotropy	14	summary_MR_GxE	causal_effect	0.49965182644532424	0.047355247762085696	5.01847083084776e-26	0.5	-0.007875581371025037	
constant_effect_no_pleiotropy	15	PlantMR	environment_slope	-0.015808600422215602	0.023376827179906655	0.4988813607435777	0.0	0.5110509646726387	
constant_effect_no_pleiotropy	15	summary_MR_GxE	causal_effect	0.4691593353811586	0.04742319363884158	4.4628650788606145e-23	0.5	0.007200493916531964	
constant_effect_no_pleiotropy	16	PlantMR	environment_slope	0.014314143187171668	0.021497578815410586	0.5055075669859316	0.0	0.42618290812781545	
constant_effect_no_pleiotropy	16	summary_MR_GxE	causal_effect	0.4925595128612794	0.04453944235206967	1.9840418304829675e-28	0.5	-0.01323256394435851	
constant_effect_no_pleiotropy	17	PlantMR	environment_slope	0.03093985375702002	0.02233854747724141	0.1660392517428091	0.0	0.4783468974084478	
constant_effect_no_pleiotropy	17	summary_MR_GxE	causal_effect	0.5670491684794531	0.04497165807627147	1.882865165885888e-36	0.5	-0.013547855663269437	
constant_effect_no_pleiotropy	18	PlantMR	environment_slope	0.020500738263168727	0.02200747068267854	0.35157667567112627	0.0	0.4966183781475131	
constant_effect_no_pleiotropy	18	summary_MR_GxE	causal_effect	0.5512558779497332	0.0448197809342631	9.126292875178077e-35	0.5	-0.00582192692390987	
constant_effect_no_pleiotropy	19	PlantMR	environment_slope	0.0164697049056568	0.02219945234786133	0.45814980346897105	0.0	0.44594721773308965	
constant_effect_no_pleiotropy	19	summary_MR_GxE	causal_effect	0.5192229868108638	0.04475840412493661	4.093441059001492e-31	0.5	-0.014779719369698102	
constant_effect_no_pleiotropy	20	PlantMR	environment_slope	0.04595743740542835	0.021426827265332345	0.03196444282668966	0.0	0.43650299033703455	
constant_effect_no_pleiotropy	20	summary_MR_GxE	causal_effect	0.5720344510851767	0.0436803288930345	3.4740116406350064e-39	0.5	-0.021534330493378412	
constant_effect_no_pleiotropy	21	PlantMR	environment_slope	0.024125059005613625	0.020364512171704544	0.23615120419511526	0.0	0.46012121820336627	
constant_effect_no_pleiotropy	21	summary_MR_GxE	causal_effect	0.4983640678261543	0.042739646753000744	2.029359546730016e-31	0.5	0.0001670167482429319	
constant_effect_no_pleiotropy	22	PlantMR	environment_slope	0.06632488272113846	0.021482421560606653	0.0020191397464200144	0.0	0.4375916091801214	
constant_effect_no_pleiotropy	22	summary_MR_GxE	causal_effect	0.6324671281042556	0.04474459173869726	2.309635366552763e-45	0.5	-0.03024348973465449	
constant_effect_no_pleiotropy	23	PlantMR	environment_slope	-0.049343320218391606	0.02121595403378688	0.02003109859309098	0.0	0.4705918790810538	
constant_effect_no_pleiotropy	23	summary_MR_GxE	causal_effect	0.3304016707306934	0.04393856121791633	5.4931975406705756e-14	0.5	0.023204056837232145	
constant_effect_no_pleiotropy	24	PlantMR	environment_slope	-0.009323781036521817	0.021546164943430868	0.6652072541853263	0.0	0.5128326358745696	
constant_effect_no_pleiotropy	24	summary_MR_GxE	causal_effect	0.4942525027875718	0.043565049157588326	7.838171970839739e-30	0.5	0.0026978329123166223	
constant_effect_no_pleiotropy	25	PlantMR	environment_slope	-0.003387231545629865	0.021810897017182456	0.8765848431248798	0.0	0.5347594444858247	
constant_effect_no_pleiotropy	25	summary_MR_GxE	causal_effect	0.5127896510777992	0.04598381295069761	7.038932945215338e-29	0.5	0.006410034044352114	
constant_effect_no_pleiotropy	26	PlantMR	environment_slope	0.05055811674068672	0.022018157413546263	0.02166438706866088	0.0	0.4420972390905965	
constant_effect_no_pleiotropy	26	summary_MR_GxE	causal_effect	0.591827119911942	0.04482026286063049	8.269664814907831e-40	0.5	-0.023064247752175804	
constant_effect_no_pleiotropy	27	PlantMR	environment_slope	-0.005279709903607932	0.023378001233869416	0.8213251297252138	0.0	0.5355632241494551	
constant_effect_no_pleiotropy	27	summary_MR_GxE	causal_effect	0.502116522462898	0.04710679239206424	1.5810166586563778e-26	0.5	0.008700148357724785	
constant_effect_no_pleiotropy	28	PlantMR	environment_slope	-0.0014220421251796567	0.021449168374197556	0.9471403839561907	0.0	0.4776392605894856	
constant_effect_no_pleiotropy	28	summary_MR_GxE	causal_effect	0.4552220265409215	0.043877273939052164	3.2257321382046193e-25	0.5	0.007344117084461699	
constant_effect_no_pleiotropy	29	PlantMR	environment_slope	0.005670325782950902	0.021543117647419816	0.7923900906962773	0.0	0.4447140049467051	
constant_effect_no_pleiotropy	29	summary_MR_GxE	causal_effect	0.4773319982269625	0.04236494375188198	1.9065021540784378e-29	0.5	-0.007088847149110733	
constant_effect_no_pleiotropy	30	PlantMR	environment_slope	-0.006639441973371463	0.023225687626022853	0.7749805064571109	0.0	0.5183636800814272	
constant_effect_no_pleiotropy	30	summary_MR_GxE	causal_effect	0.483497169385134	0.04673267228279738	4.362450698928517e-25	0.5	0.00862111309043273	
constant_effect_no_pleiotropy	31	PlantMR	environment_slope	-0.004636809106862982	0.023104314071458736	0.8409408334077532	0.0	0.549845072351155	
constant_effect_no_pleiotropy	31	summary_MR_GxE	causal_effect	0.5301358642637903	0.04756027531352263	7.438620527819671e-29	0.5	0.0042727923347349595	
constant_effect_no_pleiotropy	32	PlantMR	environment_slope	-0.027185179383599378	0.02176495959022784	0.21165255700216412	0.0	0.4988519860642091	
constant_effect_no_pleiotropy	32	summary_MR_GxE	causal_effect	0.40797390437349845	0.04380531359089346	1.2387102572149137e-20	0.5	0.017313178131148604	
constant_effect_no_pleiotropy	33	PlantMR	environment_slope	0.008206719591552836	0.022856131113672733	0.7195502975041534	0.0	0.4754314653226196	
constant_effect_no_pleiotropy	33	summary_MR_GxE	causal_effect	0.4775295984094804	0.04697791545171895	2.8417864238811425e-24	0.5	0.0045333865608754575	
constant_effect_no_pleiotropy	34	PlantMR	environment_slope	-0.028664089234139878	0.021821194001294196	0.1889844162491175	0.0	0.5483136667673117	
constant_effect_no_pleiotropy	34	summary_MR_GxE	causal_effect	0.4483148545780704	0.04415801810509569	3.2293861387784016e-24	0.5	0.020569986371817173	
constant_effect_no_pleiotropy	35	PlantMR	environment_slope	0.02010307182830029	0.021093820953424373	0.34057420681725825	0.0	0.43071113974074393	
constant_effect_no_pleiotropy	35	summary_MR_GxE	causal_effect	0.4999196360624514	0.04433828063000585	1.7413203336768296e-29	0.5	-0.011765696250557567	
constant_effect_no_pleiotropy	36	PlantMR	environment_slope	0.010674227768013966	0.022539193627393143	0.6357957552939326	0.0	0.4429516191523145	
constant_effect_no_pleiotropy	36	summary_MR_GxE	causal_effect	0.4678745220506807	0.04677169323873605	1.4729830830462982e-23	0.5	-0.001919686198843723	
constant_effect_no_pleiotropy	37	PlantMR	environment_slope	0.01877385322351688	0.021285230469469417	0.37776969489303225	0.0	0.47926793735959106	
constant_effect_no_pleiotropy	37	summary_MR_GxE	causal_effect	0.5135739478365607	0.04356140709076493	4.4134681206332925e-32	0.5	-0.00031878527430945214	
constant_effect_no_pleiotropy	38	PlantMR	environment_slope	0.013772514727447727	0.021777521487480803	0.527113230802852	0.0	0.43993000029659857	
constant_effect_no_pleiotropy	38	summary_MR_GxE	causal_effect	0.47800003064884344	0.04568748650253226	1.285790442489472e-25	0.5	-0.004917758633545988	
constant_effect_no_pleiotropy	39	PlantMR	environment_slope	-0.009158303583556737	0.022464239569006606	0.6835059294239731	0.0	0.5393016424532654	
constant_effect_no_pleiotropy	39	summary_MR_GxE	causal_effect	0.5395030011236279	0.045811185280640626	5.149000908597992e-32	0.5	-0.003568128042556906	
constant_effect_no_pleiotropy	40	PlantMR	environment_slope	0.0009318618872720119	0.022925097180571476	0.9675764290609028	0.0	0.5092271305630466	
constant_effect_no_pleiotropy	40	summary_MR_GxE	causal_effect	0.5262053357302544	0.04532716852670413	3.7071417967131663e-31	0.5	-0.004458581089989033	
constant_effect_no_pleiotropy	41	PlantMR	environment_slope	0.029808498635886416	0.021964962535486323	0.1747516373071317	0.0	0.4759531894512776	
constant_effect_no_pleiotropy	41	summary_MR_GxE	causal_effect	0.5693303395139082	0.0452488518995577	2.645406630979014e-36	0.5	-0.014457731215396119	
constant_effect_no_pleiotropy	42	PlantMR	environment_slope	0.013514073372851432	0.023614243539566968	0.5671290246433738	0.0	0.45675699065418796	
constant_effect_no_pleiotropy	42	summary_MR_GxE	causal_effect	0.5074402866431512	0.04876804398247608	2.3481135757084695e-25	0.5	-0.008471273411835234	
constant_effect_no_pleiotropy	43	PlantMR	environment_slope	-0.0016208614663655863	0.02273313804760955	0.9431593900049503	0.0	0.4943026983275405	
constant_effect_no_pleiotropy	43	summary_MR_GxE	causal_effect	0.48072478425002596	0.04605907165210515	1.6779722490482517e-25	0.5	0.005358369015313086	
constant_effect_no_pleiotropy	44	PlantMR	environment_slope	-0.005900098469652171	0.021144734457893104	0.7802187819121011	0.0	0.5439118676835736	
constant_effect_no_pleiotropy	44	summary_MR_GxE	causal_effect	0.5684428803424271	0.042167903288092945	2.0382242932500186e-41	0.5	-0.010870657247674165	
constant_effect_no_pleiotropy	45	PlantMR	environment_slope	0.002245933313845372	0.021403395226841107	0.9164285713229062	0.0	0.5071865563388641	
constant_effect_no_pleiotropy	45	summary_MR_GxE	causal_effect	0.5082309831031281	0.04321062988269573	6.147498812259089e-32	0.5	0.0013298085325367803	
constant_effect_no_pleiotropy	46	PlantMR	environment_slope	0.005537192358326781	0.022111264678338544	0.802259436049887	0.0	0.4792847117641025	
constant_effect_no_pleiotropy	46	summary_MR_GxE	causal_effect	0.5017403768907469	0.045545244051576644	3.1887572948871693e-28	0.5	-0.0042139844575249386	
constant_effect_no_pleiotropy	47	PlantMR	environment_slope	0.013473350553777352	0.02100660335015886	0.5212716403535249	0.0	0.5038143803826707	
constant_effect_no_pleiotropy	47	summary_MR_GxE	causal_effect	0.5524924120770065	0.043737670339609666	1.4073234783941638e-36	0.5	-0.009163902486493292	
constant_effect_no_pleiotropy	48	PlantMR	environment_slope	-0.043617130329078435	0.021067152920207884	0.038416247958562244	0.0	0.5659632370678414	
constant_effect_no_pleiotropy	48	summary_MR_GxE	causal_effect	0.4661398348499033	0.043595747118426315	1.1056570907083185e-26	0.5	0.011737951220501752	
constant_effect_no_pleiotropy	49	PlantMR	environment_slope	0.013224184415156215	0.022054328021438165	0.5487604748146772	0.0	0.5462592020279449	
constant_effect_no_pleiotropy	49	summary_MR_GxE	causal_effect	0.5932288154906016	0.0443753268997662	9.246189920093933e-41	0.5	-0.00918248097997465	
constant_effect_no_pleiotropy	50	PlantMR	environment_slope	0.015472930562709264	0.022609003114441778	0.49374135656726637	0.0	0.45778398357184624	
constant_effect_no_pleiotropy	50	summary_MR_GxE	causal_effect	0.4799727117985707	0.04659006035879568	6.898194084769706e-25	0.5	0.0023297636000944033	
constant_effect_no_pleiotropy	51	PlantMR	environment_slope	0.04439489619164688	0.021724852295010144	0.04100223666523776	0.0	0.43228327936203004	
constant_effect_no_pleiotropy	51	summary_MR_GxE	causal_effect	0.5559895095228607	0.045514151837326544	2.561278633449905e-34	0.5	-0.017248582824609143	
constant_effect_no_pleiotropy	52	PlantMR	environment_slope	0.01817011284804948	0.022473515389966704	0.4187957479160265	0.0	0.5296140454417648	
constant_effect_no_pleiotropy	52	summary_MR_GxE	causal_effect	0.5764128981011155	0.045348827461597296	5.160626783484851e-37	0.5	-0.0039042749175081937	
constant_effect_no_pleiotropy	53	PlantMR	environment_slope	0.043689516946089524	0.0215163152009397	0.042302725875302497	0.0	0.43279554146194354	
constant_effect_no_pleiotropy	53	summary_MR_GxE	causal_effect	0.5535495253117758	0.044683069863073126	3.021957637618399e-35	0.5	-0.017701340550446726	
constant_effect_no_pleiotropy	54	PlantMR	environment_slope	-0.03182290097239704	0.022886093787010436	0.1643799160856375	0.0	0.52565246640595	
constant_effect_no_pleiotropy	54	summary_MR_GxE	causal_effect	0.4664355443406386	0.045516503218855475	1.2130117746954859e-24	0.5	0.0051580100859248135	
constant_effect_no_pleiotropy	55	PlantMR	environment_slope	-0.015316859506091574	0.02111041024765237	0.4681088334011191	0.0	0.47938481378015285	
constant_effect_no_pleiotropy	55	summary_MR_GxE	causal_effect	0.4208551752853963	0.04264782671497699	5.720966220471263e-23	0.5	0.013568077881290025	
constant_effect_no_pleiotropy	56	PlantMR	environment_slope	0.02541475056012854	0.02277202642309685	0.2644001600634246	0.0	0.456951853298744	
constant_effect_no_pleiotropy	56	summary_MR_GxE	causal_effect	0.511146714231343	0.04466346884888775	2.5082666270734382e-30	0.5	-0.00449645162285936	
constant_effect_no_pleiotropy	57	PlantMR	environment_slope	-0.003184382354034565	0.021438986631727514	0.881922683696459	0.0	0.5007374808683195	
constant_effect_no_pleiotropy	57	summary_MR_GxE	causal_effect	0.46986662797974377	0.04487430831037208	1.1773539767776948e-25	0.5	0.009519434783377911	
constant_effect_no_pleiotropy	58	PlantMR	environment_slope	0.012210932433370736	0.02193062444466578	0.5776653070549091	0.0	0.4768697434563117	
constant_effect_no_pleiotropy	58	summary_MR_GxE	causal_effect	0.5177537331087804	0.04595131304928643	1.900111036333588e-29	0.5	-0.005503291407354727	
constant_effect_no_pleiotropy	59	PlantMR	environment_slope	-0.03393873789137236	0.0227306438382422	0.1354154619497213	0.0	0.5892410416717796	
constant_effect_no_pleiotropy	59	summary_MR_GxE	causal_effect	0.49455149372749196	0.04570720690042908	2.7680942148388658e-27	0.5	0.01505623819783114	
constant_effect_no_pleiotropy	60	PlantMR	environment_slope	-0.005528932796162067	0.02172790249138958	0.7991383991246416	0.0	0.4842188951378963	
constant_effect_no_pleiotropy	60	summary_MR_GxE	causal_effect	0.45640800578029617	0.04461438198922004	1.4542247819249522e-24	0.5	0.007190608446510538	
constant_effect_no_pleiotropy	61	PlantMR	environment_slope	-0.005619749587967848	0.022631059487301822	0.8038866583902389	0.0	0.46832010819616476	
constant_effect_no_pleiotropy	61	summary_MR_GxE	causal_effect	0.4588207690909063	0.04521186820719274	3.374021846117229e-24	0.5	0.0011778029947254187	
constant_effect_no_pleiotropy	62	PlantMR	environment_slope	0.019745037114898722	0.02096975722725552	0.3463995773295398	0.0	0.5070557361216989	
constant_effect_no_pleiotropy	62	summary_MR_GxE	causal_effect	0.5632917781749123	0.04389155757182927	1.061484147330555e-37	0.5	-0.007261620181269024	
constant_effect_no_pleiotropy	63	PlantMR	environment_slope	-0.004940996616614957	0.02136380180829244	0.8170981364582348	0.0	0.5795914650078396	
constant_effect_no_pleiotropy	63	summary_MR_GxE	causal_effect	0.5393621836382986	0.04402566670055065	1.6576328878133571e-34	0.5	0.010912974803894193	
constant_effect_no_pleiotropy	64	PlantMR	environment_slope	0.0026169910575183364	0.022586760019521656	0.9077603731306028	0.0	0.5017271659442298	
constant_effect_no_pleiotropy	64	summary_MR_GxE	causal_effect	0.49932000228960793	0.047657828874596415	1.0996556620052755e-25	0.5	0.003934190832232232	
constant_effect_no_pleiotropy	65	PlantMR	environment_slope	0.026054078000079528	0.021466839447748166	0.2248663089615617	0.0	0.510462967997846	
constant_effect_no_pleiotropy	65	summary_MR_GxE	causal_effect	0.5923996412878918	0.04389474227866547	1.652937721411835e-41	0.5	-0.012848379085550227	
constant_effect_no_pleiotropy	66	PlantMR	environment_slope	0.008413144721628796	0.022119927508047563	0.7036913190197858	0.0	0.46197294043403825	
constant_effect_no_pleiotropy	66	summary_MR_GxE	causal_effect	0.4660746452129201	0.04627586938884583	7.372600297271877e-24	0.5	0.0037426964405398444	
constant_effect_no_pleiotropy	67	PlantMR	environment_slope	-0.013262715916352419	0.022420846346681483	0.5541619941436139	0.0	0.5067902094893676	
constant_effect_no_pleiotropy	67	summary_MR_GxE	causal_effect	0.4778786645411831	0.046488695982542336	8.72153795329806e-25	0.5	0.006398012383098173	
constant_effect_no_pleiotropy	68	PlantMR	environment_slope	-0.018107603410368767	0.022936759547117044	0.42984449320862483	0.0	0.5147307143609358	
constant_effect_no_pleiotropy	68	summary_MR_GxE	causal_effect	0.47046663753450946	0.04442333452906453	3.297212210478648e-26	0.5	0.0061123630799170825	
constant_effect_no_pleiotropy	69	PlantMR	environment_slope	0.0006318073664891566	0.021629345424380962	0.9766965826835985	0.0	0.4934942878872428	
constant_effect_no_pleiotropy	69	summary_MR_GxE	causal_effect	0.482107333982008	0.044351571550223956	1.5997331766701498e-27	0.5	0.004543562776688714	
constant_effect_no_pleiotropy	70	PlantMR	environment_slope	0.004081489456980225	0.022088946667554673	0.853405363313735	0.0	0.4660852572315225	
constant_effect_no_pleiotropy	70	summary_MR_GxE	causal_effect	0.5026024909589297	0.04496317189909677	5.219994630715084e-29	0.5	-0.008811195519618814	
constant_effect_no_pleiotropy	71	PlantMR	environment_slope	-0.018001708613978706	0.022219856573311745	0.4178464232959397	0.0	0.5218565664231954	
constant_effect_no_pleiotropy	71	summary_MR_GxE	causal_effect	0.46959184218257977	0.04481937701067486	1.0968498412878859e-25	0.5	0.010338307043349676	
constant_effect_no_pleiotropy	72	PlantMR	environment_slope	0.022654477387824723	0.021165034515965502	0.28445153470966733	0.0	0.49774020608371494	
constant_effect_no_pleiotropy	72	summary_MR_GxE	causal_effect	0.5434790377744911	0.04359846981800455	1.1507070200537303e-35	0.5	-0.0038053893112204584	
constant_effect_no_pleiotropy	73	PlantMR	environment_slope	0.02866026350429207	0.021884095309267295	0.19031800687254807	0.0	0.4459861571585074	
constant_effect_no_pleiotropy	73	summary_MR_GxE	causal_effect	0.5304577482436109	0.044671639415667284	1.6040378624484007e-32	0.5	-0.011839325057251243	
constant_effect_no_pleiotropy	74	PlantMR	environment_slope	-0.022359253389428235	0.021807225495903887	0.3052150566478872	0.0	0.5444766256139792	
constant_effect_no_pleiotropy	74	summary_MR_GxE	causal_effect	0.47758685919221155	0.043340805290374616	3.083279369108273e-28	0.5	0.01233099910184765	
constant_effect_no_pleiotropy	75	PlantMR	environment_slope	-0.0024202042389532274	0.021524855696877784	0.9104764024400245	0.0	0.5552980807949739	
constant_effect_no_pleiotropy	75	summary_MR_GxE	causal_effect	0.5577367149434115	0.044775749419009324	1.293533762344132e-35	0.5	-0.001671570897521013	
constant_effect_no_pleiotropy	76	PlantMR	environment_slope	-0.044954646643219465	0.02449426872622073	0.06645934517124313	0.0	0.5459691873025887	
constant_effect_no_pleiotropy	76	summary_MR_GxE	causal_effect	0.3836553195924911	0.04955034861914263	9.729914313299426e-15	0.5	0.02992594547341826	
constant_effect_no_pleiotropy	77	PlantMR	environment_slope	0.03097654622394297	0.021137435236530982	0.1427892616836738	0.0	0.4454349455351867	
constant_effect_no_pleiotropy	77	summary_MR_GxE	causal_effect	0.5317842446369183	0.04287959200895302	2.5550946856315854e-35	0.5	-0.01208332691306055	
constant_effect_no_pleiotropy	78	PlantMR	environment_slope	0.02950755178336867	0.022038811339041245	0.18060637228250237	0.0	0.44782720692161204	
constant_effect_no_pleiotropy	78	summary_MR_GxE	causal_effect	0.5239096541342273	0.04586959619334797	3.257253945881034e-30	0.5	-0.008884032682350829	
constant_effect_no_pleiotropy	79	PlantMR	environment_slope	-0.009357628497781878	0.021925734642765118	0.6695341442605117	0.0	0.5119790359467197	
constant_effect_no_pleiotropy	79	summary_MR_GxE	causal_effect	0.5119615780608474	0.04333639392250425	3.317827404114042e-32	0.5	-0.004132326378792017	
constant_effect_no_pleiotropy	80	PlantMR	environment_slope	0.0024876811102056973	0.02123739083201714	0.9067516069372664	0.0	0.48109662958282584	
constant_effect_no_pleiotropy	80	summary_MR_GxE	causal_effect	0.4860707455012373	0.045454241274040914	1.0902119516100525e-26	0.5	0.0012128731283877203	
constant_effect_no_pleiotropy	81	PlantMR	environment_slope	0.007477538956514984	0.02351681263761609	0.7505109820916327	0.0	0.4733425986583376	
constant_effect_no_pleiotropy	81	summary_MR_GxE	causal_effect	0.4980332571231415	0.046390815347376886	6.926721235753958e-27	0.5	-0.0029740691893411775	
constant_effect_no_pleiotropy	82	PlantMR	environment_slope	-0.033994466161529846	0.02367588344084061	0.1510516533921112	0.0	0.5464180411553431	
constant_effect_no_pleiotropy	82	summary_MR_GxE	causal_effect	0.4446089240633988	0.04854291513945256	5.2336826782842486e-20	0.5	0.016860914567897345	
constant_effect_no_pleiotropy	83	PlantMR	environment_slope	-0.010798968727869285	0.021479780835171224	0.6151397594551069	0.0	0.5561403275302104	
constant_effect_no_pleiotropy	83	summary_MR_GxE	causal_effect	0.5412868228223829	0.044649107336678505	7.966012568423537e-34	0.5	0.000456495212574487	
constant_effect_no_pleiotropy	84	PlantMR	environment_slope	0.0179142469748243	0.021347079285689814	0.40136292115277195	0.0	0.47226686529485506	
constant_effect_no_pleiotropy	84	summary_MR_GxE	causal_effect	0.5129691920969445	0.04434105303116097	5.93621900621825e-31	0.5	-0.002922852128663389	
constant_effect_no_pleiotropy	85	PlantMR	environment_slope	0.014429550961139015	0.021162650305136733	0.4953398450234074	0.0	0.3809509010403349	
constant_effect_no_pleiotropy	85	summary_MR_GxE	causal_effect	0.44784441507806855	0.043617543850497174	9.869988245458297e-25	0.5	-0.014419515089713703	
constant_effect_no_pleiotropy	86	PlantMR	environment_slope	0.034042304326584505	0.020431057426484614	0.09567284102565543	0.0	0.40239444057667406	
constant_effect_no_pleiotropy	86	summary_MR_GxE	causal_effect	0.4744686924806283	0.04035178274329391	6.400401768122235e-32	0.5	-0.007014314305119479	
constant_effect_no_pleiotropy	87	PlantMR	environment_slope	0.005285793107832615	0.021381534241238453	0.8047433891667344	0.0	0.5065762998478808	
constant_effect_no_pleiotropy	87	summary_MR_GxE	causal_effect	0.533413844679083	0.043648469779401816	2.410691494419061e-34	0.5	-0.005625382172818522	
constant_effect_no_pleiotropy	88	PlantMR	environment_slope	-0.01603067903317873	0.021981176045245757	0.4658235324517999	0.0	0.5711336866599805	
constant_effect_no_pleiotropy	88	summary_MR_GxE	causal_effect	0.5246962681501087	0.044671388681487366	7.431375396053601e-32	0.5	0.009209055948626227	
constant_effect_no_pleiotropy	89	PlantMR	environment_slope	-0.011603053950053399	0.023393189374622023	0.6198934452205567	0.0	0.514202205614038	
constant_effect_no_pleiotropy	89	summary_MR_GxE	causal_effect	0.47615141740015954	0.04621494085350919	6.831468621422788e-25	0.5	0.008537357972366072	
constant_effect_no_pleiotropy	90	PlantMR	environment_slope	-0.012058965509450292	0.021487508917508124	0.5746556355543551	0.0	0.49354374945323287	
constant_effect_no_pleiotropy	90	summary_MR_GxE	causal_effect	0.48078031248177766	0.04377143404422825	4.568546891524127e-28	0.5	-0.0010481926613450654	
constant_effect_no_pleiotropy	91	PlantMR	environment_slope	-0.00777960023099572	0.022847459038533843	0.7334786904544288	0.0	0.48353241287643756	
constant_effect_no_pleiotropy	91	summary_MR_GxE	causal_effect	0.4715690070686792	0.04614149483171566	1.6123522797401714e-24	0.5	0.0005514311324915644	
constant_effect_no_pleiotropy	92	PlantMR	environment_slope	-0.04136346639730565	0.02128798479773489	0.05201098264645148	0.0	0.5544245221409643	
constant_effect_no_pleiotropy	92	summary_MR_GxE	causal_effect	0.4405806351207344	0.04350067349473163	4.144849567051922e-24	0.5	0.01933527253732481	
constant_effect_no_pleiotropy	93	PlantMR	environment_slope	-0.003236109638694473	0.02221336830321022	0.8841716598343798	0.0	0.541592238278326	
constant_effect_no_pleiotropy	93	summary_MR_GxE	causal_effect	0.5233647363472639	0.04581239871379494	3.1697665725568565e-30	0.5	0.004675967921887764	
constant_effect_no_pleiotropy	94	PlantMR	environment_slope	0.00504686477468963	0.022938632520097372	0.8258587412646274	0.0	0.4509269794730649	
constant_effect_no_pleiotropy	94	summary_MR_GxE	causal_effect	0.45778301750004646	0.04587030591731905	1.8657478933584216e-23	0.5	2.906196456972654e-05	
constant_effect_no_pleiotropy	95	PlantMR	environment_slope	0.004710735071853045	0.02266245028399433	0.8353342113073531	0.0	0.5481537091922271	
constant_effect_no_pleiotropy	95	summary_MR_GxE	causal_effect	0.5569027718577563	0.04592439332426799	7.643497858961421e-34	0.5	0.00011950946158281739	
constant_effect_no_pleiotropy	96	PlantMR	environment_slope	-0.03997290831985034	0.022357588584431456	0.07379376188276854	0.0	0.5464069614545453	
constant_effect_no_pleiotropy	96	summary_MR_GxE	causal_effect	0.43099125191700305	0.04628768924183101	1.2646506043171204e-20	0.5	0.01879873705814597	
constant_effect_no_pleiotropy	97	PlantMR	environment_slope	-0.03194550142259023	0.022109728165079997	0.14849671074477755	0.0	0.5150695744853425	
constant_effect_no_pleiotropy	97	summary_MR_GxE	causal_effect	0.42467955901496834	0.04392760298926453	4.13506122828573e-22	0.5	0.015353690048870744	
constant_effect_no_pleiotropy	98	PlantMR	environment_slope	0.015862306079578503	0.02250349264639607	0.48088369554593774	0.0	0.47479095720829245	
constant_effect_no_pleiotropy	98	summary_MR_GxE	causal_effect	0.5207254478540354	0.046089573893764016	1.3406008356156285e-29	0.5	-0.006198575470793916	
constant_effect_no_pleiotropy	99	PlantMR	environment_slope	0.012460431414814122	0.02267373049646103	0.5826255552704004	0.0	0.5133644207049018	
constant_effect_no_pleiotropy	99	summary_MR_GxE	causal_effect	0.5651224474618782	0.04780397695105282	3.016576300695076e-32	0.5	-0.009155353817342254	
constant_effect_no_pleiotropy	100	PlantMR	environment_slope	-0.005631787449447256	0.022160979851705804	0.7993945124135384	0.0	0.5174316423055674	
constant_effect_no_pleiotropy	100	summary_MR_GxE	causal_effect	0.47144310548238644	0.044501233249183814	3.179443558488666e-26	0.5	0.014866993132240297	
constant_effect_no_pleiotropy	101	PlantMR	environment_slope	0.0254658886142341	0.021263338137942407	0.23105601859708225	0.0	0.43089555017627323	
constant_effect_no_pleiotropy	101	summary_MR_GxE	causal_effect	0.4973222523519002	0.042833695015543696	3.643152363274294e-31	0.5	-0.008105971430846654	
constant_effect_no_pleiotropy	102	PlantMR	environment_slope	0.03741433832729529	0.023633106363730016	0.11339127158545649	0.0	0.44923090860668813	
constant_effect_no_pleiotropy	102	summary_MR_GxE	causal_effect	0.5638703965083351	0.04754572501462761	1.920286844232588e-32	0.5	-0.01721153774875961	
constant_effect_no_pleiotropy	103	PlantMR	environment_slope	0.033838389299116645	0.022928600401532516	0.13999336492723685	0.0	0.4664132856567582	
constant_effect_no_pleiotropy	103	summary_MR_GxE	causal_effect	0.556301956096095	0.04766057715096095	1.7687132015343986e-31	0.5	-0.010397468883849542	
constant_effect_no_pleiotropy	104	PlantMR	environment_slope	0.006211560437332508	0.023068561174048048	0.7877256199176335	0.0	0.5431592119776787	
constant_effect_no_pleiotropy	104	summary_MR_GxE	causal_effect	0.56633210833667	0.045819044092556147	4.2913915361290676e-35	0.5	-0.0011443373919308442	
constant_effect_no_pleiotropy	105	PlantMR	environment_slope	0.016057151152934823	0.02358550140168783	0.4959942453606333	0.0	0.47799933544911755	
constant_effect_no_pleiotropy	105	summary_MR_GxE	causal_effect	0.5090590478654211	0.047890523084315566	2.1694692801720322e-26	0.5	-0.0005708056909468906	
constant_effect_no_pleiotropy	106	PlantMR	environment_slope	0.01450856060926431	0.02258640862129633	0.5206407535465537	0.0	0.5085780253570439	
constant_effect_no_pleiotropy	106	summary_MR_GxE	causal_effect	0.5414065602636148	0.04535226567283137	7.517994835203083e-33	0.5	-0.0032518328298242194	
constant_effect_no_pleiotropy	107	PlantMR	environment_slope	0.05105976407957169	0.021640612920085508	0.018302457505110423	0.0	0.4057490513970421	
constant_effect_no_pleiotropy	107	summary_MR_GxE	causal_effect	0.5471754139714141	0.04501040544433175	5.288793481993342e-34	0.5	-0.01893729226427171	
constant_effect_no_pleiotropy	108	PlantMR	environment_slope	0.00840177676907472	0.022777479271482978	0.7122296000826288	0.0	0.48936420605838116	
constant_effect_no_pleiotropy	108	summary_MR_GxE	causal_effect	0.4623968746240582	0.046040535407416996	9.837251588752432e-24	0.5	0.013200985180608887	
constant_effect_no_pleiotropy	109	PlantMR	environment_slope	0.014500956687869437	0.022095955170852468	0.5116491300217666	0.0	0.4550826636474745	
constant_effect_no_pleiotropy	109	summary_MR_GxE	causal_effect	0.4649653329723138	0.0441106096476907	5.596335926176762e-26	0.5	0.0043690348262573064	
constant_effect_no_pleiotropy	110	PlantMR	environment_slope	-0.007316688477498279	0.021467849789065005	0.7332385350886249	0.0	0.4855345196881059	
constant_effect_no_pleiotropy	110	summary_MR_GxE	causal_effect	0.4736772159943575	0.044909154252852565	5.219249944528267e-26	0.5	0.002510490336754434	
constant_effect_no_pleiotropy	111	PlantMR	environment_slope	-0.028744101760896534	0.021694361688279033	0.18518533140646257	0.0	0.5075916092465946	
constant_effect_no_pleiotropy	111	summary_MR_GxE	causal_effect	0.43450216076949233	0.04339664034794763	1.3452457700490734e-23	0.5	0.011145430718420307	
constant_effect_no_pleiotropy	112	PlantMR	environment_slope	0.04134288011129911	0.022278037013009528	0.06348655727649993	0.0	0.39783340910342546	
constant_effect_no_pleiotropy	112	summary_MR_GxE	causal_effect	0.508895161732884	0.044662983257028444	4.4735306720558766e-30	0.5	-0.015326294995038764	
constant_effect_no_pleiotropy	113	PlantMR	environment_slope	-0.009782163625095486	0.021753910785713308	0.6529456690330462	0.0	0.5220973325181406	
constant_effect_no_pleiotropy	113	summary_MR_GxE	causal_effect	0.48424051776862453	0.04497564538885934	4.9425787956641664e-27	0.5	0.008362041468294251	
constant_effect_no_pleiotropy	114	PlantMR	environment_slope	0.012382858661105889	0.021408490552085747	0.5629881751931392	0.0	0.455637033457569	
constant_effect_no_pleiotropy	114	summary_MR_GxE	causal_effect	0.4976376791044642	0.04291535329093125	4.3282300979311345e-31	0.5	-0.007302241038273954	
constant_effect_no_pleiotropy	115	PlantMR	environment_slope	0.020835999183655474	0.02139727734490009	0.3301713919149266	0.0	0.4273289577099123	
constant_effect_no_pleiotropy	115	summary_MR_GxE	causal_effect	0.49298848087596703	0.04480044714563417	3.651544212212213e-28	0.5	-0.009979745721909489	
constant_effect_no_pleiotropy	116	PlantMR	environment_slope	-0.01842774253639018	0.021675794021250923	0.3952399970662137	0.0	0.5409945975237572	
constant_effect_no_pleiotropy	116	summary_MR_GxE	causal_effect	0.469157126347751	0.04363638098990294	5.829727452184075e-27	0.5	0.016240263797504567	
constant_effect_no_pleiotropy	117	PlantMR	environment_slope	0.02648868430508844	0.023812644482042348	0.26597525426475466	0.0	0.46709179731497974	
constant_effect_no_pleiotropy	117	summary_MR_GxE	causal_effect	0.5330538593284827	0.0474944748771021	3.1267493379658933e-29	0.5	-0.007578346350152448	
constant_effect_no_pleiotropy	118	PlantMR	environment_slope	0.011026596704642289	0.021551510236166856	0.6089035697108405	0.0	0.48236126485970754	
constant_effect_no_pleiotropy	118	summary_MR_GxE	causal_effect	0.5253701034056479	0.044155203371895116	1.208400043179016e-32	0.5	-0.008263125312047176	
constant_effect_no_pleiotropy	119	PlantMR	environment_slope	0.017520689774800702	0.02144196216895109	0.4138589578140741	0.0	0.5185451843459504	
constant_effect_no_pleiotropy	119	summary_MR_GxE	causal_effect	0.5825320038099517	0.04383475966319405	2.671681606534863e-40	0.5	-0.011530311953928202	
constant_effect_no_pleiotropy	120	PlantMR	environment_slope	0.010229559806193333	0.021349080780404067	0.6318269985180329	0.0	0.4516747263164823	
constant_effect_no_pleiotropy	120	summary_MR_GxE	causal_effect	0.4796555722753829	0.04336604761189502	1.9473671104344785e-28	0.5	-0.004119084905766263	
constant_effect_no_pleiotropy	121	PlantMR	environment_slope	0.005208374700296781	0.022026236641120543	0.8130739537228449	0.0	0.4905341071699657	
constant_effect_no_pleiotropy	121	summary_MR_GxE	causal_effect	0.4789416555112974	0.04431253042695413	3.1455661226176046e-27	0.5	0.0075769861930979066	
constant_effect_no_pleiotropy	122	PlantMR	environment_slope	-0.010585448895750582	0.02179971706731792	0.6272668570041176	0.0	0.49945698824714113	
constant_effect_no_pleiotropy	122	summary_MR_GxE	causal_effect	0.4534287917309967	0.04392877729980839	5.609721642952245e-25	0.5	0.01137112551210373	
constant_effect_no_pleiotropy	123	PlantMR	environment_slope	0.0071099290543089055	0.022014822372879782	0.7467247779255215	0.0	0.44145982093201386	
constant_effect_no_pleiotropy	123	summary_MR_GxE	causal_effect	0.44377526184862826	0.04403194729505406	6.877931350816164e-24	0.5	0.0038900513952067617	
constant_effect_no_pleiotropy	124	PlantMR	environment_slope	0.002437217896963495	0.02256032816281364	0.9139709931829356	0.0	0.501266803690638	
constant_effect_no_pleiotropy	124	summary_MR_GxE	causal_effect	0.5276542079186909	0.044890025442007375	6.705480061865143e-32	0.5	-0.006952927100650458	
constant_effect_no_pleiotropy	125	PlantMR	environment_slope	0.045951657144672975	0.021761035386862238	0.03471661164778112	0.0	0.444380059766027	
constant_effect_no_pleiotropy	125	summary_MR_GxE	causal_effect	0.5918998463699363	0.04369935648259588	8.502394309571991e-42	0.5	-0.025339091446535872	
constant_effect_no_pleiotropy	126	PlantMR	environment_slope	0.00583277694577039	0.022133408069792485	0.7921434994585067	0.0	0.5236570565161404	
constant_effect_no_pleiotropy	126	summary_MR_GxE	causal_effect	0.5209287160940508	0.045596318175210614	3.1438647369016135e-30	0.5	0.005146174954210381	
constant_effect_no_pleiotropy	127	PlantMR	environment_slope	0.012964010846810203	0.0220171941504602	0.5559867026221554	0.0	0.48470914881885807	
constant_effect_no_pleiotropy	127	summary_MR_GxE	causal_effect	0.494586436381115	0.04473396017460979	2.0464231431805017e-28	0.5	0.003971932736997863	
constant_effect_no_pleiotropy	128	PlantMR	environment_slope	0.016873069835705468	0.021685854783657282	0.43652892160087564	0.0	0.4476819287050966	
constant_effect_no_pleiotropy	128	summary_MR_GxE	causal_effect	0.47755264390213736	0.04523101843221505	4.6610504153463976e-26	0.5	-0.0010223319796355546	
constant_effect_no_pleiotropy	129	PlantMR	environment_slope	-0.01755902909381485	0.023251280506062635	0.45013770825319666	0.0	0.5007711374488074	
constant_effect_no_pleiotropy	129	summary_MR_GxE	causal_effect	0.44202492229134194	0.0471011281624139	6.315983817889779e-21	0.5	0.011322279563072052	
constant_effect_no_pleiotropy	130	PlantMR	environment_slope	0.05309367264446668	0.022216084411572492	0.01685409165244751	0.0	0.414825681929051	
constant_effect_no_pleiotropy	130	summary_MR_GxE	causal_effect	0.5655472386945946	0.04510820460985257	4.650419836900532e-36	0.5	-0.022516105342514553	
constant_effect_no_pleiotropy	131	PlantMR	environment_slope	-0.020121762310556734	0.023025900756696995	0.382186252956081	0.0	0.5286763281302249	
constant_effect_no_pleiotropy	131	summary_MR_GxE	causal_effect	0.4465839544848804	0.048660772564583336	4.412395151284963e-20	0.5	0.016864986583816355	
constant_effect_no_pleiotropy	132	PlantMR	environment_slope	-0.007198288297456279	0.022618258968171028	0.7502943900433445	0.0	0.49753511086215474	
constant_effect_no_pleiotropy	132	summary_MR_GxE	causal_effect	0.47842361743805684	0.044798778058345194	1.2710424562855253e-26	0.5	0.004405883406035871	
constant_effect_no_pleiotropy	133	PlantMR	environment_slope	0.016059733981228452	0.02100089389574533	0.4444402680137598	0.0	0.48493360657421714	
constant_effect_no_pleiotropy	133	summary_MR_GxE	causal_effect	0.5639633875281844	0.04395318826546488	1.0993504565705407e-37	0.5	-0.01723111745092798	
constant_effect_no_pleiotropy	134	PlantMR	environment_slope	0.023290514294699527	0.021655249250984478	0.28214486287871476	0.0	0.4955526339038251	
constant_effect_no_pleiotropy	134	summary_MR_GxE	causal_effect	0.5649586700817502	0.04408405619604695	1.3429172559034842e-37	0.5	-0.010229988116864736	
constant_effect_no_pleiotropy	135	PlantMR	environment_slope	0.009334515586942482	0.022561546614203922	0.6790677339676298	0.0	0.4973525465262323	
constant_effect_no_pleiotropy	135	summary_MR_GxE	causal_effect	0.5341633297827607	0.04650009998206514	1.5270980887403178e-30	0.5	-0.006012266586540471	
constant_effect_no_pleiotropy	136	PlantMR	environment_slope	0.04576668710933529	0.020748271778500447	0.027397502527445494	0.0	0.441525563921895	
constant_effect_no_pleiotropy	136	summary_MR_GxE	causal_effect	0.5736967909755579	0.04349921533327521	1.0196851311771097e-39	0.5	-0.0208297662934456	
constant_effect_no_pleiotropy	137	PlantMR	environment_slope	-0.0007706323585415231	0.022705649736252324	0.9729249046217477	0.0	0.49665590243624147	
constant_effect_no_pleiotropy	137	summary_MR_GxE	causal_effect	0.4924149317543032	0.04644959852603256	2.9462507075778745e-26	0.5	0.002033012065495221	
constant_effect_no_pleiotropy	138	PlantMR	environment_slope	0.0251057989926447	0.02315687072371326	0.2782929824137951	0.0	0.45121565116107243	
constant_effect_no_pleiotropy	138	summary_MR_GxE	causal_effect	0.5389363020432754	0.04594354603847474	8.903395012627943e-32	0.5	-0.014746360840390355	
constant_effect_no_pleiotropy	139	PlantMR	environment_slope	-0.012114528108871647	0.022121963744118	0.5839498011860272	0.0	0.4789855793455482	
constant_effect_no_pleiotropy	139	summary_MR_GxE	causal_effect	0.4330754592282432	0.043858146418715833	5.372217600119681e-23	0.5	0.00973208524008684	
constant_effect_no_pleiotropy	140	PlantMR	environment_slope	-0.010593438082514506	0.02177899538310122	0.6266792053965945	0.0	0.5227794277485647	
constant_effect_no_pleiotropy	140	summary_MR_GxE	causal_effect	0.519376880476614	0.043461176948543456	6.464156234432985e-33	0.5	-0.0023232833260435626	
constant_effect_no_pleiotropy	141	PlantMR	environment_slope	-0.0008831074518591553	0.02364422221730348	0.9702060822951227	0.0	0.42833930992939084	
constant_effect_no_pleiotropy	141	summary_MR_GxE	causal_effect	0.4252618069936708	0.04705227325357132	1.5946015064753245e-19	0.5	0.0018035292559108185	
constant_effect_no_pleiotropy	142	PlantMR	environment_slope	-0.020423554889046402	0.021846194615335567	0.3498505116778563	0.0	0.567838675205664	
constant_effect_no_pleiotropy	142	summary_MR_GxE	causal_effect	0.5415373905821834	0.044218132690533075	1.7442711657061363e-34	0.5	-4.3653867446730166e-05	
constant_effect_no_pleiotropy	143	PlantMR	environment_slope	-0.012262314127460816	0.022786668742203166	0.5904835433875255	0.0	0.5194239087634147	
constant_effect_no_pleiotropy	143	summary_MR_GxE	causal_effect	0.4941603726401187	0.04730372202814343	1.519635873163786e-25	0.5	0.0033316846785196585	
constant_effect_no_pleiotropy	144	PlantMR	environment_slope	0.005148917557077137	0.021395574983124648	0.8098237701047315	0.0	0.4973694334936526	
constant_effect_no_pleiotropy	144	summary_MR_GxE	causal_effect	0.5263799155389944	0.042070812369828535	6.438157303527014e-36	0.5	-0.005543186312960691	
constant_effect_no_pleiotropy	145	PlantMR	environment_slope	0.019938727496110253	0.02372658447428999	0.40070999576663047	0.0	0.4600097773757911	
constant_effect_no_pleiotropy	145	summary_MR_GxE	causal_effect	0.5109040659772376	0.04630452718776361	2.6321621034893613e-28	0.5	-0.005955725451910171	
constant_effect_no_pleiotropy	146	PlantMR	environment_slope	0.031415125646615416	0.021746425027055673	0.14856717040046333	0.0	0.4675572842930733	
constant_effect_no_pleiotropy	146	summary_MR_GxE	causal_effect	0.5566800431842532	0.04563641171738417	3.1794488387445105e-34	0.5	-0.012145418892726939	
constant_effect_no_pleiotropy	147	PlantMR	environment_slope	0.025676946478414342	0.022182376147201647	0.24705256521012225	0.0	0.45594835319425175	
constant_effect_no_pleiotropy	147	summary_MR_GxE	causal_effect	0.5408749463894076	0.04593572147504982	5.27640745934378e-32	0.5	-0.013393558604464867	
constant_effect_no_pleiotropy	148	PlantMR	environment_slope	-0.012306644740547434	0.022453846975469628	0.5836326828445325	0.0	0.5107138437738549	
constant_effect_no_pleiotropy	148	summary_MR_GxE	causal_effect	0.48231273209390635	0.045435876058111675	2.531428688732625e-26	0.5	0.00326418064809611	
constant_effect_no_pleiotropy	149	PlantMR	environment_slope	0.00711029871396146	0.02250655372517918	0.7520622778543946	0.0	0.4806189110949246	
constant_effect_no_pleiotropy	149	summary_MR_GxE	causal_effect	0.5196068838765182	0.04576311282579836	7.062477510850233e-30	0.5	-0.007606393645264553	
constant_effect_no_pleiotropy	150	PlantMR	environment_slope	-0.0036708789206528203	0.02125438799053804	0.862878141472232	0.0	0.5377863263389178	
constant_effect_no_pleiotropy	150	summary_MR_GxE	causal_effect	0.5320659750061585	0.04311447869648372	5.46291759602527e-35	0.5	0.0009585204457889518	
constant_effect_no_pleiotropy	151	PlantMR	environment_slope	0.006073568958152642	0.021644767636482938	0.7790155447189884	0.0	0.533487891044134	
constant_effect_no_pleiotropy	151	summary_MR_GxE	causal_effect	0.5853172392963231	0.04494794035708855	9.15984025989562e-39	0.5	-0.012248561687080523	
constant_effect_no_pleiotropy	152	PlantMR	environment_slope	-0.01393268178839302	0.023591318771762803	0.5547984384574589	0.0	0.4968558622116067	
constant_effect_no_pleiotropy	152	summary_MR_GxE	causal_effect	0.4751037025661954	0.04619469209021536	8.250331248767882e-25	0.5	0.0005960040165242375	
constant_effect_no_pleiotropy	153	PlantMR	environment_slope	0.0030050269034898047	0.021974201032987896	0.891226431143321	0.0	0.4838222018478804	
constant_effect_no_pleiotropy	153	summary_MR_GxE	causal_effect	0.4694181360061309	0.04394227313661352	1.2277146563758906e-26	0.5	0.0070856121132559235	
constant_effect_no_pleiotropy	154	PlantMR	environment_slope	0.006871863119784383	0.021733803773360046	0.7518634762617924	0.0	0.4970167788187254	
constant_effect_no_pleiotropy	154	summary_MR_GxE	causal_effect	0.5017623944977543	0.04306061629839325	2.2291167314323527e-31	0.5	0.0018995075243441462	
constant_effect_no_pleiotropy	155	PlantMR	environment_slope	0.02135991627841194	0.021577097878911117	0.3222060745230808	0.0	0.4823117502540918	
constant_effect_no_pleiotropy	155	summary_MR_GxE	causal_effect	0.5164868456081086	0.04353530755943277	1.8286811377666887e-32	0.5	0.0005140110350490557	
constant_effect_no_pleiotropy	156	PlantMR	environment_slope	0.00996022202370267	0.022832343639350536	0.6626676790967696	0.0	0.4563480963628358	
constant_effect_no_pleiotropy	156	summary_MR_GxE	causal_effect	0.48630875304133203	0.0463404559469626	9.179498362933497e-26	0.5	-0.0027006251265792036	
constant_effect_no_pleiotropy	157	PlantMR	environment_slope	-0.014347296100847728	0.021466776326333387	0.5039109131173695	0.0	0.5069216244643405	
constant_effect_no_pleiotropy	157	summary_MR_GxE	causal_effect	0.48656148151358747	0.042396142518473005	1.7304708311078488e-30	0.5	0.0015510127006312657	
constant_effect_no_pleiotropy	158	PlantMR	environment_slope	-0.021044303366390404	0.02419605124251116	0.3844418351026667	0.0	0.5443538213367747	
constant_effect_no_pleiotropy	158	summary_MR_GxE	causal_effect	0.45589318721504013	0.047045469063569934	3.3096880245054834e-22	0.5	0.018262815137678745	
constant_effect_no_pleiotropy	159	PlantMR	environment_slope	0.004538358544805665	0.022211962540987444	0.8381030774836281	0.0	0.5238901545458161	
constant_effect_no_pleiotropy	159	summary_MR_GxE	causal_effect	0.5425562789183218	0.04618869800847585	7.359085274993286e-32	0.5	-0.0023950474952099676	
constant_effect_no_pleiotropy	160	PlantMR	environment_slope	-0.004067397472838852	0.02231773660960275	0.8553868881362863	0.0	0.4629520285998875	
constant_effect_no_pleiotropy	160	summary_MR_GxE	causal_effect	0.459709381160316	0.04483447212534222	1.1415740740155443e-24	0.5	0.0006236015948320184	
constant_effect_no_pleiotropy	161	PlantMR	environment_slope	0.04290582229834261	0.0206462455462077	0.03769631666161253	0.0	0.41174185348744385	
constant_effect_no_pleiotropy	161	summary_MR_GxE	causal_effect	0.5374918360696654	0.04252175134234846	1.2641337137332793e-36	0.5	-0.020729486106519368	
constant_effect_no_pleiotropy	162	PlantMR	environment_slope	0.0395567207958904	0.023261371814197546	0.08903079216616319	0.0	0.40304794996912063	
constant_effect_no_pleiotropy	162	summary_MR_GxE	causal_effect	0.4966178651009069	0.04726993927739299	8.106120651380632e-26	0.5	-0.010248532045366465	
constant_effect_no_pleiotropy	163	PlantMR	environment_slope	0.003687015442497943	0.021424577583572496	0.8633645768545894	0.0	0.5288295126972851	
constant_effect_no_pleiotropy	163	summary_MR_GxE	causal_effect	0.5133724717398022	0.0430798108457407	9.678124530278998e-33	0.5	0.009105575719769415	
constant_effect_no_pleiotropy	164	PlantMR	environment_slope	0.02096305666974263	0.02179036514696322	0.33603288196087394	0.0	0.465028879805089	
constant_effect_no_pleiotropy	164	summary_MR_GxE	causal_effect	0.5337471558899158	0.04382649687395021	4.039585457668168e-34	0.5	-0.010324379415724394	
constant_effect_no_pleiotropy	165	PlantMR	environment_slope	0.0060540999859233224	0.02256367680750017	0.788459349724166	0.0	0.4883204088898233	
constant_effect_no_pleiotropy	165	summary_MR_GxE	causal_effect	0.5051605042544509	0.046014704480106805	4.863017663105293e-28	0.5	-0.0018754421978064983	
constant_effect_no_pleiotropy	166	PlantMR	environment_slope	0.04273525110879617	0.021758078222286845	0.0495173789278475	0.0	0.4224526424860715	
constant_effect_no_pleiotropy	166	summary_MR_GxE	causal_effect	0.560885181602716	0.04724535425129765	1.6595310552412793e-32	0.5	-0.022122717320803398	
constant_effect_no_pleiotropy	167	PlantMR	environment_slope	0.025208303832657708	0.022036627389226748	0.25265370982929125	0.0	0.4581445797957614	
constant_effect_no_pleiotropy	167	summary_MR_GxE	causal_effect	0.5274433465656184	0.044731245091987004	4.3236985880310386e-32	0.5	-0.01050788645045686	
constant_effect_no_pleiotropy	168	PlantMR	environment_slope	-0.014981141371508855	0.022683825392815424	0.5089761561007122	0.0	0.5361986777109885	
constant_effect_no_pleiotropy	168	summary_MR_GxE	causal_effect	0.46577545050976477	0.04460126419178792	1.5757955971999185e-25	0.5	0.017037907370048094	
constant_effect_no_pleiotropy	169	PlantMR	environment_slope	-0.021628566650452097	0.021678655220755322	0.31842994715593825	0.0	0.5339581891961375	
constant_effect_no_pleiotropy	169	summary_MR_GxE	causal_effect	0.4710307467277254	0.04545237139461406	3.6466382489388036e-25	0.5	0.01020447743230904	
constant_effect_no_pleiotropy	170	PlantMR	environment_slope	0.017694249353650993	0.02328723770384376	0.447358581941416	0.0	0.43733980206078826	
constant_effect_no_pleiotropy	170	summary_MR_GxE	causal_effect	0.5068996833023998	0.045373788138056245	5.613395034244657e-29	0.5	-0.011020272343629262	
constant_effect_no_pleiotropy	171	PlantMR	environment_slope	0.01224444700226407	0.0220143968321765	0.5780729132628073	0.0	0.5077050280700354	
constant_effect_no_pleiotropy	171	summary_MR_GxE	causal_effect	0.5538098735635726	0.04521317815484893	1.7037471667293735e-34	0.5	-0.008221977074295311	
constant_effect_no_pleiotropy	172	PlantMR	environment_slope	0.020882963387229392	0.021864622394891935	0.33952568269005223	0.0	0.467365108275402	
constant_effect_no_pleiotropy	172	summary_MR_GxE	causal_effect	0.5362827262614108	0.04470370250271691	3.711662725400374e-33	0.5	-0.01114461710792844	
constant_effect_no_pleiotropy	173	PlantMR	environment_slope	0.0019407084032248	0.02167556680808766	0.9286572331778918	0.0	0.4697580966239354	
constant_effect_no_pleiotropy	173	summary_MR_GxE	causal_effect	0.4727816177967441	0.04399353776357729	6.1476398627010086e-27	0.5	0.0020110690391635933	
constant_effect_no_pleiotropy	174	PlantMR	environment_slope	0.003437638150153466	0.021859554401305836	0.8750397765867025	0.0	0.4470092080153256	
constant_effect_no_pleiotropy	174	summary_MR_GxE	causal_effect	0.44328792404302697	0.045935564903800914	4.905437554218291e-22	0.5	0.0033119320086234527	
constant_effect_no_pleiotropy	175	PlantMR	environment_slope	0.010899194527760336	0.02222391995155885	0.6238322796489129	0.0	0.46512137652415786	
constant_effect_no_pleiotropy	175	summary_MR_GxE	causal_effect	0.5112170361211551	0.046948867217127016	1.3033998753853103e-27	0.5	-0.006622670834048272	
constant_effect_no_pleiotropy	176	PlantMR	environment_slope	0.02466025499522234	0.02231427951118021	0.26910180139543066	0.0	0.40944853167341844	
constant_effect_no_pleiotropy	176	summary_MR_GxE	causal_effect	0.5049545922443793	0.04370312617701568	7.030034149590496e-31	0.5	-0.017905875451151382	
constant_effect_no_pleiotropy	177	PlantMR	environment_slope	0.005231323583502756	0.021618768576180156	0.8087951599804655	0.0	0.48777557135381744	
constant_effect_no_pleiotropy	177	summary_MR_GxE	causal_effect	0.5053960248800101	0.04416647020276899	2.549750890125853e-30	0.5	-0.002275489309294637	
constant_effect_no_pleiotropy	178	PlantMR	environment_slope	0.012937917818210964	0.020906126616920467	0.536010094719746	0.0	0.47950859809098556	
constant_effect_no_pleiotropy	178	summary_MR_GxE	causal_effect	0.5148720409332487	0.04322100934918436	1.0182627673460535e-32	0.5	-0.0048072412289039135	
constant_effect_no_pleiotropy	179	PlantMR	environment_slope	-0.007464525269137545	0.022047898259350694	0.7349416016502383	0.0	0.5287350575894612	
constant_effect_no_pleiotropy	179	summary_MR_GxE	causal_effect	0.5045130503768325	0.04501060370934239	3.6933148548489866e-29	0.5	0.006008376591375958	
constant_effect_no_pleiotropy	180	PlantMR	environment_slope	-0.024234528526169308	0.022080684250436616	0.27240353855246696	0.0	0.4875094365944662	
constant_effect_no_pleiotropy	180	summary_MR_GxE	causal_effect	0.44145431663219536	0.04507930187991535	1.2085472713311817e-22	0.5	0.004434656834758938	
constant_effect_no_pleiotropy	181	PlantMR	environment_slope	0.02451024809042862	0.02157235462648847	0.2558779375626725	0.0	0.4740706672457111	
constant_effect_no_pleiotropy	181	summary_MR_GxE	causal_effect	0.542445325067052	0.044758409377412815	8.336134197364271e-34	0.5	-0.009334148934321523	
constant_effect_no_pleiotropy	182	PlantMR	environment_slope	-0.023124831458392725	0.021917404190815018	0.2913842178720886	0.0	0.5504745082376359	
constant_effect_no_pleiotropy	182	summary_MR_GxE	causal_effect	0.4627408447896877	0.04403375005159414	7.87078710500165e-26	0.5	0.017833050133780254	
constant_effect_no_pleiotropy	183	PlantMR	environment_slope	-0.026446323227068136	0.023623974251895632	0.262939812888503	0.0	0.5175694873323976	
constant_effect_no_pleiotropy	183	summary_MR_GxE	causal_effect	0.4354587902044672	0.04717367495901545	2.6819140621743738e-20	0.5	0.014166613498792252	
constant_effect_no_pleiotropy	184	PlantMR	environment_slope	0.0030752024694480906	0.02294573841795482	0.8933862560199878	0.0	0.4423424728321407	
constant_effect_no_pleiotropy	184	summary_MR_GxE	causal_effect	0.4375107817093491	0.04719816023704166	1.8674454628527342e-20	0.5	0.00463098171196244	
constant_effect_no_pleiotropy	185	PlantMR	environment_slope	0.043583617916818085	0.02014460883906858	0.03049985787073775	0.0	0.4361164715747573	
constant_effect_no_pleiotropy	185	summary_MR_GxE	causal_effect	0.578260200040018	0.04186291943182253	2.1223987875333976e-43	0.5	-0.026097841797812382	
constant_effect_no_pleiotropy	186	PlantMR	environment_slope	0.016371740584380512	0.021266649220172646	0.44139973680061795	0.0	0.44649862104056126	
constant_effect_no_pleiotropy	186	summary_MR_GxE	causal_effect	0.4759816204478887	0.04338695282916014	5.2910395311724575e-28	0.5	-0.0006494016070429376	
constant_effect_no_pleiotropy	187	PlantMR	environment_slope	0.022355236324477723	0.02102928260916355	0.2877580385363712	0.0	0.4333065642196421	
constant_effect_no_pleiotropy	187	summary_MR_GxE	causal_effect	0.5063665122029098	0.043485202008363165	2.4454978162876426e-31	0.5	-0.012342758063947495	
constant_effect_no_pleiotropy	188	PlantMR	environment_slope	0.03356692162076491	0.021671671900138408	0.1214094329813383	0.0	0.47074188669944417	
constant_effect_no_pleiotropy	188	summary_MR_GxE	causal_effect	0.5598112098962161	0.04449987548645922	2.7181512961067953e-36	0.5	-0.011642534095368168	
constant_effect_no_pleiotropy	189	PlantMR	environment_slope	-0.038905209984747446	0.022326303300670647	0.08140825584920976	0.0	0.5729398769849112	
constant_effect_no_pleiotropy	189	summary_MR_GxE	causal_effect	0.44533593916199965	0.04454704833408605	1.5711591103511636e-23	0.5	0.024378853326813554	
constant_effect_no_pleiotropy	190	PlantMR	environment_slope	-0.026513331017134656	0.021783158053554363	0.22354784505184508	0.0	0.5132181833755207	
constant_effect_no_pleiotropy	190	summary_MR_GxE	causal_effect	0.4334537195177308	0.04441542443298772	1.686769421201479e-22	0.5	0.014994977692354222	
constant_effect_no_pleiotropy	191	PlantMR	environment_slope	0.030946184780026864	0.021363872380642076	0.14746921280145103	0.0	0.4446933224639038	
constant_effect_no_pleiotropy	191	summary_MR_GxE	causal_effect	0.520398289292178	0.045426062425278725	2.1956575665317726e-30	0.5	-0.008944183830571883	
constant_effect_no_pleiotropy	192	PlantMR	environment_slope	-0.012174653208581243	0.02218984414480366	0.5832396268836614	0.0	0.5191733093175517	
constant_effect_no_pleiotropy	192	summary_MR_GxE	causal_effect	0.5018867186216874	0.04326577550731416	4.11664144165896e-31	0.5	0.00026749879649437536	
constant_effect_no_pleiotropy	193	PlantMR	environment_slope	0.00881902226362119	0.021746151113135798	0.6850776435661414	0.0	0.5271617693994247	
constant_effect_no_pleiotropy	193	summary_MR_GxE	causal_effect	0.5439394859434635	0.045739330668400593	1.299987978695642e-32	0.5	-0.00017349251834974933	
constant_effect_no_pleiotropy	194	PlantMR	environment_slope	0.03235999358943292	0.022200621905251062	0.14494626924409706	0.0	0.4722166096204018	
constant_effect_no_pleiotropy	194	summary_MR_GxE	causal_effect	0.5472824834782033	0.04526074644592156	1.1674579345247914e-33	0.5	-0.00722099323073952	
constant_effect_no_pleiotropy	195	PlantMR	environment_slope	0.019139647335268684	0.02192214852514342	0.3826230071355126	0.0	0.4356669218129787	
constant_effect_no_pleiotropy	195	summary_MR_GxE	causal_effect	0.4771265842430422	0.04352161651335446	5.757220203170412e-28	0.5	-0.003745709774496203	
constant_effect_no_pleiotropy	196	PlantMR	environment_slope	-0.004586812332393553	0.021333515213711216	0.8297634241656859	0.0	0.5022595635501809	
constant_effect_no_pleiotropy	196	summary_MR_GxE	causal_effect	0.5042675217999593	0.04389480241348391	1.5141959733953896e-30	0.5	-0.001953391720526415	
constant_effect_no_pleiotropy	197	PlantMR	environment_slope	-0.019302478303824477	0.022074417892194727	0.3818854804714997	0.0	0.59189546401999	
constant_effect_no_pleiotropy	197	summary_MR_GxE	causal_effect	0.533400103012138	0.043836535258254046	4.605886979375049e-34	0.5	0.010014816967589601	
constant_effect_no_pleiotropy	198	PlantMR	environment_slope	0.004271719972697707	0.021452870928721	0.8421679902193181	0.0	0.479201364835777	
constant_effect_no_pleiotropy	198	summary_MR_GxE	causal_effect	0.485629454516431	0.0450457127048552	4.241154484455394e-27	0.5	0.0007358304951768924	
constant_effect_no_pleiotropy	199	PlantMR	environment_slope	0.011616575955377073	0.022138824247281294	0.5997812405834915	0.0	0.41834287471512344	
constant_effect_no_pleiotropy	199	summary_MR_GxE	causal_effect	0.45651102756272455	0.04568936097153661	1.6583801812662067e-23	0.5	-0.004272355523130683	
constant_effect_no_pleiotropy	200	PlantMR	environment_slope	0.017187074451127327	0.02246624936240172	0.4442611099301025	0.0	0.48064877247644644	
constant_effect_no_pleiotropy	200	summary_MR_GxE	causal_effect	0.5083301389636569	0.04518944561409598	2.3458156276480228e-29	0.5	0.0005960810021068963	
constant_effect_no_pleiotropy	201	PlantMR	environment_slope	0.0023688311603263235	0.023080857485518365	0.9182551617037064	0.0	0.549882943224862	
constant_effect_no_pleiotropy	201	summary_MR_GxE	causal_effect	0.5555654827121662	0.04720482900882354	5.622142548692043e-32	0.5	0.0012925586440131476	
constant_effect_no_pleiotropy	202	PlantMR	environment_slope	0.018453199223342598	0.02252330883221205	0.41261901315709937	0.0	0.42548039588444186	
constant_effect_no_pleiotropy	202	summary_MR_GxE	causal_effect	0.46758378461657935	0.04726663460662035	4.4881320238593174e-23	0.5	-0.0021253372571626294	
constant_effect_no_pleiotropy	203	PlantMR	environment_slope	0.04097356227141613	0.02302856974678466	0.07519892984478005	0.0	0.4384694165807136	
constant_effect_no_pleiotropy	203	summary_MR_GxE	causal_effect	0.537157302027804	0.04573602050055289	7.516041931364763e-32	0.5	-0.010559503549021021	
constant_effect_no_pleiotropy	204	PlantMR	environment_slope	-0.002747891438221628	0.02150474711111644	0.8983225314066539	0.0	0.5247840703111892	
constant_effect_no_pleiotropy	204	summary_MR_GxE	causal_effect	0.5030169284238962	0.042320444781325815	1.4010360750425614e-32	0.5	0.005690949560630237	
constant_effect_no_pleiotropy	205	PlantMR	environment_slope	0.02755337667748453	0.020930409524762824	0.1880304372371414	0.0	0.4448422376149712	
constant_effect_no_pleiotropy	205	summary_MR_GxE	causal_effect	0.5283085529693582	0.042576742347483515	2.3535615030733984e-35	0.5	-0.013890324486884514	
constant_effect_no_pleiotropy	206	PlantMR	environment_slope	-0.016819495131180806	0.02219979793493119	0.4486654421788228	0.0	0.5140324047681232	
constant_effect_no_pleiotropy	206	summary_MR_GxE	causal_effect	0.4633008579661547	0.04560744592180432	3.0387562682694755e-24	0.5	0.010209522560351958	
constant_effect_no_pleiotropy	207	PlantMR	environment_slope	0.01668207493133239	0.022325925553598587	0.45493896870414374	0.0	0.46943140346197665	
constant_effect_no_pleiotropy	207	summary_MR_GxE	causal_effect	0.5079762004315831	0.04505230629802285	1.7387591817834017e-29	0.5	-0.0037718128966685027	
constant_effect_no_pleiotropy	208	PlantMR	environment_slope	0.01736891412165792	0.022863761031162905	0.447451845023282	0.0	0.418034684146815	
constant_effect_no_pleiotropy	208	summary_MR_GxE	causal_effect	0.4890045609974839	0.04519917236384859	2.801708286469355e-27	0.5	-0.013683069748730431	
constant_effect_no_pleiotropy	209	PlantMR	environment_slope	0.01263690050655375	0.021294721468644213	0.5528942353235373	0.0	0.45799716427056514	
constant_effect_no_pleiotropy	209	summary_MR_GxE	causal_effect	0.5010823152314462	0.04445676643242879	1.820151037215194e-29	0.5	-0.006117757869937401	
constant_effect_no_pleiotropy	210	PlantMR	environment_slope	-0.007472004330981552	0.021550343461468058	0.7287992691767043	0.0	0.5201654888263707	
constant_effect_no_pleiotropy	210	summary_MR_GxE	causal_effect	0.4834891937898992	0.044257433535184604	8.804880489523213e-28	0.5	0.008328058602381005	
constant_effect_no_pleiotropy	211	PlantMR	environment_slope	-0.003311838926983446	0.022521992581121787	0.8830932587495347	0.0	0.5069591015033617	
constant_effect_no_pleiotropy	211	summary_MR_GxE	causal_effect	0.5210535432049126	0.044950545232901595	4.539941412273139e-31	0.5	-0.004041306727188776	
constant_effect_no_pleiotropy	212	PlantMR	environment_slope	0.0011925911372117626	0.021994554186312215	0.9567582053357704	0.0	0.47794520846911803	
constant_effect_no_pleiotropy	212	summary_MR_GxE	causal_effect	0.47067799945120836	0.0439814438750455	9.988417283748312e-27	0.5	0.004153438900330514	
constant_effect_no_pleiotropy	213	PlantMR	environment_slope	0.01586800091614926	0.022594713988650254	0.4824994533946293	0.0	0.5067860954017867	
constant_effect_no_pleiotropy	213	summary_MR_GxE	causal_effect	0.5394010071030062	0.04683457485619011	1.081236046189751e-30	0.5	-0.0009101642906511331	
constant_effect_no_pleiotropy	214	PlantMR	environment_slope	-0.010615624602224205	0.021070250481456262	0.6143875049404481	0.0	0.511867592363947	
constant_effect_no_pleiotropy	214	summary_MR_GxE	causal_effect	0.4722957054524901	0.0426462707622038	1.6639086974930907e-28	0.5	0.009000818569945612	
constant_effect_no_pleiotropy	215	PlantMR	environment_slope	0.025213466967606957	0.02190375992026185	0.2496901792360312	0.0	0.4482055582562552	
constant_effect_no_pleiotropy	215	summary_MR_GxE	causal_effect	0.5100473658586351	0.04515280640361945	1.3728813803477316e-29	0.5	-0.006452608013187339	
constant_effect_no_pleiotropy	216	PlantMR	environment_slope	-0.016788208040791897	0.02278829164551074	0.46130284272286615	0.0	0.5221319425124965	
constant_effect_no_pleiotropy	216	summary_MR_GxE	causal_effect	0.46824944409488567	0.045467390228147726	7.151087448834173e-25	0.5	0.011581212654856121	
constant_effect_no_pleiotropy	217	PlantMR	environment_slope	0.0004679752985708441	0.023189500838559966	0.9838993980191648	0.0	0.5611082804517371	
constant_effect_no_pleiotropy	217	summary_MR_GxE	causal_effect	0.567965233814089	0.04641596184871226	1.9859933602300963e-34	0.5	-0.00041921251737733756	
constant_effect_no_pleiotropy	218	PlantMR	environment_slope	0.0037025652927404895	0.022607728998111733	0.8699088136058308	0.0	0.4964002419439705	
constant_effect_no_pleiotropy	218	summary_MR_GxE	causal_effect	0.4928657993738501	0.04627578824916207	1.7320903878653302e-26	0.5	0.004219016836254863	
constant_effect_no_pleiotropy	219	PlantMR	environment_slope	-0.019140223605842277	0.022042658702998607	0.38521564570598094	0.0	0.5171201767691749	
constant_effect_no_pleiotropy	219	summary_MR_GxE	causal_effect	0.4395308029954311	0.04504295927125192	1.704241110564033e-22	0.5	0.015931307137905637	
constant_effect_no_pleiotropy	220	PlantMR	environment_slope	0.0045926507159878005	0.022209387176666612	0.8361748669552806	0.0	0.504421992673478	
constant_effect_no_pleiotropy	220	summary_MR_GxE	causal_effect	0.4963101778584801	0.04481446260197985	1.6629370699847103e-28	0.5	0.0055733461481410895	
constant_effect_no_pleiotropy	221	PlantMR	environment_slope	-0.00441707637008848	0.021861995473720197	0.8398826354872475	0.0	0.5074718621909834	
constant_effect_no_pleiotropy	221	summary_MR_GxE	causal_effect	0.5229116405331701	0.04666330960965035	3.807872517375901e-29	0.5	-0.004156184655129125	
constant_effect_no_pleiotropy	222	PlantMR	environment_slope	-0.0257790929715907	0.021976961604085153	0.24079367061018803	0.0	0.5101784753040102	
constant_effect_no_pleiotropy	222	summary_MR_GxE	causal_effect	0.45669834082349503	0.04391742572337044	2.5048699870288752e-25	0.5	0.007198293416798174	
constant_effect_no_pleiotropy	223	PlantMR	environment_slope	0.014071507002459405	0.02189708267370669	0.5204705916424941	0.0	0.44096930771906273	
constant_effect_no_pleiotropy	223	summary_MR_GxE	causal_effect	0.4976715000690942	0.04519925736049078	3.396871434208815e-28	0.5	-0.011198576725905351	
constant_effect_no_pleiotropy	224	PlantMR	environment_slope	-0.02114804333510406	0.022491952725475703	0.3470896870042848	0.0	0.533935057913229	
constant_effect_no_pleiotropy	224	summary_MR_GxE	causal_effect	0.46363335547107676	0.044332797416987126	1.3463740188487377e-25	0.5	0.014175494864553384	
constant_effect_no_pleiotropy	225	PlantMR	environment_slope	0.025286393509118932	0.02177596138815177	0.2455578274578365	0.0	0.4180195543162799	
constant_effect_no_pleiotropy	225	summary_MR_GxE	causal_effect	0.4969288758235324	0.04437961916152127	4.2067433955945855e-29	0.5	-0.012321820864300698	
constant_effect_no_pleiotropy	226	PlantMR	environment_slope	0.004113852367256587	0.022449681884595854	0.8546036759058301	0.0	0.49053586357937073	
constant_effect_no_pleiotropy	226	summary_MR_GxE	causal_effect	0.4848329486553714	0.045343121324452305	1.1031293343678626e-26	0.5	0.003954661524513292	
constant_effect_no_pleiotropy	227	PlantMR	environment_slope	-0.013610312984547623	0.022293450543134363	0.5415258481953368	0.0	0.5035599746829829	
constant_effect_no_pleiotropy	227	summary_MR_GxE	causal_effect	0.45282026183841084	0.046188798030157706	1.0855546365641812e-22	0.5	0.011515876127146218	
constant_effect_no_pleiotropy	228	PlantMR	environment_slope	0.03981841650246315	0.02153764493120928	0.06448925572020081	0.0	0.3957084507331424	
constant_effect_no_pleiotropy	228	summary_MR_GxE	causal_effect	0.5084945121100327	0.04442633564341239	2.4684522215852704e-30	0.5	-0.01735246417301578	
constant_effect_no_pleiotropy	229	PlantMR	environment_slope	-0.028777900209802754	0.021130390955493666	0.17322316113086533	0.0	0.5800594416725554	
constant_effect_no_pleiotropy	229	summary_MR_GxE	causal_effect	0.5154366269832603	0.0432791751402141	1.0551237369378703e-32	0.5	0.007850654387372369	
constant_effect_no_pleiotropy	230	PlantMR	environment_slope	-0.021075995021518634	0.02103404085159245	0.3163462084418292	0.0	0.5236996375829017	
constant_effect_no_pleiotropy	230	summary_MR_GxE	causal_effect	0.47853965138420274	0.04333388735750465	2.367711277485924e-28	0.5	0.005359357065531339	
constant_effect_no_pleiotropy	231	PlantMR	environment_slope	-0.026894234265640304	0.021142807846369065	0.20336332746093594	0.0	0.6010147213264306	
constant_effect_no_pleiotropy	231	summary_MR_GxE	causal_effect	0.5210695358801405	0.04293335331831258	6.7487670179223606e-34	0.5	0.013765814378084523	
constant_effect_no_pleiotropy	232	PlantMR	environment_slope	0.03544056145513519	0.022881529736294922	0.12141248540666251	0.0	0.47176774539625854	
constant_effect_no_pleiotropy	232	summary_MR_GxE	causal_effect	0.5654312543379778	0.046352780234483124	3.168655408105572e-34	0.5	-0.0122610575813146	
constant_effect_no_pleiotropy	233	PlantMR	environment_slope	-0.02719267663938335	0.024185253819834118	0.2608648112107106	0.0	0.5408585807185229	
constant_effect_no_pleiotropy	233	summary_MR_GxE	causal_effect	0.46593386316005814	0.04822583362307256	4.393851693125756e-22	0.5	0.01140179638911043	
constant_effect_no_pleiotropy	234	PlantMR	environment_slope	-0.010649686433369776	0.020862312980415357	0.6097188183388983	0.0	0.4930869521088831	
constant_effect_no_pleiotropy	234	summary_MR_GxE	causal_effect	0.4828025411599912	0.04326568544125038	6.470265743514215e-29	0.5	-0.0009666081879616262	
constant_effect_no_pleiotropy	235	PlantMR	environment_slope	0.03571850975999885	0.023052790083816617	0.12128020807697501	0.0	0.4438718443369083	
constant_effect_no_pleiotropy	235	summary_MR_GxE	causal_effect	0.5423604751429917	0.046114315765442095	6.183647549777994e-32	0.5	-0.013463812455397461	
constant_effect_no_pleiotropy	236	PlantMR	environment_slope	-0.037649199079902995	0.021981374109010125	0.08675351375706157	0.0	0.5872649195206133	
constant_effect_no_pleiotropy	236	summary_MR_GxE	causal_effect	0.47558533987399865	0.0446565597750128	1.7465982593673513e-26	0.5	0.018486098482025093	
constant_effect_no_pleiotropy	237	PlantMR	environment_slope	0.001796831475766758	0.02219784183642709	0.9354847191794258	0.0	0.5393135998547252	
constant_effect_no_pleiotropy	237	summary_MR_GxE	causal_effect	0.5283469820174073	0.04518497317807659	1.384423679319822e-31	0.5	0.006344798982236083	
constant_effect_no_pleiotropy	238	PlantMR	environment_slope	-0.012632658510811523	0.022013337521241176	0.5660599407800662	0.0	0.512771928691233	
constant_effect_no_pleiotropy	238	summary_MR_GxE	causal_effect	0.45334268586335624	0.04575105579543703	3.8081158527572376e-23	0.5	0.01488268710608845	
constant_effect_no_pleiotropy	239	PlantMR	environment_slope	-0.003456425722567824	0.022610776035569356	0.8785037104703343	0.0	0.5068071643025812	
constant_effect_no_pleiotropy	239	summary_MR_GxE	causal_effect	0.48710794148721004	0.04517256937160707	4.129469093683732e-27	0.5	0.005269561378198728	
constant_effect_no_pleiotropy	240	PlantMR	environment_slope	-0.024445347760615188	0.022117521917846418	0.26905212563755115	0.0	0.5247055713986088	
constant_effect_no_pleiotropy	240	summary_MR_GxE	causal_effect	0.46962541139295977	0.04398252332875046	1.2965387490913097e-26	0.5	0.0076692117644490965	
constant_effect_no_pleiotropy	241	PlantMR	environment_slope	0.007981771923558811	0.022586513769343862	0.723798609800292	0.0	0.5122391060702066	
constant_effect_no_pleiotropy	241	summary_MR_GxE	causal_effect	0.5179734342291471	0.04625359842378673	4.1444136541717933e-29	0.5	0.003516114132707665	
constant_effect_no_pleiotropy	242	PlantMR	environment_slope	0.010785276776496655	0.02264705627292716	0.6339083532935793	0.0	0.4980899582501127	
constant_effect_no_pleiotropy	242	summary_MR_GxE	causal_effect	0.5367515181118888	0.047324168118110854	8.124992380751622e-30	0.5	-0.006538746599629747	
constant_effect_no_pleiotropy	243	PlantMR	environment_slope	-0.013422485780575977	0.02291809145288914	0.5580959148890637	0.0	0.527448591415064	
constant_effect_no_pleiotropy	243	summary_MR_GxE	causal_effect	0.4929016254526948	0.0475124426318248	3.250625116382944e-25	0.5	0.00498010264045462	
constant_effect_no_pleiotropy	244	PlantMR	environment_slope	-0.007810125171765769	0.02111754762774938	0.7115013086491934	0.0	0.5364643990833741	
constant_effect_no_pleiotropy	244	summary_MR_GxE	causal_effect	0.491674560708534	0.04177904202626993	5.675785894442432e-32	0.5	0.011928991826036212	
constant_effect_no_pleiotropy	245	PlantMR	environment_slope	0.0006412297754799234	0.021841007249770863	0.9765782849705439	0.0	0.49293738896568573	
constant_effect_no_pleiotropy	245	summary_MR_GxE	causal_effect	0.49364303258818876	0.044546811442610586	1.5436128455229507e-28	0.5	0.001820149696435791	
constant_effect_no_pleiotropy	246	PlantMR	environment_slope	0.025954582661958825	0.021538477308230875	0.22819044197278432	0.0	0.46092967746805646	
constant_effect_no_pleiotropy	246	summary_MR_GxE	causal_effect	0.530437758534596	0.04287365491817688	3.6995317926326527e-35	0.5	-0.009180268492236299	
constant_effect_no_pleiotropy	247	PlantMR	environment_slope	0.030199298323984936	0.02283356164689821	0.18597383044766166	0.0	0.4350379286449514	
constant_effect_no_pleiotropy	247	summary_MR_GxE	causal_effect	0.48992641280895977	0.046691071062172816	9.309008677733908e-26	0.5	-0.002097819177645621	
constant_effect_no_pleiotropy	248	PlantMR	environment_slope	0.010742389873950764	0.02256228474904988	0.6339877885845252	0.0	0.5181570443978527	
constant_effect_no_pleiotropy	248	summary_MR_GxE	causal_effect	0.5701889661342969	0.04601184605288974	2.879561193804898e-35	0.5	-0.012338139863596526	
constant_effect_no_pleiotropy	249	PlantMR	environment_slope	-0.02317874294497163	0.022728012649182516	0.30780838707183616	0.0	0.545285467993835	
constant_effect_no_pleiotropy	249	summary_MR_GxE	causal_effect	0.47210216928923876	0.04664029543966243	4.404254714965821e-24	0.5	0.013645647037366065	
constant_effect_no_pleiotropy	250	PlantMR	environment_slope	-0.01669115663380416	0.02049191882541001	0.4153449143594159	0.0	0.5400131522200112	
constant_effect_no_pleiotropy	250	summary_MR_GxE	causal_effect	0.4896696435656278	0.04293416141262635	3.9419312410293656e-30	0.5	0.009546361895876654	
constant_effect_no_pleiotropy	251	PlantMR	environment_slope	0.0002153115924281579	0.022076075771996877	0.9922182242193529	0.0	0.4890464939230148	
constant_effect_no_pleiotropy	251	summary_MR_GxE	causal_effect	0.45775419923707394	0.0438186597139041	1.5193871765641157e-25	0.5	0.011179707184068466	
constant_effect_no_pleiotropy	252	PlantMR	environment_slope	-0.00738278233988654	0.022190437140302277	0.73935993634981	0.0	0.5331150597203652	
constant_effect_no_pleiotropy	252	summary_MR_GxE	causal_effect	0.5018949872358903	0.045863913356208444	7.167780642760566e-28	0.5	0.00827064593048199	
constant_effect_no_pleiotropy	253	PlantMR	environment_slope	-0.004217060691063534	0.021271493554569188	0.8428499440764321	0.0	0.513273241587602	
constant_effect_no_pleiotropy	253	summary_MR_GxE	causal_effect	0.4838536550324922	0.04384432449434869	2.569870740196303e-28	0.5	0.008959075437205977	
constant_effect_no_pleiotropy	254	PlantMR	environment_slope	-0.025528505931149692	0.022266062279223047	0.2515796814221942	0.0	0.4801076534516626	
constant_effect_no_pleiotropy	254	summary_MR_GxE	causal_effect	0.4481463613193293	0.044568183607054834	8.705776442445541e-24	0.5	-0.00030381291675463107	
constant_effect_no_pleiotropy	255	PlantMR	environment_slope	-0.011579784790144931	0.02331305940229968	0.6193949292896359	0.0	0.5413658270884151	
constant_effect_no_pleiotropy	255	summary_MR_GxE	causal_effect	0.49117078068852527	0.046422168736613055	3.669080727900606e-26	0.5	0.011616538161103002	
constant_effect_no_pleiotropy	256	PlantMR	environment_slope	0.02202402717704177	0.022021684547805134	0.3172590297353175	0.0	0.47885595591910535	
constant_effect_no_pleiotropy	256	summary_MR_GxE	causal_effect	0.535625933008397	0.04371935042234814	1.6499563987310273e-34	0.5	-0.005506550308969849	
constant_effect_no_pleiotropy	257	PlantMR	environment_slope	0.00908957660247417	0.022113934550343394	0.6810476825930445	0.0	0.4498559474638706	
constant_effect_no_pleiotropy	257	summary_MR_GxE	causal_effect	0.483370829987402	0.04575701073547469	4.382433016240684e-26	0.5	-0.0046477243731482265	
constant_effect_no_pleiotropy	258	PlantMR	environment_slope	-0.010786667360297875	0.021550962822572753	0.6167096484297441	0.0	0.5173859232449013	
constant_effect_no_pleiotropy	258	summary_MR_GxE	causal_effect	0.5095385369573676	0.04264106177851045	6.533232768571262e-33	0.5	-0.0035036116475564427	
constant_effect_no_pleiotropy	259	PlantMR	environment_slope	-0.0006035285978343019	0.021492226138175155	0.9775973476703932	0.0	0.5048272869520418	
constant_effect_no_pleiotropy	259	summary_MR_GxE	causal_effect	0.50863924964854	0.04383325912080139	3.934559870920288e-31	0.5	-0.0012121197492067637	
constant_effect_no_pleiotropy	260	PlantMR	environment_slope	0.005593792541471909	0.021428698730116262	0.7940600404641232	0.0	0.43650012833723406	
constant_effect_no_pleiotropy	260	summary_MR_GxE	causal_effect	0.4725948031009014	0.04429198225307466	1.406485127147976e-26	0.5	-0.008159808709817723	
constant_effect_no_pleiotropy	261	PlantMR	environment_slope	0.02405856566121667	0.021939030144087816	0.2728117982657523	0.0	0.4807251901041224	
constant_effect_no_pleiotropy	261	summary_MR_GxE	causal_effect	0.5619856383772036	0.04460857067963056	2.1614441377267968e-36	0.5	-0.013464867568087763	
constant_effect_no_pleiotropy	262	PlantMR	environment_slope	0.013713261484528116	0.02370818225769129	0.5629813145425978	0.0	0.46816378718080764	
constant_effect_no_pleiotropy	262	summary_MR_GxE	causal_effect	0.4833171895121199	0.047029633678531094	8.959469095089019e-25	0.5	0.002564325143664531	
constant_effect_no_pleiotropy	263	PlantMR	environment_slope	-0.0071985396088934395	0.02147639854585489	0.7374864861189944	0.0	0.5233007482371298	
constant_effect_no_pleiotropy	263	summary_MR_GxE	causal_effect	0.4932495984377514	0.04215748436111949	1.2720323426586836e-31	0.5	0.00836351968945731	
constant_effect_no_pleiotropy	264	PlantMR	environment_slope	-0.01366837252416625	0.021275285047274488	0.5205790411617992	0.0	0.4795155091814225	
constant_effect_no_pleiotropy	264	summary_MR_GxE	causal_effect	0.43509846167666844	0.04445444721609824	1.2739119808409145e-22	0.5	0.008146937346951266	
constant_effect_no_pleiotropy	265	PlantMR	environment_slope	0.04186798215120813	0.021493617533251186	0.051423786383172444	0.0	0.40559209404636287	
constant_effect_no_pleiotropy	265	summary_MR_GxE	causal_effect	0.5121552072620622	0.04302785760163024	1.1433906667872539e-32	0.5	-0.013634820255654018	
constant_effect_no_pleiotropy	266	PlantMR	environment_slope	0.008175349246057395	0.02134938695264929	0.7017706770463553	0.0	0.5054639221877527	
constant_effect_no_pleiotropy	266	summary_MR_GxE	causal_effect	0.5192597752991557	0.042648688733749426	4.209411848423369e-34	0.5	0.0005630467584592513	
constant_effect_no_pleiotropy	267	PlantMR	environment_slope	0.01734607815928746	0.021829337817699104	0.42683325486507395	0.0	0.4562727666168883	
constant_effect_no_pleiotropy	267	summary_MR_GxE	causal_effect	0.5052186184007906	0.044590399516608197	9.298087908639158e-30	0.5	-0.0061703926747332105	
constant_effect_no_pleiotropy	268	PlantMR	environment_slope	0.021359019241092958	0.021135300027103194	0.31221505131626837	0.0	0.40463461390982924	
constant_effect_no_pleiotropy	268	summary_MR_GxE	causal_effect	0.4391598014262583	0.043766862679375164	1.0797111061610276e-23	0.5	0.0004089364578935828	
constant_effect_no_pleiotropy	269	PlantMR	environment_slope	0.011253640810240106	0.02191067618643787	0.6075215457249916	0.0	0.4649531117770128	
constant_effect_no_pleiotropy	269	summary_MR_GxE	causal_effect	0.5059314257049075	0.04304970150694692	6.875237034097955e-32	0.5	-0.006200870150755405	
constant_effect_no_pleiotropy	270	PlantMR	environment_slope	0.0021136071837560277	0.021985588150170404	0.9234125352301578	0.0	0.506530017752447	
constant_effect_no_pleiotropy	270	summary_MR_GxE	causal_effect	0.49669378857249114	0.04349556303395767	3.344862839521902e-30	0.5	0.005025714859662633	
constant_effect_no_pleiotropy	271	PlantMR	environment_slope	-0.013621431149196228	0.020882760581448122	0.514219816050311	0.0	0.528686340932568	
constant_effect_no_pleiotropy	271	summary_MR_GxE	causal_effect	0.48584592887627065	0.04209477835894751	8.12882823715645e-31	0.5	0.00920459019672587	
constant_effect_no_pleiotropy	272	PlantMR	environment_slope	-0.009101119148283376	0.021936646890338574	0.6782283136241138	0.0	0.48075607737879233	
constant_effect_no_pleiotropy	272	summary_MR_GxE	causal_effect	0.43723611492149894	0.04468608816973456	1.310947974769701e-22	0.5	0.010471148995363833	
constant_effect_no_pleiotropy	273	PlantMR	environment_slope	0.02295679634081038	0.022415172587075684	0.30575816658046706	0.0	0.3974625525111871	
constant_effect_no_pleiotropy	273	summary_MR_GxE	causal_effect	0.45955362618856743	0.043553301956235406	4.9980780514047366e-26	0.5	-0.007207879932580125	
constant_effect_no_pleiotropy	274	PlantMR	environment_slope	-0.009234445167971062	0.021796139893305557	0.6718040011439561	0.0	0.5112323399849604	
constant_effect_no_pleiotropy	274	summary_MR_GxE	causal_effect	0.4659769836699339	0.04435796684784389	8.199051405498837e-26	0.5	0.011139866377802538	
constant_effect_no_pleiotropy	275	PlantMR	environment_slope	0.0008637685698292819	0.02249778520637998	0.9693739486028992	0.0	0.4914015934182401	
constant_effect_no_pleiotropy	275	summary_MR_GxE	causal_effect	0.4715619400439014	0.04520799562521923	1.79105467605664e-25	0.5	0.007495226233374508	
constant_effect_no_pleiotropy	276	PlantMR	environment_slope	0.012437929916786716	0.022108342390600114	0.5737141778407356	0.0	0.4835857630366136	
constant_effect_no_pleiotropy	276	summary_MR_GxE	causal_effect	0.5261984025001495	0.04478121891224045	7.026366564463761e-32	0.5	-0.005759154441953435	
constant_effect_no_pleiotropy	277	PlantMR	environment_slope	-0.027273343508402603	0.02223890667107894	0.2200558246706595	0.0	0.5405744312572637	
constant_effect_no_pleiotropy	277	summary_MR_GxE	causal_effect	0.46905421690159577	0.04387031057632331	1.1114721019347267e-26	0.5	0.011514198976506268	
constant_effect_no_pleiotropy	278	PlantMR	environment_slope	-0.011973381651926074	0.020923520676859122	0.5671559544552405	0.0	0.5007186833672657	
constant_effect_no_pleiotropy	278	summary_MR_GxE	causal_effect	0.49099785752229086	0.04400922320294064	6.640849785406951e-29	0.5	-0.001314640627611996	
constant_effect_no_pleiotropy	279	PlantMR	environment_slope	-0.02733522764487567	0.02267152537263584	0.22793030123496938	0.0	0.5541819482222774	
constant_effect_no_pleiotropy	279	summary_MR_GxE	causal_effect	0.4663896163682213	0.04728917291680935	6.052144399788362e-23	0.5	0.015646118613110993	
constant_effect_no_pleiotropy	280	PlantMR	environment_slope	-0.04869327147195729	0.023851911964749988	0.04120284743327998	0.0	0.5330900461891954	
constant_effect_no_pleiotropy	280	summary_MR_GxE	causal_effect	0.3794190631978043	0.04661204994556627	3.9548971227236457e-16	0.5	0.02617268000061554	
constant_effect_no_pleiotropy	281	PlantMR	environment_slope	-0.012322928029468716	0.02152263334807363	0.5669448813709296	0.0	0.5316478124849761	
constant_effect_no_pleiotropy	281	summary_MR_GxE	causal_effect	0.4581021192387572	0.04318653723723999	2.749459282169454e-26	0.5	0.018890455841875015	
constant_effect_no_pleiotropy	282	PlantMR	environment_slope	0.03338199690143323	0.021727348908909483	0.12443920079780237	0.0	0.421228172340012	
constant_effect_no_pleiotropy	282	summary_MR_GxE	causal_effect	0.5181669893249804	0.04602449680972861	2.1029792871531153e-29	0.5	-0.015311555578160718	
constant_effect_no_pleiotropy	283	PlantMR	environment_slope	-0.04543089406249334	0.022027152011657582	0.03916061939252983	0.0	0.567321792616437	
constant_effect_no_pleiotropy	283	summary_MR_GxE	causal_effect	0.4222569279724683	0.04249364041989365	2.875120844503343e-23	0.5	0.027297877143298954	
constant_effect_no_pleiotropy	284	PlantMR	environment_slope	0.031401946794028135	0.023861173359475567	0.18816500306682143	0.0	0.5250685479569379	
constant_effect_no_pleiotropy	284	summary_MR_GxE	causal_effect	0.6005602549699616	0.0477777414394575	3.092109940100148e-36	0.5	-0.007640964322887078	
constant_effect_no_pleiotropy	285	PlantMR	environment_slope	0.0007589443539615659	0.02200935600890335	0.9724921529998887	0.0	0.46103531426963096	
constant_effect_no_pleiotropy	285	summary_MR_GxE	causal_effect	0.4681969403246785	0.04419586806077024	3.188024575634642e-26	0.5	-0.0009907687426611578	
constant_effect_no_pleiotropy	286	PlantMR	environment_slope	0.011447278208472744	0.021597038679642494	0.5960847168703641	0.0	0.5213051473556116	
constant_effect_no_pleiotropy	286	summary_MR_GxE	causal_effect	0.5508150948989489	0.045691527193172994	1.8235151192115165e-33	0.5	-0.0027569164580413807	
constant_effect_no_pleiotropy	287	PlantMR	environment_slope	-0.029487729599767643	0.021766354226753305	0.1755007181982195	0.0	0.5738061821526754	
constant_effect_no_pleiotropy	287	summary_MR_GxE	causal_effect	0.500170971401168	0.04444083363989833	2.1941954524575927e-29	0.5	0.010362997706697769	
constant_effect_no_pleiotropy	288	PlantMR	environment_slope	-0.018179223881609585	0.021834886079720263	0.405083336704102	0.0	0.5512288761203518	
constant_effect_no_pleiotropy	288	summary_MR_GxE	causal_effect	0.4960303293197412	0.04317352482758926	1.4944706751105795e-30	0.5	0.010385142918734602	
constant_effect_no_pleiotropy	289	PlantMR	environment_slope	0.010195085228471401	0.023154462534078483	0.6597143557610399	0.0	0.4863281558121264	
constant_effect_no_pleiotropy	289	summary_MR_GxE	causal_effect	0.4976893916330555	0.04809502350281304	4.271252596841544e-25	0.5	0.0024324646602437716	
constant_effect_no_pleiotropy	290	PlantMR	environment_slope	-0.06239210199541523	0.022969801323358807	0.006602274761555966	0.0	0.5929539848066047	
constant_effect_no_pleiotropy	290	summary_MR_GxE	causal_effect	0.42194095894197914	0.045718748254536784	2.7302347391615454e-20	0.5	0.02583053629951157	
constant_effect_no_pleiotropy	291	PlantMR	environment_slope	-0.012812851009461057	0.023251144497824845	0.5815903239844072	0.0	0.5494467558551176	
constant_effect_no_pleiotropy	291	summary_MR_GxE	causal_effect	0.5060336980964736	0.04635371231598	9.582382130673184e-28	0.5	0.008591271615658286	
constant_effect_no_pleiotropy	292	PlantMR	environment_slope	0.0011178297352449906	0.02243859575797738	0.9602679989041099	0.0	0.505236849885356	
constant_effect_no_pleiotropy	292	summary_MR_GxE	causal_effect	0.5160437246051297	0.04597220431779814	3.0695324698038084e-29	0.5	-0.0005891362363276142	
constant_effect_no_pleiotropy	293	PlantMR	environment_slope	-0.011523080532501673	0.02260606293604617	0.6102377786376274	0.0	0.5383786574398108	
constant_effect_no_pleiotropy	293	summary_MR_GxE	causal_effect	0.5097373774838388	0.044883919795402114	6.861770201589742e-30	0.5	0.004420566678443011	
constant_effect_no_pleiotropy	294	PlantMR	environment_slope	0.010740401168271574	0.021343972546159048	0.6148199040003366	0.0	0.48204688843226196	
constant_effect_no_pleiotropy	294	summary_MR_GxE	causal_effect	0.5245912991827208	0.0449496576548774	1.8006225624151293e-31	0.5	-0.006202014598278488	
constant_effect_no_pleiotropy	295	PlantMR	environment_slope	0.02633358466115865	0.020541970719148425	0.1998635116987313	0.0	0.40617973879975255	
constant_effect_no_pleiotropy	295	summary_MR_GxE	causal_effect	0.47682645907208643	0.04337162233833694	4.0853617033118e-28	0.5	-0.009882995717210435	
constant_effect_no_pleiotropy	296	PlantMR	environment_slope	0.01067966062683956	0.022126485248353714	0.6293342402764999	0.0	0.5347793735436924	
constant_effect_no_pleiotropy	296	summary_MR_GxE	causal_effect	0.5561021967252381	0.04478745763722265	2.1273876360143703e-35	0.5	-0.0008379291290179502	
constant_effect_no_pleiotropy	297	PlantMR	environment_slope	0.01443614786680758	0.023482895459037204	0.5387187685122811	0.0	0.48319835730867267	
constant_effect_no_pleiotropy	297	summary_MR_GxE	causal_effect	0.5005049631616791	0.046416907432732475	4.149844471310364e-27	0.5	0.002107726989561437	
constant_effect_no_pleiotropy	298	PlantMR	environment_slope	0.005198016220199109	0.024027789186516366	0.8287277822030273	0.0	0.48927097919924567	
constant_effect_no_pleiotropy	298	summary_MR_GxE	causal_effect	0.4823206388653256	0.048527635225420265	2.813797262521624e-23	0.5	0.006363506408406772	
constant_effect_no_pleiotropy	299	PlantMR	environment_slope	-0.008724495053054337	0.02284647172981787	0.7025541281069018	0.0	0.49042950368845806	
constant_effect_no_pleiotropy	299	summary_MR_GxE	causal_effect	0.49041955916582247	0.047478762185213456	5.197037159877919e-25	0.5	-0.002581345132682017	
constant_effect_no_pleiotropy	300	PlantMR	environment_slope	0.0053177175042387614	0.021880008919046085	0.8079744058961176	0.0	0.49595785296279427	
constant_effect_no_pleiotropy	300	summary_MR_GxE	causal_effect	0.5289395432147398	0.04582301689271222	7.999202834821888e-31	0.5	-0.005646751801083677	
constant_effect_no_pleiotropy	301	PlantMR	environment_slope	-0.005116163432718646	0.022327862185337565	0.8187615984964649	0.0	0.5473677485376051	
constant_effect_no_pleiotropy	301	summary_MR_GxE	causal_effect	0.5402081371667496	0.0466209022838308	4.782311055429835e-31	0.5	0.0012272579719531385	
constant_effect_no_pleiotropy	302	PlantMR	environment_slope	0.002203991643367542	0.023706812551145554	0.9259284239514755	0.0	0.4943246014011382	
constant_effect_no_pleiotropy	302	summary_MR_GxE	causal_effect	0.5011679654904134	0.047188868872848545	2.3935297659498315e-26	0.5	0.0015494250036584	
constant_effect_no_pleiotropy	303	PlantMR	environment_slope	0.013084762068250488	0.02250887787822548	0.561027762021654	0.0	0.508043089725909	
constant_effect_no_pleiotropy	303	summary_MR_GxE	causal_effect	0.5495053227378288	0.047374245370839015	4.157456267780502e-31	0.5	-0.00602943298461045	
constant_effect_no_pleiotropy	304	PlantMR	environment_slope	-0.004387807819079659	0.0221833276104766	0.8432034642882132	0.0	0.46244886032714416	
constant_effect_no_pleiotropy	304	summary_MR_GxE	causal_effect	0.4586502594132382	0.04509322606309607	2.667227542270765e-24	0.5	-5.8191011585495556e-05	
constant_effect_no_pleiotropy	305	PlantMR	environment_slope	0.007273403436963588	0.022015720807321178	0.7411180129641421	0.0	0.4426476609284805	
constant_effect_no_pleiotropy	305	summary_MR_GxE	causal_effect	0.4589577299848506	0.04369465644433314	8.301563791705396e-26	0.5	-0.001793895706346138	
constant_effect_no_pleiotropy	306	PlantMR	environment_slope	0.010903223705738596	0.02237469529872982	0.6260446492700162	0.0	0.4976333496331027	
constant_effect_no_pleiotropy	306	summary_MR_GxE	causal_effect	0.5355010446725615	0.04480232500610197	6.297984778012277e-33	0.5	-0.0071302026684020026	
constant_effect_no_pleiotropy	307	PlantMR	environment_slope	-0.01588149518202675	0.021456695347983116	0.4591998743499504	0.0	0.5630996143987607	
constant_effect_no_pleiotropy	307	summary_MR_GxE	causal_effect	0.5256847106653034	0.04217359827008002	1.1618901336361399e-35	0.5	0.005738118419943927	
constant_effect_no_pleiotropy	308	PlantMR	environment_slope	-0.022430750817920175	0.022774730679911242	0.3246749497970083	0.0	0.5116915220877076	
constant_effect_no_pleiotropy	308	summary_MR_GxE	causal_effect	0.45465633421880514	0.047825530893622174	1.9706953148553345e-21	0.5	0.008771672788662421	
constant_effect_no_pleiotropy	309	PlantMR	environment_slope	0.023564015684988338	0.021287097927856734	0.2683102120316797	0.0	0.4813700182234224	
constant_effect_no_pleiotropy	309	summary_MR_GxE	causal_effect	0.5504055316706866	0.04343382057010111	8.42301698499716e-37	0.5	-0.010889620482737505	
constant_effect_no_pleiotropy	310	PlantMR	environment_slope	-0.012345516386870481	0.02180022683196867	0.5711883660302383	0.0	0.5430377463828329	
constant_effect_no_pleiotropy	310	summary_MR_GxE	causal_effect	0.5239799466626589	0.04498989588242698	2.387584812079645e-31	0.5	0.0009588349373088334	
constant_effect_no_pleiotropy	311	PlantMR	environment_slope	0.01974748257676212	0.022185782747193822	0.3734141930736786	0.0	0.5084141707722959	
constant_effect_no_pleiotropy	311	summary_MR_GxE	causal_effect	0.5517324478636187	0.04700584778726837	8.184392884763363e-32	0.5	-0.00378814182876544	
constant_effect_no_pleiotropy	312	PlantMR	environment_slope	-9.004519440175551e-05	0.022343819049510577	0.9967845480775878	0.0	0.46039601139049013	
constant_effect_no_pleiotropy	312	summary_MR_GxE	causal_effect	0.41561880885541114	0.04528025453238017	4.358854573557182e-20	0.5	0.015202938489386836	
constant_effect_no_pleiotropy	313	PlantMR	environment_slope	0.026453987257614775	0.021557207698344984	0.2197651751197916	0.0	0.4549269056917129	
constant_effect_no_pleiotropy	313	summary_MR_GxE	causal_effect	0.536202544218171	0.043842631856056	2.145071405625333e-34	0.5	-0.013113344658096882	
constant_effect_no_pleiotropy	314	PlantMR	environment_slope	-0.02838515250699858	0.021593578769165973	0.1886718741771864	0.0	0.49922463256643534	
constant_effect_no_pleiotropy	314	summary_MR_GxE	causal_effect	0.45128829634693823	0.04495943990072334	1.0409764009629888e-23	0.5	0.0024173616650899066	
constant_effect_no_pleiotropy	315	PlantMR	environment_slope	-0.02658991115115167	0.020686139375831622	0.19865342599001135	0.0	0.5244028752224574	
constant_effect_no_pleiotropy	315	summary_MR_GxE	causal_effect	0.4327762788446924	0.04318132082504241	1.2163512429246318e-23	0.5	0.01855161303940872	
constant_effect_no_pleiotropy	316	PlantMR	environment_slope	-0.007852442907145207	0.02277116185610481	0.730213489248744	0.0	0.5683203540338203	
constant_effect_no_pleiotropy	316	summary_MR_GxE	causal_effect	0.54680757978982	0.045824406142713756	7.996545451874614e-33	0.5	0.005032753401278012	
constant_effect_no_pleiotropy	317	PlantMR	environment_slope	0.006026208735107452	0.022565086922324108	0.789423762427221	0.0	0.507411915477671	
constant_effect_no_pleiotropy	317	summary_MR_GxE	causal_effect	0.5101027952891612	0.04471335304447618	3.8013873262163146e-30	0.5	0.0027921842650819317	
constant_effect_no_pleiotropy	318	PlantMR	environment_slope	0.004070890001798	0.0216776065750564	0.851039385134027	0.0	0.5080287391724032	
constant_effect_no_pleiotropy	318	summary_MR_GxE	causal_effect	0.528546433798527	0.044385432182433314	1.0738877940501605e-32	0.5	-0.0033751735153848272	
constant_effect_no_pleiotropy	319	PlantMR	environment_slope	-0.0042251050387652755	0.020723901020051012	0.8384504383165403	0.0	0.4984601979863159	
constant_effect_no_pleiotropy	319	summary_MR_GxE	causal_effect	0.48863569242507576	0.04263430661243072	2.0689066260449945e-30	0.5	0.0024060501339335794	
constant_effect_no_pleiotropy	320	PlantMR	environment_slope	0.015471044257123645	0.021739993435252666	0.47668786385383655	0.0	0.4982916281831573	
constant_effect_no_pleiotropy	320	summary_MR_GxE	causal_effect	0.5480182102313976	0.04420501206794483	2.706280085952844e-35	0.5	-0.007719654165781992	
constant_effect_no_pleiotropy	321	PlantMR	environment_slope	-0.022597188279887104	0.02195209451731524	0.30329812166243647	0.0	0.5426146100124452	
constant_effect_no_pleiotropy	321	summary_MR_GxE	causal_effect	0.47539839370309134	0.04340772412184867	6.5046054832873395e-28	0.5	0.011767388686631464	
constant_effect_no_pleiotropy	322	PlantMR	environment_slope	0.029623504508798415	0.021192908042520123	0.1621723173209863	0.0	0.4628460228768261	
constant_effect_no_pleiotropy	322	summary_MR_GxE	causal_effect	0.511356538088794	0.042506798766561674	2.4717845039614556e-33	0.5	-0.0008750352796187688	
constant_effect_no_pleiotropy	323	PlantMR	environment_slope	-0.048438462657264036	0.0232274475520984	0.03703322734172947	0.0	0.6045817830840972	
constant_effect_no_pleiotropy	323	summary_MR_GxE	causal_effect	0.42063192550154804	0.046547397365185796	1.6156607006825227e-19	0.5	0.035737667681612295	
constant_effect_no_pleiotropy	324	PlantMR	environment_slope	-0.005847147608106507	0.021993756134567034	0.7903509680564266	0.0	0.5071198205859442	
constant_effect_no_pleiotropy	324	summary_MR_GxE	causal_effect	0.49246955850777596	0.044268205863561255	9.514826238909668e-29	0.5	0.003077035480891166	
constant_effect_no_pleiotropy	325	PlantMR	environment_slope	0.022738901084150553	0.02265230439963107	0.3154640016234773	0.0	0.3903864083645364	
constant_effect_no_pleiotropy	325	summary_MR_GxE	causal_effect	0.4606079139308401	0.04831560512280287	1.5233835473482076e-21	0.5	-0.009919771889039503	
constant_effect_no_pleiotropy	326	PlantMR	environment_slope	-0.004116960567714156	0.02179391921765734	0.8501679846861008	0.0	0.48375750318822186	
constant_effect_no_pleiotropy	326	summary_MR_GxE	causal_effect	0.4472642225215364	0.043963365709702655	2.602030548075738e-24	0.5	0.010481931935745065	
constant_effect_no_pleiotropy	327	PlantMR	environment_slope	0.021532294019815268	0.022173998212044424	0.3315181470263941	0.0	0.46978680866909184	
constant_effect_no_pleiotropy	327	summary_MR_GxE	causal_effect	0.5362167103823504	0.04633168194817881	5.618719267916438e-31	0.5	-0.008959602001103573	
constant_effect_no_pleiotropy	328	PlantMR	environment_slope	-0.011694571583803604	0.021879018409285474	0.5929881809365689	0.0	0.5230417804610954	
constant_effect_no_pleiotropy	328	summary_MR_GxE	causal_effect	0.4780838707920999	0.04486525977429636	1.6349137758744293e-26	0.5	0.010049623015999598	
constant_effect_no_pleiotropy	329	PlantMR	environment_slope	-0.01034007323549685	0.02163892498524948	0.6327598349214449	0.0	0.5332206238664783	
constant_effect_no_pleiotropy	329	summary_MR_GxE	causal_effect	0.538577021716709	0.046864912559979606	1.4452741474403871e-30	0.5	-0.004586756533684094	
constant_effect_no_pleiotropy	330	PlantMR	environment_slope	0.0632952403611608	0.022010096489459414	0.004030859059547036	0.0	0.3904632806422247	
constant_effect_no_pleiotropy	330	summary_MR_GxE	causal_effect	0.5878956228833715	0.04746735513674169	3.140581432876368e-35	0.5	-0.03163880076962183	
constant_effect_no_pleiotropy	331	PlantMR	environment_slope	0.0017248814724639683	0.02116712437186134	0.9350533101593468	0.0	0.466461802359843	
constant_effect_no_pleiotropy	331	summary_MR_GxE	causal_effect	0.45016298326495185	0.04277799366477497	6.75131577474443e-26	0.5	0.0070438829649061285	
constant_effect_no_pleiotropy	332	PlantMR	environment_slope	0.03699755815838329	0.022322123854424468	0.09743075638413054	0.0	0.473666480206706	
constant_effect_no_pleiotropy	332	summary_MR_GxE	causal_effect	0.576350643636559	0.04552839968062465	9.957708778147967e-37	0.5	-0.01383277080807152	
constant_effect_no_pleiotropy	333	PlantMR	environment_slope	0.009735006191530782	0.022663528629091923	0.6675266276853924	0.0	0.4869593188324749	
constant_effect_no_pleiotropy	333	summary_MR_GxE	causal_effect	0.4895537430825848	0.04527005781025317	2.952602051567034e-27	0.5	0.005793968133887911	
constant_effect_no_pleiotropy	334	PlantMR	environment_slope	0.017743930880596837	0.0216448329171456	0.41234338498654904	0.0	0.42132808192122273	
constant_effect_no_pleiotropy	334	summary_MR_GxE	causal_effect	0.47778809209111595	0.04484663234405221	1.673477356850998e-26	0.5	-0.008277428921916491	
constant_effect_no_pleiotropy	335	PlantMR	environment_slope	0.008543504897642051	0.02289471879515277	0.7090257361035153	0.0	0.4824688627991772	
constant_effect_no_pleiotropy	335	summary_MR_GxE	causal_effect	0.504660120591967	0.045333236638777766	8.741843949069889e-29	0.5	-0.0022844067306187765	
constant_effect_no_pleiotropy	336	PlantMR	environment_slope	0.036782727215580235	0.021343532174357322	0.08482227850662262	0.0	0.41398801972512644	
constant_effect_no_pleiotropy	336	summary_MR_GxE	causal_effect	0.5223665338408291	0.04403548470698106	1.8557827037656504e-32	0.5	-0.017731335888111405	
constant_effect_no_pleiotropy	337	PlantMR	environment_slope	-0.004078409875128308	0.022745161630658057	0.8576951602025753	0.0	0.5134856590858365	
constant_effect_no_pleiotropy	337	summary_MR_GxE	causal_effect	0.487670105607365	0.04484191996130315	1.5112912489891339e-27	0.5	0.008415825237831437	
constant_effect_no_pleiotropy	338	PlantMR	environment_slope	0.0006874118135534735	0.022660723359717177	0.9757999267185158	0.0	0.48310895174231905	
constant_effect_no_pleiotropy	338	summary_MR_GxE	causal_effect	0.47780421734659384	0.04515412951531122	3.6260091367523597e-26	0.5	0.003783761050833112	
constant_effect_no_pleiotropy	339	PlantMR	environment_slope	-0.004192977679897403	0.022245156828626933	0.8504929742618701	0.0	0.4708175957257883	
constant_effect_no_pleiotropy	339	summary_MR_GxE	causal_effect	0.4285597900903707	0.045251538045929705	2.782070451403992e-21	0.5	0.012169573525918936	
constant_effect_no_pleiotropy	340	PlantMR	environment_slope	-0.0062403211347943355	0.022771700156097842	0.7840550828648477	0.0	0.49522732601453	
constant_effect_no_pleiotropy	340	summary_MR_GxE	causal_effect	0.4488968085830253	0.04549246363151634	5.758279463303394e-23	0.5	0.012941197932586301	
constant_effect_no_pleiotropy	341	PlantMR	environment_slope	0.03591656026428469	0.02357303301038785	0.12760137695649085	0.0	0.43868985575197295	
constant_effect_no_pleiotropy	341	summary_MR_GxE	causal_effect	0.5289023312644046	0.04659042240780031	7.234576801119049e-30	0.5	-0.010294201938536085	
constant_effect_no_pleiotropy	342	PlantMR	environment_slope	0.0012329814518349247	0.0219952399595057	0.955296606043825	0.0	0.5079391311938286	
constant_effect_no_pleiotropy	342	summary_MR_GxE	causal_effect	0.49839031662099575	0.04397153774846743	8.865312684297598e-30	0.5	0.004284218925388911	
constant_effect_no_pleiotropy	343	PlantMR	environment_slope	0.008045823552894404	0.02250448301345653	0.7207018650742797	0.0	0.4366320432387374	
constant_effect_no_pleiotropy	343	summary_MR_GxE	causal_effect	0.45672362793750076	0.046242489448196	5.2529598448654387e-23	0.5	-0.002531506838208575	
constant_effect_no_pleiotropy	344	PlantMR	environment_slope	0.013499825635503448	0.021360206920199826	0.5273815279485066	0.0	0.4481673510120988	
constant_effect_no_pleiotropy	344	summary_MR_GxE	causal_effect	0.46434265752234827	0.04305575459748554	4.066436337305379e-27	0.5	0.0018207816492839257	
constant_effect_no_pleiotropy	345	PlantMR	environment_slope	-0.007757819172716396	0.02123301345572333	0.7148382886336047	0.0	0.5119993339064361	
constant_effect_no_pleiotropy	345	summary_MR_GxE	causal_effect	0.45552433231252387	0.042592612890722206	1.0751933998273524e-26	0.5	0.017515546233156515	
constant_effect_no_pleiotropy	346	PlantMR	environment_slope	0.018599442157502644	0.022095695178556377	0.39991800395080546	0.0	0.4896952000615221	
constant_effect_no_pleiotropy	346	summary_MR_GxE	causal_effect	0.5468224178330924	0.04361555940232827	4.664806158791731e-36	0.5	-0.009514766699120408	
constant_effect_no_pleiotropy	347	PlantMR	environment_slope	-0.055884090398789	0.02129934204330475	0.008696829288406023	0.0	0.5777535011394532	
constant_effect_no_pleiotropy	347	summary_MR_GxE	causal_effect	0.4087047467438103	0.04297182957708819	1.888520996642802e-21	0.5	0.029788963613727126	
constant_effect_no_pleiotropy	348	PlantMR	environment_slope	-0.009338006826040302	0.02237060628407379	0.676368994072569	0.0	0.5274557529404751	
constant_effect_no_pleiotropy	348	summary_MR_GxE	causal_effect	0.4982475589875719	0.04512585639747376	2.4154668618419375e-28	0.5	0.005871501507870636	
constant_effect_no_pleiotropy	349	PlantMR	environment_slope	-0.0022809686109165894	0.021773900985453704	0.9165686288882611	0.0	0.5114897074520321	
constant_effect_no_pleiotropy	349	summary_MR_GxE	causal_effect	0.5233010634315602	0.0436572125705165	4.1775612504283824e-33	0.5	-0.004480161614014738	
constant_effect_no_pleiotropy	350	PlantMR	environment_slope	-0.014260617383543117	0.021723103465594775	0.5115202345834629	0.0	0.5250953957212965	
constant_effect_no_pleiotropy	350	summary_MR_GxE	causal_effect	0.4794145925661245	0.04351736755401266	3.177445385608065e-28	0.5	0.01063828071295625	
constant_effect_no_pleiotropy	351	PlantMR	environment_slope	0.019408030420001388	0.021817106145848718	0.37369220916858065	0.0	0.4665163442122984	
constant_effect_no_pleiotropy	351	summary_MR_GxE	causal_effect	0.5329600510538788	0.0453643097291043	7.193117880593115e-32	0.5	-0.010515408996209064	
constant_effect_no_pleiotropy	352	PlantMR	environment_slope	0.04844001512186685	0.021687210607132364	0.025511039185218996	0.0	0.3882783544105489	
constant_effect_no_pleiotropy	352	summary_MR_GxE	causal_effect	0.5191803573316052	0.044613416657368586	2.6626818622512793e-31	0.5	-0.018439815194562975	
constant_effect_no_pleiotropy	353	PlantMR	environment_slope	0.019596438084163448	0.021540132715978374	0.36294696470611637	0.0	0.477930526588665	
constant_effect_no_pleiotropy	353	summary_MR_GxE	causal_effect	0.5266225712110604	0.0449209261695121	9.679791552507469e-32	0.5	-0.0037890381479878943	
constant_effect_no_pleiotropy	354	PlantMR	environment_slope	0.0026262232335035884	0.022358025101154557	0.9064937818700586	0.0	0.5065663665595596	
constant_effect_no_pleiotropy	354	summary_MR_GxE	causal_effect	0.49069511792508125	0.04377525563788214	3.6659785491205336e-29	0.5	0.007528922157532203	
constant_effect_no_pleiotropy	355	PlantMR	environment_slope	0.002037335320581979	0.0228607530095586	0.9289870639601343	0.0	0.5051209972838139	
constant_effect_no_pleiotropy	355	summary_MR_GxE	causal_effect	0.5272924376434912	0.045255186755854916	2.253597591665854e-31	0.5	-0.006009721322795009	
constant_effect_no_pleiotropy	356	PlantMR	environment_slope	0.0006343459039244159	0.02108160979698736	0.9759952659352926	0.0	0.5060266622309835	
constant_effect_no_pleiotropy	356	summary_MR_GxE	causal_effect	0.4886794251781279	0.04276801810434079	3.0906146103227025e-30	0.5	0.007484731854116217	
constant_effect_no_pleiotropy	357	PlantMR	environment_slope	-0.02744617032976998	0.022704623529943117	0.22672578953516476	0.0	0.5213236629348246	
constant_effect_no_pleiotropy	357	summary_MR_GxE	causal_effect	0.4673995651363301	0.046575931065644574	1.0672471104539706e-23	0.5	0.004231319988068388	
constant_effect_no_pleiotropy	358	PlantMR	environment_slope	0.033349211077527974	0.02164935204903443	0.12345670199165577	0.0	0.4454226585950689	
constant_effect_no_pleiotropy	358	summary_MR_GxE	causal_effect	0.5352735949179954	0.04538097923744513	4.1366486599486425e-32	0.5	-0.010439464509929275	
constant_effect_no_pleiotropy	359	PlantMR	environment_slope	-0.005927743343010827	0.021856244309053308	0.7862256049901171	0.0	0.5309870213480069	
constant_effect_no_pleiotropy	359	summary_MR_GxE	causal_effect	0.5187521505110231	0.04498806221071948	9.219159970484156e-31	0.5	0.0019937650946721674	
constant_effect_no_pleiotropy	360	PlantMR	environment_slope	-0.03778301270973772	0.023441178428570717	0.10700062725961917	0.0	0.5241097056803039	
constant_effect_no_pleiotropy	360	summary_MR_GxE	causal_effect	0.4340490318094138	0.04739838578155386	5.31309871552982e-20	0.5	0.012096873721386098	
constant_effect_no_pleiotropy	361	PlantMR	environment_slope	0.0051414750542531085	0.020912425166355292	0.8057926003431024	0.0	0.47833581232322486	
constant_effect_no_pleiotropy	361	summary_MR_GxE	causal_effect	0.4948505074744515	0.0432502736821462	2.5918924610038125e-30	0.5	-0.000883020105847454	
constant_effect_no_pleiotropy	362	PlantMR	environment_slope	0.02193304463088047	0.022948056035839912	0.33918886398320336	0.0	0.52653867765227	
constant_effect_no_pleiotropy	362	summary_MR_GxE	causal_effect	0.5787063521836364	0.048521732820213236	8.586534697966521e-33	0.5	-0.003303510738545734	
constant_effect_no_pleiotropy	363	PlantMR	environment_slope	-0.014265189731873795	0.02229338046160136	0.5222476588246424	0.0	0.471688313123795	
constant_effect_no_pleiotropy	363	summary_MR_GxE	causal_effect	0.4204714956871213	0.04423726119986076	2.0020762058485103e-21	0.5	0.011075158930903245	
constant_effect_no_pleiotropy	364	PlantMR	environment_slope	-0.008862424820893888	0.021969617916923236	0.6866579724033686	0.0	0.5093253007267855	
constant_effect_no_pleiotropy	364	summary_MR_GxE	causal_effect	0.46814597689597837	0.04507078905290595	2.844352268521349e-25	0.5	0.010087643378228789	
constant_effect_no_pleiotropy	365	PlantMR	environment_slope	0.015923818775122	0.022094757871853193	0.47109058138713567	0.0	0.4970435700456721	
constant_effect_no_pleiotropy	365	summary_MR_GxE	causal_effect	0.5644123522369252	0.0446253058560017	1.1503810284095213e-36	0.5	-0.012453445582690237	
constant_effect_no_pleiotropy	366	PlantMR	environment_slope	-0.07272763396132964	0.02224526505556078	0.0010779356103557966	0.0	0.5750104939595628	
constant_effect_no_pleiotropy	366	summary_MR_GxE	causal_effect	0.38385753766916664	0.04442683157592419	5.610555390226299e-18	0.5	0.02900578634351425	
constant_effect_no_pleiotropy	367	PlantMR	environment_slope	-0.010888643589292146	0.02118429069965047	0.607254691336206	0.0	0.46557128460799774	
constant_effect_no_pleiotropy	367	summary_MR_GxE	causal_effect	0.4203527430426842	0.045134368401877775	1.2384787933092804e-20	0.5	0.010774978784999056	
constant_effect_no_pleiotropy	368	PlantMR	environment_slope	0.022198447099500696	0.020832800561508123	0.286625886074781	0.0	0.42598330494664305	
constant_effect_no_pleiotropy	368	summary_MR_GxE	causal_effect	0.5026181752456442	0.043462544412072535	6.242735864177851e-31	0.5	-0.012798711870839141	
constant_effect_no_pleiotropy	369	PlantMR	environment_slope	0.018119425465174588	0.02355549035382233	0.4417609259750727	0.0	0.40721935256342856	
constant_effect_no_pleiotropy	369	summary_MR_GxE	causal_effect	0.459975310604563	0.04651013635966982	4.6101083639820557e-23	0.5	-0.006469570318997975	
constant_effect_no_pleiotropy	370	PlantMR	environment_slope	-0.0044939620112951495	0.02168058356423839	0.835790809037757	0.0	0.42230307664217315	
constant_effect_no_pleiotropy	370	summary_MR_GxE	causal_effect	0.40907229276238677	0.04229729809199967	3.990490887273367e-22	0.5	0.003242674609974433	
constant_effect_no_pleiotropy	371	PlantMR	environment_slope	-0.04123565578090438	0.02207081223440514	0.06171548690304532	0.0	0.5883903299778677	
constant_effect_no_pleiotropy	371	summary_MR_GxE	causal_effect	0.4542772930002452	0.04465859547332392	2.6381167934432078e-24	0.5	0.024798862653748893	
constant_effect_no_pleiotropy	372	PlantMR	environment_slope	-0.004171525711401891	0.022065789389080992	0.8500540471028515	0.0	0.5255269732272232	
constant_effect_no_pleiotropy	372	summary_MR_GxE	causal_effect	0.5446056682240861	0.04449700418331764	1.9202466913427304e-34	0.5	-0.006765276112128321	
constant_effect_no_pleiotropy	373	PlantMR	environment_slope	0.007812559203828229	0.022817560681279405	0.7320556124581958	0.0	0.4643222738734185	
constant_effect_no_pleiotropy	373	summary_MR_GxE	causal_effect	0.4978302014648298	0.045635871400276244	1.0468866425619705e-27	0.5	-0.005248291098385316	
constant_effect_no_pleiotropy	374	PlantMR	environment_slope	-0.014401494558033523	0.02187539553293679	0.5103183100676614	0.0	0.5337283490602031	
constant_effect_no_pleiotropy	374	summary_MR_GxE	causal_effect	0.4982170345116097	0.04426301849135652	2.167743295626469e-29	0.5	0.004618762978199964	
constant_effect_no_pleiotropy	375	PlantMR	environment_slope	-0.012332794716754747	0.021688704525904053	0.5696089306021253	0.0	0.5115029356492556	
constant_effect_no_pleiotropy	375	summary_MR_GxE	causal_effect	0.48063304319998634	0.045650728401898565	6.385336452492215e-26	0.5	0.005095889159140138	
constant_effect_no_pleiotropy	376	PlantMR	environment_slope	0.008712195281893875	0.02274669441472963	0.7017128757993718	0.0	0.4384598982685558	
constant_effect_no_pleiotropy	376	summary_MR_GxE	causal_effect	0.46504171369677694	0.04751911516772894	1.2878298688138204e-22	0.5	-0.0033357681932612016	
constant_effect_no_pleiotropy	377	PlantMR	environment_slope	0.015473056769495674	0.022782475658713972	0.49703341321163147	0.0	0.4585027800620677	
constant_effect_no_pleiotropy	377	summary_MR_GxE	causal_effect	0.504057648357802	0.046115106145560636	8.246249937526723e-28	0.5	-0.005921168163381979	
constant_effect_no_pleiotropy	378	PlantMR	environment_slope	0.0287434847396294	0.022242446556230134	0.1962599480318763	0.0	0.4741763966755558	
constant_effect_no_pleiotropy	378	summary_MR_GxE	causal_effect	0.5697641729780482	0.04492570207875096	7.406249095251799e-37	0.5	-0.016262652711008102	
constant_effect_no_pleiotropy	379	PlantMR	environment_slope	-0.03842113093621374	0.021202025921770604	0.06996389914530587	0.0	0.5455834716363905	
constant_effect_no_pleiotropy	379	summary_MR_GxE	causal_effect	0.4150979052030258	0.04290678668181274	3.8731399467651567e-22	0.5	0.02659623612545467	
constant_effect_no_pleiotropy	380	PlantMR	environment_slope	-0.0016958926135348662	0.0223425410971975	0.9394953187471718	0.0	0.47234879623893367	
constant_effect_no_pleiotropy	380	summary_MR_GxE	causal_effect	0.48714541210028106	0.045363614315177124	6.699420280717286e-27	0.5	-0.004784298124376168	
constant_effect_no_pleiotropy	381	PlantMR	environment_slope	-0.02518983557745258	0.021483014403921596	0.24097767285300736	0.0	0.577930792324942	
constant_effect_no_pleiotropy	381	summary_MR_GxE	causal_effect	0.5136394255140233	0.04377397289682594	8.542963761634187e-32	0.5	0.0103299594345172	
constant_effect_no_pleiotropy	382	PlantMR	environment_slope	0.012014061945340437	0.021451393562313844	0.5754386888236779	0.0	0.5262020951158792	
constant_effect_no_pleiotropy	382	summary_MR_GxE	causal_effect	0.5566931907143654	0.04355539259965003	2.0863723299574713e-37	0.5	-0.0034957693018133618	
constant_effect_no_pleiotropy	383	PlantMR	environment_slope	-0.014844908194712625	0.02122992811632171	0.4843993118641375	0.0	0.5353141255676838	
constant_effect_no_pleiotropy	383	summary_MR_GxE	causal_effect	0.5160435089261507	0.04447621873254036	3.993538564420502e-31	0.5	0.00045130905171361646	
constant_effect_no_pleiotropy	384	PlantMR	environment_slope	-0.03515249838718015	0.023714184610502047	0.13824969342247376	0.0	0.5927426321976556	
constant_effect_no_pleiotropy	384	summary_MR_GxE	causal_effect	0.48683017428820174	0.04831437780081443	7.032444131527821e-24	0.5	0.01744738405803878	
constant_effect_no_pleiotropy	385	PlantMR	environment_slope	-0.011248889419959551	0.022172252564665193	0.6119156820548376	0.0	0.47609603008538137	
constant_effect_no_pleiotropy	385	summary_MR_GxE	causal_effect	0.42415281011758954	0.04495184169656969	3.8833301209383576e-21	0.5	0.012025696881591136	
constant_effect_no_pleiotropy	386	PlantMR	environment_slope	-0.010961627921384998	0.022769200609352294	0.6302155482366381	0.0	0.5432273033139488	
constant_effect_no_pleiotropy	386	summary_MR_GxE	causal_effect	0.5111647233449264	0.044893728640031313	4.9042401685948035e-30	0.5	0.005873361089097445	
constant_effect_no_pleiotropy	387	PlantMR	environment_slope	-0.005719098774796871	0.021193049646401254	0.7872700522930236	0.0	0.5381877016974147	
constant_effect_no_pleiotropy	387	summary_MR_GxE	causal_effect	0.5155055107604921	0.04286572334093573	2.592578877377544e-33	0.5	0.006387491186273797	
constant_effect_no_pleiotropy	388	PlantMR	environment_slope	0.020660068532962705	0.02213545415168339	0.35064063026625203	0.0	0.4569768708364935	
constant_effect_no_pleiotropy	388	summary_MR_GxE	causal_effect	0.5247281798905922	0.04612035946783001	5.421284860607465e-30	0.5	-0.010967264959928863	
constant_effect_no_pleiotropy	389	PlantMR	environment_slope	0.013219407160272922	0.02137628682447976	0.5363020979187776	0.0	0.44821689003553467	
constant_effect_no_pleiotropy	389	summary_MR_GxE	causal_effect	0.5023424253895571	0.04323602097078851	3.3148909039880436e-31	0.5	-0.00966300603446299	
constant_effect_no_pleiotropy	390	PlantMR	environment_slope	-0.01716451854796408	0.02106144165650483	0.4150874321361256	0.0	0.4873650370727324	
constant_effect_no_pleiotropy	390	summary_MR_GxE	causal_effect	0.4577242274028823	0.04391963112085542	1.9706200081343055e-25	0.5	0.0022318929457607606	
constant_effect_no_pleiotropy	391	PlantMR	environment_slope	-0.03216541981536086	0.022775819919153974	0.15787289776579447	0.0	0.5760295548581924	
constant_effect_no_pleiotropy	391	summary_MR_GxE	causal_effect	0.4740818222030513	0.04596546494391123	6.099468488336115e-25	0.5	0.018378579046442245	
constant_effect_no_pleiotropy	392	PlantMR	environment_slope	0.012373354511122203	0.022232584866105617	0.5778407823764571	0.0	0.47757672634482684	
constant_effect_no_pleiotropy	392	summary_MR_GxE	causal_effect	0.5005990680840485	0.04509404349439449	1.237378596502728e-28	0.5	-0.00037584262289416803	
constant_effect_no_pleiotropy	393	PlantMR	environment_slope	-0.0151960302709791	0.021754128538188342	0.4848423873913089	0.0	0.5098596064461981	
constant_effect_no_pleiotropy	393	summary_MR_GxE	causal_effect	0.474319038149968	0.045703838538697535	3.1191881927442445e-25	0.5	0.004765254159257548	
constant_effect_no_pleiotropy	394	PlantMR	environment_slope	0.013392041139555111	0.02275715406606238	0.5562127752295831	0.0	0.4853570420503478	
constant_effect_no_pleiotropy	394	summary_MR_GxE	causal_effect	0.5328278917223822	0.04637400915363107	1.4846258798568808e-30	0.5	-0.008732663792316298	
constant_effect_no_pleiotropy	395	PlantMR	environment_slope	0.026061966031655504	0.022183335964626183	0.24005700919241035	0.0	0.43892475252277374	
constant_effect_no_pleiotropy	395	summary_MR_GxE	causal_effect	0.5089902009709089	0.04711580760131058	3.3328154751761416e-27	0.5	-0.008405169948300484	
constant_effect_no_pleiotropy	396	PlantMR	environment_slope	-0.004889829939306034	0.02183650866986436	0.8228124647829065	0.0	0.4908880132202593	
constant_effect_no_pleiotropy	396	summary_MR_GxE	causal_effect	0.46445090253997834	0.043736344729598364	2.42280543477228e-26	0.5	0.007803056688283849	
constant_effect_no_pleiotropy	397	PlantMR	environment_slope	-0.03169258266730529	0.020978062146159347	0.13085245843551477	0.0	0.5497941521964359	
constant_effect_no_pleiotropy	397	summary_MR_GxE	causal_effect	0.46254820891044734	0.04320227403639442	9.480882772041055e-27	0.5	0.013444235681676214	
constant_effect_no_pleiotropy	398	PlantMR	environment_slope	0.02225966406286306	0.02195234456463716	0.31058304194694564	0.0	0.426515843878308	
constant_effect_no_pleiotropy	398	summary_MR_GxE	causal_effect	0.46218187150800105	0.043594595997444176	2.9225037720500664e-26	0.5	0.001323453015342424	
constant_effect_no_pleiotropy	399	PlantMR	environment_slope	0.04351816237266154	0.021042295082593435	0.03862797620486048	0.0	0.420425788466281	
constant_effect_no_pleiotropy	399	summary_MR_GxE	causal_effect	0.58303183063758	0.043533239443993704	6.662385830666796e-41	0.5	-0.03188585721765527	
constant_effect_no_pleiotropy	400	PlantMR	environment_slope	0.01931720626984984	0.02073016383042695	0.35141895980376614	0.0	0.46795509378346667	
constant_effect_no_pleiotropy	400	summary_MR_GxE	causal_effect	0.5429074153459356	0.04275274086450231	6.006287575897701e-37	0.5	-0.015114546873576662	
constant_effect_no_pleiotropy	401	PlantMR	environment_slope	0.03189509721446265	0.021237688474381615	0.1331446731891557	0.0	0.4848859906928933	
constant_effect_no_pleiotropy	401	summary_MR_GxE	causal_effect	0.5747118173417839	0.04334100577476251	3.936728841512773e-40	0.5	-0.013534733493435397	
constant_effect_no_pleiotropy	402	PlantMR	environment_slope	0.03231589627255399	0.02272929858332816	0.15509224653897175	0.0	0.44972570023250646	
constant_effect_no_pleiotropy	402	summary_MR_GxE	causal_effect	0.5437427561953062	0.0461876940786476	5.412321598115461e-32	0.5	-0.013280857446888228	
constant_effect_no_pleiotropy	403	PlantMR	environment_slope	0.001761005204880206	0.022068364254184642	0.9363981357998477	0.0	0.4824016755016627	
constant_effect_no_pleiotropy	403	summary_MR_GxE	causal_effect	0.46484728204082726	0.04699564553963469	4.541643619973157e-23	0.5	0.006583898832823315	
constant_effect_no_pleiotropy	404	PlantMR	environment_slope	-0.012707747107327083	0.023368066302829327	0.5865734350189779	0.0	0.44431742103804595	
constant_effect_no_pleiotropy	404	summary_MR_GxE	causal_effect	0.4334081730967265	0.045577445293530944	1.920075901943771e-21	0.5	-0.0012683373034745038	
constant_effect_no_pleiotropy	405	PlantMR	environment_slope	-0.03127598810878818	0.021515607098449328	0.14604561227624255	0.0	0.5333874633774601	
constant_effect_no_pleiotropy	405	summary_MR_GxE	causal_effect	0.4404287772054777	0.04344620876716978	3.772505757725868e-24	0.5	0.016358184931020286	
constant_effect_no_pleiotropy	406	PlantMR	environment_slope	0.02164164551565323	0.022740308577598768	0.3412559792821079	0.0	0.4353548810640465	
constant_effect_no_pleiotropy	406	summary_MR_GxE	causal_effect	0.5046763038463813	0.04442988419183646	6.695352098612373e-30	0.5	-0.010794396803949058	
constant_effect_no_pleiotropy	407	PlantMR	environment_slope	-0.00021263902345042274	0.02321287653255829	0.9926911677303542	0.0	0.46914425530491355	
constant_effect_no_pleiotropy	407	summary_MR_GxE	causal_effect	0.47255302360713813	0.046505706152030944	2.9546716755069662e-24	0.5	-0.0004346974561572625	
constant_effect_no_pleiotropy	408	PlantMR	environment_slope	-0.009812144757028018	0.022896012370988317	0.6682488744587781	0.0	0.500727692314391	
constant_effect_no_pleiotropy	408	summary_MR_GxE	causal_effect	0.4654102658829856	0.046542932932025466	1.5302867649311897e-23	0.5	0.008371160617878737	
constant_effect_no_pleiotropy	409	PlantMR	environment_slope	-0.0020975246763707545	0.02167123675378551	0.9228944234993719	0.0	0.41876646402284823	
constant_effect_no_pleiotropy	409	summary_MR_GxE	causal_effect	0.4126424120532983	0.04358015626324136	2.8366016985910437e-21	0.5	0.002274674395985471	
constant_effect_no_pleiotropy	410	PlantMR	environment_slope	0.012239245146688171	0.02263048141674769	0.5886247055419138	0.0	0.48307250487899356	
constant_effect_no_pleiotropy	410	summary_MR_GxE	causal_effect	0.4871157616234374	0.04644000733265216	9.690588247238706e-26	0.5	0.004851135540438062	
constant_effect_no_pleiotropy	411	PlantMR	environment_slope	-0.022427347759432392	0.022330611281265882	0.3152186085402343	0.0	0.4917187524980584	
constant_effect_no_pleiotropy	411	summary_MR_GxE	causal_effect	0.4298763746442632	0.04547199189694461	3.2721156639297937e-21	0.5	0.009816875067521713	
constant_effect_no_pleiotropy	412	PlantMR	environment_slope	0.0029589203889114346	0.02103540035048694	0.888135505004463	0.0	0.47482712386239445	
constant_effect_no_pleiotropy	412	summary_MR_GxE	causal_effect	0.46906548260259906	0.04505970420925234	2.235360892741652e-25	0.5	0.0035839407073789686	
constant_effect_no_pleiotropy	413	PlantMR	environment_slope	-0.02112777562064999	0.022799402963507652	0.3540921378206449	0.0	0.5154555595770866	
constant_effect_no_pleiotropy	413	summary_MR_GxE	causal_effect	0.44813343468653954	0.04591029918633133	1.6540824324429002e-22	0.5	0.012557277360612185	
constant_effect_no_pleiotropy	414	PlantMR	environment_slope	-0.001769048957108832	0.021115995147389068	0.9332331991910132	0.0	0.507046937200209	
constant_effect_no_pleiotropy	414	summary_MR_GxE	causal_effect	0.49519096891631376	0.04266688165737995	3.842606465877248e-31	0.5	0.004546024046679281	
constant_effect_no_pleiotropy	415	PlantMR	environment_slope	0.0034151445831240856	0.021427006820350945	0.8733655156243023	0.0	0.4995794468380975	
constant_effect_no_pleiotropy	415	summary_MR_GxE	causal_effect	0.49601501149520455	0.04413658353334613	2.6477531800471536e-29	0.5	0.0028697214709484664	
constant_effect_no_pleiotropy	416	PlantMR	environment_slope	-0.00799467716824126	0.02198988487138644	0.7161854249350952	0.0	0.5589005594359335	
constant_effect_no_pleiotropy	416	summary_MR_GxE	causal_effect	0.5200948439581571	0.04510296679005088	9.177128537997866e-31	0.5	0.010289043471695652	
constant_effect_no_pleiotropy	417	PlantMR	environment_slope	0.016803940250659732	0.02106951629081746	0.42513312196254294	0.0	0.44405150287775763	
constant_effect_no_pleiotropy	417	summary_MR_GxE	causal_effect	0.4865918765321453	0.044349298291479086	5.2219081498611935e-28	0.5	-0.0035117174042200716	
constant_effect_no_pleiotropy	418	PlantMR	environment_slope	0.01527136040326288	0.021587403545258475	0.4793055293593825	0.0	0.44925317086124117	
constant_effect_no_pleiotropy	418	summary_MR_GxE	causal_effect	0.509565471208484	0.04549214368813532	4.023601761851725e-29	0.5	-0.010230403416938955	
constant_effect_no_pleiotropy	419	PlantMR	environment_slope	0.0361177890278257	0.021688349911094293	0.09585126432071728	0.0	0.4917178571758586	
constant_effect_no_pleiotropy	419	summary_MR_GxE	causal_effect	0.5798088256134112	0.04366131027452563	3.036337494007506e-40	0.5	-0.011581230958513877	
constant_effect_no_pleiotropy	420	PlantMR	environment_slope	0.027547594827545818	0.022421180954673277	0.2192062247021366	0.0	0.4951877460565527	
constant_effect_no_pleiotropy	420	summary_MR_GxE	causal_effect	0.5864433264391259	0.046751699679699464	4.2995170154129334e-36	0.5	-0.014386085095407675	
constant_effect_no_pleiotropy	421	PlantMR	environment_slope	0.03019474099046332	0.02074785760051356	0.145581107501275	0.0	0.49272289781047385	
constant_effect_no_pleiotropy	421	summary_MR_GxE	causal_effect	0.5802761542780505	0.041198077547169	4.694600248475793e-45	0.5	-0.013198738795498155	
constant_effect_no_pleiotropy	422	PlantMR	environment_slope	0.002012674189960817	0.020494580426830278	0.921769360388639	0.0	0.5586349600536029	
constant_effect_no_pleiotropy	422	summary_MR_GxE	causal_effect	0.5404468250266825	0.042189769374411996	1.4431609697014677e-37	0.5	0.009528837368678156	
constant_effect_no_pleiotropy	423	PlantMR	environment_slope	-0.012878937839455873	0.021955722731098668	0.5574812286181592	0.0	0.5699512574687087	
constant_effect_no_pleiotropy	423	summary_MR_GxE	causal_effect	0.5228720730455686	0.04423949029533394	3.1090523801161755e-32	0.5	0.009505890555653346	
constant_effect_no_pleiotropy	424	PlantMR	environment_slope	0.017174377273692254	0.022836200083040624	0.45201011527117496	0.0	0.5178471961719254	
constant_effect_no_pleiotropy	424	summary_MR_GxE	causal_effect	0.5587430446986319	0.04624003419656736	1.2905076798361884e-33	0.5	-0.004196362470446496	
constant_effect_no_pleiotropy	425	PlantMR	environment_slope	-0.020244926988347067	0.022035294517737156	0.3582263469891329	0.0	0.5439473125647021	
constant_effect_no_pleiotropy	425	summary_MR_GxE	causal_effect	0.49883553360463595	0.04269999564125523	1.5692982686466401e-31	0.5	0.00661738186177821	
constant_effect_no_pleiotropy	426	PlantMR	environment_slope	0.05325519327602346	0.021343490800380217	0.012590419029702243	0.0	0.39614572490069055	
constant_effect_no_pleiotropy	426	summary_MR_GxE	causal_effect	0.5515830428651265	0.045140741102873395	2.455354232346679e-34	0.5	-0.024632279517734917	
constant_effect_no_pleiotropy	427	PlantMR	environment_slope	-0.020659552997997044	0.021533392626657502	0.33734754403134964	0.0	0.5308182723915966	
constant_effect_no_pleiotropy	427	summary_MR_GxE	causal_effect	0.47128672750891887	0.044041565164735286	1.0073656721342452e-26	0.5	0.011921062520066306	
constant_effect_no_pleiotropy	428	PlantMR	environment_slope	-0.01954117434404451	0.021915068221580247	0.3725657899621956	0.0	0.5538634135945913	
constant_effect_no_pleiotropy	428	summary_MR_GxE	causal_effect	0.48952587618021426	0.04463055045524962	5.422143038688867e-28	0.5	0.012066078768486005	
constant_effect_no_pleiotropy	429	PlantMR	environment_slope	-0.01683309991241666	0.022460533062615536	0.4535845915105926	0.0	0.4895533920996974	
constant_effect_no_pleiotropy	429	summary_MR_GxE	causal_effect	0.45392604470724895	0.04698101786011347	4.376566133836819e-22	0.5	0.005118012280198814	
constant_effect_no_pleiotropy	430	PlantMR	environment_slope	0.012178525965618303	0.02140966152833818	0.5694693515379987	0.0	0.47935934876397823	
constant_effect_no_pleiotropy	430	summary_MR_GxE	causal_effect	0.5259892464410771	0.04308451238814305	2.8064530434641032e-34	0.5	-0.008118229344367567	
constant_effect_no_pleiotropy	431	PlantMR	environment_slope	0.008488541747381728	0.021776950108204907	0.6966882948317507	0.0	0.5147880481944845	
constant_effect_no_pleiotropy	431	summary_MR_GxE	causal_effect	0.5300932509899896	0.04374665229422995	8.548435563436052e-34	0.5	0.0007531980519197568	
constant_effect_no_pleiotropy	432	PlantMR	environment_slope	-0.026330269024491204	0.023347085389504488	0.2594147767125496	0.0	0.5692741309525229	
constant_effect_no_pleiotropy	432	summary_MR_GxE	causal_effect	0.48464729168944964	0.04611517205174391	7.810850153828648e-26	0.5	0.01529601118583404	
constant_effect_no_pleiotropy	433	PlantMR	environment_slope	0.01263701198679884	0.021446140813886145	0.5556975364064386	0.0	0.41019450128804213	
constant_effect_no_pleiotropy	433	summary_MR_GxE	causal_effect	0.4486319807424445	0.046728174651739285	7.925844314113974e-22	0.5	-0.0054088599305473495	
constant_effect_no_pleiotropy	434	PlantMR	environment_slope	0.01602614605531627	0.02202749805509703	0.46688798974706547	0.0	0.4390479855061732	
constant_effect_no_pleiotropy	434	summary_MR_GxE	causal_effect	0.4758529621820661	0.048025647544125624	3.830741624894795e-23	0.5	-0.0034543501941373955	
constant_effect_no_pleiotropy	435	PlantMR	environment_slope	0.01952344864335287	0.022300164173496177	0.3813103265868097	0.0	0.4935520728837339	
constant_effect_no_pleiotropy	435	summary_MR_GxE	causal_effect	0.5529369632875198	0.04722250787850116	1.143770671950421e-31	0.5	-0.008108387228364794	
constant_effect_no_pleiotropy	436	PlantMR	environment_slope	0.040274142556120274	0.020507207464538425	0.049541475973067975	0.0	0.4492981260204414	
constant_effect_no_pleiotropy	436	summary_MR_GxE	causal_effect	0.5687693680227063	0.042525499313441434	8.489996522605312e-41	0.5	-0.018518216865599346	
constant_effect_no_pleiotropy	437	PlantMR	environment_slope	-0.020600923809477922	0.022716004393722223	0.3644648165196748	0.0	0.5078831001105183	
constant_effect_no_pleiotropy	437	summary_MR_GxE	causal_effect	0.4521688520723699	0.045603592621485806	3.5753098063914134e-23	0.5	0.009382154909025525	
constant_effect_no_pleiotropy	438	PlantMR	environment_slope	-0.01759540556706568	0.02292316148716624	0.44273557448301537	0.0	0.5485131473438746	
constant_effect_no_pleiotropy	438	summary_MR_GxE	causal_effect	0.5003045516772376	0.04519667884119683	1.7638565386315552e-28	0.5	0.007836265531329295	
constant_effect_no_pleiotropy	439	PlantMR	environment_slope	0.01762034249478489	0.021538250865156462	0.413302754065632	0.0	0.4826526717917744	
constant_effect_no_pleiotropy	439	summary_MR_GxE	causal_effect	0.526852751462062	0.045365976811865834	3.52365932751025e-31	0.5	-0.00531321958246847	
constant_effect_no_pleiotropy	440	PlantMR	environment_slope	0.07077218717914402	0.022838392670905726	0.0019428960095161996	0.0	0.4186697395724326	
constant_effect_no_pleiotropy	440	summary_MR_GxE	causal_effect	0.6292015348937426	0.047516830157933246	5.042436949381282e-40	0.5	-0.030610462690300294	
constant_effect_no_pleiotropy	441	PlantMR	environment_slope	0.029233721272660163	0.022122737634716377	0.1863569427651559	0.0	0.4700533428134167	
constant_effect_no_pleiotropy	441	summary_MR_GxE	causal_effect	0.5513093849195907	0.04437716538774947	1.9541470249756118e-35	0.5	-0.01195762819539778	
constant_effect_no_pleiotropy	442	PlantMR	environment_slope	0.05342446708630827	0.0223957615155269	0.017057210288633058	0.0	0.39981683956648817	
constant_effect_no_pleiotropy	442	summary_MR_GxE	causal_effect	0.5711207766518979	0.04600076858307193	2.154406492720159e-35	0.5	-0.027614789051774447	
constant_effect_no_pleiotropy	443	PlantMR	environment_slope	-0.009452790047874304	0.022474232380905058	0.6740430371249714	0.0	0.49366900018582227	
constant_effect_no_pleiotropy	443	summary_MR_GxE	causal_effect	0.47508298919653	0.04612414209916281	7.039264295488391e-25	0.5	0.003022874409590204	
constant_effect_no_pleiotropy	444	PlantMR	environment_slope	0.012293885242222358	0.02323683709789897	0.5967577322765427	0.0	0.5094295386261604	
constant_effect_no_pleiotropy	444	summary_MR_GxE	causal_effect	0.5381840211358335	0.0460846484960375	1.6481964952808749e-31	0.5	-0.0016834737640888664	
constant_effect_no_pleiotropy	445	PlantMR	environment_slope	-0.005195071659537143	0.022951478656091897	0.8209290616198922	0.0	0.45647639764933134	
constant_effect_no_pleiotropy	445	summary_MR_GxE	causal_effect	0.4574061646583719	0.045709692065401555	1.4233011630713303e-23	0.5	-0.0016128358666391285	
constant_effect_no_pleiotropy	446	PlantMR	environment_slope	0.022917084843252833	0.020657634073117843	0.26726798247131744	0.0	0.43876792065390335	
constant_effect_no_pleiotropy	446	summary_MR_GxE	causal_effect	0.5161871992147391	0.04233419623424918	3.3809576514456647e-34	0.5	-0.013930674837967422	
constant_effect_no_pleiotropy	447	PlantMR	environment_slope	0.022778723940662937	0.02194886189154393	0.2993590383500147	0.0	0.47253511197926645	
constant_effect_no_pleiotropy	447	summary_MR_GxE	causal_effect	0.5334843951199166	0.044592878707900255	5.5223264692927956e-33	0.5	-0.007575137843014501	
constant_effect_no_pleiotropy	448	PlantMR	environment_slope	0.018909515329577076	0.021511786052328823	0.37938475696264984	0.0	0.5422388668597552	
constant_effect_no_pleiotropy	448	summary_MR_GxE	causal_effect	0.5833561985185641	0.042859886640238286	3.4556814400081955e-42	0.5	-0.002477684419260495	
constant_effect_no_pleiotropy	449	PlantMR	environment_slope	-0.009579836491354687	0.022044957741074334	0.6638825045613082	0.0	0.5007370310392797	
constant_effect_no_pleiotropy	449	summary_MR_GxE	causal_effect	0.5141956254338766	0.045359753860591906	8.708806416752622e-30	0.5	-0.007924619523370341	
constant_effect_no_pleiotropy	450	PlantMR	environment_slope	-0.01532839281134879	0.02155210782043156	0.47694496477371967	0.0	0.4820138801458954	
constant_effect_no_pleiotropy	450	summary_MR_GxE	causal_effect	0.42419506940715523	0.044168478506584466	7.6883827259231e-22	0.5	0.013205059104843236	
constant_effect_no_pleiotropy	451	PlantMR	environment_slope	0.005413323963724959	0.02182081383672198	0.8040719258219919	0.0	0.4844842887818974	
constant_effect_no_pleiotropy	451	summary_MR_GxE	causal_effect	0.48043099871745776	0.04411476946347681	1.2796453847413792e-27	0.5	0.005894402732408266	
constant_effect_no_pleiotropy	452	PlantMR	environment_slope	-0.013777223598968769	0.020249181676776487	0.4962612125954525	0.0	0.49935689299715225	
constant_effect_no_pleiotropy	452	summary_MR_GxE	causal_effect	0.4702060829676141	0.041926856640349994	3.445219266614514e-29	0.5	0.004239523417522928	
constant_effect_no_pleiotropy	453	PlantMR	environment_slope	-0.028458576948098557	0.022822454843901736	0.21241395365973614	0.0	0.5298666178966848	
constant_effect_no_pleiotropy	453	summary_MR_GxE	causal_effect	0.4737038227982292	0.04643008016947963	1.931935254716913e-24	0.5	0.004965688699363813	
constant_effect_no_pleiotropy	454	PlantMR	environment_slope	0.022743824875942398	0.023097398345809646	0.3247753515256492	0.0	0.4914233970456684	
constant_effect_no_pleiotropy	454	summary_MR_GxE	causal_effect	0.5509838259063166	0.046807109593247444	5.482654142207208e-32	0.5	-0.0076957572988210765	
constant_effect_no_pleiotropy	455	PlantMR	environment_slope	0.014725715820226526	0.021139723902327302	0.48605954766532883	0.0	0.525812799157541	
constant_effect_no_pleiotropy	455	summary_MR_GxE	causal_effect	0.5735289841579809	0.04364154884238834	1.8963336896453002e-39	0.5	-0.007095592809801321	
constant_effect_no_pleiotropy	456	PlantMR	environment_slope	0.020093389827768093	0.022230811898619193	0.3660732632212572	0.0	0.45587045087933875	
constant_effect_no_pleiotropy	456	summary_MR_GxE	causal_effect	0.5434800423364258	0.045218389697402585	2.8235160254443994e-33	0.5	-0.016915645891249442	
constant_effect_no_pleiotropy	457	PlantMR	environment_slope	0.01392885572946223	0.0231728562208638	0.5477833894375395	0.0	0.506361401064144	
constant_effect_no_pleiotropy	457	summary_MR_GxE	causal_effect	0.5537585842872971	0.04799887853639963	8.596112343579051e-31	0.5	-0.007444226458764358	
constant_effect_no_pleiotropy	458	PlantMR	environment_slope	-0.022773029337308293	0.02340532233823538	0.33056071938163734	0.0	0.5369701279911442	
constant_effect_no_pleiotropy	458	summary_MR_GxE	causal_effect	0.4660775067493692	0.047158488510028095	4.9227388986688984e-23	0.5	0.012486200193354419	
constant_effect_no_pleiotropy	459	PlantMR	environment_slope	0.02533581599355461	0.021572431758524805	0.24021346376298747	0.0	0.47560165273595023	
constant_effect_no_pleiotropy	459	summary_MR_GxE	causal_effect	0.5180914892796884	0.04389575028981477	3.776665440504115e-32	0.5	4.047216598532244e-05	
constant_effect_no_pleiotropy	460	PlantMR	environment_slope	-0.013374550808624375	0.021896220252503967	0.5413217281954243	0.0	0.48608212378899107	
constant_effect_no_pleiotropy	460	summary_MR_GxE	causal_effect	0.4626780401303089	0.04391151989090644	5.857968033703559e-26	0.5	0.0021773547354582423	
constant_effect_no_pleiotropy	461	PlantMR	environment_slope	-0.0011813181025466246	0.021958984850873546	0.957097240969279	0.0	0.5381575200646277	
constant_effect_no_pleiotropy	461	summary_MR_GxE	causal_effect	0.5429023227928902	0.044389072140847814	2.135144535019474e-34	0.5	-0.001584268704101277	
constant_effect_no_pleiotropy	462	PlantMR	environment_slope	-0.019104223600812542	0.021940142915620853	0.3838945505317047	0.0	0.5005240072131689	
constant_effect_no_pleiotropy	462	summary_MR_GxE	causal_effect	0.4331414489725519	0.04451716927127182	2.2511969367877055e-22	0.5	0.014241572101885869	
constant_effect_no_pleiotropy	463	PlantMR	environment_slope	0.02240276626626997	0.02335446554183463	0.33743292094706434	0.0	0.48548668851713406	
constant_effect_no_pleiotropy	463	summary_MR_GxE	causal_effect	0.5422161007578714	0.04665265471324747	3.170783441249344e-31	0.5	-0.005205164352394209	
constant_effect_no_pleiotropy	464	PlantMR	environment_slope	-0.03673801287283479	0.0222080575873762	0.09807367660714175	0.0	0.5486006965103117	
constant_effect_no_pleiotropy	464	summary_MR_GxE	causal_effect	0.44267201782391297	0.04428855078749393	1.599969962720173e-23	0.5	0.01804052472994086	
constant_effect_no_pleiotropy	465	PlantMR	environment_slope	0.03205820854191449	0.02213329228781517	0.1475008202662283	0.0	0.4652790889362052	
constant_effect_no_pleiotropy	465	summary_MR_GxE	causal_effect	0.5559196780985862	0.044004852732332254	1.3862514338966461e-36	0.5	-0.012774929110895672	
constant_effect_no_pleiotropy	466	PlantMR	environment_slope	-0.007512118333270534	0.022309894865867926	0.7363303325482575	0.0	0.5361841962693232	
constant_effect_no_pleiotropy	466	summary_MR_GxE	causal_effect	0.520574237544086	0.04824453293782585	3.824305885924389e-27	0.5	0.002194191257571282	
constant_effect_no_pleiotropy	467	PlantMR	environment_slope	-0.0023406188492631763	0.022191102720289797	0.9159984669985175	0.0	0.49839272965388537	
constant_effect_no_pleiotropy	467	summary_MR_GxE	causal_effect	0.4865164496185209	0.0441623376826422	3.1802737870368583e-28	0.5	0.004646190970157255	
constant_effect_no_pleiotropy	468	PlantMR	environment_slope	0.0553089840853383	0.024064677316737202	0.021542035221494567	0.0	0.4306008118465299	
constant_effect_no_pleiotropy	468	summary_MR_GxE	causal_effect	0.5763734175408016	0.046682800563888266	5.081994811957875e-35	0.5	-0.01790040083568667	
constant_effect_no_pleiotropy	469	PlantMR	environment_slope	-0.017797563089108792	0.02218129549270317	0.42234008180579713	0.0	0.5020233998066713	
constant_effect_no_pleiotropy	469	summary_MR_GxE	causal_effect	0.46730104877889767	0.04628426761585201	5.73507486518166e-24	0.5	0.003968058256317297	
constant_effect_no_pleiotropy	470	PlantMR	environment_slope	-0.0036451686528890526	0.02291540517269868	0.8736132028292221	0.0	0.48493818028468283	
constant_effect_no_pleiotropy	470	summary_MR_GxE	causal_effect	0.5091958539872524	0.046005439847373625	1.7902656294416554e-28	0.5	-0.007973422814008063	
constant_effect_no_pleiotropy	471	PlantMR	environment_slope	0.03507197357171288	0.022023291630637765	0.111273609615993	0.0	0.4138441821356438	
constant_effect_no_pleiotropy	471	summary_MR_GxE	causal_effect	0.5022491202261959	0.043208629819680607	3.1189104003609277e-31	0.5	-0.011606842118248528	
constant_effect_no_pleiotropy	472	PlantMR	environment_slope	0.0071201506839998485	0.021179424570134234	0.7367332920021472	0.0	0.4449140891051174	
constant_effect_no_pleiotropy	472	summary_MR_GxE	causal_effect	0.4846130270182849	0.04274680465593911	8.621630708305481e-30	0.5	-0.008903053101221942	
constant_effect_no_pleiotropy	473	PlantMR	environment_slope	0.01592136813776085	0.021248879405067807	0.45368823916910556	0.0	0.4740303484812233	
constant_effect_no_pleiotropy	473	summary_MR_GxE	causal_effect	0.4981729956245131	0.04352803679465472	2.494601179712171e-30	0.5	0.0010590563807597597	
constant_effect_no_pleiotropy	474	PlantMR	environment_slope	0.017801809684397596	0.020923135182614107	0.39486967365731684	0.0	0.49188671112639715	
constant_effect_no_pleiotropy	474	summary_MR_GxE	causal_effect	0.5173298786273252	0.04318948920420652	4.625690692929827e-33	0.5	0.0013024880336270361	
constant_effect_no_pleiotropy	475	PlantMR	environment_slope	-0.035293095827219956	0.022288235250616347	0.1133108644662072	0.0	0.47221099484252865	
constant_effect_no_pleiotropy	475	summary_MR_GxE	causal_effect	0.3606324530194074	0.04602039115069765	4.637868557227183e-15	0.5	0.01999512959995725	
constant_effect_no_pleiotropy	476	PlantMR	environment_slope	0.0075259477534279084	0.020799235578836624	0.7174733109671126	0.0	0.5046256307386031	
constant_effect_no_pleiotropy	476	summary_MR_GxE	causal_effect	0.524566121581403	0.042414184401980234	3.908291679858996e-35	0.5	-0.0014921645091569014	
constant_effect_no_pleiotropy	477	PlantMR	environment_slope	0.022973211124016235	0.021055297236830396	0.27523355714428466	0.0	0.4204526129012792	
constant_effect_no_pleiotropy	477	summary_MR_GxE	causal_effect	0.5070407392567157	0.043328662626738554	1.241892397610233e-31	0.5	-0.016017360179333556	
constant_effect_no_pleiotropy	478	PlantMR	environment_slope	-0.008784125309334923	0.022523253094736004	0.6965346886299073	0.0	0.5110513006429764	
constant_effect_no_pleiotropy	478	summary_MR_GxE	causal_effect	0.48547086409879114	0.046331492595181524	1.0878923175611553e-25	0.5	0.004295230080459761	
constant_effect_no_pleiotropy	479	PlantMR	environment_slope	0.04837868445619181	0.024250409809424757	0.04604685179703789	0.0	0.44543911312198226	
constant_effect_no_pleiotropy	479	summary_MR_GxE	causal_effect	0.5807490410817255	0.0485254149881908	5.231409174751821e-33	0.5	-0.017801370737042826	
constant_effect_no_pleiotropy	480	PlantMR	environment_slope	0.018899221614894213	0.022888760627824925	0.4089749872746029	0.0	0.4522242332353177	
constant_effect_no_pleiotropy	480	summary_MR_GxE	causal_effect	0.5259381114355558	0.045565820032961495	8.065994189638325e-31	0.5	-0.013383504730368201	
constant_effect_no_pleiotropy	481	PlantMR	environment_slope	0.0026804125663807965	0.023083184951967116	0.9075576742074132	0.0	0.5378365772209198	
constant_effect_no_pleiotropy	481	summary_MR_GxE	causal_effect	0.5538936031151248	0.04599657724953452	2.1355192987660327e-33	0.5	-0.0023562458262457175	
constant_effect_no_pleiotropy	482	PlantMR	environment_slope	0.013999441528772083	0.022902834895853097	0.5410316676836477	0.0	0.48380205332458226	
constant_effect_no_pleiotropy	482	summary_MR_GxE	causal_effect	0.5006404264745441	0.044939663614547806	7.986803593107893e-29	0.5	0.0018092510176467846	
constant_effect_no_pleiotropy	483	PlantMR	environment_slope	-0.015926123910292633	0.021645973744958094	0.4618800786822694	0.0	0.5292329809394187	
constant_effect_no_pleiotropy	483	summary_MR_GxE	causal_effect	0.4898717766656765	0.04397078964483038	7.936224428660547e-29	0.5	0.006872259843371503	
constant_effect_no_pleiotropy	484	PlantMR	environment_slope	-0.020769204245403128	0.022072686710433	0.34673257973986765	0.0	0.4934986458251135	
constant_effect_no_pleiotropy	484	summary_MR_GxE	causal_effect	0.4604343233154603	0.04374548941209792	6.605192712164439e-26	0.5	0.0014990276748832465	
constant_effect_no_pleiotropy	485	PlantMR	environment_slope	0.009645564944486151	0.022582137211112102	0.6692828151732865	0.0	0.5149252417794136	
constant_effect_no_pleiotropy	485	summary_MR_GxE	causal_effect	0.5372676799219251	0.04645092385146094	6.102331854511548e-31	0.5	-0.0008488325690704235	
constant_effect_no_pleiotropy	486	PlantMR	environment_slope	0.021612249505170322	0.02252515253592364	0.33732110027259643	0.0	0.4683262780721864	
constant_effect_no_pleiotropy	486	summary_MR_GxE	causal_effect	0.5273293239461996	0.04594731779713291	1.7249929978162302e-30	0.5	-0.0071687383610997135	
constant_effect_no_pleiotropy	487	PlantMR	environment_slope	0.0029773807635932736	0.021958297243291163	0.8921434224181901	0.0	0.519902757851359	
constant_effect_no_pleiotropy	487	summary_MR_GxE	causal_effect	0.5448552277464221	0.044692714929961665	3.465314847500621e-34	0.5	-0.005484556458645207	
constant_effect_no_pleiotropy	488	PlantMR	environment_slope	0.02110338709291698	0.02271587706204194	0.3528813911320793	0.0	0.4577850231989181	
constant_effect_no_pleiotropy	488	summary_MR_GxE	causal_effect	0.5321667042010891	0.04551740999356171	1.40879718557853e-31	0.5	-0.012785759609415526	
constant_effect_no_pleiotropy	489	PlantMR	environment_slope	0.04523357862763827	0.021390300095196508	0.034457474018427074	0.0	0.40941418895888493	
constant_effect_no_pleiotropy	489	summary_MR_GxE	causal_effect	0.5048082056110855	0.0440454941462601	2.0695773286566446e-30	0.5	-0.008533081827397843	
constant_effect_no_pleiotropy	490	PlantMR	environment_slope	-0.001746983342066022	0.022273450948765303	0.9374832754848492	0.0	0.4895946928453393	
constant_effect_no_pleiotropy	490	summary_MR_GxE	causal_effect	0.49919737614252	0.04552214456406338	5.566076075771494e-28	0.5	-0.001980602640656637	
constant_effect_no_pleiotropy	491	PlantMR	environment_slope	-0.00048449476317152795	0.022915169133923947	0.9831316064114918	0.0	0.5366452591180374	
constant_effect_no_pleiotropy	491	summary_MR_GxE	causal_effect	0.5556846922417168	0.04627818856237454	3.245629484277705e-33	0.5	-0.004439819125418298	
constant_effect_no_pleiotropy	492	PlantMR	environment_slope	0.033066210724615075	0.022275384021512988	0.13769532813726051	0.0	0.4827563468305528	
constant_effect_no_pleiotropy	492	summary_MR_GxE	causal_effect	0.5966919655048599	0.045188797088169946	8.273184013649778e-40	0.5	-0.020213590753770994	
constant_effect_no_pleiotropy	493	PlantMR	environment_slope	0.03538318357186537	0.02180865090661873	0.1047096020637178	0.0	0.400060939201236	
constant_effect_no_pleiotropy	493	summary_MR_GxE	causal_effect	0.5320247601194655	0.045576996087611205	1.7493383896519907e-31	0.5	-0.023418741316493186	
constant_effect_no_pleiotropy	494	PlantMR	environment_slope	-0.034748194888984174	0.022536539977959676	0.12310756017203084	0.0	0.5418294984328502	
constant_effect_no_pleiotropy	494	summary_MR_GxE	causal_effect	0.43860601221941453	0.04356895801417789	7.734847355416753e-24	0.5	0.018161698355533357	
constant_effect_no_pleiotropy	495	PlantMR	environment_slope	-0.011404092654694387	0.02170705886188165	0.5993306425287455	0.0	0.5034943645158697	
constant_effect_no_pleiotropy	495	summary_MR_GxE	causal_effect	0.4381931565301913	0.04402010259663753	2.4130430389736004e-23	0.5	0.016776936360393513	
constant_effect_no_pleiotropy	496	PlantMR	environment_slope	-0.001695669479245654	0.021352157417996915	0.936702988854483	0.0	0.4849248787661258	
constant_effect_no_pleiotropy	496	summary_MR_GxE	causal_effect	0.46168045613624953	0.044506951050650466	3.282681879180182e-25	0.5	0.007304166090874281	
constant_effect_no_pleiotropy	497	PlantMR	environment_slope	0.00719686126536262	0.022368872291034465	0.7476530491848252	0.0	0.4109196350695056	
constant_effect_no_pleiotropy	497	summary_MR_GxE	causal_effect	0.40554840787579227	0.045791829767708986	8.267804428705404e-19	0.5	0.006036463702850825	
constant_effect_no_pleiotropy	498	PlantMR	environment_slope	0.03525524311769246	0.021488125325299205	0.10086283744996916	0.0	0.4872278031494255	
constant_effect_no_pleiotropy	498	summary_MR_GxE	causal_effect	0.5913437472048686	0.04452575575629837	2.9863459669927788e-40	0.5	-0.016476216850694614	
constant_effect_no_pleiotropy	499	PlantMR	environment_slope	-0.010380010626977576	0.02152207322549653	0.6295956620390789	0.0	0.4749810542097037	
constant_effect_no_pleiotropy	499	summary_MR_GxE	causal_effect	0.4568086228549654	0.043712271165396194	1.4598231362781224e-25	0.5	0.0023659127209142428	
constant_effect_no_pleiotropy	500	PlantMR	environment_slope	-0.02916721204273487	0.022084720685867712	0.18660260076230095	0.0	0.5295304936500976	
constant_effect_no_pleiotropy	500	summary_MR_GxE	causal_effect	0.4296929946672161	0.0437019235743349	8.168273603286156e-23	0.5	0.019464855820552296	
constant_effect_directional_pleiotropy	1	PlantMR	environment_slope	-0.06814661493007146	0.023071078895853053	0.003139198880427698		0.7644081351492338	
constant_effect_directional_pleiotropy	1	summary_MR_GxE	causal_effect	0.5164668364411127	0.04561868833772121	1.0283163277537314e-29	0.5	0.04807691694691085	
constant_effect_directional_pleiotropy	2	PlantMR	environment_slope	-0.07169525572461483	0.02191568145633867	0.0010701132690167723		0.7043158426294451	
constant_effect_directional_pleiotropy	2	summary_MR_GxE	causal_effect	0.4791632281148488	0.043054369965687324	9.038386465608529e-29	0.5	0.040950619555660484	
constant_effect_directional_pleiotropy	3	PlantMR	environment_slope	-0.090735749079003	0.02192290266192275	3.490411115895874e-05		0.7517669737370056	
constant_effect_directional_pleiotropy	3	summary_MR_GxE	causal_effect	0.4560371374973108	0.04346958968224971	9.507124491867347e-26	0.5	0.05466173413720976	
constant_effect_directional_pleiotropy	4	PlantMR	environment_slope	-0.07518603780288902	0.021904684407863542	0.000598224275880941		0.7307723519530994	
constant_effect_directional_pleiotropy	4	summary_MR_GxE	causal_effect	0.48322433266378384	0.043167290001643835	4.3519372685011675e-29	0.5	0.048126304193813696	
constant_effect_directional_pleiotropy	5	PlantMR	environment_slope	-0.09289224806069302	0.024466614150378367	0.00014663859150187844		0.7359293129018976	
constant_effect_directional_pleiotropy	5	summary_MR_GxE	causal_effect	0.43729818764693495	0.048467674860741675	1.838938031227773e-19	0.5	0.04937496323938326	
constant_effect_directional_pleiotropy	6	PlantMR	environment_slope	-0.09350811359711947	0.022540481374379057	3.3473045531252294e-05		0.698640378712214	
constant_effect_directional_pleiotropy	6	summary_MR_GxE	causal_effect	0.420076735726411	0.04459481087491316	4.517033297060969e-21	0.5	0.04727063488170852	
constant_effect_directional_pleiotropy	7	PlantMR	environment_slope	-0.05774582216269586	0.02157889071446331	0.007449932468649474		0.7067572699762132	
constant_effect_directional_pleiotropy	7	summary_MR_GxE	causal_effect	0.5236336981425597	0.044335067781046136	3.431799419158516e-32	0.5	0.03399332706720026	
constant_effect_directional_pleiotropy	8	PlantMR	environment_slope	-0.06859131089091736	0.023395510394705984	0.0033698730358764687		0.7511963198564195	
constant_effect_directional_pleiotropy	8	summary_MR_GxE	causal_effect	0.5255723986500167	0.047281829503668875	1.0517812433830183e-28	0.5	0.038374758205321435	
constant_effect_directional_pleiotropy	9	PlantMR	environment_slope	-0.045469933864267786	0.02180039740532852	0.03700229334634377		0.6468433266037247	
constant_effect_directional_pleiotropy	9	summary_MR_GxE	causal_effect	0.4644618898051519	0.04291584306252631	2.689744274891808e-27	0.5	0.04051845682595706	
constant_effect_directional_pleiotropy	10	PlantMR	environment_slope	-0.03085417576683025	0.02143010056296175	0.14993565257539232		0.6736766066329365	
constant_effect_directional_pleiotropy	10	summary_MR_GxE	causal_effect	0.537719292489836	0.04543064609325668	2.5415005569930563e-32	0.5	0.03103864563075842	
constant_effect_directional_pleiotropy	11	PlantMR	environment_slope	-0.06210627437647348	0.02153599169604344	0.003928629305735611		0.685064708448053	
constant_effect_directional_pleiotropy	11	summary_MR_GxE	causal_effect	0.4767707564904643	0.04311308850236	1.991638168571425e-28	0.5	0.04166166471409183	
constant_effect_directional_pleiotropy	12	PlantMR	environment_slope	-0.0631499128515759	0.022860255112451485	0.005737241443405616		0.6933756865503637	
constant_effect_directional_pleiotropy	12	summary_MR_GxE	causal_effect	0.44222169571604764	0.043617652441621066	3.724187546945829e-24	0.5	0.053284147983040486	
constant_effect_directional_pleiotropy	13	PlantMR	environment_slope	-0.06996268300785108	0.02252345091032817	0.00189498824469724		0.7416874026389435	
constant_effect_directional_pleiotropy	13	summary_MR_GxE	causal_effect	0.4908161885040615	0.04540006624270965	3.0561148281379013e-27	0.5	0.04863436467383636	
constant_effect_directional_pleiotropy	14	PlantMR	environment_slope	-0.06736075308340977	0.02225137781006326	0.0024677986623060015		0.718433667836149	
constant_effect_directional_pleiotropy	14	summary_MR_GxE	causal_effect	0.4802830383417632	0.04452181349316654	3.939889176775661e-27	0.5	0.04750211254962705	
constant_effect_directional_pleiotropy	15	PlantMR	environment_slope	-0.040235547504356484	0.02241798653424657	0.07268738185432085		0.63734717409518	
constant_effect_directional_pleiotropy	15	summary_MR_GxE	causal_effect	0.4871985477510422	0.04409802815584786	2.239530461743587e-28	0.5	0.030358056440749376	
constant_effect_directional_pleiotropy	16	PlantMR	environment_slope	-0.08887799684278203	0.023375936166156925	0.00014346611977593686		0.7340357977751809	
constant_effect_directional_pleiotropy	16	summary_MR_GxE	causal_effect	0.4527284422812917	0.04620738718397679	1.1512098993033687e-22	0.5	0.047881017223506295	
constant_effect_directional_pleiotropy	17	PlantMR	environment_slope	-0.06568316994116802	0.02188912881512674	0.002693411665604074		0.7297890140206301	
constant_effect_directional_pleiotropy	17	summary_MR_GxE	causal_effect	0.5065416266995044	0.04465850443130241	8.075010254364833e-30	0.5	0.04417486640124996	
constant_effect_directional_pleiotropy	18	PlantMR	environment_slope	-0.0415810983165269	0.02167252406860547	0.05503384400310733		0.6514763772900676	
constant_effect_directional_pleiotropy	18	summary_MR_GxE	causal_effect	0.5156349565832702	0.04476204733352871	1.0525928362743504e-30	0.5	0.025767382058107524	
constant_effect_directional_pleiotropy	19	PlantMR	environment_slope	-0.07574690258584055	0.02281518972888574	0.0009001076791056038		0.7345110537794038	
constant_effect_directional_pleiotropy	19	summary_MR_GxE	causal_effect	0.4635841850932544	0.045134649270200895	9.507700186283571e-25	0.5	0.053180795287569305	
constant_effect_directional_pleiotropy	20	PlantMR	environment_slope	-0.09053972850339631	0.02257769417418519	6.068259738423693e-05		0.7057193058370389	
constant_effect_directional_pleiotropy	20	summary_MR_GxE	causal_effect	0.43724183841545994	0.045348633653579266	5.325305733948971e-22	0.5	0.043889760703281294	
constant_effect_directional_pleiotropy	21	PlantMR	environment_slope	-0.07025969045918035	0.022682293684777075	0.0019512307490831904		0.7135587331425359	
constant_effect_directional_pleiotropy	21	summary_MR_GxE	causal_effect	0.4692968704912345	0.04662438228818441	7.85020277975957e-24	0.5	0.04546130896656175	
constant_effect_directional_pleiotropy	22	PlantMR	environment_slope	-0.07329449541973015	0.021418859650416785	0.000621713050478684		0.686137601386105	
constant_effect_directional_pleiotropy	22	summary_MR_GxE	causal_effect	0.43757936260719654	0.04331854993575859	5.444163693226296e-24	0.5	0.047886856193083804	
constant_effect_directional_pleiotropy	23	PlantMR	environment_slope	-0.07899958782236899	0.021386128819524376	0.0002207851599044061		0.700157796494072	
constant_effect_directional_pleiotropy	23	summary_MR_GxE	causal_effect	0.461048174409063	0.04331958462049177	1.8807850635908167e-26	0.5	0.04263350674588107	
constant_effect_directional_pleiotropy	24	PlantMR	environment_slope	-0.04513567303772331	0.021829829253555002	0.03867628085313217		0.6722228027327739	
constant_effect_directional_pleiotropy	24	summary_MR_GxE	causal_effect	0.5056472197442617	0.04440514880747445	4.846901070488058e-30	0.5	0.034278264650029366	
constant_effect_directional_pleiotropy	25	PlantMR	environment_slope	-0.08347785741321367	0.021023853220221874	7.168404452532314e-05		0.7001076138679398	
constant_effect_directional_pleiotropy	25	summary_MR_GxE	causal_effect	0.4152327532036796	0.042843712846206944	3.2671474197488636e-22	0.5	0.05623307949271422	
constant_effect_directional_pleiotropy	26	PlantMR	environment_slope	-0.05638586017222047	0.02178359994196677	0.009640764562039267		0.723771347215609	
constant_effect_directional_pleiotropy	26	summary_MR_GxE	causal_effect	0.542054910194352	0.044126352909099976	1.1019183651737905e-34	0.5	0.03349192637062309	
constant_effect_directional_pleiotropy	27	PlantMR	environment_slope	-0.029067610803797828	0.02253547528329643	0.1970992302068753		0.6989149395209029	
constant_effect_directional_pleiotropy	27	summary_MR_GxE	causal_effect	0.5888029067445226	0.043971748179251105	6.873314992860415e-41	0.5	0.024706890593510666	
constant_effect_directional_pleiotropy	28	PlantMR	environment_slope	-0.07705748587509509	0.02278113429070524	0.0007182584407020485		0.7973943968594253	
constant_effect_directional_pleiotropy	28	summary_MR_GxE	causal_effect	0.5786290683573375	0.04485654150979811	4.5275039952295733e-38	0.5	0.034477113014883265	
constant_effect_directional_pleiotropy	29	PlantMR	environment_slope	-0.09117830531658039	0.021640715647943738	2.5169332245252902e-05		0.7057770696333729	
constant_effect_directional_pleiotropy	29	summary_MR_GxE	causal_effect	0.41487859258364057	0.045186238618645264	4.2502775558416265e-20	0.5	0.05243105874039755	
constant_effect_directional_pleiotropy	30	PlantMR	environment_slope	-0.0972606080059214	0.022529091383962512	1.5808404294252948e-05		0.7963170268752863	
constant_effect_directional_pleiotropy	30	summary_MR_GxE	causal_effect	0.5030575021531173	0.04366296442710477	1.0295165086940107e-30	0.5	0.05172598747328211	
constant_effect_directional_pleiotropy	31	PlantMR	environment_slope	-0.055330193291277086	0.022308649523278736	0.013130407314318547		0.7161680930894574	
constant_effect_directional_pleiotropy	31	summary_MR_GxE	causal_effect	0.525051172103083	0.04482421260883309	1.086191461537941e-31	0.5	0.03723476949875859	
constant_effect_directional_pleiotropy	32	PlantMR	environment_slope	-0.020390780366456862	0.02373254897557286	0.39023542966463226		0.5808412688150759	
constant_effect_directional_pleiotropy	32	summary_MR_GxE	causal_effect	0.4948315938304887	0.04753575381159342	2.239926400541279e-25	0.5	0.019440749358050124	
constant_effect_directional_pleiotropy	33	PlantMR	environment_slope	-0.05582474874683979	0.02148341189275753	0.009363073823023422		0.6672892655455368	
constant_effect_directional_pleiotropy	33	summary_MR_GxE	causal_effect	0.5085281608606267	0.0438152254141196	3.8328401131616556e-31	0.5	0.02680267886462323	
constant_effect_directional_pleiotropy	34	PlantMR	environment_slope	-0.06798939122155795	0.021076296137426162	0.001255903915922258		0.713477954155344	
constant_effect_directional_pleiotropy	34	summary_MR_GxE	causal_effect	0.48451973053476904	0.04353858510319008	9.114275840277939e-29	0.5	0.04475270244371449	
constant_effect_directional_pleiotropy	35	PlantMR	environment_slope	-0.07632956069093788	0.021438075086224827	0.00037019571584614156		0.6859662652501088	
constant_effect_directional_pleiotropy	35	summary_MR_GxE	causal_effect	0.4480299107372272	0.04398761558346813	2.3049378881157503e-24	0.5	0.04257258259357832	
constant_effect_directional_pleiotropy	36	PlantMR	environment_slope	-0.07894703028775213	0.022176820606978263	0.0003710109090735101		0.693859432366109	
constant_effect_directional_pleiotropy	36	summary_MR_GxE	causal_effect	0.4327124195290897	0.04357145212280346	3.0487549668179176e-23	0.5	0.049062210626944325	
constant_effect_directional_pleiotropy	37	PlantMR	environment_slope	-0.09785506778943581	0.022173556018739347	1.0188077571593969e-05		0.7793927260469664	
constant_effect_directional_pleiotropy	37	summary_MR_GxE	causal_effect	0.45058733540397333	0.04227065483459936	1.573098726373506e-26	0.5	0.06381476093384048	
constant_effect_directional_pleiotropy	38	PlantMR	environment_slope	-0.07227507454762516	0.022909567924721635	0.0016060889148388502		0.7533042359095061	
constant_effect_directional_pleiotropy	38	summary_MR_GxE	causal_effect	0.5584796754735059	0.04636498029874941	2.0535069385399834e-33	0.5	0.02944080181144948	
constant_effect_directional_pleiotropy	39	PlantMR	environment_slope	-0.0684333061668384	0.022272791599679737	0.002122689164035234		0.734991732062147	
constant_effect_directional_pleiotropy	39	summary_MR_GxE	causal_effect	0.5044731357187026	0.04386997407138237	1.3301968310352762e-30	0.5	0.043517071495967286	
constant_effect_directional_pleiotropy	40	PlantMR	environment_slope	-0.09911023679071473	0.022666332596916042	1.22789675178315e-05		0.7627388360708472	
constant_effect_directional_pleiotropy	40	summary_MR_GxE	causal_effect	0.42886327002899727	0.043657139035942545	8.924535491516434e-23	0.5	0.06420415914594202	
constant_effect_directional_pleiotropy	41	PlantMR	environment_slope	-0.08504942087481249	0.022290686079488198	0.00013592454138763377		0.7579793648377106	
constant_effect_directional_pleiotropy	41	summary_MR_GxE	causal_effect	0.4489567106045955	0.043222483638796376	2.8382163199665914e-25	0.5	0.06198547725075615	
constant_effect_directional_pleiotropy	42	PlantMR	environment_slope	-0.08056491696522727	0.021799304467099184	0.00021923318354149057		0.7918934517095221	
constant_effect_directional_pleiotropy	42	summary_MR_GxE	causal_effect	0.5300203083310042	0.04507103312431109	6.298274281884521e-32	0.5	0.048195846514670126	
constant_effect_directional_pleiotropy	43	PlantMR	environment_slope	-0.0506954855658705	0.02176397656104117	0.019841585292119275		0.6556299152638664	
constant_effect_directional_pleiotropy	43	summary_MR_GxE	causal_effect	0.48574442192480705	0.043442141181132356	5.0284242233124204e-29	0.5	0.032474519615576125	
constant_effect_directional_pleiotropy	44	PlantMR	environment_slope	-0.07445038136797388	0.02200926409807986	0.0007178122386835609		0.7604746003958924	
constant_effect_directional_pleiotropy	44	summary_MR_GxE	causal_effect	0.5232125899915437	0.043753785498190575	5.888680232772279e-33	0.5	0.043456540199563354	
constant_effect_directional_pleiotropy	45	PlantMR	environment_slope	-0.051939663658582935	0.021153035029918096	0.014071861952443867		0.7159446586723467	
constant_effect_directional_pleiotropy	45	summary_MR_GxE	causal_effect	0.516555020455645	0.04347311747178573	1.4651180575978742e-32	0.5	0.04448275608777147	
constant_effect_directional_pleiotropy	46	PlantMR	environment_slope	-0.03626303679291176	0.022900284307834244	0.1133032047904893		0.7216884580600723	
constant_effect_directional_pleiotropy	46	summary_MR_GxE	causal_effect	0.596744411577062	0.04446490323120702	4.5816647921020963e-41	0.5	0.024430949762075993	
constant_effect_directional_pleiotropy	47	PlantMR	environment_slope	-0.10123787450670185	0.022539864660986973	7.072223436710229e-06		0.6967830125111776	
constant_effect_directional_pleiotropy	47	summary_MR_GxE	causal_effect	0.3795744918602634	0.04579177536537924	1.1406906474811358e-16	0.5	0.054804083328654496	
constant_effect_directional_pleiotropy	48	PlantMR	environment_slope	-0.08999543372894714	0.022310506310826903	5.488922675570693e-05		0.744590852684106	
constant_effect_directional_pleiotropy	48	summary_MR_GxE	causal_effect	0.4595932747907612	0.04473152433243984	9.183573632647456e-25	0.5	0.0515713601150371	
constant_effect_directional_pleiotropy	49	PlantMR	environment_slope	-0.03870277424484192	0.02217156133016097	0.08087972318599065		0.6805046014639198	
constant_effect_directional_pleiotropy	49	summary_MR_GxE	causal_effect	0.5475797552735997	0.04573216077876766	4.884671681183445e-33	0.5	0.026085934857619897	
constant_effect_directional_pleiotropy	50	PlantMR	environment_slope	-0.071467745877281	0.02378277916394036	0.00265562695307231		0.7467159215747611	
constant_effect_directional_pleiotropy	50	summary_MR_GxE	causal_effect	0.5037669354337099	0.04560885763256077	2.3080198929514952e-28	0.5	0.04502709499248353	
constant_effect_directional_pleiotropy	51	PlantMR	environment_slope	-0.053878135693020024	0.022025376063678746	0.014437705778515511		0.6751181517787476	
constant_effect_directional_pleiotropy	51	summary_MR_GxE	causal_effect	0.5113748834634454	0.042747213230665985	5.567633300830811e-33	0.5	0.030015599347774535	
constant_effect_directional_pleiotropy	52	PlantMR	environment_slope	-0.07172343902915418	0.02217605513575484	0.0012195238642472067		0.6767707792231076	
constant_effect_directional_pleiotropy	52	summary_MR_GxE	causal_effect	0.4335501553904293	0.045569980960378294	1.835713100752258e-21	0.5	0.04447391666883013	
constant_effect_directional_pleiotropy	53	PlantMR	environment_slope	-0.06292287664949947	0.02172580610751676	0.0037767851764552236		0.7235750839629261	
constant_effect_directional_pleiotropy	53	summary_MR_GxE	causal_effect	0.5118132901284611	0.04326400049702601	2.7312943351634e-32	0.5	0.04122063187908154	
constant_effect_directional_pleiotropy	54	PlantMR	environment_slope	-0.03862619978774773	0.022133454056778586	0.08095874285073792		0.7005307420483978	
constant_effect_directional_pleiotropy	54	summary_MR_GxE	causal_effect	0.5591847302417612	0.045025947698062924	2.0569391315544523e-35	0.5	0.02750801884316134	
constant_effect_directional_pleiotropy	55	PlantMR	environment_slope	-0.07474228303839436	0.02210830176589826	0.0007229254297576278		0.7724358176170932	
constant_effect_directional_pleiotropy	55	summary_MR_GxE	causal_effect	0.5122907228253868	0.04383382740749343	1.4835068237680495e-31	0.5	0.05171208993393517	
constant_effect_directional_pleiotropy	56	PlantMR	environment_slope	-0.05460889886625342	0.02181959207127372	0.012323391689716426		0.6923157037242291	
constant_effect_directional_pleiotropy	56	summary_MR_GxE	causal_effect	0.47003868539431193	0.04313573151868514	1.1946603365849544e-27	0.5	0.04873537232206776	
constant_effect_directional_pleiotropy	57	PlantMR	environment_slope	-0.11421038452367827	0.022668583573211613	4.697649659142565e-07		0.7517962113640999	
constant_effect_directional_pleiotropy	57	summary_MR_GxE	causal_effect	0.3704353500898019	0.04447380982886668	8.132722251316036e-17	0.5	0.07019347167843834	
constant_effect_directional_pleiotropy	58	PlantMR	environment_slope	-0.06374410700796074	0.02097766539692605	0.0023762858310722493		0.700425541848609	
constant_effect_directional_pleiotropy	58	summary_MR_GxE	causal_effect	0.5011336776646322	0.041265315581887244	6.159233192388202e-34	0.5	0.0377982832224551	
constant_effect_directional_pleiotropy	59	PlantMR	environment_slope	-0.0407860434641758	0.02298311009956452	0.07596240233516371		0.6791271647539876	
constant_effect_directional_pleiotropy	59	summary_MR_GxE	causal_effect	0.5568819117392495	0.04448601585017945	5.941551779869906e-36	0.5	0.021597101765917226	
constant_effect_directional_pleiotropy	60	PlantMR	environment_slope	-0.10088157794634389	0.022318431575792236	6.180996489497821e-06		0.6832279185397021	
constant_effect_directional_pleiotropy	60	summary_MR_GxE	causal_effect	0.3687187331063647	0.04518932057649044	3.366317895018334e-16	0.5	0.05436919763222686	
constant_effect_directional_pleiotropy	61	PlantMR	environment_slope	-0.056126072481465505	0.021585810425886996	0.009318644763543256		0.6857468306249982	
constant_effect_directional_pleiotropy	61	summary_MR_GxE	causal_effect	0.47471249694483864	0.042391675574355005	4.1587656109997574e-29	0.5	0.04419741544705347	
constant_effect_directional_pleiotropy	62	PlantMR	environment_slope	-0.09252610009264894	0.023573994255109563	8.675767033112519e-05		0.7195241390115688	
constant_effect_directional_pleiotropy	62	summary_MR_GxE	causal_effect	0.4462009682409268	0.04575256344866054	1.8001557602455397e-22	0.5	0.04468018297822615	
constant_effect_directional_pleiotropy	63	PlantMR	environment_slope	-0.05014733542414884	0.021699415375249755	0.02083288927849355		0.7432841963726405	
constant_effect_directional_pleiotropy	63	summary_MR_GxE	causal_effect	0.570607273838888	0.04421970084552084	4.2779695928496576e-38	0.5	0.033626001490012825	
constant_effect_directional_pleiotropy	64	PlantMR	environment_slope	-0.04483566464401134	0.021688538642109473	0.0387104591061886		0.6952371001542899	
constant_effect_directional_pleiotropy	64	summary_MR_GxE	causal_effect	0.5544743617086398	0.04456979822818951	1.5734734664578917e-35	0.5	0.025866528545755663	
constant_effect_directional_pleiotropy	65	PlantMR	environment_slope	-0.09818227756971765	0.022674624520933336	1.490749022396038e-05		0.794640248257145	
constant_effect_directional_pleiotropy	65	summary_MR_GxE	causal_effect	0.48675674073593145	0.04505520029767458	3.3109686962363674e-27	0.5	0.05316722353209158	
constant_effect_directional_pleiotropy	66	PlantMR	environment_slope	-0.027832666549632012	0.022278594662659593	0.2115550686377856		0.6224060194251829	
constant_effect_directional_pleiotropy	66	summary_MR_GxE	causal_effect	0.5080098188803281	0.04476875095821175	7.638338802733941e-30	0.5	0.024900588486246794	
constant_effect_directional_pleiotropy	67	PlantMR	environment_slope	-0.04739056188599494	0.021692061807505277	0.02891113953822234		0.5902891397835932	
constant_effect_directional_pleiotropy	67	summary_MR_GxE	causal_effect	0.42920333167462554	0.04250383372141128	5.638542727073195e-24	0.5	0.03204735958019844	
constant_effect_directional_pleiotropy	68	PlantMR	environment_slope	-0.056660016945830616	0.02153665305338163	0.008516797373103091		0.6673197659224056	
constant_effect_directional_pleiotropy	68	summary_MR_GxE	causal_effect	0.4935772736737858	0.043500931648252875	7.73138732306742e-30	0.5	0.03187167922178491	
constant_effect_directional_pleiotropy	69	PlantMR	environment_slope	-0.0554083273037036	0.02240898665321258	0.013413640989763649		0.7007802689788791	
constant_effect_directional_pleiotropy	69	summary_MR_GxE	causal_effect	0.50716530118122	0.04244720970008659	6.639274042648489e-33	0.5	0.039456897807259195	
constant_effect_directional_pleiotropy	70	PlantMR	environment_slope	-0.05427563768133942	0.023130525024662233	0.0189509724408339		0.7219323422698395	
constant_effect_directional_pleiotropy	70	summary_MR_GxE	causal_effect	0.5246659478888758	0.04598665303157633	3.766410331663909e-30	0.5	0.03933371497370297	
constant_effect_directional_pleiotropy	71	PlantMR	environment_slope	-0.0538018414036367	0.020998185073102082	0.010400724394281769		0.6968990958104917	
constant_effect_directional_pleiotropy	71	summary_MR_GxE	causal_effect	0.4907517537325903	0.0434467839063193	1.3816621438529788e-29	0.5	0.04330174474485032	
constant_effect_directional_pleiotropy	72	PlantMR	environment_slope	-0.053195531234058624	0.023006219868711677	0.020765348328621622		0.7104900149609199	
constant_effect_directional_pleiotropy	72	summary_MR_GxE	causal_effect	0.510586606433687	0.04570840288905649	5.684741163691376e-29	0.5	0.04064093275747105	
constant_effect_directional_pleiotropy	73	PlantMR	environment_slope	-0.04968402969968755	0.0227605154135935	0.029042849472251095		0.6588857471531057	
constant_effect_directional_pleiotropy	73	summary_MR_GxE	causal_effect	0.4809881716357576	0.04513923681121207	1.6408402781799023e-26	0.5	0.03455414750075533	
constant_effect_directional_pleiotropy	74	PlantMR	environment_slope	-0.06711257026037232	0.02373449797426425	0.0046892787845691265		0.7833162951172264	
constant_effect_directional_pleiotropy	74	summary_MR_GxE	causal_effect	0.6053425547818221	0.04925534264630793	1.0265046343283163e-34	0.5	0.025804872390991218	
constant_effect_directional_pleiotropy	75	PlantMR	environment_slope	-0.04555740827476723	0.023273991885157132	0.05029593316763807		0.6886103845091499	
constant_effect_directional_pleiotropy	75	summary_MR_GxE	causal_effect	0.5430437085197347	0.046246329299973125	7.724627354684092e-32	0.5	0.026702550187150897	
constant_effect_directional_pleiotropy	76	PlantMR	environment_slope	-0.12782877386772684	0.022814941782099227	2.108515661243197e-08		0.8245403189290419	
constant_effect_directional_pleiotropy	76	summary_MR_GxE	causal_effect	0.41525495772422294	0.04270634345942252	2.3941732740654664e-22	0.5	0.07555474529951273	
constant_effect_directional_pleiotropy	77	PlantMR	environment_slope	-0.11042450223646377	0.022212386009300093	6.650440208824581e-07		0.7666827801257026	
constant_effect_directional_pleiotropy	77	summary_MR_GxE	causal_effect	0.41441532557819294	0.04360109639297788	2.0062613037535827e-21	0.5	0.06464924212586909	
constant_effect_directional_pleiotropy	78	PlantMR	environment_slope	-0.06588018094297277	0.022896354484262096	0.004010663055399536		0.7563974842173091	
constant_effect_directional_pleiotropy	78	summary_MR_GxE	causal_effect	0.5388961249210851	0.045278095269868424	1.156595657928422e-32	0.5	0.040078055095860154	
constant_effect_directional_pleiotropy	79	PlantMR	environment_slope	-0.053671549618543035	0.022296254397264424	0.016075351709409064		0.6993414954711046	
constant_effect_directional_pleiotropy	79	summary_MR_GxE	causal_effect	0.530294564363522	0.04420329913176579	3.696613237220725e-33	0.5	0.03195763717061212	
constant_effect_directional_pleiotropy	80	PlantMR	environment_slope	-0.039660562361381935	0.021440036314956862	0.06433711416888516		0.7077213129950554	
constant_effect_directional_pleiotropy	80	summary_MR_GxE	causal_effect	0.5742808085670663	0.04382702824992242	3.150470128027694e-39	0.5	0.026607415547413915	
constant_effect_directional_pleiotropy	81	PlantMR	environment_slope	-0.06310978046132831	0.023057149011607235	0.006198297496188678		0.7479622486071363	
constant_effect_directional_pleiotropy	81	summary_MR_GxE	causal_effect	0.5300300806309047	0.04639002643579444	3.1179097730494997e-30	0.5	0.04121940347600839	
constant_effect_directional_pleiotropy	82	PlantMR	environment_slope	-0.05352783828276336	0.022267824252492862	0.01622476595821599		0.6861461749964102	
constant_effect_directional_pleiotropy	82	summary_MR_GxE	causal_effect	0.4804795763035954	0.04512688495295624	1.794917695080688e-26	0.5	0.042479933610228116	
constant_effect_directional_pleiotropy	83	PlantMR	environment_slope	-0.020692175740863405	0.023653621441879377	0.38168302013489724		0.6331834005082404	
constant_effect_directional_pleiotropy	83	summary_MR_GxE	causal_effect	0.5425539228455568	0.04779229964195034	7.221292928798603e-30	0.5	0.019678650542793497	
constant_effect_directional_pleiotropy	84	PlantMR	environment_slope	-0.04392633572981852	0.02228842155834057	0.048745142005744944		0.6963395363663569	
constant_effect_directional_pleiotropy	84	summary_MR_GxE	causal_effect	0.5464598342930562	0.044680145091851524	2.1365969278782294e-34	0.5	0.029261567213157147	
constant_effect_directional_pleiotropy	85	PlantMR	environment_slope	-0.06961063712092191	0.02278887990844352	0.002253699515848022		0.7346061082124651	
constant_effect_directional_pleiotropy	85	summary_MR_GxE	causal_effect	0.5113025128262414	0.045396366471685386	1.9967603451767699e-29	0.5	0.038641219894449075	
constant_effect_directional_pleiotropy	86	PlantMR	environment_slope	-0.01918947092225909	0.022991375600618442	0.40392167804651735		0.6348638588213928	
constant_effect_directional_pleiotropy	86	summary_MR_GxE	causal_effect	0.547593466455288	0.045469234337085704	2.1071466951286005e-33	0.5	0.02055657294234209	
constant_effect_directional_pleiotropy	87	PlantMR	environment_slope	-0.03774626704430367	0.02117826657946778	0.07469845631856864		0.5978206676511661	
constant_effect_directional_pleiotropy	87	summary_MR_GxE	causal_effect	0.45123033895712916	0.041644148026997486	2.339814339243377e-27	0.5	0.0328252184829885	
constant_effect_directional_pleiotropy	88	PlantMR	environment_slope	-0.08076921271222998	0.021680654076100758	0.00019500203983165685		0.7200892499400675	
constant_effect_directional_pleiotropy	88	summary_MR_GxE	causal_effect	0.48359633480471387	0.0429741440097982	2.2335716460108675e-29	0.5	0.040304032963291714	
constant_effect_directional_pleiotropy	89	PlantMR	environment_slope	-0.06159723149352253	0.023096690178907465	0.007654785462011967		0.722537570934492	
constant_effect_directional_pleiotropy	89	summary_MR_GxE	causal_effect	0.5273508089665288	0.044664899082591476	3.5988100994467914e-32	0.5	0.03509234488121382	
constant_effect_directional_pleiotropy	90	PlantMR	environment_slope	-0.08729425443199346	0.024695969954075046	0.00040815020423224394		0.790486881405651	
constant_effect_directional_pleiotropy	90	summary_MR_GxE	causal_effect	0.5045747426275173	0.04809869258991659	9.561812635060908e-26	0.5	0.04969278589395704	
constant_effect_directional_pleiotropy	91	PlantMR	environment_slope	-0.05420909628629633	0.020738130052451696	0.008949378136954575		0.7144674328517493	
constant_effect_directional_pleiotropy	91	summary_MR_GxE	causal_effect	0.5313364585483752	0.043246770898004695	1.0750085213586321e-34	0.5	0.037474394649052334	
constant_effect_directional_pleiotropy	92	PlantMR	environment_slope	-0.0412169347295982	0.02178517216072577	0.05849471774894455		0.6661958830290357	
constant_effect_directional_pleiotropy	92	summary_MR_GxE	causal_effect	0.5104179535713979	0.04545058970288586	2.89912644958252e-29	0.5	0.03191441642806714	
constant_effect_directional_pleiotropy	93	PlantMR	environment_slope	-0.09819268714189294	0.022264952281493496	1.0327959094006728e-05		0.703987284784156	
constant_effect_directional_pleiotropy	93	summary_MR_GxE	causal_effect	0.38357850570179475	0.04456825521409297	7.529837345891066e-18	0.5	0.057604952938915904	
constant_effect_directional_pleiotropy	94	PlantMR	environment_slope	-0.07436367156988949	0.022402751261932616	0.0009021141063599581		0.7279702259918192	
constant_effect_directional_pleiotropy	94	summary_MR_GxE	causal_effect	0.48453180988232725	0.042589377837719426	5.455101045614941e-30	0.5	0.04723638405700553	
constant_effect_directional_pleiotropy	95	PlantMR	environment_slope	-0.0832173127636428	0.023738238196042476	0.00045554003776284395		0.7184380504225281	
constant_effect_directional_pleiotropy	95	summary_MR_GxE	causal_effect	0.4223456585950581	0.04749286146760633	5.957513098897854e-19	0.5	0.053848948456436396	
constant_effect_directional_pleiotropy	96	PlantMR	environment_slope	-0.06151157321196543	0.023066295805732957	0.007659327449357767		0.6786291718076163	
constant_effect_directional_pleiotropy	96	summary_MR_GxE	causal_effect	0.4729506528330657	0.04603445346842176	9.244896777197601e-25	0.5	0.03677712403583319	
constant_effect_directional_pleiotropy	97	PlantMR	environment_slope	-0.07670908642869917	0.02204559767771787	0.0005022288315706926		0.764696675871048	
constant_effect_directional_pleiotropy	97	summary_MR_GxE	causal_effect	0.5038478918979263	0.04453962914833113	1.139942824673181e-29	0.5	0.04914088527749666	
constant_effect_directional_pleiotropy	98	PlantMR	environment_slope	-0.04366329928299906	0.022004317648336286	0.04722173899985875		0.6779013715870397	
constant_effect_directional_pleiotropy	98	summary_MR_GxE	causal_effect	0.5069206884061266	0.04443276830772828	3.782861067473255e-30	0.5	0.037111213972747026	
constant_effect_directional_pleiotropy	99	PlantMR	environment_slope	-0.06733272555528552	0.02231795934820276	0.0025531086139700446		0.7460552934185793	
constant_effect_directional_pleiotropy	99	summary_MR_GxE	causal_effect	0.5412715951470345	0.04435423481120981	2.9818316309323847e-34	0.5	0.035956135539044365	
constant_effect_directional_pleiotropy	100	PlantMR	environment_slope	-0.01091353368407355	0.02357076892581662	0.6433562272324713		0.718354851849962	
constant_effect_directional_pleiotropy	100	summary_MR_GxE	causal_effect	0.6541325293911652	0.04628275486325187	2.3645856035192458e-45	0.5	0.01746862047471276	
constant_effect_directional_pleiotropy	101	PlantMR	environment_slope	-0.07694965993292185	0.022976514735165477	0.000810870811031444		0.6994659433873084	
constant_effect_directional_pleiotropy	101	summary_MR_GxE	causal_effect	0.47350336709086427	0.04655588790457568	2.6812966055552713e-24	0.5	0.03640866559777434	
constant_effect_directional_pleiotropy	102	PlantMR	environment_slope	-0.07610766808842373	0.023000765601951342	0.0009365696103673892		0.7214706191664148	
constant_effect_directional_pleiotropy	102	summary_MR_GxE	causal_effect	0.4944500081801829	0.04751237296768005	2.3094093648771463e-25	0.5	0.035978280989309275	
constant_effect_directional_pleiotropy	103	PlantMR	environment_slope	-0.09942838058980397	0.021979829438222156	6.079102904026873e-06		0.7610223659239811	
constant_effect_directional_pleiotropy	103	summary_MR_GxE	causal_effect	0.46872409239460655	0.04419881097540587	2.8275798188980737e-26	0.5	0.048894927176634184	
constant_effect_directional_pleiotropy	104	PlantMR	environment_slope	-0.02662918880447096	0.02256837956435423	0.23802663450326922		0.7034773498295893	
constant_effect_directional_pleiotropy	104	summary_MR_GxE	causal_effect	0.6169405388797057	0.04562374129393214	1.1541697519259382e-41	0.5	0.01737509753156219	
constant_effect_directional_pleiotropy	105	PlantMR	environment_slope	-0.06980600809110243	0.021661054770377546	0.0012701044127776538		0.7060370480355768	
constant_effect_directional_pleiotropy	105	summary_MR_GxE	causal_effect	0.4916764159426952	0.04209751468852344	1.623154129301931e-31	0.5	0.03871720822701491	
constant_effect_directional_pleiotropy	106	PlantMR	environment_slope	-0.08995190912603529	0.02236448076027197	5.768450321998353e-05		0.7300998059094539	
constant_effect_directional_pleiotropy	106	summary_MR_GxE	causal_effect	0.42388140794379336	0.04481866298745865	3.1479503376364807e-21	0.5	0.05644645459869019	
constant_effect_directional_pleiotropy	107	PlantMR	environment_slope	-0.06137494437396174	0.022557343208424493	0.006511607222735333		0.7003941225171907	
constant_effect_directional_pleiotropy	107	summary_MR_GxE	causal_effect	0.5085332535694559	0.04460078981389027	4.091439198457389e-30	0.5	0.035182517533318025	
constant_effect_directional_pleiotropy	108	PlantMR	environment_slope	-0.08139574921983056	0.022374131545569668	0.00027482737334129793		0.7768618098591002	
constant_effect_directional_pleiotropy	108	summary_MR_GxE	causal_effect	0.5216746433431809	0.04449395286920917	9.532902520829568e-32	0.5	0.04467153815521846	
constant_effect_directional_pleiotropy	109	PlantMR	environment_slope	-0.07073984477962791	0.022405267851700245	0.0015924492212969054		0.6844402286603221	
constant_effect_directional_pleiotropy	109	summary_MR_GxE	causal_effect	0.46746306039425456	0.045269295586311625	5.360353867696269e-25	0.5	0.03607823856846598	
constant_effect_directional_pleiotropy	110	PlantMR	environment_slope	-0.07897179780597507	0.022287987347411158	0.0003952354638450483		0.7854772465992521	
constant_effect_directional_pleiotropy	110	summary_MR_GxE	causal_effect	0.5419945710919566	0.043877950594736884	4.732551646397316e-35	0.5	0.04426286646728039	
constant_effect_directional_pleiotropy	111	PlantMR	environment_slope	-0.075774146694075	0.02182096652422506	0.0005155610302269123		0.736778915891254	
constant_effect_directional_pleiotropy	111	summary_MR_GxE	causal_effect	0.4890219456227286	0.04286466798021576	3.791734311998051e-30	0.5	0.04770448419299406	
constant_effect_directional_pleiotropy	112	PlantMR	environment_slope	-0.09437569733871437	0.021486014202181276	1.1209351071718164e-05		0.7380293493998819	
constant_effect_directional_pleiotropy	112	summary_MR_GxE	causal_effect	0.45327371869470723	0.04353858929784991	2.212375633487856e-25	0.5	0.04983615056987434	
constant_effect_directional_pleiotropy	113	PlantMR	environment_slope	-0.0456656758261022	0.021275854827530544	0.0318441479144639		0.6956171848887239	
constant_effect_directional_pleiotropy	113	summary_MR_GxE	causal_effect	0.5322726563097374	0.04371719135570289	4.205211254942748e-34	0.5	0.03397222628653995	
constant_effect_directional_pleiotropy	114	PlantMR	environment_slope	-0.0692995371258624	0.022447044360405285	0.0020202066388966336		0.7390932509189277	
constant_effect_directional_pleiotropy	114	summary_MR_GxE	causal_effect	0.4897177868507748	0.0441372533919725	1.3215807567078664e-28	0.5	0.04933135875278	
constant_effect_directional_pleiotropy	115	PlantMR	environment_slope	-0.061723849051083524	0.022736138775952944	0.006631774800776325		0.6890763530573348	
constant_effect_directional_pleiotropy	115	summary_MR_GxE	causal_effect	0.4565665578200945	0.04588989581407248	2.54285014931506e-23	0.5	0.045259119755021504	
constant_effect_directional_pleiotropy	116	PlantMR	environment_slope	-0.06786856805001995	0.02351855178553406	0.0039048709102835416		0.6827873439806416	
constant_effect_directional_pleiotropy	116	summary_MR_GxE	causal_effect	0.4601848502577274	0.04758856745724469	4.0409562915137904e-22	0.5	0.0392993457888742	
constant_effect_directional_pleiotropy	117	PlantMR	environment_slope	-0.07356288195857708	0.022362632934239186	0.0010034959497565038		0.7707202721964542	
constant_effect_directional_pleiotropy	117	summary_MR_GxE	causal_effect	0.5503436143229876	0.04372500911315279	2.5062601939942323e-36	0.5	0.03839493569727387	
constant_effect_directional_pleiotropy	118	PlantMR	environment_slope	-0.04899372893522291	0.02200551902676422	0.025985450025727982		0.6942477005975393	
constant_effect_directional_pleiotropy	118	summary_MR_GxE	causal_effect	0.5215394518830522	0.046600672474599585	4.4790563206086796e-29	0.5	0.0323183294985156	
constant_effect_directional_pleiotropy	119	PlantMR	environment_slope	-0.09723437174481447	0.021710807704776944	7.5128525333549205e-06		0.770404265299518	
constant_effect_directional_pleiotropy	119	summary_MR_GxE	causal_effect	0.47675335614151504	0.0430575885947815	1.7065382528939483e-28	0.5	0.05236738950806241	
constant_effect_directional_pleiotropy	120	PlantMR	environment_slope	-0.06380888166855492	0.0223999089320932	0.004390896386714793		0.757340516423141	
constant_effect_directional_pleiotropy	120	summary_MR_GxE	causal_effect	0.5431264478218992	0.0447832591085204	7.516098439302805e-34	0.5	0.0398457938861424	
constant_effect_directional_pleiotropy	121	PlantMR	environment_slope	-0.05888916384317866	0.021396465509888895	0.005918105330456291		0.7159025663993362	
constant_effect_directional_pleiotropy	121	summary_MR_GxE	causal_effect	0.5150374014344944	0.042908241905291536	3.417052324404069e-33	0.5	0.04063518362475932	
constant_effect_directional_pleiotropy	122	PlantMR	environment_slope	-0.0678881958581658	0.022563702415467277	0.002623380325626433		0.6169279672637802	
constant_effect_directional_pleiotropy	122	summary_MR_GxE	causal_effect	0.4030923403923884	0.046488887762540725	4.293792832612607e-18	0.5	0.037805938713828646	
constant_effect_directional_pleiotropy	123	PlantMR	environment_slope	-0.0839251272801112	0.02306148554834367	0.00027349697257130433		0.7390514907066684	
constant_effect_directional_pleiotropy	123	summary_MR_GxE	causal_effect	0.4859537245838055	0.04645463142485608	1.307138824429834e-25	0.5	0.04088599962657746	
constant_effect_directional_pleiotropy	124	PlantMR	environment_slope	-0.053360048773192115	0.022177730082021105	0.016127408368014136		0.681090822431765	
constant_effect_directional_pleiotropy	124	summary_MR_GxE	causal_effect	0.5009376721582977	0.04616682841214511	1.9812594944230452e-27	0.5	0.033854486676295814	
constant_effect_directional_pleiotropy	125	PlantMR	environment_slope	-0.03942885165842108	0.02258641201687639	0.08086500253112787		0.6798502865945631	
constant_effect_directional_pleiotropy	125	summary_MR_GxE	causal_effect	0.5472469932359365	0.04637522703773104	3.883844575044834e-32	0.5	0.023795465960651407	
constant_effect_directional_pleiotropy	126	PlantMR	environment_slope	-0.0376946721878047	0.022872122462751724	0.09933998230661684		0.6914298445229101	
constant_effect_directional_pleiotropy	126	summary_MR_GxE	causal_effect	0.5795247387310815	0.04749994666041865	3.0879024265703874e-34	0.5	0.018480392202795626	
constant_effect_directional_pleiotropy	127	PlantMR	environment_slope	-0.05585194812866501	0.022698282041916172	0.013869545464035708		0.7097135999051659	
constant_effect_directional_pleiotropy	127	summary_MR_GxE	causal_effect	0.507317964824034	0.04595784572593018	2.484177129357132e-28	0.5	0.040045783375679045	
constant_effect_directional_pleiotropy	128	PlantMR	environment_slope	-0.03251077488751841	0.02175423136366252	0.1350560742617801		0.679695108018777	
constant_effect_directional_pleiotropy	128	summary_MR_GxE	causal_effect	0.5742861452985082	0.043211794900259004	2.644644128437335e-40	0.5	0.020291314494376156	
constant_effect_directional_pleiotropy	129	PlantMR	environment_slope	-0.10658953273475419	0.022801912915844606	2.9454531127873084e-06		0.7817819471409069	
constant_effect_directional_pleiotropy	129	summary_MR_GxE	causal_effect	0.44924945934509797	0.045792751215338205	1.0147171619181649e-22	0.5	0.055950824381987396	
constant_effect_directional_pleiotropy	130	PlantMR	environment_slope	-0.035382627381497334	0.02203750418511525	0.1083697006172508		0.7200565175075403	
constant_effect_directional_pleiotropy	130	summary_MR_GxE	causal_effect	0.58601962819585	0.04460959563582062	2.030785312581574e-39	0.5	0.028526973617815088	
constant_effect_directional_pleiotropy	131	PlantMR	environment_slope	-0.05190365789669249	0.022755469765552327	0.022552526338132588		0.7464879301420685	
constant_effect_directional_pleiotropy	131	summary_MR_GxE	causal_effect	0.5371184772783086	0.04626598984956778	3.6937494668417283e-31	0.5	0.04310843022393546	
constant_effect_directional_pleiotropy	132	PlantMR	environment_slope	-0.053000837620614305	0.022910801457911807	0.020703079870770764		0.7325737646730279	
constant_effect_directional_pleiotropy	132	summary_MR_GxE	causal_effect	0.5534392604407672	0.04697473371416926	4.854108668417462e-32	0.5	0.03277186522636949	
constant_effect_directional_pleiotropy	133	PlantMR	environment_slope	-0.06757802455180006	0.022548451355739525	0.002726381859247407		0.733672793973715	
constant_effect_directional_pleiotropy	133	summary_MR_GxE	causal_effect	0.4952204239794885	0.043950064497522534	1.8924476578965047e-29	0.5	0.046064030837554726	
constant_effect_directional_pleiotropy	134	PlantMR	environment_slope	-0.07184043444812749	0.021262807135304203	0.0007283207729313771		0.6842288884755091	
constant_effect_directional_pleiotropy	134	summary_MR_GxE	causal_effect	0.46734882914514353	0.04239025876524378	2.898051033938452e-28	0.5	0.03912359334110255	
constant_effect_directional_pleiotropy	135	PlantMR	environment_slope	-0.06404053799825071	0.021722009913518383	0.003196440855221733		0.6925624143423668	
constant_effect_directional_pleiotropy	135	summary_MR_GxE	causal_effect	0.47205595645759224	0.04487019781278484	6.951953830070505e-26	0.5	0.041728646307467865	
constant_effect_directional_pleiotropy	136	PlantMR	environment_slope	-0.061796122730744585	0.021890830934069593	0.004758804953525972		0.7090877074024002	
constant_effect_directional_pleiotropy	136	summary_MR_GxE	causal_effect	0.513704427827397	0.04351801699448129	3.7038856926492235e-32	0.5	0.03546586293914361	
constant_effect_directional_pleiotropy	137	PlantMR	environment_slope	-0.0802714982730196	0.021596490983419113	0.00020170066384150775		0.7766075791823825	
constant_effect_directional_pleiotropy	137	summary_MR_GxE	causal_effect	0.5307351027124927	0.04529209089704192	1.0301281096986333e-31	0.5	0.042506973111530455	
constant_effect_directional_pleiotropy	138	PlantMR	environment_slope	-0.025577782918007053	0.02205127972516773	0.24608022424145004		0.6428206143599269	
constant_effect_directional_pleiotropy	138	summary_MR_GxE	causal_effect	0.5301643479502033	0.04509037108031473	6.437701939015656e-32	0.5	0.025789358275758012	
constant_effect_directional_pleiotropy	139	PlantMR	environment_slope	-0.05994024773073947	0.02226088524979464	0.007089165386423144		0.6915301058940367	
constant_effect_directional_pleiotropy	139	summary_MR_GxE	causal_effect	0.4901878265954829	0.04346633541218907	1.6966160941190625e-29	0.5	0.03863958610510876	
constant_effect_directional_pleiotropy	140	PlantMR	environment_slope	-0.10950483393968719	0.02199757770079504	6.423119943982587e-07		0.7539748890117534	
constant_effect_directional_pleiotropy	140	summary_MR_GxE	causal_effect	0.3872753707359713	0.043990127815216926	1.3239183253619576e-18	0.5	0.06954123511674343	
constant_effect_directional_pleiotropy	141	PlantMR	environment_slope	-0.029658110299961904	0.022360697463998238	0.18472380385249287		0.659495819750321	
constant_effect_directional_pleiotropy	141	summary_MR_GxE	causal_effect	0.539090031667738	0.04348774933058766	2.7344792799937973e-35	0.5	0.02704464384338634	
constant_effect_directional_pleiotropy	142	PlantMR	environment_slope	-0.02608154255604167	0.022855131510747754	0.2538000573761694		0.6530940505317946	
constant_effect_directional_pleiotropy	142	summary_MR_GxE	causal_effect	0.548718784428067	0.04481137594494783	1.785058432669545e-34	0.5	0.02316368434252658	
constant_effect_directional_pleiotropy	143	PlantMR	environment_slope	-0.02303415502089512	0.02187022394369871	0.2922402211386857		0.5827536887826414	
constant_effect_directional_pleiotropy	143	summary_MR_GxE	causal_effect	0.5052415729305438	0.04495128024871447	2.6009034921999135e-29	0.5	0.015777865474053826	
constant_effect_directional_pleiotropy	144	PlantMR	environment_slope	-0.09380311409360131	0.022349059457682913	2.7025439446022556e-05		0.7664296430564327	
constant_effect_directional_pleiotropy	144	summary_MR_GxE	causal_effect	0.46409884234707843	0.04406972714855615	6.216229275489855e-26	0.5	0.0549728861460797	
constant_effect_directional_pleiotropy	145	PlantMR	environment_slope	-0.037744834629888535	0.022383950290916735	0.09174853051657532		0.6555990186439269	
constant_effect_directional_pleiotropy	145	summary_MR_GxE	causal_effect	0.5356518628937362	0.045783571375608956	1.2797689567100026e-31	0.5	0.02039880647718506	
constant_effect_directional_pleiotropy	146	PlantMR	environment_slope	-0.04869682138612286	0.022545128237055994	0.030774920807292286		0.6715161698273765	
constant_effect_directional_pleiotropy	146	summary_MR_GxE	causal_effect	0.48036602761299474	0.04499972020399229	1.3344850498528905e-26	0.5	0.04161073166139151	
constant_effect_directional_pleiotropy	147	PlantMR	environment_slope	-0.05525539838443366	0.022117708689116014	0.012481080481012072		0.6816267489651554	
constant_effect_directional_pleiotropy	147	summary_MR_GxE	causal_effect	0.48226385698944774	0.04422508619845132	1.0938408552831241e-27	0.5	0.03868186869205836	
constant_effect_directional_pleiotropy	148	PlantMR	environment_slope	-0.08666202982768695	0.02232795146657082	0.00010388901843848329		0.7713394280652709	
constant_effect_directional_pleiotropy	148	summary_MR_GxE	causal_effect	0.5210351065078527	0.045514452322920555	2.415096696340287e-30	0.5	0.04115568573055062	
constant_effect_directional_pleiotropy	149	PlantMR	environment_slope	-0.08708038877326668	0.02271837271928674	0.00012657032821623298		0.7859984379011572	
constant_effect_directional_pleiotropy	149	summary_MR_GxE	causal_effect	0.4986448881548391	0.044357934630105234	2.553270549769396e-29	0.5	0.052891935417800184	
constant_effect_directional_pleiotropy	150	PlantMR	environment_slope	-0.061312566166812854	0.02455902241734981	0.012541174914160421		0.6951904340257498	
constant_effect_directional_pleiotropy	150	summary_MR_GxE	causal_effect	0.5080599742968508	0.049430039872423864	8.821160262500988e-25	0.5	0.03011582761798831	
constant_effect_directional_pleiotropy	151	PlantMR	environment_slope	-0.040659520867252774	0.022598411439140015	0.07198383771741686		0.6755981117329519	
constant_effect_directional_pleiotropy	151	summary_MR_GxE	causal_effect	0.5475689022304738	0.046022607080489296	1.2147259362225788e-32	0.5	0.023865238619168172	
constant_effect_directional_pleiotropy	152	PlantMR	environment_slope	-0.06501909184647381	0.02195224030073286	0.003058035549145302		0.7104310314622119	
constant_effect_directional_pleiotropy	152	summary_MR_GxE	causal_effect	0.5151065492192002	0.04423134746755134	2.4123299446812185e-31	0.5	0.03461363931273781	
constant_effect_directional_pleiotropy	153	PlantMR	environment_slope	-0.0591630861340402	0.02181902475790767	0.00669721291692637		0.7189657144483099	
constant_effect_directional_pleiotropy	153	summary_MR_GxE	causal_effect	0.517897321166862	0.04406184613758631	6.745514858962224e-32	0.5	0.039393750266735084	
constant_effect_directional_pleiotropy	154	PlantMR	environment_slope	-0.06323058398081932	0.02122065849573004	0.0028855797677063695		0.6380320255042907	
constant_effect_directional_pleiotropy	154	summary_MR_GxE	causal_effect	0.4378339211557939	0.04240654769647243	5.4501750124555505e-25	0.5	0.037552387329099074	
constant_effect_directional_pleiotropy	155	PlantMR	environment_slope	-0.06322875939165229	0.02122634778869042	0.002893922921827669		0.7177745472845064	
constant_effect_directional_pleiotropy	155	summary_MR_GxE	causal_effect	0.5008813746802678	0.04405031615019195	5.854008105361807e-30	0.5	0.043789377220585235	
constant_effect_directional_pleiotropy	156	PlantMR	environment_slope	-0.11272276093086325	0.023532501972714826	1.6670798680418484e-06		0.8392924863322224	
constant_effect_directional_pleiotropy	156	summary_MR_GxE	causal_effect	0.4978473555629159	0.04749738865816353	1.0498266869800916e-25	0.5	0.05397772580723881	
constant_effect_directional_pleiotropy	157	PlantMR	environment_slope	-0.0809989458924214	0.022027455485191652	0.00023582549709266136		0.6812985692851942	
constant_effect_directional_pleiotropy	157	summary_MR_GxE	causal_effect	0.40548491929644204	0.0436381575472329	1.5144334371367283e-20	0.5	0.0522633075104251	
constant_effect_directional_pleiotropy	158	PlantMR	environment_slope	-0.1030930726408717	0.022195744326493978	3.405339005687445e-06		0.780249759030162	
constant_effect_directional_pleiotropy	158	summary_MR_GxE	causal_effect	0.4413368753515279	0.04479236418111689	6.656181433465372e-23	0.5	0.06284664160548348	
constant_effect_directional_pleiotropy	159	PlantMR	environment_slope	-0.044205972729768284	0.021399929596954977	0.03885620531734485		0.6768242107818945	
constant_effect_directional_pleiotropy	159	summary_MR_GxE	causal_effect	0.5277272012065738	0.04488812890107242	6.539059149048552e-32	0.5	0.028461517693567473	
constant_effect_directional_pleiotropy	160	PlantMR	environment_slope	-0.09482488998494049	0.023248074385432787	4.526336488439702e-05		0.7590423344848594	
constant_effect_directional_pleiotropy	160	summary_MR_GxE	causal_effect	0.45794920770807745	0.04556482794534726	9.140441757429676e-24	0.5	0.05279079263314468	
constant_effect_directional_pleiotropy	161	PlantMR	environment_slope	-0.06459660342150952	0.021861879470227573	0.0031291253189093303		0.7149332592975393	
constant_effect_directional_pleiotropy	161	summary_MR_GxE	causal_effect	0.490116914456021	0.04359405838404891	2.514380742096062e-29	0.5	0.04487371113187005	
constant_effect_directional_pleiotropy	162	PlantMR	environment_slope	-0.07106925837686495	0.022197213209421512	0.0013660978072263658		0.7917255000720395	
constant_effect_directional_pleiotropy	162	summary_MR_GxE	causal_effect	0.5713079370532438	0.04365985167088777	3.9889587270908345e-39	0.5	0.04004766833079243	
constant_effect_directional_pleiotropy	163	PlantMR	environment_slope	-0.08760565153629862	0.022065003734039714	7.176898466455379e-05		0.7959297666887727	
constant_effect_directional_pleiotropy	163	summary_MR_GxE	causal_effect	0.532978432183558	0.04424446066505723	2.030540000122599e-33	0.5	0.045503260303312365	
constant_effect_directional_pleiotropy	164	PlantMR	environment_slope	-0.012871805299684957	0.021287400534108138	0.5453997582516577		0.6080347629470693	
constant_effect_directional_pleiotropy	164	summary_MR_GxE	causal_effect	0.5468196288861807	0.04491354716745865	4.227178613197277e-34	0.5	0.015861752004079688	
constant_effect_directional_pleiotropy	165	PlantMR	environment_slope	-0.05123756047683947	0.021637563124295902	0.017884958146007775		0.699772303100879	
constant_effect_directional_pleiotropy	165	summary_MR_GxE	causal_effect	0.5229181608266406	0.044032211213641745	1.580958307957661e-32	0.5	0.03408096901416052	
constant_effect_directional_pleiotropy	166	PlantMR	environment_slope	-0.07564975525672563	0.021582152472657035	0.00045626483424468506		0.6473402979462294	
constant_effect_directional_pleiotropy	166	summary_MR_GxE	causal_effect	0.4076786718175812	0.04451100182967359	5.235421516269677e-20	0.5	0.042993311332615775	
constant_effect_directional_pleiotropy	167	PlantMR	environment_slope	-0.06444319751549915	0.020187120672280137	0.0014114823130043784		0.6886543889691443	
constant_effect_directional_pleiotropy	167	summary_MR_GxE	causal_effect	0.4737470455567835	0.04159261761619667	4.680678281764737e-30	0.5	0.04279979413505258	
constant_effect_directional_pleiotropy	168	PlantMR	environment_slope	-0.033010304323079886	0.021132854314354143	0.11827922849051495		0.6945567146081504	
constant_effect_directional_pleiotropy	168	summary_MR_GxE	causal_effect	0.5730355569116248	0.04350172282019898	1.2599350544106518e-39	0.5	0.02575433294175722	
constant_effect_directional_pleiotropy	169	PlantMR	environment_slope	-0.07146814682245844	0.023030828272386332	0.001914716651204866		0.6914458417424819	
constant_effect_directional_pleiotropy	169	summary_MR_GxE	causal_effect	0.44460811969508507	0.0458126327975591	2.872903218715821e-22	0.5	0.04623274003497044	
constant_effect_directional_pleiotropy	170	PlantMR	environment_slope	-0.04283284317977265	0.021917104549031754	0.05066442356300919		0.6946323105375515	
constant_effect_directional_pleiotropy	170	summary_MR_GxE	causal_effect	0.5155399568829313	0.04333382974537326	1.2276716303950944e-32	0.5	0.040233046252773574	
constant_effect_directional_pleiotropy	171	PlantMR	environment_slope	-0.016369408674078156	0.02149531631448555	0.4463383328707158		0.6301411957355965	
constant_effect_directional_pleiotropy	171	summary_MR_GxE	causal_effect	0.5478367769566658	0.04313801647360784	5.941117036228935e-37	0.5	0.021054673608085994	
constant_effect_directional_pleiotropy	172	PlantMR	environment_slope	-0.07012280443517194	0.02271652077322105	0.002022802919656782		0.7499611965378792	
constant_effect_directional_pleiotropy	172	summary_MR_GxE	causal_effect	0.4935355292074637	0.04733145768763713	1.8625776715817326e-25	0.5	0.048623325647752846	
constant_effect_directional_pleiotropy	173	PlantMR	environment_slope	-0.07293297153411482	0.021582779269632455	0.0007269166317996362		0.676281262693129	
constant_effect_directional_pleiotropy	173	summary_MR_GxE	causal_effect	0.45027155345720304	0.04347619142731878	3.9003468401009046e-25	0.5	0.04053861992412988	
constant_effect_directional_pleiotropy	174	PlantMR	environment_slope	-0.10266248181075549	0.022008021788531708	3.0895408665339374e-06		0.7659930614901703	
constant_effect_directional_pleiotropy	174	summary_MR_GxE	causal_effect	0.44137773444975736	0.04421977109708275	1.837488947767429e-23	0.5	0.05774643808499874	
constant_effect_directional_pleiotropy	175	PlantMR	environment_slope	-0.04654744413489026	0.023027504898488968	0.04323996602101367		0.6822554431281191	
constant_effect_directional_pleiotropy	175	summary_MR_GxE	causal_effect	0.5206657964555479	0.04584713390514756	6.879955833513793e-30	0.5	0.03126723994377528	
constant_effect_directional_pleiotropy	176	PlantMR	environment_slope	-0.0745644036730349	0.022574329130186126	0.0009563531699606267		0.7538929803588561	
constant_effect_directional_pleiotropy	176	summary_MR_GxE	causal_effect	0.5142844309368347	0.0449460719085082	2.5711350882358276e-30	0.5	0.043178664025235125	
constant_effect_directional_pleiotropy	177	PlantMR	environment_slope	-0.10198761432454373	0.02276130604818777	7.4382846834384785e-06		0.7430909184413848	
constant_effect_directional_pleiotropy	177	summary_MR_GxE	causal_effect	0.4089180183861596	0.04514190323511417	1.3225436321348382e-19	0.5	0.061163099362224194	
constant_effect_directional_pleiotropy	178	PlantMR	environment_slope	-0.024466161440509115	0.02237458679029454	0.27418313931671034		0.6155466406103126	
constant_effect_directional_pleiotropy	178	summary_MR_GxE	causal_effect	0.5258274822629553	0.04605144289247254	3.3894075603376875e-30	0.5	0.01863176501224212	
constant_effect_directional_pleiotropy	179	PlantMR	environment_slope	-0.07138590027841896	0.023289477019214862	0.0021755586154656417		0.7190627314169061	
constant_effect_directional_pleiotropy	179	summary_MR_GxE	causal_effect	0.48876653299986206	0.047967162701082706	2.20654577149213e-24	0.5	0.03941327334019917	
constant_effect_directional_pleiotropy	180	PlantMR	environment_slope	-0.06772194599062031	0.02202832694264605	0.002109887772792317		0.6802055686588242	
constant_effect_directional_pleiotropy	180	summary_MR_GxE	causal_effect	0.44673395213563083	0.04438393233313257	7.87128006187565e-24	0.5	0.04535746408024971	
constant_effect_directional_pleiotropy	181	PlantMR	environment_slope	-0.05374419678846237	0.022677959600326293	0.017793532850832367		0.690423767629423	
constant_effect_directional_pleiotropy	181	summary_MR_GxE	causal_effect	0.5185460008996664	0.04443182344850826	1.8014999722759031e-31	0.5	0.032206242432096965	
constant_effect_directional_pleiotropy	182	PlantMR	environment_slope	-0.10842133481617344	0.02269808121607839	1.7821832963271618e-06		0.8088108234563002	
constant_effect_directional_pleiotropy	182	summary_MR_GxE	causal_effect	0.46391611090594975	0.045598325776444217	2.5912030589893595e-24	0.5	0.06137031511409313	
constant_effect_directional_pleiotropy	183	PlantMR	environment_slope	-0.06947588440429625	0.0219250744255746	0.0015307668684697152		0.743446867459678	
constant_effect_directional_pleiotropy	183	summary_MR_GxE	causal_effect	0.4959034378011973	0.044150925201687764	2.8395884288338104e-29	0.5	0.05017637340790465	
constant_effect_directional_pleiotropy	184	PlantMR	environment_slope	-0.07757844560562355	0.022148417790724975	0.0004606316846984735		0.7778341444209994	
constant_effect_directional_pleiotropy	184	summary_MR_GxE	causal_effect	0.5312813743227534	0.044119572073529914	2.140935220788586e-33	0.5	0.044354246581688295	
constant_effect_directional_pleiotropy	185	PlantMR	environment_slope	-0.039350277503630626	0.022339666584912578	0.07816172511703001		0.6468886644001929	
constant_effect_directional_pleiotropy	185	summary_MR_GxE	causal_effect	0.5171966667513015	0.04543183050728824	5.023228814312499e-30	0.5	0.02535873644872666	
constant_effect_directional_pleiotropy	186	PlantMR	environment_slope	-0.07160287653475317	0.021755859600585348	0.0009976109955328622		0.7692399442172794	
constant_effect_directional_pleiotropy	186	summary_MR_GxE	causal_effect	0.5225034655608218	0.04497381441996073	3.3406117046298355e-31	0.5	0.04721286427040272	
constant_effect_directional_pleiotropy	187	PlantMR	environment_slope	-0.07240229465228543	0.0238876189377094	0.002437816924443025		0.7400626326553719	
constant_effect_directional_pleiotropy	187	summary_MR_GxE	causal_effect	0.49089492516600775	0.048441663483985355	3.914112955040364e-24	0.5	0.04366286491355109	
constant_effect_directional_pleiotropy	188	PlantMR	environment_slope	-0.04176092400376996	0.022776854929412896	0.0667311156032514		0.7441133249166394	
constant_effect_directional_pleiotropy	188	summary_MR_GxE	causal_effect	0.5818137138751285	0.04607553247694933	1.4914363833759326e-36	0.5	0.0343057536829211	
constant_effect_directional_pleiotropy	189	PlantMR	environment_slope	-0.06518588946305148	0.022632319300995567	0.003974071887982004		0.7388428074622744	
constant_effect_directional_pleiotropy	189	summary_MR_GxE	causal_effect	0.5161686918801919	0.04296919024016184	3.0535739977403032e-33	0.5	0.04305629428896646	
constant_effect_directional_pleiotropy	190	PlantMR	environment_slope	-0.041123348072865884	0.021674207419395682	0.05778303412108661		0.6919281355941459	
constant_effect_directional_pleiotropy	190	summary_MR_GxE	causal_effect	0.5359021623364316	0.042743297773836994	4.64341520067243e-36	0.5	0.03398493964694094	
constant_effect_directional_pleiotropy	191	PlantMR	environment_slope	-0.03844096389548013	0.02223016374799501	0.08376876130822843		0.732814018377142	
constant_effect_directional_pleiotropy	191	summary_MR_GxE	causal_effect	0.5931233890889623	0.04431541980343402	7.48677627934695e-41	0.5	0.02813133710791127	
constant_effect_directional_pleiotropy	192	PlantMR	environment_slope	-0.04004533657683518	0.022762262613798014	0.07852889384201032		0.6824776836768274	
constant_effect_directional_pleiotropy	192	summary_MR_GxE	causal_effect	0.5411245947366358	0.04571570671743428	2.5208364140449947e-32	0.5	0.027715455650155596	
constant_effect_directional_pleiotropy	193	PlantMR	environment_slope	-0.05641335658433988	0.02278380775705805	0.01328529851097431		0.7024149727115047	
constant_effect_directional_pleiotropy	193	summary_MR_GxE	causal_effect	0.5300952210003241	0.046217177626738576	1.87398438273016e-30	0.5	0.03020069680172205	
constant_effect_directional_pleiotropy	194	PlantMR	environment_slope	-0.03468301963474296	0.021789276365221426	0.11144151829680116		0.6845245286746892	
constant_effect_directional_pleiotropy	194	summary_MR_GxE	causal_effect	0.557522095820499	0.045126014990992835	4.589964282442189e-35	0.5	0.0254418807423879	
constant_effect_directional_pleiotropy	195	PlantMR	environment_slope	-0.09704971918948008	0.023292457077638867	3.0921311315065684e-05		0.8002604782762271	
constant_effect_directional_pleiotropy	195	summary_MR_GxE	causal_effect	0.48826782455817974	0.04547825857101458	6.87511154923085e-27	0.5	0.05600777538091212	
constant_effect_directional_pleiotropy	196	PlantMR	environment_slope	-0.05835982494048281	0.02273212273659956	0.010249849624445449		0.6696824641920145	
constant_effect_directional_pleiotropy	196	summary_MR_GxE	causal_effect	0.47903160852233684	0.04659103555927344	8.527650397208838e-25	0.5	0.03351059846005877	
constant_effect_directional_pleiotropy	197	PlantMR	environment_slope	-0.039460595533650444	0.023958104678850314	0.09954434434341439		0.7365039902770656	
constant_effect_directional_pleiotropy	197	summary_MR_GxE	causal_effect	0.591276909560967	0.04834862773233892	2.164107601171655e-34	0.5	0.02715305947481622	
constant_effect_directional_pleiotropy	198	PlantMR	environment_slope	-0.03259411580854926	0.021765123859096215	0.134253137381549		0.6520205764838237	
constant_effect_directional_pleiotropy	198	summary_MR_GxE	causal_effect	0.5380740853780684	0.043358870696980266	2.3128482302119947e-35	0.5	0.02398640868184526	
constant_effect_directional_pleiotropy	199	PlantMR	environment_slope	-0.06400644694338598	0.022640063333964417	0.004696696715451108		0.7331642190624996	
constant_effect_directional_pleiotropy	199	summary_MR_GxE	causal_effect	0.5086496167569867	0.0453413275052653	3.318311345973452e-29	0.5	0.04346670516867157	
constant_effect_directional_pleiotropy	200	PlantMR	environment_slope	-0.05102651461758834	0.022128409213510513	0.021114665340631996		0.6891950769600761	
constant_effect_directional_pleiotropy	200	summary_MR_GxE	causal_effect	0.5006454883467621	0.04448510483067698	2.2075193977548524e-29	0.5	0.038282741024668776	
constant_effect_directional_pleiotropy	201	PlantMR	environment_slope	-0.08218835866668855	0.022560919499368438	0.00026952856377506916		0.7255446307403586	
constant_effect_directional_pleiotropy	201	summary_MR_GxE	causal_effect	0.4433630576263169	0.0450064576928888	6.779871276347717e-23	0.5	0.053062956585594456	
constant_effect_directional_pleiotropy	202	PlantMR	environment_slope	-0.05060249410760986	0.022950158629169656	0.027462062596114507		0.6553008539947255	
constant_effect_directional_pleiotropy	202	summary_MR_GxE	causal_effect	0.49403126986485657	0.04600774002200459	6.74880875869064e-27	0.5	0.02864757423403194	
constant_effect_directional_pleiotropy	203	PlantMR	environment_slope	-0.09680670814195225	0.022854924205097625	2.2783611441934805e-05		0.7693334753807269	
constant_effect_directional_pleiotropy	203	summary_MR_GxE	causal_effect	0.4733440848473851	0.046997371989546136	7.368272816716032e-24	0.5	0.05004943826992242	
constant_effect_directional_pleiotropy	204	PlantMR	environment_slope	-0.01302809424462159	0.023396351597465302	0.577634712581358		0.6558064792976915	
constant_effect_directional_pleiotropy	204	summary_MR_GxE	causal_effect	0.5685492106359785	0.04866871229696943	1.574943996033123e-31	0.5	0.02265305618870117	
constant_effect_directional_pleiotropy	205	PlantMR	environment_slope	-0.10447325689982057	0.024525395167848588	2.0461070491863716e-05		0.7662827926478047	
constant_effect_directional_pleiotropy	205	summary_MR_GxE	causal_effect	0.45863717594436926	0.048608332643912594	3.896494051761709e-21	0.5	0.04879178148211799	
constant_effect_directional_pleiotropy	206	PlantMR	environment_slope	-0.03553220451268169	0.02186913074997388	0.10421258007247677		0.6523343715470569	
constant_effect_directional_pleiotropy	206	summary_MR_GxE	causal_effect	0.5030179601541048	0.04273454816200741	5.52270345444571e-32	0.5	0.03411117756715837	
constant_effect_directional_pleiotropy	207	PlantMR	environment_slope	-0.07427322288315458	0.022653144788175626	0.0010428061226280608		0.7534137388571258	
constant_effect_directional_pleiotropy	207	summary_MR_GxE	causal_effect	0.4888440774254965	0.04454412178951072	5.075335236108854e-28	0.5	0.05187040874901472	
constant_effect_directional_pleiotropy	208	PlantMR	environment_slope	-0.04689614844282619	0.02028728571978316	0.020799576846452433		0.7026935319543629	
constant_effect_directional_pleiotropy	208	summary_MR_GxE	causal_effect	0.5476354125761329	0.03959933854018768	1.6940875309398037e-43	0.5	0.03153641533813539	
constant_effect_directional_pleiotropy	209	PlantMR	environment_slope	-0.07941055388991036	0.02224639494290022	0.00035753761102967846		0.7359129577270536	
constant_effect_directional_pleiotropy	209	summary_MR_GxE	causal_effect	0.4774762984465969	0.04409869461595254	2.551693891891617e-27	0.5	0.047105090140006634	
constant_effect_directional_pleiotropy	210	PlantMR	environment_slope	-0.019076236281382497	0.022932839966448407	0.40550461210737543		0.6571198820292053	
constant_effect_directional_pleiotropy	210	summary_MR_GxE	causal_effect	0.5990781039637149	0.047726021842959904	3.8543880791617666e-36	0.5	0.01142051654295112	
constant_effect_directional_pleiotropy	211	PlantMR	environment_slope	-0.026674096179154005	0.022898062151992193	0.24405693510025872		0.6238065801043684	
constant_effect_directional_pleiotropy	211	summary_MR_GxE	causal_effect	0.5235494850945801	0.04657110210822886	2.5374709506796936e-29	0.5	0.020964606059803492	
constant_effect_directional_pleiotropy	212	PlantMR	environment_slope	-0.07671340994011044	0.023459596583425668	0.0010753890969152644		0.7713508124024466	
constant_effect_directional_pleiotropy	212	summary_MR_GxE	causal_effect	0.5044986649078792	0.046145729257562156	8.039534775233231e-28	0.5	0.04890372288485079	
constant_effect_directional_pleiotropy	213	PlantMR	environment_slope	-0.06557621507169409	0.022710063081669746	0.003882672605396709		0.7261769637606411	
constant_effect_directional_pleiotropy	213	summary_MR_GxE	causal_effect	0.5183042000183701	0.04615755587716762	2.9371223504940606e-29	0.5	0.036845074686520984	
constant_effect_directional_pleiotropy	214	PlantMR	environment_slope	-0.07919865433480461	0.022311029405093517	0.0003855920449606889		0.7334400616782183	
constant_effect_directional_pleiotropy	214	summary_MR_GxE	causal_effect	0.4683156411521673	0.04515454676411333	3.3460391567667455e-25	0.5	0.050213264259064694	
constant_effect_directional_pleiotropy	215	PlantMR	environment_slope	-0.05827440481067142	0.022692699567271303	0.010229297744901163		0.732569182607378	
constant_effect_directional_pleiotropy	215	summary_MR_GxE	causal_effect	0.5132471813166459	0.045794728713002865	3.743704881465107e-29	0.5	0.043111214200090564	
constant_effect_directional_pleiotropy	216	PlantMR	environment_slope	-0.0678848298463906	0.02182868359176515	0.001871563020049204		0.7566302207103105	
constant_effect_directional_pleiotropy	216	summary_MR_GxE	causal_effect	0.5224321920590225	0.04460169681682002	1.0897967237305986e-31	0.5	0.046239639686820044	
constant_effect_directional_pleiotropy	217	PlantMR	environment_slope	-0.1024009179282026	0.022418430234519438	4.9307843684222285e-06		0.799615007656937	
constant_effect_directional_pleiotropy	217	summary_MR_GxE	causal_effect	0.4907233812157663	0.04499031176407335	1.0635432827035766e-27	0.5	0.051811446601286226	
constant_effect_directional_pleiotropy	218	PlantMR	environment_slope	-0.08097918725077607	0.02216886187070816	0.00025936123245261635		0.7130999649131342	
constant_effect_directional_pleiotropy	218	summary_MR_GxE	causal_effect	0.4650580335574671	0.044066137406935865	4.886785105700061e-26	0.5	0.04339867273057074	
constant_effect_directional_pleiotropy	219	PlantMR	environment_slope	-0.0715797760347926	0.024835740977375422	0.003949996644040373		0.7448267946989556	
constant_effect_directional_pleiotropy	219	summary_MR_GxE	causal_effect	0.5180222457459771	0.04880934744594517	2.587966152544725e-26	0.5	0.037578804132989196	
constant_effect_directional_pleiotropy	220	PlantMR	environment_slope	-0.09324420123419003	0.022619072051354962	3.7499300595400304e-05		0.7469125460609842	
constant_effect_directional_pleiotropy	220	summary_MR_GxE	causal_effect	0.45489929783418925	0.043213713569875925	6.505201108255084e-26	0.5	0.05241826576468406	
constant_effect_directional_pleiotropy	221	PlantMR	environment_slope	-0.06649541251471586	0.021622483566541877	0.002102978010656252		0.6910566273269401	
constant_effect_directional_pleiotropy	221	summary_MR_GxE	causal_effect	0.46734591954041393	0.043465087160211135	5.7855941695497646e-27	0.5	0.04412418569418747	
constant_effect_directional_pleiotropy	222	PlantMR	environment_slope	-0.08293047190669445	0.022475147240401793	0.00022436474131005897		0.7346601098866556	
constant_effect_directional_pleiotropy	222	summary_MR_GxE	causal_effect	0.4576324958339536	0.04393129442188899	2.073819187919326e-25	0.5	0.05162456767253065	
constant_effect_directional_pleiotropy	223	PlantMR	environment_slope	-0.09292191719756565	0.021935741394122917	2.27439069217095e-05		0.7526751945512803	
constant_effect_directional_pleiotropy	223	summary_MR_GxE	causal_effect	0.4566560348166506	0.04320851199516433	4.164055376077627e-26	0.5	0.0545725482573281	
constant_effect_directional_pleiotropy	224	PlantMR	environment_slope	-0.052660283474483593	0.023288872195700194	0.023748242117227494		0.7232372286768105	
constant_effect_directional_pleiotropy	224	summary_MR_GxE	causal_effect	0.540403434209494	0.04584506267225739	4.522250870437568e-32	0.5	0.03454268235771463	
constant_effect_directional_pleiotropy	225	PlantMR	environment_slope	-0.06383116082935347	0.02303012042895594	0.005577499594155588		0.7555367624655512	
constant_effect_directional_pleiotropy	225	summary_MR_GxE	causal_effect	0.5737714594259972	0.04547060308179983	1.6694086497565117e-36	0.5	0.03034009472072635	
constant_effect_directional_pleiotropy	226	PlantMR	environment_slope	-0.09017169404974978	0.022273621965181813	5.157723866325481e-05		0.7147544301745344	
constant_effect_directional_pleiotropy	226	summary_MR_GxE	causal_effect	0.42601547908719684	0.045772923300287836	1.3130794219821522e-20	0.5	0.05143965159867109	
constant_effect_directional_pleiotropy	227	PlantMR	environment_slope	-0.06295603728909605	0.021470552056085185	0.003365656538779847		0.7105613803035452	
constant_effect_directional_pleiotropy	227	summary_MR_GxE	causal_effect	0.48516537416624506	0.04412505872749331	4.0286435445466224e-28	0.5	0.046079226655524164	
constant_effect_directional_pleiotropy	228	PlantMR	environment_slope	-0.08609100784050439	0.022786428795383958	0.000157984851377882		0.719999426467915	
constant_effect_directional_pleiotropy	228	summary_MR_GxE	causal_effect	0.41496646965100326	0.04680024205711658	7.530562373679368e-19	0.5	0.056046963674031	
constant_effect_directional_pleiotropy	229	PlantMR	environment_slope	-0.11844246875612274	0.02200595350033248	7.354331181236912e-08		0.7922792748660059	
constant_effect_directional_pleiotropy	229	summary_MR_GxE	causal_effect	0.4175747655097477	0.04386993975003452	1.757451100925076e-21	0.5	0.06689745257707752	
constant_effect_directional_pleiotropy	230	PlantMR	environment_slope	-0.036217204660830504	0.021958249409747582	0.0990725390928609		0.6810982005651419	
constant_effect_directional_pleiotropy	230	summary_MR_GxE	causal_effect	0.564934971100773	0.04433245108085101	3.4037949118931346e-37	0.5	0.021798516734960804	
constant_effect_directional_pleiotropy	231	PlantMR	environment_slope	-0.06075133033526231	0.022314825533311287	0.006479690692101528		0.7191639591886199	
constant_effect_directional_pleiotropy	231	summary_MR_GxE	causal_effect	0.5151408947479769	0.04408657634461694	1.5251662231493878e-31	0.5	0.03983622183705732	
constant_effect_directional_pleiotropy	232	PlantMR	environment_slope	-0.048616391598455155	0.02331358852329851	0.037039877268737344		0.7024430809253666	
constant_effect_directional_pleiotropy	232	summary_MR_GxE	causal_effect	0.5494528224895104	0.046982662089950354	1.3550653526620249e-31	0.5	0.02679719720716628	
constant_effect_directional_pleiotropy	233	PlantMR	environment_slope	-0.02975905927206024	0.02155815398218789	0.1674609006638051		0.6410000108062662	
constant_effect_directional_pleiotropy	233	summary_MR_GxE	causal_effect	0.5238474792405052	0.044242534447820905	2.4141811675493742e-32	0.5	0.02591124227115904	
constant_effect_directional_pleiotropy	234	PlantMR	environment_slope	-0.05893079842370508	0.021412643418832762	0.005920546441240521		0.7646003310455779	
constant_effect_directional_pleiotropy	234	summary_MR_GxE	causal_effect	0.5796046913407931	0.04341529770214701	1.1806618614429978e-40	0.5	0.03525041287443281	
constant_effect_directional_pleiotropy	235	PlantMR	environment_slope	-0.08290991054870023	0.02264788296330585	0.00025140554422382037		0.7156621335080164	
constant_effect_directional_pleiotropy	235	summary_MR_GxE	causal_effect	0.4786801119444397	0.045410678767508685	5.582087412530676e-26	0.5	0.038973347720700824	
constant_effect_directional_pleiotropy	236	PlantMR	environment_slope	-0.10106589783317288	0.022988666974761714	1.1009361190347541e-05		0.7585487164876767	
constant_effect_directional_pleiotropy	236	summary_MR_GxE	causal_effect	0.4317724790977936	0.045992205716372275	6.1179974056120656e-21	0.5	0.057899097240225406	
constant_effect_directional_pleiotropy	237	PlantMR	environment_slope	-0.04587607874932431	0.022050605955829385	0.03748055554779483		0.7316756556988571	
constant_effect_directional_pleiotropy	237	summary_MR_GxE	causal_effect	0.5625987898676961	0.04359455036290583	4.204213530495563e-38	0.5	0.035573027958095915	
constant_effect_directional_pleiotropy	238	PlantMR	environment_slope	-0.08708854062950477	0.02231465522125229	9.510557083598218e-05		0.7398637883513332	
constant_effect_directional_pleiotropy	238	summary_MR_GxE	causal_effect	0.4721419231133699	0.04484562643225732	6.40747867010009e-26	0.5	0.04618675452107285	
constant_effect_directional_pleiotropy	239	PlantMR	environment_slope	-0.015845443866539688	0.022349474368582697	0.4783337358398111		0.6162755880139317	
constant_effect_directional_pleiotropy	239	summary_MR_GxE	causal_effect	0.5487802241674866	0.04647797233434349	3.57790680666839e-32	0.5	0.014477865840671789	
constant_effect_directional_pleiotropy	240	PlantMR	environment_slope	-0.028115908187215988	0.02196284453157384	0.20048962085117175		0.682472330833378	
constant_effect_directional_pleiotropy	240	summary_MR_GxE	causal_effect	0.5653396789679855	0.044336948831879885	3.0783902586624463e-37	0.5	0.02557807105036275	
constant_effect_directional_pleiotropy	241	PlantMR	environment_slope	-0.037994037162705774	0.02237192967486825	0.08945293395576902		0.7131556746710709	
constant_effect_directional_pleiotropy	241	summary_MR_GxE	causal_effect	0.5841342861956206	0.04517037011835294	2.977569168203173e-38	0.5	0.025237796594483275	
constant_effect_directional_pleiotropy	242	PlantMR	environment_slope	-0.10063078319900398	0.022904085426263435	1.115024574545133e-05		0.8026014738133981	
constant_effect_directional_pleiotropy	242	summary_MR_GxE	causal_effect	0.49720825961111204	0.04544589757333201	7.365908861599073e-28	0.5	0.05093530576345717	
constant_effect_directional_pleiotropy	243	PlantMR	environment_slope	-0.06568463253521017	0.02185315457595033	0.0026494612374047266		0.6800634084744124	
constant_effect_directional_pleiotropy	243	summary_MR_GxE	causal_effect	0.47810324947701544	0.04430093665429643	3.748318301526779e-27	0.5	0.03615550924766142	
constant_effect_directional_pleiotropy	244	PlantMR	environment_slope	-0.0914667235781878	0.023011702579451176	7.04408904956534e-05		0.7382695970189961	
constant_effect_directional_pleiotropy	244	summary_MR_GxE	causal_effect	0.4185729539911005	0.046195227340657306	1.2931135357721138e-19	0.5	0.060923553976256484	
constant_effect_directional_pleiotropy	245	PlantMR	environment_slope	-0.08053568629418983	0.021822023668406083	0.00022375289278223526		0.7335471663320452	
constant_effect_directional_pleiotropy	245	summary_MR_GxE	causal_effect	0.4959257390643944	0.04406705790012532	2.2160319124379111e-29	0.5	0.04053531124515142	
constant_effect_directional_pleiotropy	246	PlantMR	environment_slope	-0.05863174937960819	0.022550014400756144	0.009320313884538453		0.7458595132410876	
constant_effect_directional_pleiotropy	246	summary_MR_GxE	causal_effect	0.5255697465735629	0.04546107959157569	6.504448342469525e-31	0.5	0.04438893935905286	
constant_effect_directional_pleiotropy	247	PlantMR	environment_slope	-0.09407183818061604	0.02216179677224899	2.188129883448621e-05		0.784325978532699	
constant_effect_directional_pleiotropy	247	summary_MR_GxE	causal_effect	0.47223384927815104	0.0460445554807713	1.1119656355953707e-24	0.5	0.05631321058663402	
constant_effect_directional_pleiotropy	248	PlantMR	environment_slope	-0.06614138152254606	0.022389886364624332	0.003136087803703497		0.7301472731491271	
constant_effect_directional_pleiotropy	248	summary_MR_GxE	causal_effect	0.4899534855666112	0.04621465396012071	2.926400147586644e-26	0.5	0.04677796945561452	
constant_effect_directional_pleiotropy	249	PlantMR	environment_slope	-0.05334978699546644	0.022234291779620156	0.016420295792085673		0.716377498415248	
constant_effect_directional_pleiotropy	249	summary_MR_GxE	causal_effect	0.5229468712957246	0.045802587600842916	3.422871332831113e-30	0.5	0.03886410944040647	
constant_effect_directional_pleiotropy	250	PlantMR	environment_slope	-0.08112352202873518	0.022705318752217298	0.00035306810353664004		0.7816889019960442	
constant_effect_directional_pleiotropy	250	summary_MR_GxE	causal_effect	0.5266124364895659	0.045592336201392	7.34267375599534e-31	0.5	0.044288802224573987	
constant_effect_directional_pleiotropy	251	PlantMR	environment_slope	-0.07724397630384683	0.02264420242550464	0.0006467686651667789		0.7393069907524868	
constant_effect_directional_pleiotropy	251	summary_MR_GxE	causal_effect	0.4981591207177206	0.0438972355380435	7.561619619093516e-30	0.5	0.04329093934548006	
constant_effect_directional_pleiotropy	252	PlantMR	environment_slope	-0.03771009488556937	0.022133705123915118	0.08842953560007297		0.6734771202850405	
constant_effect_directional_pleiotropy	252	summary_MR_GxE	causal_effect	0.5277125673226656	0.04543035927453599	3.423375129644081e-31	0.5	0.029728806751959935	
constant_effect_directional_pleiotropy	253	PlantMR	environment_slope	-0.06283949245676118	0.022125842096452006	0.004510010726711995		0.6814916069404308	
constant_effect_directional_pleiotropy	253	summary_MR_GxE	causal_effect	0.4598432096570888	0.042630502983599	3.977413901569671e-27	0.5	0.04472288245577993	
constant_effect_directional_pleiotropy	254	PlantMR	environment_slope	-0.05994311533547447	0.023121503382227116	0.009527377999026693		0.6630583904906336	
constant_effect_directional_pleiotropy	254	summary_MR_GxE	causal_effect	0.4660107883277895	0.04664517316026023	1.676542408731286e-23	0.5	0.035401610014440865	
constant_effect_directional_pleiotropy	255	PlantMR	environment_slope	-0.08402628539506335	0.022961123713288685	0.00025270555989563977		0.8112941023878433	
constant_effect_directional_pleiotropy	255	summary_MR_GxE	causal_effect	0.5416479455607346	0.046410496183012816	1.7971028482221153e-31	0.5	0.046115323886632364	
constant_effect_directional_pleiotropy	256	PlantMR	environment_slope	-0.03186504208644686	0.02154874685196309	0.1392092196332422		0.6641836221227475	
constant_effect_directional_pleiotropy	256	summary_MR_GxE	causal_effect	0.5618589189453882	0.04454016183751209	1.7531655294625607e-36	0.5	0.020205796839002976	
constant_effect_directional_pleiotropy	257	PlantMR	environment_slope	-0.08023240336612358	0.022234350835963188	0.00030798594672568573		0.7043103962179041	
constant_effect_directional_pleiotropy	257	summary_MR_GxE	causal_effect	0.45659355301160154	0.043261720370359295	4.856756559138693e-26	0.5	0.04515996592874155	
constant_effect_directional_pleiotropy	258	PlantMR	environment_slope	-0.07788643202431533	0.022762296365156153	0.0006222407462571853		0.7013984353043711	
constant_effect_directional_pleiotropy	258	summary_MR_GxE	causal_effect	0.47044720247333116	0.04527688787492267	2.7405937077563273e-25	0.5	0.03914429498850264	
constant_effect_directional_pleiotropy	259	PlantMR	environment_slope	-0.10353408092364136	0.023547242752791644	1.0982488667533224e-05		0.8140186211507484	
constant_effect_directional_pleiotropy	259	summary_MR_GxE	causal_effect	0.49443511906297455	0.046383171336837635	1.5694222449338772e-26	0.5	0.05497822226736587	
constant_effect_directional_pleiotropy	260	PlantMR	environment_slope	-0.06845820662615176	0.023548635904731878	0.003647981842615017		0.7320686149076894	
constant_effect_directional_pleiotropy	260	summary_MR_GxE	causal_effect	0.5154019065152068	0.046583619836780166	1.8750993465525203e-28	0.5	0.036587531819269326	
constant_effect_directional_pleiotropy	261	PlantMR	environment_slope	-0.06832101422471731	0.023158265971308035	0.003175905693447505		0.6651851870255162	
constant_effect_directional_pleiotropy	261	summary_MR_GxE	causal_effect	0.4256779662072139	0.04612125900850489	2.7179873631529205e-20	0.5	0.04458097177346457	
constant_effect_directional_pleiotropy	262	PlantMR	environment_slope	-0.09073072478575817	0.022033472790422243	3.824092474473332e-05		0.704528776687527	
constant_effect_directional_pleiotropy	262	summary_MR_GxE	causal_effect	0.42302323541387465	0.043367467875449595	1.7665788257848637e-22	0.5	0.0490494771360121	
constant_effect_directional_pleiotropy	263	PlantMR	environment_slope	-0.07794991301448534	0.022236380709437665	0.0004557289099184502		0.7147081484990178	
constant_effect_directional_pleiotropy	263	summary_MR_GxE	causal_effect	0.47730149735824534	0.04354506952039852	5.878594293650153e-28	0.5	0.041803083704140875	
constant_effect_directional_pleiotropy	264	PlantMR	environment_slope	-0.07198307671911774	0.022352542227797256	0.0012803283018903776		0.6922963119394158	
constant_effect_directional_pleiotropy	264	summary_MR_GxE	causal_effect	0.4535588355728909	0.04466870760225097	3.1858145549424756e-24	0.5	0.04355088726024839	
constant_effect_directional_pleiotropy	265	PlantMR	environment_slope	-0.10507766476664854	0.02146691352483494	9.837274361087107e-07		0.7968600314709006	
constant_effect_directional_pleiotropy	265	summary_MR_GxE	causal_effect	0.495009837857717	0.043444690859706994	4.478214887712253e-30	0.5	0.05080104738817476	
constant_effect_directional_pleiotropy	266	PlantMR	environment_slope	-0.03836872415416326	0.021896691337994573	0.07972889260143876		0.7438505128321508	
constant_effect_directional_pleiotropy	266	summary_MR_GxE	causal_effect	0.6150406180987246	0.044449929398181924	1.5306086073585301e-43	0.5	0.025504917447140008	
constant_effect_directional_pleiotropy	267	PlantMR	environment_slope	-0.07466897097324982	0.0220115101602448	0.0006931626691808798		0.7518603507816867	
constant_effect_directional_pleiotropy	267	summary_MR_GxE	causal_effect	0.520954207832519	0.04536121526102217	1.5771194896272242e-30	0.5	0.03995428608717949	
constant_effect_directional_pleiotropy	268	PlantMR	environment_slope	-0.025204118938521813	0.02236391387453502	0.2597427078140615		0.6567736692397982	
constant_effect_directional_pleiotropy	268	summary_MR_GxE	causal_effect	0.5617413757285492	0.04487900562940951	6.04251630822681e-36	0.5	0.020148807276969494	
constant_effect_directional_pleiotropy	269	PlantMR	environment_slope	-0.07169969228681972	0.023017011544841925	0.0018389882060158608		0.7407544442499072	
constant_effect_directional_pleiotropy	269	summary_MR_GxE	causal_effect	0.47651801176321684	0.04655865285667178	1.384960217373e-24	0.5	0.0513639933822046	
constant_effect_directional_pleiotropy	270	PlantMR	environment_slope	-0.05369986249621711	0.02183841361497721	0.013933877408578352		0.7069496107919825	
constant_effect_directional_pleiotropy	270	summary_MR_GxE	causal_effect	0.5331362428492848	0.043516744204405135	1.6534518732748199e-34	0.5	0.033275219465357164	
constant_effect_directional_pleiotropy	271	PlantMR	environment_slope	-0.07091785621924457	0.0221947897730329	0.001397107624865171		0.6884368101721536	
constant_effect_directional_pleiotropy	271	summary_MR_GxE	causal_effect	0.4559993052170357	0.0451343000157636	5.3487198629178705e-24	0.5	0.04271189792764818	
constant_effect_directional_pleiotropy	272	PlantMR	environment_slope	-0.039741128261126135	0.023108624455501006	0.08547733333004487		0.644899118265577	
constant_effect_directional_pleiotropy	272	summary_MR_GxE	causal_effect	0.5278252832447814	0.04692406627824042	2.355683478644265e-29	0.5	0.020708762595478408	
constant_effect_directional_pleiotropy	273	PlantMR	environment_slope	-0.03433703859723164	0.021732954403939516	0.11411771370622018		0.6589273367524239	
constant_effect_directional_pleiotropy	273	summary_MR_GxE	causal_effect	0.545762982859214	0.04527243464948898	1.8234746279847085e-33	0.5	0.021876803178807136	
constant_effect_directional_pleiotropy	274	PlantMR	environment_slope	-0.028532687577060067	0.021615861460642854	0.18683887252878426		0.6966206841966891	
constant_effect_directional_pleiotropy	274	summary_MR_GxE	causal_effect	0.58299862108274	0.04470206011928929	7.069801111262711e-39	0.5	0.0252341215960325	
constant_effect_directional_pleiotropy	275	PlantMR	environment_slope	-0.04147724263791308	0.021526604805552896	0.05400583075447269		0.7097300924631406	
constant_effect_directional_pleiotropy	275	summary_MR_GxE	causal_effect	0.5680022319624174	0.044009315239691316	4.1416859227708804e-38	0.5	0.028725848132847065	
constant_effect_directional_pleiotropy	276	PlantMR	environment_slope	-0.10376464947199432	0.021401761448052295	1.244510076727797e-06		0.6999341390113851	
constant_effect_directional_pleiotropy	276	summary_MR_GxE	causal_effect	0.36516001683499677	0.0432773491777146	3.237244158023633e-17	0.5	0.0611541069414277	
constant_effect_directional_pleiotropy	277	PlantMR	environment_slope	-0.05884928725552446	0.022713150592830307	0.009570344098690387		0.7501383516743969	
constant_effect_directional_pleiotropy	277	summary_MR_GxE	causal_effect	0.5582341441449132	0.04695692320494414	1.3628313321521954e-32	0.5	0.035249626640172504	
constant_effect_directional_pleiotropy	278	PlantMR	environment_slope	-0.09624147440432596	0.02271228997836023	2.2610460015193786e-05		0.7716008726749822	
constant_effect_directional_pleiotropy	278	summary_MR_GxE	causal_effect	0.48200023052495555	0.045828820467190404	7.1825117570537e-26	0.5	0.04920943588086524	
constant_effect_directional_pleiotropy	279	PlantMR	environment_slope	-0.09206845198107183	0.02277949144155718	5.3059317431062184e-05		0.7488307078079046	
constant_effect_directional_pleiotropy	279	summary_MR_GxE	causal_effect	0.45703014801740616	0.044727295355374695	1.644517799634728e-24	0.5	0.052076272195875684	
constant_effect_directional_pleiotropy	280	PlantMR	environment_slope	-0.055682089332550866	0.022396320084672496	0.012910957492270421		0.6714556333289737	
constant_effect_directional_pleiotropy	280	summary_MR_GxE	causal_effect	0.5183679389690979	0.04540495414674374	3.456848953967007e-30	0.5	0.02369773654340343	
constant_effect_directional_pleiotropy	281	PlantMR	environment_slope	-0.04054961476339225	0.02127407811483715	0.05664275434569992		0.715927051262165	
constant_effect_directional_pleiotropy	281	summary_MR_GxE	causal_effect	0.590276428790913	0.0453711568393463	1.0741399182456056e-38	0.5	0.022647465653390375	
constant_effect_directional_pleiotropy	282	PlantMR	environment_slope	-0.068100621280621	0.02216586868123656	0.002124025458902666		0.727794391804174	
constant_effect_directional_pleiotropy	282	summary_MR_GxE	causal_effect	0.48191713257402236	0.04390130622559609	4.914752564725912e-28	0.5	0.048654065529780466	
constant_effect_directional_pleiotropy	283	PlantMR	environment_slope	-0.057523028520080455	0.021882885941523874	0.008571785480234625		0.6899861713089064	
constant_effect_directional_pleiotropy	283	summary_MR_GxE	causal_effect	0.4893336015598675	0.04386109160572681	6.660621176995766e-29	0.5	0.040548138035613746	
constant_effect_directional_pleiotropy	284	PlantMR	environment_slope	-0.10301967569798581	0.02274950026989399	5.942162976390398e-06		0.7885230203461586	
constant_effect_directional_pleiotropy	284	summary_MR_GxE	causal_effect	0.48486753755338563	0.04545173642509942	1.4408045897117822e-26	0.5	0.05001429174502092	
constant_effect_directional_pleiotropy	285	PlantMR	environment_slope	-0.05892419320267844	0.023797540180890312	0.013284037824580085		0.6650084666060005	
constant_effect_directional_pleiotropy	285	summary_MR_GxE	causal_effect	0.45099946253072654	0.04918799542797149	4.7790170203806706e-20	0.5	0.04032987567647106	
constant_effect_directional_pleiotropy	286	PlantMR	environment_slope	-0.04577079357150626	0.022185862829363877	0.03910681061120496		0.6572867729584976	
constant_effect_directional_pleiotropy	286	summary_MR_GxE	causal_effect	0.4821955206954792	0.045595985259629344	3.8754405811460316e-26	0.5	0.035864165012500615	
constant_effect_directional_pleiotropy	287	PlantMR	environment_slope	-0.044356425868189386	0.022709400192070232	0.050793682265183715		0.6512386620846274	
constant_effect_directional_pleiotropy	287	summary_MR_GxE	causal_effect	0.4835591157544462	0.04538446615991757	1.6572946250982832e-26	0.5	0.035271018597764575	
constant_effect_directional_pleiotropy	288	PlantMR	environment_slope	-0.09076818538008308	0.021168877459742733	1.804409961363621e-05		0.7185453899266896	
constant_effect_directional_pleiotropy	288	summary_MR_GxE	causal_effect	0.4449750121445827	0.04118132666629327	3.250288300268017e-27	0.5	0.048776372403542434	
constant_effect_directional_pleiotropy	289	PlantMR	environment_slope	-0.06416441213820617	0.0217178957647779	0.0031322807364165994		0.7109785305480423	
constant_effect_directional_pleiotropy	289	summary_MR_GxE	causal_effect	0.5025911626001416	0.043659943049477186	1.1546092508092022e-30	0.5	0.03961139172819428	
constant_effect_directional_pleiotropy	290	PlantMR	environment_slope	-0.11622343109931887	0.022641999961804587	2.8502302296430487e-07		0.7959506545339983	
constant_effect_directional_pleiotropy	290	summary_MR_GxE	causal_effect	0.4591506459062502	0.045757015428468516	1.0745804788760115e-23	0.5	0.05383015593409568	
constant_effect_directional_pleiotropy	291	PlantMR	environment_slope	-0.057212281684513255	0.02201079923770168	0.009341890231651842		0.6794932469547198	
constant_effect_directional_pleiotropy	291	summary_MR_GxE	causal_effect	0.4722149608704401	0.04327888392867942	1.0215113275259078e-27	0.5	0.042343416987129845	
constant_effect_directional_pleiotropy	292	PlantMR	environment_slope	-0.08941558676342537	0.022834973970140844	9.013116846716461e-05		0.7019897347065961	
constant_effect_directional_pleiotropy	292	summary_MR_GxE	causal_effect	0.4210044680707765	0.046376012305025034	1.10521849189969e-19	0.5	0.04803745034589513	
constant_effect_directional_pleiotropy	293	PlantMR	environment_slope	-0.05791550446821481	0.023161813795222443	0.01240273684679913		0.7104546746428375	
constant_effect_directional_pleiotropy	293	summary_MR_GxE	causal_effect	0.5294455479242891	0.045551835513627306	3.1515969961171294e-31	0.5	0.032175897724973646	
constant_effect_directional_pleiotropy	294	PlantMR	environment_slope	-0.06611260097069227	0.022335806591448557	0.0030770103688977663		0.7694993677216402	
constant_effect_directional_pleiotropy	294	summary_MR_GxE	causal_effect	0.5281438798623888	0.04474082860500238	3.6990813433704047e-32	0.5	0.04764299296014024	
constant_effect_directional_pleiotropy	295	PlantMR	environment_slope	-0.07357338470103597	0.022215820191322587	0.0009271223777296346		0.7088487356495142	
constant_effect_directional_pleiotropy	295	summary_MR_GxE	causal_effect	0.45162460437120777	0.0443947335952319	2.619040840244819e-24	0.5	0.049327272638040764	
constant_effect_directional_pleiotropy	296	PlantMR	environment_slope	-0.06211294125380601	0.02415965024546895	0.010142374488675837		0.7521289080282331	
constant_effect_directional_pleiotropy	296	summary_MR_GxE	causal_effect	0.554589753507921	0.04836859206718985	1.956996123675271e-30	0.5	0.033506023890933434	
constant_effect_directional_pleiotropy	297	PlantMR	environment_slope	-0.05310058864221778	0.021523354125882934	0.013620662620009985		0.6477342380144928	
constant_effect_directional_pleiotropy	297	summary_MR_GxE	causal_effect	0.4634518059257646	0.04431946996285663	1.3599596068463754e-25	0.5	0.036706531724999214	
constant_effect_directional_pleiotropy	298	PlantMR	environment_slope	-0.03435889564442879	0.02187861603238934	0.11631446298595458		0.6289325883061475	
constant_effect_directional_pleiotropy	298	summary_MR_GxE	causal_effect	0.501081386489214	0.045377547115619	2.383192445132276e-28	0.5	0.027585605130093283	
constant_effect_directional_pleiotropy	299	PlantMR	environment_slope	-0.08333713109442475	0.023522953995768012	0.0003959022133622637		0.736263768094578	
constant_effect_directional_pleiotropy	299	summary_MR_GxE	causal_effect	0.44437913490612957	0.04677599772651994	2.0958215031055105e-21	0.5	0.05322444476540342	
constant_effect_directional_pleiotropy	300	PlantMR	environment_slope	-0.08972999291330724	0.021536791170723827	3.09503854651099e-05		0.7555843400097494	
constant_effect_directional_pleiotropy	300	summary_MR_GxE	causal_effect	0.4992975303893733	0.04330931182202651	9.462503805119812e-31	0.5	0.04260327995195112	
constant_effect_directional_pleiotropy	301	PlantMR	environment_slope	-0.07504187544312535	0.02359072428853485	0.0014677232242716893		0.7431390233621128	
constant_effect_directional_pleiotropy	301	summary_MR_GxE	causal_effect	0.5214878023829805	0.044889154389690544	3.3686732577876967e-31	0.5	0.03728821032529245	
constant_effect_directional_pleiotropy	302	PlantMR	environment_slope	-0.07928714879756438	0.02129055400955941	0.00019604983986661582		0.7636031637040407	
constant_effect_directional_pleiotropy	302	summary_MR_GxE	causal_effect	0.5374100398313826	0.044200394304273014	5.170576363431088e-34	0.5	0.03753726126150697	
constant_effect_directional_pleiotropy	303	PlantMR	environment_slope	-0.06889734868474962	0.023287441434878896	0.0030907765620683653		0.7068850519110833	
constant_effect_directional_pleiotropy	303	summary_MR_GxE	causal_effect	0.48262148088035883	0.04729307879487541	1.88501242426995e-24	0.5	0.03930607792041069	
constant_effect_directional_pleiotropy	304	PlantMR	environment_slope	-0.0781803396222851	0.021405708371461888	0.00025988918700755903		0.7265933085594589	
constant_effect_directional_pleiotropy	304	summary_MR_GxE	causal_effect	0.4597579799085362	0.04247118610500548	2.6158181681666504e-27	0.5	0.052493201820330015	
constant_effect_directional_pleiotropy	305	PlantMR	environment_slope	-0.05135439288089827	0.021071258314599557	0.014802418726629745		0.6844897989785105	
constant_effect_directional_pleiotropy	305	summary_MR_GxE	causal_effect	0.4832766248716174	0.04294663726342084	2.2395787092461698e-29	0.5	0.04407997002326758	
constant_effect_directional_pleiotropy	306	PlantMR	environment_slope	-0.08749657258426463	0.024256726654447676	0.00030963176664278863		0.7701302621127768	
constant_effect_directional_pleiotropy	306	summary_MR_GxE	causal_effect	0.4811708245537363	0.047943788987698514	1.0572541859480714e-23	0.5	0.05044097460283764	
constant_effect_directional_pleiotropy	307	PlantMR	environment_slope	-0.07547163975742216	0.022638996138498988	0.0008569878582364017		0.6938193288204723	
constant_effect_directional_pleiotropy	307	summary_MR_GxE	causal_effect	0.43803978472442173	0.04344694619766551	6.624218642651184e-24	0.5	0.048126743573976394	
constant_effect_directional_pleiotropy	308	PlantMR	environment_slope	-0.08000936865910596	0.022653071591939123	0.0004125175046562982		0.7148541962333461	
constant_effect_directional_pleiotropy	308	summary_MR_GxE	causal_effect	0.4569925734086564	0.045449779159521586	8.741815976733418e-24	0.5	0.046430408927206235	
constant_effect_directional_pleiotropy	309	PlantMR	environment_slope	-0.07677365001540148	0.022778539695211524	0.0007504886082107093		0.716085943801305	
constant_effect_directional_pleiotropy	309	summary_MR_GxE	causal_effect	0.48642936073321374	0.04494342506305713	2.6742958060663015e-27	0.5	0.03917632664884241	
constant_effect_directional_pleiotropy	310	PlantMR	environment_slope	-0.07968013329026785	0.0221298158607128	0.0003175102724913586		0.7288567865539921	
constant_effect_directional_pleiotropy	310	summary_MR_GxE	causal_effect	0.4664000440006415	0.046904317555062046	2.687979497175558e-23	0.5	0.04495978852455779	
constant_effect_directional_pleiotropy	311	PlantMR	environment_slope	-0.08099242227830361	0.023176945874061147	0.00047490570799888626		0.7487530539007105	
constant_effect_directional_pleiotropy	311	summary_MR_GxE	causal_effect	0.524892426271777	0.047819538540393704	4.956164949118042e-28	0.5	0.03312884107794839	
constant_effect_directional_pleiotropy	312	PlantMR	environment_slope	-0.054075046168316154	0.022156171481267466	0.01466161405688208		0.7041229179711134	
constant_effect_directional_pleiotropy	312	summary_MR_GxE	causal_effect	0.520598952071203	0.044066194373149646	3.3037426990460236e-32	0.5	0.03578114221012346	
constant_effect_directional_pleiotropy	313	PlantMR	environment_slope	-0.02982867289962854	0.022367659911867455	0.18234727337083417		0.6451080330976976	
constant_effect_directional_pleiotropy	313	summary_MR_GxE	causal_effect	0.5134822046484002	0.04601365853408887	6.446611437669851e-29	0.5	0.030584006330171942	
constant_effect_directional_pleiotropy	314	PlantMR	environment_slope	-0.0848717983753336	0.022679372560029352	0.00018238261484826462		0.7363879921155663	
constant_effect_directional_pleiotropy	314	summary_MR_GxE	causal_effect	0.48684898896052375	0.04470577042306661	1.2854081333626645e-27	0.5	0.04101703893593822	
constant_effect_directional_pleiotropy	315	PlantMR	environment_slope	-0.06946864502909722	0.02244643741411329	0.0019690393093735816		0.6583801007621675	
constant_effect_directional_pleiotropy	315	summary_MR_GxE	causal_effect	0.4555295368512785	0.044194034031370136	6.518185402598655e-25	0.5	0.0338992639746418	
constant_effect_directional_pleiotropy	316	PlantMR	environment_slope	-0.06084849084608096	0.022293651305844413	0.006344797212511603		0.6582347519159346	
constant_effect_directional_pleiotropy	316	summary_MR_GxE	causal_effect	0.4632424018790211	0.04420504793237202	1.074225055031558e-25	0.5	0.034705616627033475	
constant_effect_directional_pleiotropy	317	PlantMR	environment_slope	-0.11028119744814041	0.02275666661120546	1.2590885245798131e-06		0.7414740411605062	
constant_effect_directional_pleiotropy	317	summary_MR_GxE	causal_effect	0.4020527564562023	0.04390562679670605	5.3259607229788477e-20	0.5	0.05973817764713249	
constant_effect_directional_pleiotropy	318	PlantMR	environment_slope	-0.034552103498065256	0.022658924294933273	0.12728943834156775		0.6657877954022642	
constant_effect_directional_pleiotropy	318	summary_MR_GxE	causal_effect	0.49783309072389903	0.04465887548297979	7.367844859481972e-29	0.5	0.03953053902795911	
constant_effect_directional_pleiotropy	319	PlantMR	environment_slope	-0.06254636624058768	0.023371309272517047	0.007446154561020915		0.7048856147057364	
constant_effect_directional_pleiotropy	319	summary_MR_GxE	causal_effect	0.5218521635537	0.047573902785717014	5.368950518715408e-28	0.5	0.02853151198567655	
constant_effect_directional_pleiotropy	320	PlantMR	environment_slope	-0.05089410270679062	0.021515344625458156	0.01800674906747915		0.673646311428993	
constant_effect_directional_pleiotropy	320	summary_MR_GxE	causal_effect	0.4831926096817315	0.04343594907458108	9.560028994881701e-29	0.5	0.040250392516886	
constant_effect_directional_pleiotropy	321	PlantMR	environment_slope	-0.09510217963866685	0.021566138701241126	1.0347009298884616e-05		0.7471041085201682	
constant_effect_directional_pleiotropy	321	summary_MR_GxE	causal_effect	0.4735010574432621	0.04288701475921578	2.4323299311265975e-28	0.5	0.046694943235112696	
constant_effect_directional_pleiotropy	322	PlantMR	environment_slope	-0.049330970756856385	0.021369939061533418	0.02097532996513779		0.7240944815703398	
constant_effect_directional_pleiotropy	322	summary_MR_GxE	causal_effect	0.5650289451302968	0.04427508693381186	2.680040020246711e-37	0.5	0.03111920105522903	
constant_effect_directional_pleiotropy	323	PlantMR	environment_slope	-0.059347678903346024	0.021923523741649954	0.006788772652236315		0.7444934261045153	
constant_effect_directional_pleiotropy	323	summary_MR_GxE	causal_effect	0.5205555101644163	0.04354833858762474	6.223972451580942e-33	0.5	0.046855991832162214	
constant_effect_directional_pleiotropy	324	PlantMR	environment_slope	-0.10022574709023369	0.02228074650472522	6.849516095398444e-06		0.7729210808685164	
constant_effect_directional_pleiotropy	324	summary_MR_GxE	causal_effect	0.4671930536327672	0.04519985136117509	4.835085099367649e-25	0.5	0.05038297027903227	
constant_effect_directional_pleiotropy	325	PlantMR	environment_slope	-0.06908112211748035	0.02230132512087122	0.001950787001317324		0.7132143195311476	
constant_effect_directional_pleiotropy	325	summary_MR_GxE	causal_effect	0.488363854784427	0.04538168284997198	5.245101977428758e-27	0.5	0.0407007226040223	
constant_effect_directional_pleiotropy	326	PlantMR	environment_slope	-0.0608928879452974	0.022697105890933628	0.007299813300604275		0.7278448128913033	
constant_effect_directional_pleiotropy	326	summary_MR_GxE	causal_effect	0.5481690771500399	0.04580144187517874	5.2034455677192866e-33	0.5	0.0304862493281709	
constant_effect_directional_pleiotropy	327	PlantMR	environment_slope	-0.048615571073492236	0.021056436498291805	0.02095344159617394		0.6691585267255241	
constant_effect_directional_pleiotropy	327	summary_MR_GxE	causal_effect	0.5278899730991052	0.04266830020717983	3.7072196951031167e-35	0.5	0.025271616611481695	
constant_effect_directional_pleiotropy	328	PlantMR	environment_slope	-0.040481287754929374	0.020601736304040347	0.04942055298123471		0.6470159515034395	
constant_effect_directional_pleiotropy	328	summary_MR_GxE	causal_effect	0.510608015858768	0.042353574252637374	1.80675733501821e-33	0.5	0.027583645187294448	
constant_effect_directional_pleiotropy	329	PlantMR	environment_slope	-0.06516279079991905	0.021953783600744618	0.002995684281179034		0.7373651801570344	
constant_effect_directional_pleiotropy	329	summary_MR_GxE	causal_effect	0.5107750324582494	0.045126309074109444	1.0592872380897607e-29	0.5	0.0448672740076711	
constant_effect_directional_pleiotropy	330	PlantMR	environment_slope	-0.03465102063773562	0.02252835531840769	0.12402245881937927		0.6713939334817897	
constant_effect_directional_pleiotropy	330	summary_MR_GxE	causal_effect	0.5283443585420241	0.04381950638473957	1.7753545632360157e-33	0.5	0.03286064911592784	
constant_effect_directional_pleiotropy	331	PlantMR	environment_slope	-0.08081411405470934	0.022767532737449366	0.0003859147530625357		0.7768860829286254	
constant_effect_directional_pleiotropy	331	summary_MR_GxE	causal_effect	0.5195031339927978	0.04734936689802866	5.2279036346389295e-28	0.5	0.04313171856400366	
constant_effect_directional_pleiotropy	332	PlantMR	environment_slope	-0.04206955425995196	0.022473109908621808	0.061207265233567676		0.7232591097421766	
constant_effect_directional_pleiotropy	332	summary_MR_GxE	causal_effect	0.5725274694417295	0.043598264432132355	2.1620188224931865e-39	0.5	0.03143663068897834	
constant_effect_directional_pleiotropy	333	PlantMR	environment_slope	-0.046907034624118715	0.021604652973228663	0.02991951259161885		0.6939159560662823	
constant_effect_directional_pleiotropy	333	summary_MR_GxE	causal_effect	0.5305165418840115	0.0438848934772785	1.2101347094709124e-33	0.5	0.03335613142852345	
constant_effect_directional_pleiotropy	334	PlantMR	environment_slope	-0.07300252224698983	0.022470665158191173	0.0011589609843410352		0.7204391594635043	
constant_effect_directional_pleiotropy	334	summary_MR_GxE	causal_effect	0.46973387419710455	0.04486763390662101	1.19491072903563e-25	0.5	0.04772645710022955	
constant_effect_directional_pleiotropy	335	PlantMR	environment_slope	-0.04267930002941256	0.022923192185359955	0.06262574550389352		0.6178617777205088	
constant_effect_directional_pleiotropy	335	summary_MR_GxE	causal_effect	0.44945332722272124	0.044916819537125584	1.429316762315646e-23	0.5	0.03490652949592496	
constant_effect_directional_pleiotropy	336	PlantMR	environment_slope	-0.0518822203019319	0.022219424039665977	0.01954373774032404		0.6916833789355049	
constant_effect_directional_pleiotropy	336	summary_MR_GxE	causal_effect	0.5044224765756011	0.04426171590636212	4.3596546650278365e-30	0.5	0.037937639471460505	
constant_effect_directional_pleiotropy	337	PlantMR	environment_slope	-0.030937375494078434	0.022496458614701717	0.16906606455681591		0.6449546999167597	
constant_effect_directional_pleiotropy	337	summary_MR_GxE	causal_effect	0.5147629045905354	0.04575357445892237	2.2958119958633403e-29	0.5	0.02867263929495606	
constant_effect_directional_pleiotropy	338	PlantMR	environment_slope	-0.013923127113807887	0.02134904790991136	0.5142939720096144		0.6170476608132714	
constant_effect_directional_pleiotropy	338	summary_MR_GxE	causal_effect	0.5384202423743698	0.04369297521275728	6.827294236478089e-35	0.5	0.02046967080678408	
constant_effect_directional_pleiotropy	339	PlantMR	environment_slope	-0.08372326693853194	0.023250292548036778	0.00031704994384023743		0.722744758274528	
constant_effect_directional_pleiotropy	339	summary_MR_GxE	causal_effect	0.4964911353549667	0.0474487951555718	1.2677192054499957e-25	0.5	0.03140336525610041	
constant_effect_directional_pleiotropy	340	PlantMR	environment_slope	-0.0750794745612644	0.02232624577203681	0.0007714653622106206		0.7159325154387172	
constant_effect_directional_pleiotropy	340	summary_MR_GxE	causal_effect	0.493169519423318	0.043600721912506205	1.1570950002277146e-29	0.5	0.038687749625781365	
constant_effect_directional_pleiotropy	341	PlantMR	environment_slope	-0.06985383613222534	0.023627516328288446	0.00311191345400571		0.7039224542700412	
constant_effect_directional_pleiotropy	341	summary_MR_GxE	causal_effect	0.4690928685101454	0.04573867315493543	1.112933886859252e-24	0.5	0.04257633968046243	
constant_effect_directional_pleiotropy	342	PlantMR	environment_slope	-0.05394842390113053	0.02324898574942288	0.020315814768150746		0.6934053742634169	
constant_effect_directional_pleiotropy	342	summary_MR_GxE	causal_effect	0.49472785400386743	0.046135164102353785	7.900547867562914e-27	0.5	0.038328489176109704	
constant_effect_directional_pleiotropy	343	PlantMR	environment_slope	-0.06055685061620103	0.021527491576354682	0.004908153195870336		0.7566846257219747	
constant_effect_directional_pleiotropy	343	summary_MR_GxE	causal_effect	0.5411583985514756	0.043772470875722586	4.144750700293464e-35	0.5	0.04283220186864756	
constant_effect_directional_pleiotropy	344	PlantMR	environment_slope	-0.07050457926119358	0.021603776407219836	0.0011003341117678677		0.6976054435862425	
constant_effect_directional_pleiotropy	344	summary_MR_GxE	causal_effect	0.4684609155953976	0.04323930137165525	2.3716726490872544e-27	0.5	0.04378700787566314	
constant_effect_directional_pleiotropy	345	PlantMR	environment_slope	-0.08756509082757741	0.02319379885750256	0.00015977258658535654		0.7274228902757492	
constant_effect_directional_pleiotropy	345	summary_MR_GxE	causal_effect	0.45538391120140354	0.045011056903622504	4.636907030342689e-24	0.5	0.047262326456567166	
constant_effect_directional_pleiotropy	346	PlantMR	environment_slope	-0.07574430206668581	0.022285958237616765	0.000676956572033707		0.7466371195461577	
constant_effect_directional_pleiotropy	346	summary_MR_GxE	causal_effect	0.49288743607157626	0.04496239600354929	5.80608672816278e-28	0.5	0.04868614537842891	
constant_effect_directional_pleiotropy	347	PlantMR	environment_slope	-0.06346367019605575	0.023043880245323632	0.005886533634322478		0.6938302946257004	
constant_effect_directional_pleiotropy	347	summary_MR_GxE	causal_effect	0.46666495941195585	0.04649960471902505	1.0599816557884628e-23	0.5	0.04412180006177943	
constant_effect_directional_pleiotropy	348	PlantMR	environment_slope	-0.009861987819805962	0.021923415146843105	0.652827170148967		0.6416657628562931	
constant_effect_directional_pleiotropy	348	summary_MR_GxE	causal_effect	0.5954272220471563	0.04463557608847416	1.3592289910752204e-40	0.5	0.012332188023041701	
constant_effect_directional_pleiotropy	349	PlantMR	environment_slope	-0.08623019510847363	0.023597777305833886	0.00025801931734052697		0.7994962885766799	
constant_effect_directional_pleiotropy	349	summary_MR_GxE	causal_effect	0.53701661354267	0.04590623701602927	1.303103050854071e-31	0.5	0.04384373876921305	
constant_effect_directional_pleiotropy	350	PlantMR	environment_slope	-0.040406679932734946	0.022598024910445328	0.0737659318853499		0.6632087701577711	
constant_effect_directional_pleiotropy	350	summary_MR_GxE	causal_effect	0.507778615187187	0.044897767655650185	1.1754029583779898e-29	0.5	0.031832820643374615	
constant_effect_directional_pleiotropy	351	PlantMR	environment_slope	-0.07721625503275992	0.022228077643406362	0.0005131124889549689		0.7250476152172485	
constant_effect_directional_pleiotropy	351	summary_MR_GxE	causal_effect	0.4925401460743407	0.046140768753656164	1.336486685890291e-26	0.5	0.03875539349583357	
constant_effect_directional_pleiotropy	352	PlantMR	environment_slope	-0.05836209709850454	0.021619460045656045	0.006944023523008085		0.6687594673457616	
constant_effect_directional_pleiotropy	352	summary_MR_GxE	causal_effect	0.4799069238826238	0.04329176783448318	1.4767508212885944e-28	0.5	0.035528823484883953	
constant_effect_directional_pleiotropy	353	PlantMR	environment_slope	-0.07667404819745599	0.021916923477844037	0.0004680679368918378		0.7521838862090253	
constant_effect_directional_pleiotropy	353	summary_MR_GxE	causal_effect	0.4759114897443544	0.043653403922185675	1.126922450411187e-27	0.5	0.05624741329900962	
constant_effect_directional_pleiotropy	354	PlantMR	environment_slope	-0.07190023739968437	0.023069805493539427	0.0018292590929604824		0.6616008743757373	
constant_effect_directional_pleiotropy	354	summary_MR_GxE	causal_effect	0.4259590778652588	0.04576589812657126	1.3106557539498523e-20	0.5	0.04107972263897958	
constant_effect_directional_pleiotropy	355	PlantMR	environment_slope	-0.053638509384505706	0.02104944644654591	0.010827580304001376		0.6950594107756195	
constant_effect_directional_pleiotropy	355	summary_MR_GxE	causal_effect	0.5028309235435156	0.044166041721454684	4.966129796445471e-30	0.5	0.03956466288727217	
constant_effect_directional_pleiotropy	356	PlantMR	environment_slope	-0.07516007495758265	0.022788138194420327	0.0009730318551994484		0.7124536103534322	
constant_effect_directional_pleiotropy	356	summary_MR_GxE	causal_effect	0.44726042795747023	0.044247095065589756	5.07864273831873e-24	0.5	0.05129879052294817	
constant_effect_directional_pleiotropy	357	PlantMR	environment_slope	-0.04600011592469372	0.022288954246522545	0.03903595048119811		0.6639421329060547	
constant_effect_directional_pleiotropy	357	summary_MR_GxE	causal_effect	0.5134527101479037	0.046792415825108145	5.153934652539701e-28	0.5	0.028487826304523678	
constant_effect_directional_pleiotropy	358	PlantMR	environment_slope	-0.03108163466065228	0.02313618897061076	0.17913579513827924		0.6226378022814609	
constant_effect_directional_pleiotropy	358	summary_MR_GxE	causal_effect	0.48942908359868953	0.04605528259066481	2.231972982465304e-26	0.5	0.02807922663139073	
constant_effect_directional_pleiotropy	359	PlantMR	environment_slope	-0.08166564903306711	0.022662316914141726	0.00031385464518422		0.7486988441648643	
constant_effect_directional_pleiotropy	359	summary_MR_GxE	causal_effect	0.4895878141487534	0.045202791249678395	2.4567454366690188e-27	0.5	0.04600687025549938	
constant_effect_directional_pleiotropy	360	PlantMR	environment_slope	-0.044295392737031036	0.02259285741242308	0.049926547279615256		0.6299262009878961	
constant_effect_directional_pleiotropy	360	summary_MR_GxE	causal_effect	0.4513113389801726	0.04580603676836982	6.675299413700848e-23	0.5	0.03828317007001303	
constant_effect_directional_pleiotropy	361	PlantMR	environment_slope	-0.05707848487712275	0.021561006408857445	0.008113697505926111		0.6843679659426108	
constant_effect_directional_pleiotropy	361	summary_MR_GxE	causal_effect	0.48902670803413606	0.04351996820169247	2.688486401543441e-29	0.5	0.038590184446077314	
constant_effect_directional_pleiotropy	362	PlantMR	environment_slope	-0.06225717108598139	0.022208331666899166	0.005057867474905011		0.755794329555369	
constant_effect_directional_pleiotropy	362	summary_MR_GxE	causal_effect	0.5666490867788191	0.044983326685250194	2.1969280140052918e-36	0.5	0.03261598093677215	
constant_effect_directional_pleiotropy	363	PlantMR	environment_slope	-0.06585841793537117	0.022648696414240048	0.003639533678126994		0.6553697780581029	
constant_effect_directional_pleiotropy	363	summary_MR_GxE	causal_effect	0.4277716448706982	0.04420340219274531	3.7635673092270074e-22	0.5	0.04442101501088838	
constant_effect_directional_pleiotropy	364	PlantMR	environment_slope	-0.04840935275582536	0.021654511946853944	0.02538244820282015		0.691610515907518	
constant_effect_directional_pleiotropy	364	summary_MR_GxE	causal_effect	0.5271940509257524	0.04371999690923327	1.751116690520627e-33	0.5	0.030603879409044354	
constant_effect_directional_pleiotropy	365	PlantMR	environment_slope	-0.047615030009892256	0.02234516912596212	0.033098454074094175		0.6695034262781406	
constant_effect_directional_pleiotropy	365	summary_MR_GxE	causal_effect	0.5188073150639303	0.04702323524744444	2.6488152139735863e-28	0.5	0.02605834997051859	
constant_effect_directional_pleiotropy	366	PlantMR	environment_slope	-0.08053418097367421	0.021823894700113363	0.00022409214872231548		0.7368438942256516	
constant_effect_directional_pleiotropy	366	summary_MR_GxE	causal_effect	0.44816597634028177	0.04379433637574942	1.4046466736066226e-24	0.5	0.05833836707014267	
constant_effect_directional_pleiotropy	367	PlantMR	environment_slope	-0.05964045093417408	0.02382824316679415	0.012316951877771092		0.7205730227685053	
constant_effect_directional_pleiotropy	367	summary_MR_GxE	causal_effect	0.5262154761584809	0.047694728875454485	2.6490793154033124e-28	0.5	0.033855637046916964	
constant_effect_directional_pleiotropy	368	PlantMR	environment_slope	-0.09790468605664854	0.02153352577484028	5.451517039466337e-06		0.7619168480086002	
constant_effect_directional_pleiotropy	368	summary_MR_GxE	causal_effect	0.46695329047029466	0.04402015368880189	2.743739750224743e-26	0.5	0.04985884862070844	
constant_effect_directional_pleiotropy	369	PlantMR	environment_slope	-0.10416282261826293	0.022724480878848315	4.56759928983085e-06		0.7517588278466218	
constant_effect_directional_pleiotropy	369	summary_MR_GxE	causal_effect	0.44313585998927074	0.04279681285077463	3.9963185444623927e-25	0.5	0.053037276434998226	
constant_effect_directional_pleiotropy	370	PlantMR	environment_slope	-0.1124512029482001	0.024399793520597627	4.052045070991881e-06		0.7671398743856241	
constant_effect_directional_pleiotropy	370	summary_MR_GxE	causal_effect	0.43286152240652587	0.04824615803678975	2.9134328819844464e-19	0.5	0.05474275158118261	
constant_effect_directional_pleiotropy	371	PlantMR	environment_slope	-0.07030693229604096	0.021819813048861186	0.0012722799514602692		0.7402810505772714	
constant_effect_directional_pleiotropy	371	summary_MR_GxE	causal_effect	0.5205491901941126	0.04423435368407613	5.707173404530639e-32	0.5	0.03911574314221433	
constant_effect_directional_pleiotropy	372	PlantMR	environment_slope	-0.0721987013376661	0.02257439830757778	0.0013826155611443936		0.7487446634708348	
constant_effect_directional_pleiotropy	372	summary_MR_GxE	causal_effect	0.5061982283400039	0.04647097430428002	1.2476853317303004e-27	0.5	0.044694843317793	
constant_effect_directional_pleiotropy	373	PlantMR	environment_slope	-0.05067307378622937	0.021681746697260546	0.0194323940700027		0.665360055284312	
constant_effect_directional_pleiotropy	373	summary_MR_GxE	causal_effect	0.5073952548767353	0.04354806332490747	2.2575929493081184e-31	0.5	0.029384894028026243	
constant_effect_directional_pleiotropy	374	PlantMR	environment_slope	-0.08010808145718751	0.023580427750358426	0.0006807230779425067		0.7904975425456633	
constant_effect_directional_pleiotropy	374	summary_MR_GxE	causal_effect	0.5320184319256824	0.04586211238912483	4.102002025500646e-31	0.5	0.046311788028350065	
constant_effect_directional_pleiotropy	375	PlantMR	environment_slope	-0.05628361152619166	0.022191438281118442	0.011203840519357564		0.7127637517721434	
constant_effect_directional_pleiotropy	375	summary_MR_GxE	causal_effect	0.5226330309482666	0.0454344815395418	1.2740246395707219e-30	0.5	0.03566507858854612	
constant_effect_directional_pleiotropy	376	PlantMR	environment_slope	-0.1053249264309184	0.022894716208157837	4.216738760980054e-06		0.7595615026320187	
constant_effect_directional_pleiotropy	376	summary_MR_GxE	causal_effect	0.42739900976211986	0.04477984778480039	1.3683196047895867e-21	0.5	0.05758854877080832	
constant_effect_directional_pleiotropy	377	PlantMR	environment_slope	-0.06843388240858223	0.021183370578771378	0.001235534228982499		0.7121244987123465	
constant_effect_directional_pleiotropy	377	summary_MR_GxE	causal_effect	0.47448356095736377	0.04307014069759315	3.1808066306331953e-28	0.5	0.04738374538771084	
constant_effect_directional_pleiotropy	378	PlantMR	environment_slope	-0.09469498133405546	0.022400086555265934	2.3636707761789746e-05		0.7692934191141413	
constant_effect_directional_pleiotropy	378	summary_MR_GxE	causal_effect	0.4462373530232704	0.04477775428967227	2.1556028747150306e-23	0.5	0.0612246670317787	
constant_effect_directional_pleiotropy	379	PlantMR	environment_slope	-0.07721055108705999	0.022839049071904545	0.0007231782014449227		0.8148732909905302	
constant_effect_directional_pleiotropy	379	summary_MR_GxE	causal_effect	0.5555731205285532	0.045676319548339735	4.877050817708367e-34	0.5	0.047155170568136895	
constant_effect_directional_pleiotropy	380	PlantMR	environment_slope	-0.05032709088364956	0.02276675327665444	0.027066879182229626		0.6670353240733721	
constant_effect_directional_pleiotropy	380	summary_MR_GxE	causal_effect	0.5080726724733466	0.045215768911560164	2.694869496670837e-29	0.5	0.028461518165389194	
constant_effect_directional_pleiotropy	381	PlantMR	environment_slope	0.0017472500627098153	0.022849625915541488	0.939047298556144		0.6583338870104175	
constant_effect_directional_pleiotropy	381	summary_MR_GxE	causal_effect	0.6427235536884708	0.04602546119456597	2.5662229213896326e-44	0.5	0.008272188363505184	
constant_effect_directional_pleiotropy	382	PlantMR	environment_slope	-0.06373893535503483	0.02104122586810816	0.0024516935758343585		0.7278180228698199	
constant_effect_directional_pleiotropy	382	summary_MR_GxE	causal_effect	0.5155563761508439	0.041287870484230126	8.804715671373076e-36	0.5	0.04264245517264453	
constant_effect_directional_pleiotropy	383	PlantMR	environment_slope	-0.038382416111437945	0.022343007493610487	0.08582005369657385		0.6266788627233624	
constant_effect_directional_pleiotropy	383	summary_MR_GxE	causal_effect	0.48615177325110503	0.04585349936920164	2.907936412192813e-26	0.5	0.02751193271393418	
constant_effect_directional_pleiotropy	384	PlantMR	environment_slope	-0.03294449202617178	0.02218828003780188	0.13760476772967162		0.6316826637184102	
constant_effect_directional_pleiotropy	384	summary_MR_GxE	causal_effect	0.5100990973999902	0.045599928483887595	4.753367317867844e-29	0.5	0.024406839101061784	
constant_effect_directional_pleiotropy	385	PlantMR	environment_slope	-0.08508626911012862	0.02183410549779456	9.74144514233563e-05		0.7764578063739189	
constant_effect_directional_pleiotropy	385	summary_MR_GxE	causal_effect	0.5005973309514178	0.0444921324560698	2.2802904738520901e-29	0.5	0.04999648996964606	
constant_effect_directional_pleiotropy	386	PlantMR	environment_slope	-0.08867863905918727	0.023402681118571803	0.00015110202057828467		0.727416849423271	
constant_effect_directional_pleiotropy	386	summary_MR_GxE	causal_effect	0.43954656786215907	0.0457715320024515	7.760884008823418e-22	0.5	0.05119152843461647	
constant_effect_directional_pleiotropy	387	PlantMR	environment_slope	-0.03891292294416876	0.021588767143312815	0.0714728170337288		0.6356809694703831	
constant_effect_directional_pleiotropy	387	summary_MR_GxE	causal_effect	0.4835153269656435	0.043219716382275716	4.701279375909738e-29	0.5	0.032549539001140326	
constant_effect_directional_pleiotropy	388	PlantMR	environment_slope	-0.06597988748751266	0.022757733489128754	0.0037408122232846833		0.7639415182011152	
constant_effect_directional_pleiotropy	388	summary_MR_GxE	causal_effect	0.5275087240116054	0.04687940676696476	2.252173876380334e-29	0.5	0.045322777267041814	
constant_effect_directional_pleiotropy	389	PlantMR	environment_slope	-0.06872242765211845	0.022891543436893442	0.002681346599449577		0.7072571071493746	
constant_effect_directional_pleiotropy	389	summary_MR_GxE	causal_effect	0.47033498514513783	0.04584213441720864	1.068349090036175e-24	0.5	0.044014428098594016	
constant_effect_directional_pleiotropy	390	PlantMR	environment_slope	-0.06907818093935358	0.02165407962916328	0.0014223490148441156		0.725802709263427	
constant_effect_directional_pleiotropy	390	summary_MR_GxE	causal_effect	0.49853966416671747	0.04475083039300028	7.981008855872892e-29	0.5	0.043668403991699134	
constant_effect_directional_pleiotropy	391	PlantMR	environment_slope	-0.08725464812038242	0.022224843248297956	8.637155141710442e-05		0.7384009746704552	
constant_effect_directional_pleiotropy	391	summary_MR_GxE	causal_effect	0.48469719119642796	0.04508318304799397	5.851143758767959e-27	0.5	0.04023027078584235	
constant_effect_directional_pleiotropy	392	PlantMR	environment_slope	-0.020997840822690406	0.022678340057663764	0.3544987359413086		0.6506004313085594	
constant_effect_directional_pleiotropy	392	summary_MR_GxE	causal_effect	0.575653512125839	0.044966273830580133	1.5999876528691695e-37	0.5	0.01536931614022663	
constant_effect_directional_pleiotropy	393	PlantMR	environment_slope	-0.10743725929419462	0.021585515621332093	6.448240230751758e-07		0.7307761898359433	
constant_effect_directional_pleiotropy	393	summary_MR_GxE	causal_effect	0.4094598838760283	0.042320206903751885	3.8403606694797743e-22	0.5	0.058157433623948096	
constant_effect_directional_pleiotropy	394	PlantMR	environment_slope	-0.03022626578655374	0.021552629124838452	0.16078394284727018		0.6519733451880633	
constant_effect_directional_pleiotropy	394	summary_MR_GxE	causal_effect	0.5232455578306829	0.04296261150981205	4.017339774357285e-34	0.5	0.03040226299062876	
constant_effect_directional_pleiotropy	395	PlantMR	environment_slope	-0.04388374031393022	0.021812602967777966	0.044235485381914214		0.6812027858518731	
constant_effect_directional_pleiotropy	395	summary_MR_GxE	causal_effect	0.5577806186577308	0.04513978168797309	4.4794853444426493e-35	0.5	0.021526225017927725	
constant_effect_directional_pleiotropy	396	PlantMR	environment_slope	-0.060189305804766835	0.02111174590640314	0.004358379887771928		0.6812266769015274	
constant_effect_directional_pleiotropy	396	summary_MR_GxE	causal_effect	0.4888844507740927	0.04317807961628638	1.015171191188054e-29	0.5	0.03631312931965269	
constant_effect_directional_pleiotropy	397	PlantMR	environment_slope	-0.06261169987985887	0.021682367935511485	0.003880967757890752		0.7042833726959326	
constant_effect_directional_pleiotropy	397	summary_MR_GxE	causal_effect	0.5014709846680662	0.04447337469618715	1.7288429846966643e-29	0.5	0.03734156576625808	
constant_effect_directional_pleiotropy	398	PlantMR	environment_slope	-0.09027731665238697	0.021361895054564605	2.377856539205521e-05		0.7598454257530306	
constant_effect_directional_pleiotropy	398	summary_MR_GxE	causal_effect	0.47031280057925984	0.042981322084797983	7.237297312213579e-28	0.5	0.05437854774589168	
constant_effect_directional_pleiotropy	399	PlantMR	environment_slope	-0.09537090360453881	0.02425087682117605	8.40045325733862e-05		0.8007834115498101	
constant_effect_directional_pleiotropy	399	summary_MR_GxE	causal_effect	0.5100416420867593	0.047534429022582744	7.36427909889073e-27	0.5	0.04743348352370835	
constant_effect_directional_pleiotropy	400	PlantMR	environment_slope	-0.07953400897060514	0.020964492206719632	0.00014839003206504277		0.7228524230266128	
constant_effect_directional_pleiotropy	400	summary_MR_GxE	causal_effect	0.5058824416982126	0.04196301746688559	1.815706902201908e-33	0.5	0.034456903561957075	
constant_effect_directional_pleiotropy	401	PlantMR	environment_slope	-0.04149470181522191	0.02179289006435664	0.05690397447908412		0.6797037928676831	
constant_effect_directional_pleiotropy	401	summary_MR_GxE	causal_effect	0.5291469983759569	0.045483760946287456	2.7760635977486515e-31	0.5	0.03077133715393049	
constant_effect_directional_pleiotropy	402	PlantMR	environment_slope	-0.06339819614689124	0.02254814550397499	0.004928332751661074		0.6824669850648666	
constant_effect_directional_pleiotropy	402	summary_MR_GxE	causal_effect	0.4813599826580429	0.043830344243911516	4.646993007344474e-28	0.5	0.03643985555291135	
constant_effect_directional_pleiotropy	403	PlantMR	environment_slope	-0.03652623802786448	0.02247448275024628	0.10411323410440124		0.6921929248889066	
constant_effect_directional_pleiotropy	403	summary_MR_GxE	causal_effect	0.5475044373714651	0.04493206579571778	3.7291802728271484e-34	0.5	0.03122103060592607	
constant_effect_directional_pleiotropy	404	PlantMR	environment_slope	-0.08832736666599683	0.022928108589136412	0.0001169840657901033		0.7451086863396641	
constant_effect_directional_pleiotropy	404	summary_MR_GxE	causal_effect	0.4587929481549524	0.04422712748178122	3.2709210674499077e-25	0.5	0.05263475566111958	
constant_effect_directional_pleiotropy	405	PlantMR	environment_slope	-0.08842201205856276	0.022449686394585975	8.19329224624272e-05		0.6787889815477796	
constant_effect_directional_pleiotropy	405	summary_MR_GxE	causal_effect	0.40996264219795453	0.045572463999218264	2.3443032040007494e-19	0.5	0.04528714113510224	
constant_effect_directional_pleiotropy	406	PlantMR	environment_slope	-0.06271524505436621	0.02148215526239565	0.0035069327280444437		0.7549924642161391	
constant_effect_directional_pleiotropy	406	summary_MR_GxE	causal_effect	0.5556209757670947	0.04468677470635359	1.7155513105719382e-35	0.5	0.03678275180621604	
constant_effect_directional_pleiotropy	407	PlantMR	environment_slope	-0.04034073464010607	0.021471712479666706	0.06027383495917803		0.6837576980621636	
constant_effect_directional_pleiotropy	407	summary_MR_GxE	causal_effect	0.525905059114515	0.04382827115431008	3.586613587494662e-33	0.5	0.03502535344782193	
constant_effect_directional_pleiotropy	408	PlantMR	environment_slope	-0.08126649029039912	0.022999293328099028	0.0004101981382140559		0.7598316245187392	
constant_effect_directional_pleiotropy	408	summary_MR_GxE	causal_effect	0.479805535366143	0.04475108979637108	8.055304943637975e-27	0.5	0.05261928094647311	
constant_effect_directional_pleiotropy	409	PlantMR	environment_slope	-0.07280188407082289	0.0224812553255814	0.0012022864161804964		0.7171796357061387	
constant_effect_directional_pleiotropy	409	summary_MR_GxE	causal_effect	0.46822918955579484	0.044839412109540025	1.5881611719108141e-25	0.5	0.048393996607056844	
constant_effect_directional_pleiotropy	410	PlantMR	environment_slope	-0.10598614769063874	0.02097971381072228	4.3757524390651407e-07		0.7539622929154509	
constant_effect_directional_pleiotropy	410	summary_MR_GxE	causal_effect	0.4067691152139481	0.04292493857873817	2.634876676491429e-21	0.5	0.06493739647516295	
constant_effect_directional_pleiotropy	411	PlantMR	environment_slope	-0.07267038840058476	0.02155829999404105	0.0007492916825421114		0.7347716500881453	
constant_effect_directional_pleiotropy	411	summary_MR_GxE	causal_effect	0.5130532528615029	0.04252443443597202	1.6184943758461763e-33	0.5	0.04012549440230084	
constant_effect_directional_pleiotropy	412	PlantMR	environment_slope	-0.048611326596732785	0.023032793654513273	0.03481301156824738		0.7424061883148318	
constant_effect_directional_pleiotropy	412	summary_MR_GxE	causal_effect	0.538171039919543	0.047272370367966166	4.996922499311352e-30	0.5	0.043009981588652435	
constant_effect_directional_pleiotropy	413	PlantMR	environment_slope	-0.06645050537790875	0.021644399307416972	0.0021398594928274182		0.7327486258166858	
constant_effect_directional_pleiotropy	413	summary_MR_GxE	causal_effect	0.5204598604970142	0.04329700903177588	2.766564327303341e-33	0.5	0.040658020751066726	
constant_effect_directional_pleiotropy	414	PlantMR	environment_slope	-0.08815847065372023	0.02182477082113465	5.359343312491554e-05		0.7618364056486178	
constant_effect_directional_pleiotropy	414	summary_MR_GxE	causal_effect	0.5090984409593938	0.044891993179366096	8.265409390111671e-30	0.5	0.04079118782123614	
constant_effect_directional_pleiotropy	415	PlantMR	environment_slope	-0.03625075019400664	0.0222188430601071	0.10277814431031093		0.663730214830899	
constant_effect_directional_pleiotropy	415	summary_MR_GxE	causal_effect	0.5177897416172281	0.04563496911898982	7.733501938107594e-30	0.5	0.030856708960718626	
constant_effect_directional_pleiotropy	416	PlantMR	environment_slope	-0.08551492843680797	0.022245862626665773	0.00012100435839618882		0.7013095475550043	
constant_effect_directional_pleiotropy	416	summary_MR_GxE	causal_effect	0.4487684947912922	0.04585784260496485	1.2920899509957025e-22	0.5	0.04044192744395647	
constant_effect_directional_pleiotropy	417	PlantMR	environment_slope	-0.044021669488175375	0.021697823102478534	0.04247337785655787		0.702360541069977	
constant_effect_directional_pleiotropy	417	summary_MR_GxE	causal_effect	0.5852696759325816	0.0432763909811097	1.128763642116259e-41	0.5	0.018866957859073774	
constant_effect_directional_pleiotropy	418	PlantMR	environment_slope	-0.097991413375425	0.024097858330425284	4.7745959169295555e-05		0.7834501900733472	
constant_effect_directional_pleiotropy	418	summary_MR_GxE	causal_effect	0.4606492299949768	0.04592374236112512	1.1167373823377127e-23	0.5	0.05700984127905598	
constant_effect_directional_pleiotropy	419	PlantMR	environment_slope	-0.05315653776000667	0.022066477605656935	0.01599948979801178		0.6828377618101786	
constant_effect_directional_pleiotropy	419	summary_MR_GxE	causal_effect	0.5050032853114702	0.04415316038624886	2.714919916493206e-30	0.5	0.034756401414170024	
constant_effect_directional_pleiotropy	420	PlantMR	environment_slope	-0.09303094144355123	0.02277960808680315	4.4275214324262235e-05		0.7766427114841753	
constant_effect_directional_pleiotropy	420	summary_MR_GxE	causal_effect	0.5043323206778332	0.04461411178765723	1.2491412041238447e-29	0.5	0.044441479165658215	
constant_effect_directional_pleiotropy	421	PlantMR	environment_slope	-0.04144929758815419	0.021633967445940244	0.05537323933666587		0.7457000313727866	
constant_effect_directional_pleiotropy	421	summary_MR_GxE	causal_effect	0.5694723917650331	0.043314185808408644	1.7594093824739627e-39	0.5	0.04069263915128968	
constant_effect_directional_pleiotropy	422	PlantMR	environment_slope	-0.04627597955000523	0.02269880198543511	0.04148027719074225		0.7040991647676917	
constant_effect_directional_pleiotropy	422	summary_MR_GxE	causal_effect	0.5265504027000357	0.04513547083311206	1.9015559203678758e-31	0.5	0.03604667686884139	
constant_effect_directional_pleiotropy	423	PlantMR	environment_slope	-0.03551989766480235	0.022261069765512842	0.11057677525723088		0.6341565742618194	
constant_effect_directional_pleiotropy	423	summary_MR_GxE	causal_effect	0.5161189433037626	0.04589954309244408	2.4639623010025564e-29	0.5	0.022215537270548313	
constant_effect_directional_pleiotropy	424	PlantMR	environment_slope	-0.04916204980989297	0.021430199262578647	0.021787355695518432		0.7080595011203927	
constant_effect_directional_pleiotropy	424	summary_MR_GxE	causal_effect	0.5136524780867986	0.04360654817902767	4.99347851440907e-32	0.5	0.04236218790604318	
constant_effect_directional_pleiotropy	425	PlantMR	environment_slope	-0.043608322189784554	0.021453639553520976	0.042085154675955104		0.6613730715084738	
constant_effect_directional_pleiotropy	425	summary_MR_GxE	causal_effect	0.5048074730274176	0.04448607733061313	7.627998272594692e-30	0.5	0.03149299833409458	
constant_effect_directional_pleiotropy	426	PlantMR	environment_slope	-0.03982696165632127	0.023084856754494235	0.08448389124862031		0.6129209057010281	
constant_effect_directional_pleiotropy	426	summary_MR_GxE	causal_effect	0.46623782959153626	0.0438358939268316	2.0267971321500395e-26	0.5	0.02945842129842735	
constant_effect_directional_pleiotropy	427	PlantMR	environment_slope	-0.09081356163771304	0.021580141345455207	2.5741241664936773e-05		0.7649540050145451	
constant_effect_directional_pleiotropy	427	summary_MR_GxE	causal_effect	0.45655400814462377	0.04365425354949683	1.3408919431076087e-25	0.5	0.05980079746614225	
constant_effect_directional_pleiotropy	428	PlantMR	environment_slope	-0.07328814753373392	0.022152707614312782	0.0009385898239420111		0.7318902004555378	
constant_effect_directional_pleiotropy	428	summary_MR_GxE	causal_effect	0.5072091706029812	0.04442772750684168	3.4588287241922145e-30	0.5	0.03977803805790653	
constant_effect_directional_pleiotropy	429	PlantMR	environment_slope	-0.08895441061789261	0.02217766602657548	6.0464510355979085e-05		0.7667826483457268	
constant_effect_directional_pleiotropy	429	summary_MR_GxE	causal_effect	0.5038819625021257	0.04272063996442738	4.151213757358942e-32	0.5	0.04529730358590622	
constant_effect_directional_pleiotropy	430	PlantMR	environment_slope	-0.062167064032852215	0.02305996418807479	0.007020141907731128		0.7674323957671423	
constant_effect_directional_pleiotropy	430	summary_MR_GxE	causal_effect	0.5606633871523512	0.046907469948767204	6.297114556911389e-33	0.5	0.03757375058276552	
constant_effect_directional_pleiotropy	431	PlantMR	environment_slope	-0.13322615752067396	0.023091163068387814	7.94725126173725e-09		0.7934632971300587	
constant_effect_directional_pleiotropy	431	summary_MR_GxE	causal_effect	0.4288456449124739	0.044923609266597546	1.3465979172939834e-21	0.5	0.05519517268126012	
constant_effect_directional_pleiotropy	432	PlantMR	environment_slope	-0.06608175362957747	0.02179182978509854	0.002426097609414652		0.7133416883260097	
constant_effect_directional_pleiotropy	432	summary_MR_GxE	causal_effect	0.46401143046699134	0.04330758794250845	8.719402909524995e-27	0.5	0.05111958021138191	
constant_effect_directional_pleiotropy	433	PlantMR	environment_slope	-0.04093541478444512	0.022916336624914355	0.07405096052137064		0.6669893028663633	
constant_effect_directional_pleiotropy	433	summary_MR_GxE	causal_effect	0.5443837226459587	0.04596982371357589	2.3618282249447756e-32	0.5	0.022235596249584655	
constant_effect_directional_pleiotropy	434	PlantMR	environment_slope	-0.024894904817515662	0.02149087678986407	0.24670324690962236		0.6584232692102502	
constant_effect_directional_pleiotropy	434	summary_MR_GxE	causal_effect	0.5563081771298393	0.04406081635406162	1.5196231356610554e-36	0.5	0.023379629829623993	
constant_effect_directional_pleiotropy	435	PlantMR	environment_slope	-0.016111753939432538	0.02154067619750495	0.4544789709491128		0.6386252935808041	
constant_effect_directional_pleiotropy	435	summary_MR_GxE	causal_effect	0.578652750864008	0.04409006929282328	2.3887673067345628e-39	0.5	0.01329695329921049	
constant_effect_directional_pleiotropy	436	PlantMR	environment_slope	-0.09928527582586494	0.023340771022455135	2.1024127987263824e-05		0.7618039557462253	
constant_effect_directional_pleiotropy	436	summary_MR_GxE	causal_effect	0.4365169609467744	0.04523349557812446	4.901045933256334e-22	0.5	0.058812088519581224	
constant_effect_directional_pleiotropy	437	PlantMR	environment_slope	-0.06995780156411108	0.02310570907571467	0.0024639978671481765		0.7389037778721674	
constant_effect_directional_pleiotropy	437	summary_MR_GxE	causal_effect	0.5079083579819319	0.04668848983822977	1.4568367962185607e-27	0.5	0.04095407199777967	
constant_effect_directional_pleiotropy	438	PlantMR	environment_slope	-0.08456873126391218	0.02202591175830864	0.00012327958846135645		0.8179795279751454	
constant_effect_directional_pleiotropy	438	summary_MR_GxE	causal_effect	0.5554152142786419	0.04467459145605476	1.7418311773245647e-35	0.5	0.045895327286805065	
constant_effect_directional_pleiotropy	439	PlantMR	environment_slope	-0.05424492697916733	0.022868086584906033	0.01768826844853675		0.7343208080044777	
constant_effect_directional_pleiotropy	439	summary_MR_GxE	causal_effect	0.5398713318789317	0.04588453583561612	5.85222469533601e-32	0.5	0.03839506946148463	
constant_effect_directional_pleiotropy	440	PlantMR	environment_slope	-0.06620179673597909	0.0212514834474695	0.0018384440782711691		0.695733340467496	
constant_effect_directional_pleiotropy	440	summary_MR_GxE	causal_effect	0.46941965479695325	0.043898617444912	1.0944598399744619e-26	0.5	0.04515011533388108	
constant_effect_directional_pleiotropy	441	PlantMR	environment_slope	-0.07794397897776695	0.02169440152766829	0.0003271243922377155		0.7047577952802085	
constant_effect_directional_pleiotropy	441	summary_MR_GxE	causal_effect	0.485352556266476	0.04336128964267998	4.4014162411567726e-29	0.5	0.03719095916842957	
constant_effect_directional_pleiotropy	442	PlantMR	environment_slope	-0.11854235736870794	0.02309498369285523	2.8543527763022434e-07		0.7910154847607938	
constant_effect_directional_pleiotropy	442	summary_MR_GxE	causal_effect	0.42750677943451	0.04605107130811598	1.6427996664087883e-20	0.5	0.05999618248353583	
constant_effect_directional_pleiotropy	443	PlantMR	environment_slope	-0.09955696010419035	0.02269371000166416	1.1493283514680887e-05		0.8128564797978882	
constant_effect_directional_pleiotropy	443	summary_MR_GxE	causal_effect	0.5158242328025928	0.045618384306764126	1.206434045328571e-29	0.5	0.048965377900671514	
constant_effect_directional_pleiotropy	444	PlantMR	environment_slope	-0.0678984492211076	0.02284052660296566	0.002951753153262444		0.7228927856854207	
constant_effect_directional_pleiotropy	444	summary_MR_GxE	causal_effect	0.4835072061655665	0.04764809087685887	3.4009177562685405e-24	0.5	0.04377921728463796	
constant_effect_directional_pleiotropy	445	PlantMR	environment_slope	-0.11156938201677552	0.021773063257185764	2.988145163298539e-07		0.7763114608191605	
constant_effect_directional_pleiotropy	445	summary_MR_GxE	causal_effect	0.4307365848897846	0.04355447497289534	4.618432656596131e-23	0.5	0.06005501831766841	
constant_effect_directional_pleiotropy	446	PlantMR	environment_slope	-0.07550432865592815	0.022046216205455015	0.0006152062052873435		0.7311949664950542	
constant_effect_directional_pleiotropy	446	summary_MR_GxE	causal_effect	0.4926034788459621	0.04426046525926836	8.998833269331268e-29	0.5	0.042584555343475716	
constant_effect_directional_pleiotropy	447	PlantMR	environment_slope	-0.07752235545334085	0.022158159431039326	0.00046772200298937747		0.7302671598308775	
constant_effect_directional_pleiotropy	447	summary_MR_GxE	causal_effect	0.47909048184797565	0.043747037599987104	6.544208413291355e-28	0.5	0.04591819075462472	
constant_effect_directional_pleiotropy	448	PlantMR	environment_slope	-0.07123458486619783	0.02156067134801138	0.0009534537631164166		0.7088451316620404	
constant_effect_directional_pleiotropy	448	summary_MR_GxE	causal_effect	0.4766154714163241	0.04354166009339252	6.929835412865494e-28	0.5	0.043607695476930664	
constant_effect_directional_pleiotropy	449	PlantMR	environment_slope	-0.056331621709879764	0.02268163885331365	0.01300698059343971		0.693743040128757	
constant_effect_directional_pleiotropy	449	summary_MR_GxE	causal_effect	0.5275606969413293	0.04434545702513325	1.2324995007903351e-32	0.5	0.02760402265744355	
constant_effect_directional_pleiotropy	450	PlantMR	environment_slope	-0.07430185813853007	0.023108658417694043	0.001302966965920493		0.7249329584714889	
constant_effect_directional_pleiotropy	450	summary_MR_GxE	causal_effect	0.5091618786977886	0.04642650759848127	5.5038257292773e-28	0.5	0.03572403270771435	
constant_effect_directional_pleiotropy	451	PlantMR	environment_slope	-0.040949397132493404	0.022503884638950332	0.06881094453028888		0.6509931948758702	
constant_effect_directional_pleiotropy	451	summary_MR_GxE	causal_effect	0.5030352052343486	0.045084321274131756	6.570336087593151e-29	0.5	0.028873925318200794	
constant_effect_directional_pleiotropy	452	PlantMR	environment_slope	-0.03440404816318171	0.02352845671537321	0.1436778102416536		0.6985610182365781	
constant_effect_directional_pleiotropy	452	summary_MR_GxE	causal_effect	0.5406092223598725	0.04780446267929883	1.1875517352818212e-29	0.5	0.034525667436673624	
constant_effect_directional_pleiotropy	453	PlantMR	environment_slope	-0.10365827801715993	0.022622714437214173	4.60452484274971e-06		0.7962643224271778	
constant_effect_directional_pleiotropy	453	summary_MR_GxE	causal_effect	0.49605948011364753	0.04390595963185094	1.338945722778166e-29	0.5	0.0500608456520355	
constant_effect_directional_pleiotropy	454	PlantMR	environment_slope	-0.08470233077687889	0.02272141624426742	0.00019311016931824549		0.7226437338862832	
constant_effect_directional_pleiotropy	454	summary_MR_GxE	causal_effect	0.41876517173434336	0.044060621545048986	2.01406443587907e-21	0.5	0.0588034694032023	
constant_effect_directional_pleiotropy	455	PlantMR	environment_slope	-0.053033896768586664	0.022038872636256143	0.016111507308922822		0.7030088682333145	
constant_effect_directional_pleiotropy	455	summary_MR_GxE	causal_effect	0.5539561167869904	0.04352088321565835	4.105856338321297e-37	0.5	0.0251451424183613	
constant_effect_directional_pleiotropy	456	PlantMR	environment_slope	-0.06139525024041764	0.02249319474400282	0.00634298060515439		0.7223475167725872	
constant_effect_directional_pleiotropy	456	summary_MR_GxE	causal_effect	0.5094221952224052	0.044530699188729234	2.6450120862893496e-30	0.5	0.04077215675608531	
constant_effect_directional_pleiotropy	457	PlantMR	environment_slope	-0.076878820424987	0.022907068221928947	0.0007904487950690985		0.6876930575660449	
constant_effect_directional_pleiotropy	457	summary_MR_GxE	causal_effect	0.4281691969295385	0.04536635676129596	3.798407663744758e-21	0.5	0.048743601317976615	
constant_effect_directional_pleiotropy	458	PlantMR	environment_slope	-0.04503817678868682	0.022715122484464164	0.04739650452329677		0.699005742959896	
constant_effect_directional_pleiotropy	458	summary_MR_GxE	causal_effect	0.5321706622020747	0.045862490437545124	3.950335251759713e-31	0.5	0.03346188036854186	
constant_effect_directional_pleiotropy	459	PlantMR	environment_slope	-0.06825719575356642	0.021178038431874845	0.0012684765170041343		0.6693258630949651	
constant_effect_directional_pleiotropy	459	summary_MR_GxE	causal_effect	0.46352285424680073	0.043391456194656876	1.2311091793556036e-26	0.5	0.035869185809792314	
constant_effect_directional_pleiotropy	460	PlantMR	environment_slope	-0.0398035537092673	0.022488473657444698	0.07673487953502499		0.6935806406397258	
constant_effect_directional_pleiotropy	460	summary_MR_GxE	causal_effect	0.5730926495071612	0.04562502252347773	3.462451393278357e-36	0.5	0.020745354166734176	
constant_effect_directional_pleiotropy	461	PlantMR	environment_slope	-0.039617483294738465	0.020715468054790732	0.05581734678963708		0.6379992131556905	
constant_effect_directional_pleiotropy	461	summary_MR_GxE	causal_effect	0.5022169216251806	0.04319148736676657	2.9807890617346257e-31	0.5	0.02728253070741271	
constant_effect_directional_pleiotropy	462	PlantMR	environment_slope	-0.072609343319469	0.02165776620085933	0.00080062773858961		0.6952117639128054	
constant_effect_directional_pleiotropy	462	summary_MR_GxE	causal_effect	0.45717169298059734	0.043629815399632274	1.0853762704651136e-25	0.5	0.044300073207922064	
constant_effect_directional_pleiotropy	463	PlantMR	environment_slope	-0.0499672223735243	0.023315775641123634	0.03210788059854709		0.7149253540750887	
constant_effect_directional_pleiotropy	463	summary_MR_GxE	causal_effect	0.5402591567114724	0.04763860844933487	8.24031327015986e-30	0.5	0.033320117878644806	
constant_effect_directional_pleiotropy	464	PlantMR	environment_slope	-0.08628810661674624	0.022368256755306275	0.00011449915058819459		0.7230607726479812	
constant_effect_directional_pleiotropy	464	summary_MR_GxE	causal_effect	0.4524453005705802	0.04375475342202972	4.622002190924314e-25	0.5	0.048198755058681986	
constant_effect_directional_pleiotropy	465	PlantMR	environment_slope	-0.07905056914118797	0.023173587230586865	0.000646691518020925		0.728755602583746	
constant_effect_directional_pleiotropy	465	summary_MR_GxE	causal_effect	0.4646938429581511	0.048022345759635404	3.7905175154439124e-22	0.5	0.046258476990801156	
constant_effect_directional_pleiotropy	466	PlantMR	environment_slope	-0.06653807088782054	0.022028068083851	0.0025227104378118485		0.6835961737985716	
constant_effect_directional_pleiotropy	466	summary_MR_GxE	causal_effect	0.45284909824621133	0.04502745691185956	8.541252562284022e-24	0.5	0.044649201379622305	
constant_effect_directional_pleiotropy	467	PlantMR	environment_slope	-0.046707564956459224	0.022121151080313064	0.034734192766161104		0.7167057104466704	
constant_effect_directional_pleiotropy	467	summary_MR_GxE	causal_effect	0.5429231101508252	0.04509843582920112	2.2263831124223084e-33	0.5	0.03501885407091976	
constant_effect_directional_pleiotropy	468	PlantMR	environment_slope	-0.056188229432252546	0.021555496342769345	0.009142539824634113		0.6648376180784247	
constant_effect_directional_pleiotropy	468	summary_MR_GxE	causal_effect	0.47223231564103174	0.04411452084748658	9.675287947561408e-27	0.5	0.037388812718196274	
constant_effect_directional_pleiotropy	469	PlantMR	environment_slope	-0.03624099743469816	0.022223870954264563	0.10294859197110084		0.6557736988311292	
constant_effect_directional_pleiotropy	469	summary_MR_GxE	causal_effect	0.5199190499633393	0.04465445736396266	2.486260254175831e-31	0.5	0.029369083483484493	
constant_effect_directional_pleiotropy	470	PlantMR	environment_slope	-0.05067755993255618	0.02187357309305077	0.020512471988278904		0.7083777550745656	
constant_effect_directional_pleiotropy	470	summary_MR_GxE	causal_effect	0.5282692522978905	0.044198796895379075	6.329110466596199e-33	0.5	0.036257832895715825	
constant_effect_directional_pleiotropy	471	PlantMR	environment_slope	-0.10511773722682427	0.02261789768058001	3.3590595485377736e-06		0.7888855096224703	
constant_effect_directional_pleiotropy	471	summary_MR_GxE	causal_effect	0.4601512373530201	0.04427352502010601	2.657854945811051e-25	0.5	0.05876209023619089	
constant_effect_directional_pleiotropy	472	PlantMR	environment_slope	-0.09996604342486637	0.0215555296705594	3.5246867410133107e-06		0.7620202158710206	
constant_effect_directional_pleiotropy	472	summary_MR_GxE	causal_effect	0.428691820650429	0.042444998913529985	5.527761431897245e-24	0.5	0.06389493151571052	
constant_effect_directional_pleiotropy	473	PlantMR	environment_slope	-0.05572286087545886	0.023850849950098507	0.019475349191065413		0.6866181502672203	
constant_effect_directional_pleiotropy	473	summary_MR_GxE	causal_effect	0.5037514366623629	0.04813011377234074	1.231758253183095e-25	0.5	0.03288105503782998	
constant_effect_directional_pleiotropy	474	PlantMR	environment_slope	-0.08561293615890403	0.02307395880517456	0.00020695613889687087		0.7210156626026142	
constant_effect_directional_pleiotropy	474	summary_MR_GxE	causal_effect	0.48749344511108195	0.045135242284486614	3.414876560717446e-27	0.5	0.03539868182804398	
constant_effect_directional_pleiotropy	475	PlantMR	environment_slope	-0.07672902809433968	0.022042888321727835	0.0004997372641140851		0.7185146795954855	
constant_effect_directional_pleiotropy	475	summary_MR_GxE	causal_effect	0.4633417130202765	0.04534173558977895	1.6321727710469764e-24	0.5	0.04702629721087964	
constant_effect_directional_pleiotropy	476	PlantMR	environment_slope	-0.06352088222052543	0.022595898355550967	0.0049361896805814025		0.7383490595124118	
constant_effect_directional_pleiotropy	476	summary_MR_GxE	causal_effect	0.5155971512413922	0.0435506776843912	2.4531543808960658e-32	0.5	0.0438639798099692	
constant_effect_directional_pleiotropy	477	PlantMR	environment_slope	-0.0971598984758607	0.02157586719826496	6.694581943423845e-06		0.7541789835915458	
constant_effect_directional_pleiotropy	477	summary_MR_GxE	causal_effect	0.4459187595034334	0.04328933793999851	6.9811524498403355e-25	0.5	0.0560717270343295	
constant_effect_directional_pleiotropy	478	PlantMR	environment_slope	-0.0786274966360328	0.02250068423237411	0.00047504111325786104		0.7262924284704031	
constant_effect_directional_pleiotropy	478	summary_MR_GxE	causal_effect	0.47129174305991206	0.045016424591395	1.1948740778750774e-25	0.5	0.04685301008453768	
constant_effect_directional_pleiotropy	479	PlantMR	environment_slope	-0.06976384104959693	0.023563000852597764	0.003069042043993527		0.6759357584781067	
constant_effect_directional_pleiotropy	479	summary_MR_GxE	causal_effect	0.47434640293091235	0.04724921067144459	1.0245530495476558e-23	0.5	0.03182390564858087	
constant_effect_directional_pleiotropy	480	PlantMR	environment_slope	-0.05340042406912088	0.02133655409680984	0.012322662942311957		0.7097861819878819	
constant_effect_directional_pleiotropy	480	summary_MR_GxE	causal_effect	0.5306607906070309	0.04309948462633069	7.761819693757258e-35	0.5	0.03575120375970281	
constant_effect_directional_pleiotropy	481	PlantMR	environment_slope	-0.02130835768978412	0.021879376422195652	0.33010544496614147		0.6759594973452633	
constant_effect_directional_pleiotropy	481	summary_MR_GxE	causal_effect	0.5900784070486107	0.044693998467501016	8.472245594118342e-40	0.5	0.01942105799340499	
constant_effect_directional_pleiotropy	482	PlantMR	environment_slope	-0.15805699290378972	0.023610651403736634	2.166933112036999e-11		0.8562681537878589	
constant_effect_directional_pleiotropy	482	summary_MR_GxE	causal_effect	0.3510106841522942	0.04647349910937243	4.2560199322886536e-14	0.5	0.08757760924046071	
constant_effect_directional_pleiotropy	483	PlantMR	environment_slope	-0.058468634796857766	0.022686921831357416	0.009960557280995486		0.7436506002435461	
constant_effect_directional_pleiotropy	483	summary_MR_GxE	causal_effect	0.5513283694059924	0.04515895827773439	2.7960576125075032e-34	0.5	0.03509395618882405	
constant_effect_directional_pleiotropy	484	PlantMR	environment_slope	-0.03539475369208461	0.022735239861502898	0.119512417082139		0.6601185170833176	
constant_effect_directional_pleiotropy	484	summary_MR_GxE	causal_effect	0.5236504403722282	0.04514263116441262	4.125137883372424e-31	0.5	0.028430562500800782	
constant_effect_directional_pleiotropy	485	PlantMR	environment_slope	-0.03935380530773924	0.022870485923673425	0.08530082955792731		0.7153950031500005	
constant_effect_directional_pleiotropy	485	summary_MR_GxE	causal_effect	0.5654407870762358	0.04548058284420458	1.7393820879954412e-35	0.5	0.030820719626880655	
constant_effect_directional_pleiotropy	486	PlantMR	environment_slope	-0.04507341525395764	0.02155261327000754	0.036499371233573795		0.6545174535230573	
constant_effect_directional_pleiotropy	486	summary_MR_GxE	causal_effect	0.5105169032170391	0.043511851674235616	8.652283877755218e-32	0.5	0.02630285115434633	
constant_effect_directional_pleiotropy	487	PlantMR	environment_slope	-0.03683977550879536	0.021275032169552625	0.0833453940945976		0.6396742245734016	
constant_effect_directional_pleiotropy	487	summary_MR_GxE	causal_effect	0.4888957811048801	0.04163504957428225	7.725407341327201e-32	0.5	0.03500579615505911	
constant_effect_directional_pleiotropy	488	PlantMR	environment_slope	-0.052232418764019295	0.021885465207241914	0.017003782729234616		0.7088598411520782	
constant_effect_directional_pleiotropy	488	summary_MR_GxE	causal_effect	0.5215882121115679	0.04322996033219039	1.6081331964430657e-33	0.5	0.03826462956620735	
constant_effect_directional_pleiotropy	489	PlantMR	environment_slope	-0.05672604441459439	0.023882800368081294	0.017540205823837206		0.7579162630878301	
constant_effect_directional_pleiotropy	489	summary_MR_GxE	causal_effect	0.573288374164289	0.04492933480391705	2.7498078243166898e-37	0.5	0.03376040049566853	
constant_effect_directional_pleiotropy	490	PlantMR	environment_slope	-0.05188497906365619	0.02202631456906321	0.01849328782912005		0.6600215166316548	
constant_effect_directional_pleiotropy	490	summary_MR_GxE	causal_effect	0.4630925888356425	0.044094108454696954	8.423923464359581e-26	0.5	0.041859070647385366	
constant_effect_directional_pleiotropy	491	PlantMR	environment_slope	-0.10136978094340027	0.02299686613926697	1.0433802673069697e-05		0.7391607952038005	
constant_effect_directional_pleiotropy	491	summary_MR_GxE	causal_effect	0.4229661802890685	0.045844044906727804	2.8041170765061836e-20	0.5	0.05307833260949671	
constant_effect_directional_pleiotropy	492	PlantMR	environment_slope	-0.03571391511500266	0.021413830273128612	0.09535609444682806		0.664177293851191	
constant_effect_directional_pleiotropy	492	summary_MR_GxE	causal_effect	0.5412143503800178	0.043715123108097956	3.333295811596143e-35	0.5	0.02569597464783102	
constant_effect_directional_pleiotropy	493	PlantMR	environment_slope	-0.08497704904096481	0.022443806287719772	0.00015296008364091638		0.7682850758613871	
constant_effect_directional_pleiotropy	493	summary_MR_GxE	causal_effect	0.4975463939122611	0.04497209764804302	1.8870440669739392e-28	0.5	0.04910614714162764	
constant_effect_directional_pleiotropy	494	PlantMR	environment_slope	-0.07968040278588495	0.023227904362456853	0.0006027494917874243		0.7915286173462216	
constant_effect_directional_pleiotropy	494	summary_MR_GxE	causal_effect	0.5424681061542681	0.045447391512723985	7.666676238970559e-33	0.5	0.04155478177781624	
constant_effect_directional_pleiotropy	495	PlantMR	environment_slope	-0.0776283269740698	0.02366060533807889	0.0010347259580703264		0.7261595116376302	
constant_effect_directional_pleiotropy	495	summary_MR_GxE	causal_effect	0.4831873671098067	0.046249766200403775	1.5068098427248518e-25	0.5	0.04247579941489335	
constant_effect_directional_pleiotropy	496	PlantMR	environment_slope	-0.057861070867448516	0.022059299579803508	0.008716474571468374		0.6591148778282385	
constant_effect_directional_pleiotropy	496	summary_MR_GxE	causal_effect	0.44830023211914793	0.045161654332310786	3.190481801287968e-23	0.5	0.0413716687905393	
constant_effect_directional_pleiotropy	497	PlantMR	environment_slope	-0.0701732280856801	0.02218598662765713	0.0015617766143954388		0.7005892237557333	
constant_effect_directional_pleiotropy	497	summary_MR_GxE	causal_effect	0.4655309315801719	0.044932968077915435	3.7474226166025527e-25	0.5	0.04377608165159669	
constant_effect_directional_pleiotropy	498	PlantMR	environment_slope	-0.07454934095414129	0.0205297903146201	0.0002820230541767516		0.7122941396188888	
constant_effect_directional_pleiotropy	498	summary_MR_GxE	causal_effect	0.477125986590343	0.04273263642154208	6.023525588661039e-29	0.5	0.04471350356053072	
constant_effect_directional_pleiotropy	499	PlantMR	environment_slope	-0.06517922627482348	0.022385572930932098	0.0035951121048131054		0.6540884893966035	
constant_effect_directional_pleiotropy	499	summary_MR_GxE	causal_effect	0.4734886942700808	0.04419602970880739	8.808942738784443e-27	0.5	0.02910971703615592	
constant_effect_directional_pleiotropy	500	PlantMR	environment_slope	-0.02794716745714232	0.022956028304004294	0.22344380336677178		0.6925821433425436	
constant_effect_directional_pleiotropy	500	summary_MR_GxE	causal_effect	0.5845176555241822	0.04574084991385098	2.150955488768612e-37	0.5	0.02242874570104214	
environment_effect_heterogeneity	1	PlantMR	environment_slope	0.24256723006628134	0.022802854518244316	1.9923298054928666e-26	0.25	0.47373720051793167	
environment_effect_heterogeneity	1	summary_MR_GxE	causal_effect	1.1665127275248413	0.04699335540678097	5.0707746172809775e-136		-0.10555145937937827	
environment_effect_heterogeneity	2	PlantMR	environment_slope	0.2601216774918993	0.02157592451304156	1.800940490305442e-33	0.25	0.504107130338004	
environment_effect_heterogeneity	2	summary_MR_GxE	causal_effect	1.2648964351030383	0.045236896871011456	4.7632995284586624e-172		-0.12171233170754125	
environment_effect_heterogeneity	3	PlantMR	environment_slope	0.23060043025029853	0.021630212071581327	1.5486568247110343e-26	0.25	0.46910060317689584	
environment_effect_heterogeneity	3	summary_MR_GxE	causal_effect	1.1030970168784182	0.04454499852659684	2.2097237972133018e-135		-0.09597676272687489	
environment_effect_heterogeneity	4	PlantMR	environment_slope	0.23007310734601438	0.021906636641950233	8.417690916613128e-26	0.25	0.4652665146974193	
environment_effect_heterogeneity	4	summary_MR_GxE	causal_effect	1.1294311538294202	0.04544650689201712	2.467623561497316e-136		-0.10317190549327421	
environment_effect_heterogeneity	5	PlantMR	environment_slope	0.2196361783137024	0.021207096178441916	3.900683222127267e-25	0.25	0.5395706049240705	
environment_effect_heterogeneity	5	summary_MR_GxE	causal_effect	1.1717375565432322	0.044268240748657824	2.2034900418064435e-154		-0.10148083825351567	
environment_effect_heterogeneity	6	PlantMR	environment_slope	0.24995430293007959	0.02215720052893312	1.6297375089025948e-29	0.25	0.4652898186462673	
environment_effect_heterogeneity	6	summary_MR_GxE	causal_effect	1.1827840786740769	0.04750037338839376	7.343977726182193e-137		-0.10714877470399925	
environment_effect_heterogeneity	7	PlantMR	environment_slope	0.20818471621748635	0.02197080835502694	2.6544894325206423e-21	0.25	0.5630277851558749	
environment_effect_heterogeneity	7	summary_MR_GxE	causal_effect	1.1428618298610762	0.04485089222237591	3.1723909630439346e-143		-0.08666074279757535	
environment_effect_heterogeneity	8	PlantMR	environment_slope	0.24895075252367183	0.0211392545965129	5.146620694642466e-32	0.25	0.4745436004653343	
environment_effect_heterogeneity	8	summary_MR_GxE	causal_effect	1.189394151794739	0.04394353213901636	2.4477638088878983e-161		-0.11465613050428958	
environment_effect_heterogeneity	9	PlantMR	environment_slope	0.24209330446333588	0.022209121626439895	1.1446839805197166e-27	0.25	0.5012840891613137	
environment_effect_heterogeneity	9	summary_MR_GxE	causal_effect	1.178332368193764	0.04747830073706332	5.684300169204384e-136		-0.09811988641605446	
environment_effect_heterogeneity	10	PlantMR	environment_slope	0.22639698082193405	0.022530544080168004	9.33264244572091e-24	0.25	0.5705726670662121	
environment_effect_heterogeneity	10	summary_MR_GxE	causal_effect	1.2333329717636263	0.047020844451964215	1.2251204395826901e-151		-0.10230038360308319	
environment_effect_heterogeneity	11	PlantMR	environment_slope	0.24663740706604542	0.02248109998619233	5.275753438837344e-28	0.25	0.5117724373053787	
environment_effect_heterogeneity	11	summary_MR_GxE	causal_effect	1.2045954193807338	0.04667053337795732	6.738746290541501e-147		-0.10375086516807591	
environment_effect_heterogeneity	12	PlantMR	environment_slope	0.24990244167151787	0.021798465582184526	1.995454688651656e-30	0.25	0.4765187384396956	
environment_effect_heterogeneity	12	summary_MR_GxE	causal_effect	1.1794902701692238	0.04558594799704307	1.3071696062984943e-147		-0.10705586029017583	
environment_effect_heterogeneity	13	PlantMR	environment_slope	0.2102467739917172	0.022190898333239062	2.6814454222995852e-21	0.25	0.5076296830431997	
environment_effect_heterogeneity	13	summary_MR_GxE	causal_effect	1.1296775585317416	0.0471879081356119	1.1750743343946564e-126		-0.09655574521514337	
environment_effect_heterogeneity	14	PlantMR	environment_slope	0.24415788730558163	0.022455732492423813	1.5526753129704533e-27	0.25	0.48798861822640616	
environment_effect_heterogeneity	14	summary_MR_GxE	causal_effect	1.1864132571291166	0.04557416355709587	2.1187880828862066e-149		-0.10689628155610428	
environment_effect_heterogeneity	15	PlantMR	environment_slope	0.25987166584729204	0.021272722823380923	2.5474025240355014e-34	0.25	0.47018092203827955	
environment_effect_heterogeneity	15	summary_MR_GxE	causal_effect	1.2238058200108062	0.044867531460854995	8.176943268108425e-164		-0.12320883440214198	
environment_effect_heterogeneity	16	PlantMR	environment_slope	0.2715054328859622	0.021873803729647576	2.2396477729421364e-35	0.25	0.4754557264603474	
environment_effect_heterogeneity	16	summary_MR_GxE	causal_effect	1.2534070246142675	0.04662639160839646	3.5734761862201605e-159		-0.12010851554107255	
environment_effect_heterogeneity	17	PlantMR	environment_slope	0.25049666441114404	0.021610745764392234	4.5614936750293005e-31	0.25	0.48837769895232674	
environment_effect_heterogeneity	17	summary_MR_GxE	causal_effect	1.1877110363517143	0.0446245652541715	4.475539082889389e-156		-0.10716042822999544	
environment_effect_heterogeneity	18	PlantMR	environment_slope	0.2417150089696184	0.021898086111064852	2.500474311637323e-28	0.25	0.46378048998129273	
environment_effect_heterogeneity	18	summary_MR_GxE	causal_effect	1.1716739347674108	0.04669676600072792	6.217760928626079e-139		-0.11125084350823047	
environment_effect_heterogeneity	19	PlantMR	environment_slope	0.2873970679920139	0.021811215284003815	1.197063270833999e-39	0.25	0.4880867561157105	
environment_effect_heterogeneity	19	summary_MR_GxE	causal_effect	1.3308162817102143	0.04600633695889456	5.495432061513826e-184		-0.1358651427400785	
environment_effect_heterogeneity	20	PlantMR	environment_slope	0.24211936822154756	0.022003901359763316	3.6768595248091024e-28	0.25	0.5163017212518535	
environment_effect_heterogeneity	20	summary_MR_GxE	causal_effect	1.231702461215949	0.047638154895685215	2.1168831495909133e-147		-0.11171824756569426	
environment_effect_heterogeneity	21	PlantMR	environment_slope	0.24925003572550364	0.02226321929713492	4.285050585044729e-29	0.25	0.42597814577515525	
environment_effect_heterogeneity	21	summary_MR_GxE	causal_effect	1.1124215022810064	0.045849281074074634	4.8716568732730385e-130		-0.1015227141308448	
environment_effect_heterogeneity	22	PlantMR	environment_slope	0.24235901794877424	0.021444920477921826	1.290470331193459e-29	0.25	0.5409925456828573	
environment_effect_heterogeneity	22	summary_MR_GxE	causal_effect	1.2471942832642409	0.04623536057631804	2.9121738519783035e-160		-0.11423939933385696	
environment_effect_heterogeneity	23	PlantMR	environment_slope	0.2512589285099167	0.0215009268640268	1.5037440343137888e-31	0.25	0.498853163667371	
environment_effect_heterogeneity	23	summary_MR_GxE	causal_effect	1.2260605731593133	0.0452624470329574	1.3705835362902788e-161		-0.11502101563570133	
environment_effect_heterogeneity	24	PlantMR	environment_slope	0.24299424293256733	0.022557846967515862	4.66499634297753e-27	0.25	0.5116361679150456	
environment_effect_heterogeneity	24	summary_MR_GxE	causal_effect	1.2317527790905631	0.04775874653621333	1.1146172618303368e-146		-0.11242182791566702	
environment_effect_heterogeneity	25	PlantMR	environment_slope	0.23654355099249158	0.02273071802961197	2.319723320961297e-25	0.25	0.5022728153202998	
environment_effect_heterogeneity	25	summary_MR_GxE	causal_effect	1.1941865309980169	0.047510350956647025	2.0467274407947674e-139		-0.1056158751565045	
environment_effect_heterogeneity	26	PlantMR	environment_slope	0.2626700230550765	0.021789632429572138	1.8293920943497854e-33	0.25	0.5049484789072343	
environment_effect_heterogeneity	26	summary_MR_GxE	causal_effect	1.2720847709050283	0.046430719104188875	2.938713516517171e-165		-0.12140226969393947	
environment_effect_heterogeneity	27	PlantMR	environment_slope	0.23292360107700294	0.021535554405115353	2.8984864376885684e-27	0.25	0.5553188009128984	
environment_effect_heterogeneity	27	summary_MR_GxE	causal_effect	1.188513849055735	0.04532334525700217	1.4531631679731786e-151		-0.09370978511071043	
environment_effect_heterogeneity	28	PlantMR	environment_slope	0.2698904364173471	0.021990257979164735	1.2619474990585899e-34	0.25	0.4392925124328373	
environment_effect_heterogeneity	28	summary_MR_GxE	causal_effect	1.2135850602837062	0.04600206190382471	2.2578033387615372e-153		-0.11877698533060396	
environment_effect_heterogeneity	29	PlantMR	environment_slope	0.24761405071710718	0.021503766220959834	1.1096827965308927e-30	0.25	0.5119899257324327	
environment_effect_heterogeneity	29	summary_MR_GxE	causal_effect	1.2122386851085518	0.04545866156447009	1.1417734741096355e-156		-0.10841502172687983	
environment_effect_heterogeneity	30	PlantMR	environment_slope	0.2682299593043157	0.02170581216919962	4.4364530982866393e-35	0.25	0.47594653318088564	
environment_effect_heterogeneity	30	summary_MR_GxE	causal_effect	1.224366239606097	0.045198992547067364	1.3505715797103495e-161		-0.11544788130332856	
environment_effect_heterogeneity	31	PlantMR	environment_slope	0.23159948318834167	0.022148215497212898	1.363826115141621e-25	0.25	0.5097985648570567	
environment_effect_heterogeneity	31	summary_MR_GxE	causal_effect	1.1567805603427788	0.0463678832643562	2.2513406308195463e-137		-0.0986055736634523	
environment_effect_heterogeneity	32	PlantMR	environment_slope	0.2669476128114976	0.022098526431611327	1.3491163262898605e-33	0.25	0.4475085633214879	
environment_effect_heterogeneity	32	summary_MR_GxE	causal_effect	1.2524192402676393	0.04809360432941209	1.6887388239179815e-149		-0.12865103836547379	
environment_effect_heterogeneity	33	PlantMR	environment_slope	0.26205355433820243	0.0217455924672694	1.9188714789696047e-33	0.25	0.46903877684647877	
environment_effect_heterogeneity	33	summary_MR_GxE	causal_effect	1.2164586955944274	0.0458633533964952	5.187448088932758e-155		-0.1169756113601935	
environment_effect_heterogeneity	34	PlantMR	environment_slope	0.2870106140007823	0.02312851228697952	2.3243115985310572e-35	0.25	0.45902205399342244	
environment_effect_heterogeneity	34	summary_MR_GxE	causal_effect	1.2738065045961104	0.04855900951759692	1.143009835773695e-151		-0.1203545088596169	
environment_effect_heterogeneity	35	PlantMR	environment_slope	0.21449941736671718	0.022743634935600745	4.054836852962857e-21	0.25	0.5160612457472209	
environment_effect_heterogeneity	35	summary_MR_GxE	causal_effect	1.1221538871491137	0.04679757528387334	4.618356188232872e-127		-0.09091256708369388	
environment_effect_heterogeneity	36	PlantMR	environment_slope	0.3075150299181363	0.022177535340070727	1.0171270616179873e-43	0.25	0.4269086531935675	
environment_effect_heterogeneity	36	summary_MR_GxE	causal_effect	1.2817792342119283	0.04706252263412208	2.4569147957150746e-163		-0.12781009441257302	
environment_effect_heterogeneity	37	PlantMR	environment_slope	0.27007929534862074	0.022485710512591593	3.1048798713534586e-33	0.25	0.434016085837025	
environment_effect_heterogeneity	37	summary_MR_GxE	causal_effect	1.2162911671461494	0.04796415232400292	7.271716392523896e-142		-0.11826353807504547	
environment_effect_heterogeneity	38	PlantMR	environment_slope	0.2570653178914124	0.022105755598275077	2.9390709735310918e-31	0.25	0.4809498283431535	
environment_effect_heterogeneity	38	summary_MR_GxE	causal_effect	1.2287495247662408	0.04784460754369255	1.8531098891914138e-145		-0.11357024627291623	
environment_effect_heterogeneity	39	PlantMR	environment_slope	0.23042010260635915	0.022412860281097343	8.609160503152975e-25	0.25	0.5288894173413596	
environment_effect_heterogeneity	39	summary_MR_GxE	causal_effect	1.172754882347664	0.04606885332769475	5.971195260809247e-143		-0.09772847433295934	
environment_effect_heterogeneity	40	PlantMR	environment_slope	0.27607980277698785	0.02315161659650977	8.783082021057687e-33	0.25	0.44544879659270187	
environment_effect_heterogeneity	40	summary_MR_GxE	causal_effect	1.265099718362263	0.05059958969895645	5.789561944857679e-138		-0.12246057657920961	
environment_effect_heterogeneity	41	PlantMR	environment_slope	0.27670186450757916	0.020311300313833446	2.921078530602914e-42	0.25	0.4854514074042271	
environment_effect_heterogeneity	41	summary_MR_GxE	causal_effect	1.2743164908710276	0.04333589004844244	4.661347475634105e-190		-0.13135817003128725	
environment_effect_heterogeneity	42	PlantMR	environment_slope	0.25789388854995476	0.022521574679188253	2.325273068028122e-30	0.25	0.4896308897093866	
environment_effect_heterogeneity	42	summary_MR_GxE	causal_effect	1.2008521360533042	0.04647350027309297	3.1927119169000536e-147		-0.10561997938782558	
environment_effect_heterogeneity	43	PlantMR	environment_slope	0.24289033742971822	0.02121537996770985	2.3846266784290097e-30	0.25	0.47939758817284295	
environment_effect_heterogeneity	43	summary_MR_GxE	causal_effect	1.1614950508918778	0.04487930743962742	1.1066442796096682e-147		-0.1051847053956721	
environment_effect_heterogeneity	44	PlantMR	environment_slope	0.27357847367951094	0.02136501824093226	1.537800408578926e-37	0.25	0.46188439725292874	
environment_effect_heterogeneity	44	summary_MR_GxE	causal_effect	1.2051979392877556	0.04408210854137085	1.4261377413487263e-164		-0.11311420118914783	
environment_effect_heterogeneity	45	PlantMR	environment_slope	0.24569039171591545	0.022939297858421304	9.091069891688732e-27	0.25	0.5321551056643168	
environment_effect_heterogeneity	45	summary_MR_GxE	causal_effect	1.2081103690157993	0.04712476565550341	5.992185547114096e-145		-0.09907699779351342	
environment_effect_heterogeneity	46	PlantMR	environment_slope	0.19313548027270167	0.02202547367743953	1.8068922607659822e-18	0.25	0.565602190556397	
environment_effect_heterogeneity	46	summary_MR_GxE	causal_effect	1.1132675275347335	0.04757073700484012	4.0435230421536545e-121		-0.08134203722761058	
environment_effect_heterogeneity	47	PlantMR	environment_slope	0.24757594787229897	0.021286045813184523	2.8704268139314366e-31	0.25	0.4612272975716847	
environment_effect_heterogeneity	47	summary_MR_GxE	causal_effect	1.1337676835298947	0.043162736902308756	4.537529796483054e-152		-0.10362824991532893	
environment_effect_heterogeneity	48	PlantMR	environment_slope	0.2513336532506316	0.022194679402794695	9.975477275828138e-30	0.25	0.4943869218307584	
environment_effect_heterogeneity	48	summary_MR_GxE	causal_effect	1.2451683982534276	0.04762039871986028	1.044118149248085e-150		-0.1180404007999008	
environment_effect_heterogeneity	49	PlantMR	environment_slope	0.25227416537176517	0.021027127601419743	3.659381572165778e-33	0.25	0.4681919706367281	
environment_effect_heterogeneity	49	summary_MR_GxE	causal_effect	1.2114542348933155	0.04542818488839043	1.1229584073548989e-156		-0.12180466854120969	
environment_effect_heterogeneity	50	PlantMR	environment_slope	0.2538334739994378	0.021968932268402738	7.029769400127506e-31	0.25	0.4610923969157714	
environment_effect_heterogeneity	50	summary_MR_GxE	causal_effect	1.1937534020740954	0.04597466238702585	1.2164283878525363e-148		-0.1154215090629287	
environment_effect_heterogeneity	51	PlantMR	environment_slope	0.2756090681824269	0.0219010722685844	2.5770498069388637e-36	0.25	0.4320298687760302	
environment_effect_heterogeneity	51	summary_MR_GxE	causal_effect	1.2223822788496186	0.04659989837609786	1.1641818494277776e-151		-0.12171306708223473	
environment_effect_heterogeneity	52	PlantMR	environment_slope	0.2685862347583289	0.02084858411940866	5.632357072247884e-38	0.25	0.4550965395125244	
environment_effect_heterogeneity	52	summary_MR_GxE	causal_effect	1.2439149070558404	0.04454561020792553	1.3444562881645422e-171		-0.1313994887637563	
environment_effect_heterogeneity	53	PlantMR	environment_slope	0.2536455494535207	0.021013402705559767	1.5092687216231365e-33	0.25	0.5172471406323009	
environment_effect_heterogeneity	53	summary_MR_GxE	causal_effect	1.2314257023192556	0.04311274881391713	1.941777589925075e-179		-0.11528647759864957	
environment_effect_heterogeneity	54	PlantMR	environment_slope	0.24630742064851707	0.021904711410221624	2.4650300208936945e-29	0.25	0.5182315611575952	
environment_effect_heterogeneity	54	summary_MR_GxE	causal_effect	1.1998191781980925	0.04538994392973053	5.6344820737688603e-154		-0.1044800158408355	
environment_effect_heterogeneity	55	PlantMR	environment_slope	0.27134865623842175	0.021743461230876754	9.652816772157638e-36	0.25	0.4491573854608173	
environment_effect_heterogeneity	55	summary_MR_GxE	causal_effect	1.2176466672781356	0.045076374125235255	1.0407185058036863e-160		-0.11990306675807885	
environment_effect_heterogeneity	56	PlantMR	environment_slope	0.28214211404875567	0.021270721550728688	3.7268022884732586e-40	0.25	0.4459805576082865	
environment_effect_heterogeneity	56	summary_MR_GxE	causal_effect	1.2485259032289153	0.045941932893445975	1.2424955700781712e-162		-0.1248304024874658	
environment_effect_heterogeneity	57	PlantMR	environment_slope	0.23988216104044113	0.02043011073320934	7.799795805797515e-32	0.25	0.4997570028740159	
environment_effect_heterogeneity	57	summary_MR_GxE	causal_effect	1.228504910407366	0.0449618753664554	2.2453985987328114e-164		-0.12270301018979635	
environment_effect_heterogeneity	58	PlantMR	environment_slope	0.23867553888990511	0.024120703672285967	4.373972304008351e-23	0.25	0.5361912305277381	
environment_effect_heterogeneity	58	summary_MR_GxE	causal_effect	1.196852601241349	0.047799488559904124	2.2991380442581225e-138		-0.09324547379932713	
environment_effect_heterogeneity	59	PlantMR	environment_slope	0.26687001714361747	0.02129742971601129	5.07637110377096e-36	0.25	0.45849045608976824	
environment_effect_heterogeneity	59	summary_MR_GxE	causal_effect	1.1967577258565196	0.04502859605438263	1.228300957847125e-155		-0.1137685790507117	
environment_effect_heterogeneity	60	PlantMR	environment_slope	0.2545987775842503	0.02187009562226284	2.5378119380991814e-31	0.25	0.44454411310495034	
environment_effect_heterogeneity	60	summary_MR_GxE	causal_effect	1.1825710457351084	0.04649521659009938	1.054506786557393e-142		-0.11329960678537546	
environment_effect_heterogeneity	61	PlantMR	environment_slope	0.2607916724259062	0.022739120253760094	1.891454150677804e-30	0.25	0.42360945833582275	
environment_effect_heterogeneity	61	summary_MR_GxE	causal_effect	1.1742581156385308	0.04861482411165802	6.725322798456903e-129		-0.1118384377790288	
environment_effect_heterogeneity	62	PlantMR	environment_slope	0.25218597852319247	0.02205925453857021	2.8867481918755305e-30	0.25	0.47471767716596336	
environment_effect_heterogeneity	62	summary_MR_GxE	causal_effect	1.2368345199634088	0.04869861318799651	2.6713694482482774e-142		-0.1191256243894204	
environment_effect_heterogeneity	63	PlantMR	environment_slope	0.23772139762119182	0.021605751034084315	3.7089648700075358e-28	0.25	0.502564336814719	
environment_effect_heterogeneity	63	summary_MR_GxE	causal_effect	1.1998821481770854	0.047348418721978744	1.1137407839885133e-141		-0.10943947001694904	
environment_effect_heterogeneity	64	PlantMR	environment_slope	0.2754087529457985	0.022818606548593134	1.5309558851435316e-33	0.25	0.467386735131174	
environment_effect_heterogeneity	64	summary_MR_GxE	causal_effect	1.2495829665357554	0.04818198669701773	2.7093346594140428e-148		-0.11510773397962806	
environment_effect_heterogeneity	65	PlantMR	environment_slope	0.24038991939512466	0.02165394279708657	1.2344058411212125e-28	0.25	0.5559910059144657	
environment_effect_heterogeneity	65	summary_MR_GxE	causal_effect	1.2163522433933522	0.0451132623535873	4.105127405336847e-160		-0.10151870354901643	
environment_effect_heterogeneity	66	PlantMR	environment_slope	0.23238664642133933	0.02057270876635833	1.375350917490419e-29	0.25	0.5426524896632312	
environment_effect_heterogeneity	66	summary_MR_GxE	causal_effect	1.2214520723220783	0.0436994440054581	6.373871605960073e-172		-0.11380527880104807	
environment_effect_heterogeneity	67	PlantMR	environment_slope	0.2685493705669556	0.02289956513417164	9.239122229013543e-32	0.25	0.4371614301175688	
environment_effect_heterogeneity	67	summary_MR_GxE	causal_effect	1.1999334002423858	0.0497167055940624	1.0624145787496899e-128		-0.11033056439685984	
environment_effect_heterogeneity	68	PlantMR	environment_slope	0.2389723379724744	0.02206344066738651	2.4506989681357884e-27	0.25	0.48894669696127635	
environment_effect_heterogeneity	68	summary_MR_GxE	causal_effect	1.1652346618511311	0.04560081016771923	5.0930211345983705e-144		-0.10401095184411302	
environment_effect_heterogeneity	69	PlantMR	environment_slope	0.2522013176718827	0.023845980401258078	3.8397604621500687e-26	0.25	0.5350061293887183	
environment_effect_heterogeneity	69	summary_MR_GxE	causal_effect	1.254331645957715	0.0500353770674037	1.0865139994574829e-138		-0.1026412104033908	
environment_effect_heterogeneity	70	PlantMR	environment_slope	0.25861838325103337	0.022337071562314105	5.328090491633714e-31	0.25	0.5059483366247854	
environment_effect_heterogeneity	70	summary_MR_GxE	causal_effect	1.2748404880511486	0.04736686656099821	1.4987046721712347e-159		-0.12025310236270281	
environment_effect_heterogeneity	71	PlantMR	environment_slope	0.24670418252288773	0.022399215476227436	3.2727512075219767e-28	0.25	0.5049551892973356	
environment_effect_heterogeneity	71	summary_MR_GxE	causal_effect	1.2490226545077197	0.048725074379408775	6.3628367609935505e-145		-0.11590947780976957	
environment_effect_heterogeneity	72	PlantMR	environment_slope	0.21889835597916074	0.022824495541703887	8.765799721398222e-22	0.25	0.55345303009147	
environment_effect_heterogeneity	72	summary_MR_GxE	causal_effect	1.165239388708421	0.0482742207662103	9.999615235780054e-129		-0.08720987641526312	
environment_effect_heterogeneity	73	PlantMR	environment_slope	0.26183946830553484	0.022642033793109105	6.2492565780728685e-31	0.25	0.4353111109387011	
environment_effect_heterogeneity	73	summary_MR_GxE	causal_effect	1.2032853561956172	0.04860713961819025	2.7171010146715968e-135		-0.11664141054827137	
environment_effect_heterogeneity	74	PlantMR	environment_slope	0.26777278457343057	0.021520335946841752	1.5308355899693466e-35	0.25	0.42993527532864384	
environment_effect_heterogeneity	74	summary_MR_GxE	causal_effect	1.205173855766399	0.04653921390831843	7.410932353322746e-148		-0.11946705537770375	
environment_effect_heterogeneity	75	PlantMR	environment_slope	0.28004333695692063	0.021056036951968015	2.3175586198930495e-40	0.25	0.47778666436841943	
environment_effect_heterogeneity	75	summary_MR_GxE	causal_effect	1.292368652523691	0.04492339063760776	5.350918980118469e-182		-0.13130326185183533	
environment_effect_heterogeneity	76	PlantMR	environment_slope	0.23649067576534955	0.021076327800147465	3.227882308726197e-29	0.25	0.509462292542505	
environment_effect_heterogeneity	76	summary_MR_GxE	causal_effect	1.1867702361613248	0.04470904870441388	2.988692060227968e-155		-0.10682639973253483	
environment_effect_heterogeneity	77	PlantMR	environment_slope	0.23143940419628883	0.0219960106160798	6.849241751510046e-26	0.25	0.5260819593607418	
environment_effect_heterogeneity	77	summary_MR_GxE	causal_effect	1.1911103729220507	0.04740033887568565	2.41423437299902e-139		-0.10180437184829	
environment_effect_heterogeneity	78	PlantMR	environment_slope	0.25032732468391594	0.021361485322487078	1.0231419104201887e-31	0.25	0.5080980068952463	
environment_effect_heterogeneity	78	summary_MR_GxE	causal_effect	1.2287529300852413	0.04463403093531755	7.786791193659381e-167		-0.11510646040663974	
environment_effect_heterogeneity	79	PlantMR	environment_slope	0.2521631752081195	0.020713464908208776	4.2824736568430855e-34	0.25	0.4916982309150586	
environment_effect_heterogeneity	79	summary_MR_GxE	causal_effect	1.208228149915378	0.045302982841881584	1.0507552090139485e-156		-0.11411487557413469	
environment_effect_heterogeneity	80	PlantMR	environment_slope	0.24548388925135256	0.020871258048320185	6.139955060169195e-32	0.25	0.4577716214233849	
environment_effect_heterogeneity	80	summary_MR_GxE	causal_effect	1.1904061928529526	0.04411435332404429	2.2436104851038392e-160		-0.12398468834406809	
environment_effect_heterogeneity	81	PlantMR	environment_slope	0.2432253454036375	0.021557631276680294	1.6001387887580869e-29	0.25	0.5328824053971979	
environment_effect_heterogeneity	81	summary_MR_GxE	causal_effect	1.214477549717998	0.04563177359145486	4.583939574658176e-156		-0.103520892382501	
environment_effect_heterogeneity	82	PlantMR	environment_slope	0.22646695419763896	0.022414926736344643	5.3359842530018904e-24	0.25	0.519849058870796	
environment_effect_heterogeneity	82	summary_MR_GxE	causal_effect	1.16440666818038	0.04502299797469131	1.7609185064674887e-147		-0.1015888351806016	
environment_effect_heterogeneity	83	PlantMR	environment_slope	0.24365722574166004	0.02147977231848877	7.982361241759545e-30	0.25	0.5142602301335142	
environment_effect_heterogeneity	83	summary_MR_GxE	causal_effect	1.2322004442949601	0.0458116613439514	2.375193085930388e-159		-0.11600501434652938	
environment_effect_heterogeneity	84	PlantMR	environment_slope	0.2548600246792829	0.02103432070789118	8.64857782053689e-34	0.25	0.47636916442461374	
environment_effect_heterogeneity	84	summary_MR_GxE	causal_effect	1.2162448261069303	0.04552748628004331	3.1923068580142717e-157		-0.1193459065019708	
environment_effect_heterogeneity	85	PlantMR	environment_slope	0.23822568357664553	0.021593230020612118	2.665793882133037e-28	0.25	0.4934439464189635	
environment_effect_heterogeneity	85	summary_MR_GxE	causal_effect	1.2110765425310608	0.047267142904922024	8.686992741084056e-145		-0.1136478809384111	
environment_effect_heterogeneity	86	PlantMR	environment_slope	0.2551535123006723	0.022095186227610607	7.562587123273434e-31	0.25	0.4679973857467288	
environment_effect_heterogeneity	86	summary_MR_GxE	causal_effect	1.1982901851762244	0.04526712777508771	2.0623355463287632e-154		-0.1128816211458056	
environment_effect_heterogeneity	87	PlantMR	environment_slope	0.25895110359693685	0.021860850958296485	2.2725918688531335e-32	0.25	0.4179306312810547	
environment_effect_heterogeneity	87	summary_MR_GxE	causal_effect	1.1540701588530724	0.047192680588264646	4.5148071724234454e-132		-0.11087268362206554	
environment_effect_heterogeneity	88	PlantMR	environment_slope	0.2575652383034355	0.023808246190989858	2.8189558999747318e-27	0.25	0.4785541523348045	
environment_effect_heterogeneity	88	summary_MR_GxE	causal_effect	1.231477677088658	0.048808740995518476	1.845803172806099e-140		-0.1128158803746536	
environment_effect_heterogeneity	89	PlantMR	environment_slope	0.27736948340868817	0.022587824556163396	1.16571081478708e-34	0.25	0.45977921906996855	
environment_effect_heterogeneity	89	summary_MR_GxE	causal_effect	1.2377283307779865	0.04683799400579397	6.936945673658756e-154		-0.11580902172504576	
environment_effect_heterogeneity	90	PlantMR	environment_slope	0.21714959714701687	0.022042731322414334	6.766189091959342e-23	0.25	0.49860082887537316	
environment_effect_heterogeneity	90	summary_MR_GxE	causal_effect	1.141689234114303	0.04718472165606702	2.4415415498000404e-129		-0.10106134348578105	
environment_effect_heterogeneity	91	PlantMR	environment_slope	0.2515811229672339	0.02121307954681112	1.9162138354669563e-32	0.25	0.5138845605984224	
environment_effect_heterogeneity	91	summary_MR_GxE	causal_effect	1.2346757622303008	0.0450607620251305	2.724410666748374e-165		-0.11580744660202508	
environment_effect_heterogeneity	92	PlantMR	environment_slope	0.28658396782629403	0.021964403586539734	6.553332411166606e-39	0.25	0.4636009358550761	
environment_effect_heterogeneity	92	summary_MR_GxE	causal_effect	1.2778852792056896	0.04737047593481642	2.7960310622861378e-160		-0.1232919350704958	
environment_effect_heterogeneity	93	PlantMR	environment_slope	0.2157809393818042	0.021605701688510313	1.7337239477111045e-23	0.25	0.5241406926698648	
environment_effect_heterogeneity	93	summary_MR_GxE	causal_effect	1.1611271049900957	0.04616612932759289	1.3759486683959507e-139		-0.10088257684720187	
environment_effect_heterogeneity	94	PlantMR	environment_slope	0.24814918177091871	0.022902405161505088	2.3478368612629993e-27	0.25	0.4711365145269224	
environment_effect_heterogeneity	94	summary_MR_GxE	causal_effect	1.1784403401694155	0.04762473652823928	3.5715720977911894e-135		-0.10395491872853113	
environment_effect_heterogeneity	95	PlantMR	environment_slope	0.2608623669499701	0.02322188683033494	2.7929048252690875e-29	0.25	0.4701513359105465	
environment_effect_heterogeneity	95	summary_MR_GxE	causal_effect	1.2161827590979892	0.048195556777607146	1.682961490860274e-140		-0.11132190926144642	
environment_effect_heterogeneity	96	PlantMR	environment_slope	0.20458713122942762	0.022733495181784698	2.270169121274567e-19	0.25	0.5449589302147257	
environment_effect_heterogeneity	96	summary_MR_GxE	causal_effect	1.1458152962093142	0.04896396339520291	4.155433330698306e-121		-0.09004937073488845	
environment_effect_heterogeneity	97	PlantMR	environment_slope	0.2608416591307181	0.022962313332575656	6.648248755646919e-30	0.25	0.5126798345775267	
environment_effect_heterogeneity	97	summary_MR_GxE	causal_effect	1.2627237120121588	0.04740515293718098	2.5421925701315293e-156		-0.1126116139250099	
environment_effect_heterogeneity	98	PlantMR	environment_slope	0.22424435473860393	0.02170805699942929	5.155746667458086e-25	0.25	0.533974357487768	
environment_effect_heterogeneity	98	summary_MR_GxE	causal_effect	1.183142206785267	0.04479251364457855	9.502673678779763e-154		-0.10483692007448564	
environment_effect_heterogeneity	99	PlantMR	environment_slope	0.2739489432346608	0.021508099692985217	3.6822512545946872e-37	0.25	0.4646369348176449	
environment_effect_heterogeneity	99	summary_MR_GxE	causal_effect	1.2626805454358077	0.04721581083674612	1.4994793142991476e-157		-0.1250692830494049	
environment_effect_heterogeneity	100	PlantMR	environment_slope	0.24924381898457137	0.020400552877450188	2.5066567721952066e-34	0.25	0.5151216733172763	
environment_effect_heterogeneity	100	summary_MR_GxE	causal_effect	1.2470777902616637	0.04331039928592178	2.5531739907730602e-182		-0.12515575273643526	
environment_effect_heterogeneity	101	PlantMR	environment_slope	0.3022598157092867	0.022260782213839987	5.398654859118077e-42	0.25	0.4080998976729746	
environment_effect_heterogeneity	101	summary_MR_GxE	causal_effect	1.2989237118614985	0.04872327132854388	1.3997906747356087e-156		-0.13770452294529512	
environment_effect_heterogeneity	102	PlantMR	environment_slope	0.23742325935798658	0.02194972056385842	2.86963421032823e-27	0.25	0.5029147055911007	
environment_effect_heterogeneity	102	summary_MR_GxE	causal_effect	1.175069075278369	0.04652605098450885	9.693310621260758e-141		-0.1008673889335272	
environment_effect_heterogeneity	103	PlantMR	environment_slope	0.2324205674168266	0.023074198667338862	7.29125877212052e-24	0.25	0.5459861515500031	
environment_effect_heterogeneity	103	summary_MR_GxE	causal_effect	1.2157191301345867	0.04709073066637893	5.784423748431775e-147		-0.10306122341597168	
environment_effect_heterogeneity	104	PlantMR	environment_slope	0.19594695542052465	0.020903832188398405	7.001111082187369e-21	0.25	0.5716424330934966	
environment_effect_heterogeneity	104	summary_MR_GxE	causal_effect	1.1536065560859652	0.04536170633394045	1.1372367683588703e-142		-0.09525641358423542	
environment_effect_heterogeneity	105	PlantMR	environment_slope	0.22944693559901919	0.022130874822525386	3.4768568390356595e-25	0.25	0.5317634912582812	
environment_effect_heterogeneity	105	summary_MR_GxE	causal_effect	1.2121114422405528	0.04735030691769962	1.5728606536259917e-144		-0.10646997330098062	
environment_effect_heterogeneity	106	PlantMR	environment_slope	0.3109617253668372	0.022538893899574326	2.6689241968772203e-43	0.25	0.4069353488182539	
environment_effect_heterogeneity	106	summary_MR_GxE	causal_effect	1.261995246423063	0.04624243819216044	5.4474321501641025e-164		-0.1269238651116441	
environment_effect_heterogeneity	107	PlantMR	environment_slope	0.2243076704895801	0.022801467409552717	7.76752411186182e-23	0.25	0.5249633813320331	
environment_effect_heterogeneity	107	summary_MR_GxE	causal_effect	1.1704501439444583	0.04818749401859139	2.5310381991651683e-130		-0.09579475409547106	
environment_effect_heterogeneity	108	PlantMR	environment_slope	0.22072409189591735	0.0221842464703705	2.5323175716672025e-23	0.25	0.5483795115187691	
environment_effect_heterogeneity	108	summary_MR_GxE	causal_effect	1.2182895476666957	0.047585347200538246	1.4418929686026972e-144		-0.10519107099769126	
environment_effect_heterogeneity	109	PlantMR	environment_slope	0.29031446290215224	0.02322153038665683	7.284028155155432e-36	0.25	0.3965224153659537	
environment_effect_heterogeneity	109	summary_MR_GxE	causal_effect	1.2283582037194054	0.04920113976164095	1.4295794349412308e-137		-0.12168440690856572	
environment_effect_heterogeneity	110	PlantMR	environment_slope	0.2852326886797355	0.022466283426039457	6.220328417202541e-37	0.25	0.4400995806795487	
environment_effect_heterogeneity	110	summary_MR_GxE	causal_effect	1.230215543748292	0.045556979402690705	1.3304372748272027e-160		-0.11825052367001562	
environment_effect_heterogeneity	111	PlantMR	environment_slope	0.25204465617563243	0.02105235269120868	4.9645487108860504e-33	0.25	0.48858090472697513	
environment_effect_heterogeneity	111	summary_MR_GxE	causal_effect	1.2291282362567018	0.0461886465093221	5.05734825469405e-156		-0.11962074111008408	
environment_effect_heterogeneity	112	PlantMR	environment_slope	0.2535983821897133	0.021416358789475138	2.3861031454642906e-32	0.25	0.47982336801156267	
environment_effect_heterogeneity	112	summary_MR_GxE	causal_effect	1.221664691026761	0.04562006559483156	5.659371657672781e-158		-0.11864386700838403	
environment_effect_heterogeneity	113	PlantMR	environment_slope	0.2660754252429752	0.02174756225889135	2.027926062625733e-34	0.25	0.5175088273559727	
environment_effect_heterogeneity	113	summary_MR_GxE	causal_effect	1.3086078628271407	0.04767357130095597	7.075612477528073e-166		-0.12458757313940177	
environment_effect_heterogeneity	114	PlantMR	environment_slope	0.2502810423536487	0.02226333819764214	2.540113906530291e-29	0.25	0.49502224492970837	
environment_effect_heterogeneity	114	summary_MR_GxE	causal_effect	1.1911494561804878	0.04617670207266077	9.969593427853095e-147		-0.10373868230127192	
environment_effect_heterogeneity	115	PlantMR	environment_slope	0.22185444556280487	0.023396227254620885	2.4829097190873942e-21	0.25	0.5472980268521197	
environment_effect_heterogeneity	115	summary_MR_GxE	causal_effect	1.1558071313053073	0.046007307488013405	2.841846828872796e-139		-0.087445591515041	
environment_effect_heterogeneity	116	PlantMR	environment_slope	0.2631296810032354	0.02259802294324326	2.464094963216691e-31	0.25	0.48176351157033315	
environment_effect_heterogeneity	116	summary_MR_GxE	causal_effect	1.2405227510991286	0.04772102363083946	5.595452336365289e-149		-0.11595245693163153	
environment_effect_heterogeneity	117	PlantMR	environment_slope	0.24137690326755679	0.02109782467187478	2.6133329842310905e-30	0.25	0.5287627605457121	
environment_effect_heterogeneity	117	summary_MR_GxE	causal_effect	1.2373023754257764	0.04582438547533619	1.4400498423331217e-160		-0.11211070784688182	
environment_effect_heterogeneity	118	PlantMR	environment_slope	0.3138382895655849	0.022890355534002742	8.784664967812085e-43	0.25	0.39379846504157534	
environment_effect_heterogeneity	118	summary_MR_GxE	causal_effect	1.272544285934762	0.04805737171390059	1.6611883105111356e-154		-0.12901933613841737	
environment_effect_heterogeneity	119	PlantMR	environment_slope	0.25728655682775226	0.020408971506859604	1.9433417707038807e-36	0.25	0.4385150210945339	
environment_effect_heterogeneity	119	summary_MR_GxE	causal_effect	1.1865387356941501	0.04299126048779276	1.1271428979260487e-167		-0.12583017245637973	
environment_effect_heterogeneity	120	PlantMR	environment_slope	0.2633710067897441	0.022345070125247214	4.5798557853664403e-32	0.25	0.465630891283346	
environment_effect_heterogeneity	120	summary_MR_GxE	causal_effect	1.2064190422526235	0.04660174701494984	9.126205691778353e-148		-0.11163026208065407	
environment_effect_heterogeneity	121	PlantMR	environment_slope	0.2400895259256437	0.022651119545112272	2.997212316312161e-26	0.25	0.4561496501602371	
environment_effect_heterogeneity	121	summary_MR_GxE	causal_effect	1.1338369545920977	0.04706730131412522	3.2055604727946024e-128		-0.10048141307399336	
environment_effect_heterogeneity	122	PlantMR	environment_slope	0.2664895471069938	0.022126957247122752	2.094526603848311e-33	0.25	0.4707487805484636	
environment_effect_heterogeneity	122	summary_MR_GxE	causal_effect	1.2365135564927048	0.04666608717948566	1.048207363388062e-154		-0.11698078838403153	
environment_effect_heterogeneity	123	PlantMR	environment_slope	0.2573113877749543	0.021187713210832917	6.145556650791815e-34	0.25	0.497680263136411	
environment_effect_heterogeneity	123	summary_MR_GxE	causal_effect	1.2364923261056633	0.04550766125197946	1.427155735895555e-162		-0.1173449712053975	
environment_effect_heterogeneity	124	PlantMR	environment_slope	0.25805911646283985	0.021991033603525032	8.458336032569084e-32	0.25	0.5131032713128194	
environment_effect_heterogeneity	124	summary_MR_GxE	causal_effect	1.2539576036527662	0.0469880708103764	6.712192085930437e-157		-0.1143541890069264	
environment_effect_heterogeneity	125	PlantMR	environment_slope	0.2541888948865282	0.020383460977003567	1.0834895242941437e-35	0.25	0.47005223763472403	
environment_effect_heterogeneity	125	summary_MR_GxE	causal_effect	1.1990678584309196	0.04368472509535997	7.296346540186393e-166		-0.12042940073365882	
environment_effect_heterogeneity	126	PlantMR	environment_slope	0.2767749885634174	0.021974921677082163	2.248496829071808e-36	0.25	0.3878097269687275	
environment_effect_heterogeneity	126	summary_MR_GxE	causal_effect	1.1963812792588868	0.0458237387851754	2.9323883171123847e-150		-0.12756656195354008	
environment_effect_heterogeneity	127	PlantMR	environment_slope	0.2497400049892684	0.021845927221871467	2.8976838865846433e-30	0.25	0.5100318053556461	
environment_effect_heterogeneity	127	summary_MR_GxE	causal_effect	1.2025574179626788	0.04476394729066343	5.7233922640343e-159		-0.1064613079116522	
environment_effect_heterogeneity	128	PlantMR	environment_slope	0.24351113879266484	0.021680323128489307	2.8431063557308584e-29	0.25	0.4924565024529546	
environment_effect_heterogeneity	128	summary_MR_GxE	causal_effect	1.209356017352497	0.04743126481893281	2.126993619779636e-143		-0.11240368079399476	
environment_effect_heterogeneity	129	PlantMR	environment_slope	0.24349905488743762	0.0229075286993186	2.1692072113202685e-26	0.25	0.48167672229592773	
environment_effect_heterogeneity	129	summary_MR_GxE	causal_effect	1.1683591538031224	0.04699461444421605	1.939458595212763e-136		-0.10080583162283063	
environment_effect_heterogeneity	130	PlantMR	environment_slope	0.22710467756476116	0.022033199168131082	6.525233797055977e-25	0.25	0.5760377041175411	
environment_effect_heterogeneity	130	summary_MR_GxE	causal_effect	1.2374685739759357	0.046895075003720095	1.8801721967700789e-153		-0.10332957611198401	
environment_effect_heterogeneity	131	PlantMR	environment_slope	0.2467536654527288	0.022752592782196258	2.10454044063861e-27	0.25	0.4957578843590944	
environment_effect_heterogeneity	131	summary_MR_GxE	causal_effect	1.2057031726204346	0.04766221847629376	3.461131588703983e-141		-0.10765756959872433	
environment_effect_heterogeneity	132	PlantMR	environment_slope	0.26912350774678206	0.021538292166270796	7.93781661733202e-36	0.25	0.4448146887241995	
environment_effect_heterogeneity	132	summary_MR_GxE	causal_effect	1.218174976587778	0.04626464070467386	8.565570133972717e-153		-0.12198760048161458	
environment_effect_heterogeneity	133	PlantMR	environment_slope	0.27854619100203315	0.02188995237085414	4.3034300431690436e-37	0.25	0.3965485381796183	
environment_effect_heterogeneity	133	summary_MR_GxE	causal_effect	1.2177448897514103	0.046859475788325215	6.916839396708133e-149		-0.1313664193876779	
environment_effect_heterogeneity	134	PlantMR	environment_slope	0.24525581384286677	0.021826480964054925	2.6951265103701566e-29	0.25	0.5530047132349776	
environment_effect_heterogeneity	134	summary_MR_GxE	causal_effect	1.268339578356181	0.04667206892539767	1.2634089671232595e-162		-0.11406657064755471	
environment_effect_heterogeneity	135	PlantMR	environment_slope	0.20461147738465857	0.02228419871526464	4.2351695953846733e-20	0.25	0.5765411705231502	
environment_effect_heterogeneity	135	summary_MR_GxE	causal_effect	1.1400934611648843	0.04685072934366745	8.440579813687777e-131		-0.07956680850694509	
environment_effect_heterogeneity	136	PlantMR	environment_slope	0.25703554727751465	0.022010992835203445	1.659160756698726e-31	0.25	0.4837459916230453	
environment_effect_heterogeneity	136	summary_MR_GxE	causal_effect	1.2201639387388885	0.045983177011144426	3.82558391781651e-155		-0.11283148141348842	
environment_effect_heterogeneity	137	PlantMR	environment_slope	0.25978109958493556	0.021903187287658044	1.9000929373452141e-32	0.25	0.46621752375397185	
environment_effect_heterogeneity	137	summary_MR_GxE	causal_effect	1.2133986030922628	0.046892137202494	1.2287105335737432e-147		-0.11485328826907881	
environment_effect_heterogeneity	138	PlantMR	environment_slope	0.23100319228009303	0.022122794843656344	1.5964646528238666e-25	0.25	0.5527118395068276	
environment_effect_heterogeneity	138	summary_MR_GxE	causal_effect	1.2255403637855806	0.047227669284490924	1.8360488980604785e-148		-0.10312218210608676	
environment_effect_heterogeneity	139	PlantMR	environment_slope	0.21736112467693625	0.02467338652340693	1.2566320720085507e-18	0.25	0.49315564700969183	
environment_effect_heterogeneity	139	summary_MR_GxE	causal_effect	1.099773942647054	0.04930831852925787	3.377203427621149e-110		-0.08447584607680556	
environment_effect_heterogeneity	140	PlantMR	environment_slope	0.25799100357053517	0.02048630916221583	2.297499801894404e-36	0.25	0.4714812499145695	
environment_effect_heterogeneity	140	summary_MR_GxE	causal_effect	1.2142175119441725	0.04424243772797477	8.051606843230345e-166		-0.1212546128879251	
environment_effect_heterogeneity	141	PlantMR	environment_slope	0.22909010524493056	0.022567839269597243	3.2739465718606556e-24	0.25	0.5519771936176177	
environment_effect_heterogeneity	141	summary_MR_GxE	causal_effect	1.2100080188585856	0.051211486245020525	2.0029371815040086e-123		-0.09292195457973218	
environment_effect_heterogeneity	142	PlantMR	environment_slope	0.27872313710938645	0.022925424360614725	5.213260609041766e-34	0.25	0.41707456056928627	
environment_effect_heterogeneity	142	summary_MR_GxE	causal_effect	1.198716530800794	0.046601729116734776	6.535787702193935e-146		-0.11771295386202635	
environment_effect_heterogeneity	143	PlantMR	environment_slope	0.2437445592616636	0.022751865526873163	8.82877835233968e-27	0.25	0.5071198397355943	
environment_effect_heterogeneity	143	summary_MR_GxE	causal_effect	1.1893752232639505	0.047022519933575146	3.743581857941518e-141		-0.09941630029994447	
environment_effect_heterogeneity	144	PlantMR	environment_slope	0.2718112766233499	0.023097044197337643	5.690745558660997e-32	0.25	0.4774186908986153	
environment_effect_heterogeneity	144	summary_MR_GxE	causal_effect	1.2483117390843306	0.04906108584212236	8.219638574908648e-143		-0.11279887278533474	
environment_effect_heterogeneity	145	PlantMR	environment_slope	0.24738894918803855	0.023046358390721625	7.016937848373504e-27	0.25	0.47552343706723366	
environment_effect_heterogeneity	145	summary_MR_GxE	causal_effect	1.1933701543664443	0.04693608416892892	1.3201408112828367e-142		-0.10992518886283134	
environment_effect_heterogeneity	146	PlantMR	environment_slope	0.23352208156903576	0.02188343657607418	1.388523452175056e-26	0.25	0.515759392713925	
environment_effect_heterogeneity	146	summary_MR_GxE	causal_effect	1.1534458900756288	0.04602343267017963	1.2872137591764006e-138		-0.09502116904906177	
environment_effect_heterogeneity	147	PlantMR	environment_slope	0.25253590110647706	0.022038763326287885	2.1264703999081816e-30	0.25	0.5157250294008944	
environment_effect_heterogeneity	147	summary_MR_GxE	causal_effect	1.2403371277421393	0.04722363984742127	4.795923190777501e-152		-0.11058042145233815	
environment_effect_heterogeneity	148	PlantMR	environment_slope	0.27259109483166544	0.022412253404105683	4.917325726901879e-34	0.25	0.4379908302867388	
environment_effect_heterogeneity	148	summary_MR_GxE	causal_effect	1.201965084458358	0.04721561551756217	5.914801796333689e-143		-0.11470009905173342	
environment_effect_heterogeneity	149	PlantMR	environment_slope	0.2347090811877497	0.02272599847139155	5.276842994132104e-25	0.25	0.5092838182367114	
environment_effect_heterogeneity	149	summary_MR_GxE	causal_effect	1.2068431481935378	0.04883663964100708	7.978924651138001e-135		-0.10729569114813325	
environment_effect_heterogeneity	150	PlantMR	environment_slope	0.23914868947427304	0.02284125472122735	1.186017196625424e-25	0.25	0.43574880035259955	
environment_effect_heterogeneity	150	summary_MR_GxE	causal_effect	1.107252799162222	0.04867536201683405	1.5120546928728997e-114		-0.09686492162602936	
environment_effect_heterogeneity	151	PlantMR	environment_slope	0.2935847703701149	0.021342627741447646	4.7009736020134496e-43	0.25	0.4225509307557682	
environment_effect_heterogeneity	151	summary_MR_GxE	causal_effect	1.2960829160142957	0.04642135951328656	1.5270010027547393e-171		-0.14254390790845323	
environment_effect_heterogeneity	152	PlantMR	environment_slope	0.24563634467950246	0.021492449059485722	2.9967578050998794e-30	0.25	0.5050955882813952	
environment_effect_heterogeneity	152	summary_MR_GxE	causal_effect	1.215726145517647	0.04647928725757273	8.356306874245213e-151		-0.11262830425252407	
environment_effect_heterogeneity	153	PlantMR	environment_slope	0.24900824548536316	0.023556363703781735	4.0725910348255447e-26	0.25	0.5035039576062095	
environment_effect_heterogeneity	153	summary_MR_GxE	causal_effect	1.2149510464287012	0.048683358719426494	1.8294014056098432e-137		-0.1048840036133131	
environment_effect_heterogeneity	154	PlantMR	environment_slope	0.22250554493006003	0.021881343480152617	2.7344157570257177e-24	0.25	0.49596443087256903	
environment_effect_heterogeneity	154	summary_MR_GxE	causal_effect	1.1021716665425692	0.04519878991062793	2.4683415779104444e-131		-0.08878388160752615	
environment_effect_heterogeneity	155	PlantMR	environment_slope	0.25010406441711863	0.022931923657047912	1.0746112448249825e-27	0.25	0.45461398294074185	
environment_effect_heterogeneity	155	summary_MR_GxE	causal_effect	1.1549792188619847	0.04686070732029	3.956021799344914e-134		-0.10272691696862274	
environment_effect_heterogeneity	156	PlantMR	environment_slope	0.23417184239931987	0.02010030887405757	2.2902466620008854e-31	0.25	0.5163073206840634	
environment_effect_heterogeneity	156	summary_MR_GxE	causal_effect	1.2031537232291898	0.04399789039056867	1.2143836408296157e-164		-0.1140581800952497	
environment_effect_heterogeneity	157	PlantMR	environment_slope	0.24377689771142352	0.022048723373559526	2.043961594717173e-28	0.25	0.4786816845313633	
environment_effect_heterogeneity	157	summary_MR_GxE	causal_effect	1.1726108797835897	0.04492662866454499	3.591329373790224e-150		-0.1097832055179748	
environment_effect_heterogeneity	158	PlantMR	environment_slope	0.2579946561724674	0.02246867881281658	1.617030560865879e-30	0.25	0.4578888340839218	
environment_effect_heterogeneity	158	summary_MR_GxE	causal_effect	1.1790178817163601	0.046421406175708044	2.6433186138501152e-142		-0.1088261843069026	
environment_effect_heterogeneity	159	PlantMR	environment_slope	0.2711812430971874	0.021197183929644918	1.7879554575820029e-37	0.25	0.4326147809420242	
environment_effect_heterogeneity	159	summary_MR_GxE	causal_effect	1.2287138990915834	0.04538109105817585	1.9158553272995208e-161		-0.1307633594047654	
environment_effect_heterogeneity	160	PlantMR	environment_slope	0.23556609868641276	0.021083558727283257	5.52964845746641e-29	0.25	0.5409040750161738	
environment_effect_heterogeneity	160	summary_MR_GxE	causal_effect	1.1944372219447335	0.044771623820642405	8.374129696716442e-157		-0.10070747771067107	
environment_effect_heterogeneity	161	PlantMR	environment_slope	0.25973698246736	0.021878315294167575	1.6567905065358371e-32	0.25	0.5039809123217354	
environment_effect_heterogeneity	161	summary_MR_GxE	causal_effect	1.269240329442674	0.04683335999894976	9.530484129289923e-162		-0.11865373199042067	
environment_effect_heterogeneity	162	PlantMR	environment_slope	0.2576544122425458	0.020469068040129972	2.4738201569356502e-36	0.25	0.4299392574663248	
environment_effect_heterogeneity	162	summary_MR_GxE	causal_effect	1.1960937045676499	0.045657653227971516	2.8747416226380425e-151		-0.1262282105391342	
environment_effect_heterogeneity	163	PlantMR	environment_slope	0.26510110182515145	0.020351252247359338	8.67347517965575e-39	0.25	0.5137355238825538	
environment_effect_heterogeneity	163	summary_MR_GxE	causal_effect	1.282300393590444	0.04354765179971211	1.4201414348246287e-190		-0.1274792571906373	
environment_effect_heterogeneity	164	PlantMR	environment_slope	0.24663306380875294	0.02293284906883493	5.639288099712893e-27	0.25	0.5127188792111792	
environment_effect_heterogeneity	164	summary_MR_GxE	causal_effect	1.184928024177323	0.04738080505057871	4.927730600762391e-138		-0.09704446446250092	
environment_effect_heterogeneity	165	PlantMR	environment_slope	0.25081926191314985	0.021667681922723378	5.470285244004352e-31	0.25	0.528530937803741	
environment_effect_heterogeneity	165	summary_MR_GxE	causal_effect	1.2426910100034771	0.04629568964647264	1.0325010919221647e-158		-0.11050776365328718	
environment_effect_heterogeneity	166	PlantMR	environment_slope	0.27772293980152074	0.021252593766911056	5.035231737499598e-39	0.25	0.4596381142922148	
environment_effect_heterogeneity	166	summary_MR_GxE	causal_effect	1.2911714116134978	0.04645388373832796	5.028264616632175e-170		-0.136143926662409	
environment_effect_heterogeneity	167	PlantMR	environment_slope	0.26311749483152513	0.022286773804129214	3.63474568698159e-32	0.25	0.48964703521535413	
environment_effect_heterogeneity	167	summary_MR_GxE	causal_effect	1.2455341582399573	0.047254066102181025	4.128957400673404e-153		-0.11577310123946688	
environment_effect_heterogeneity	168	PlantMR	environment_slope	0.2533388278691755	0.022271269602392292	5.561302710580094e-30	0.25	0.53069458627656	
environment_effect_heterogeneity	168	summary_MR_GxE	causal_effect	1.2939242565891882	0.04782558750704547	3.3299954345628203e-161		-0.12113524656489977	
environment_effect_heterogeneity	169	PlantMR	environment_slope	0.24341344156168843	0.02151837782569208	1.1459906710926463e-29	0.25	0.5015488994300918	
environment_effect_heterogeneity	169	summary_MR_GxE	causal_effect	1.2000899144957273	0.04680412033091646	5.370244912862381e-145		-0.10821744135060601	
environment_effect_heterogeneity	170	PlantMR	environment_slope	0.2708301579424378	0.02223384819978164	3.92515428899929e-34	0.25	0.50836997259631	
environment_effect_heterogeneity	170	summary_MR_GxE	causal_effect	1.281043679077709	0.04699058079001224	1.207177048404266e-163		-0.11948921913340493	
environment_effect_heterogeneity	171	PlantMR	environment_slope	0.2650996454874178	0.022119806409500453	4.272951344413067e-33	0.25	0.4753972353465805	
environment_effect_heterogeneity	171	summary_MR_GxE	causal_effect	1.2307458674424216	0.046213057935695266	2.893367071773649e-156		-0.11475424792757	
environment_effect_heterogeneity	172	PlantMR	environment_slope	0.262296042727726	0.022487245409885923	1.9418813354791289e-31	0.25	0.5745170873459291	
environment_effect_heterogeneity	172	summary_MR_GxE	causal_effect	1.2993702761666754	0.047343165325779986	7.801190493470493e-166		-0.10556060597277	
environment_effect_heterogeneity	173	PlantMR	environment_slope	0.26970185139178404	0.021426246016636008	2.4753407446881986e-36	0.25	0.4690360029732217	
environment_effect_heterogeneity	173	summary_MR_GxE	causal_effect	1.2296131584922625	0.04520651939976781	6.511218609302398e-163		-0.11974176015565913	
environment_effect_heterogeneity	174	PlantMR	environment_slope	0.2526954134206859	0.02142278814570329	4.1108260217097216e-32	0.25	0.5427313443105009	
environment_effect_heterogeneity	174	summary_MR_GxE	causal_effect	1.294020887302289	0.04796796595091337	2.7686517167080848e-160		-0.11885618534132153	
environment_effect_heterogeneity	175	PlantMR	environment_slope	0.21267076240441962	0.022510999153226168	3.472998205442518e-21	0.25	0.585620682826046	
environment_effect_heterogeneity	175	summary_MR_GxE	causal_effect	1.2033234467897265	0.04750806026281961	1.5379777709891466e-141		-0.09325355348664294	
environment_effect_heterogeneity	176	PlantMR	environment_slope	0.21276420744963098	0.02155533177361784	5.582578507930793e-23	0.25	0.5877174978511683	
environment_effect_heterogeneity	176	summary_MR_GxE	causal_effect	1.202716793680414	0.0462007510655802	2.1285615667975625e-149		-0.0956313512622276	
environment_effect_heterogeneity	177	PlantMR	environment_slope	0.2552426635161602	0.022658131268410965	1.9546798525861495e-29	0.25	0.48669429229580263	
environment_effect_heterogeneity	177	summary_MR_GxE	causal_effect	1.2156877762728557	0.04609228619547773	2.6470085750179703e-153		-0.11070620472850543	
environment_effect_heterogeneity	178	PlantMR	environment_slope	0.20298006718386896	0.02185093104365023	1.552920891549616e-20	0.25	0.5478867705271426	
environment_effect_heterogeneity	178	summary_MR_GxE	causal_effect	1.1599501282240676	0.04756440223959337	2.353165205272305e-131		-0.09465971972180842	
environment_effect_heterogeneity	179	PlantMR	environment_slope	0.23464719650675026	0.023242612422818956	5.7800010958012945e-24	0.25	0.47268639066522034	
environment_effect_heterogeneity	179	summary_MR_GxE	causal_effect	1.129274395918668	0.048964808947855196	1.0898582625736021e-117		-0.09348741884008413	
environment_effect_heterogeneity	180	PlantMR	environment_slope	0.26137079208771963	0.021747641560934377	2.8459386710997366e-33	0.25	0.3982418230433964	
environment_effect_heterogeneity	180	summary_MR_GxE	causal_effect	1.1902530003553569	0.04690371589227875	4.58175686603622e-142		-0.12949921276875312	
environment_effect_heterogeneity	181	PlantMR	environment_slope	0.22334663956949574	0.02191887663437907	2.2045766208782425e-24	0.25	0.5443136728785558	
environment_effect_heterogeneity	181	summary_MR_GxE	causal_effect	1.188087689285828	0.04566276359707724	3.0392694308809127e-149		-0.10207864888444407	
environment_effect_heterogeneity	182	PlantMR	environment_slope	0.2534970136929374	0.020762087990812205	2.7620727224706772e-34	0.25	0.43040699495785906	
environment_effect_heterogeneity	182	summary_MR_GxE	causal_effect	1.192354601678824	0.04444661465426988	1.579009984196817e-158		-0.12653665669716146	
environment_effect_heterogeneity	183	PlantMR	environment_slope	0.24912549040528498	0.02247761703718448	1.512464204889383e-28	0.25	0.48017782685557164	
environment_effect_heterogeneity	183	summary_MR_GxE	causal_effect	1.176336786842961	0.04494597774230967	5.5036201989675514e-151		-0.10711907882618965	
environment_effect_heterogeneity	184	PlantMR	environment_slope	0.27893033044237614	0.022307337229315143	7.101209861605185e-36	0.25	0.4246783599422437	
environment_effect_heterogeneity	184	summary_MR_GxE	causal_effect	1.2385536831881563	0.04661552411045599	1.5267201285903242e-155		-0.12743295136422206	
environment_effect_heterogeneity	185	PlantMR	environment_slope	0.2514529766987841	0.022128779783555205	6.37908404495451e-30	0.25	0.4659687583854486	
environment_effect_heterogeneity	185	summary_MR_GxE	causal_effect	1.177896970208026	0.0467142386786645	2.746661997757714e-140		-0.10838605009344993	
environment_effect_heterogeneity	186	PlantMR	environment_slope	0.26680116173424373	0.02138503303501185	1.0084282972954732e-35	0.25	0.45169180475267945	
environment_effect_heterogeneity	186	summary_MR_GxE	causal_effect	1.2059739904107354	0.045424607387122166	2.6434393749413272e-155		-0.1171896642493177	
environment_effect_heterogeneity	187	PlantMR	environment_slope	0.21307048315113752	0.023135899605107868	3.2759270638488423e-20	0.25	0.6184005718916357	
environment_effect_heterogeneity	187	summary_MR_GxE	causal_effect	1.2368503202563224	0.04628987358972875	2.7809417933225607e-157		-0.0954634193437785	
environment_effect_heterogeneity	188	PlantMR	environment_slope	0.23872849092380866	0.021433206623165762	8.170580519574479e-29	0.25	0.48259221459183665	
environment_effect_heterogeneity	188	summary_MR_GxE	causal_effect	1.1549628657500335	0.0451221012260162	1.673503725091951e-144		-0.10435387635912813	
environment_effect_heterogeneity	189	PlantMR	environment_slope	0.290075012288476	0.023164466534968398	5.6297342469655545e-36	0.25	0.44976768137147083	
environment_effect_heterogeneity	189	summary_MR_GxE	causal_effect	1.279972650900159	0.04906361745153501	4.985976732815446e-150		-0.12060307513553528	
environment_effect_heterogeneity	190	PlantMR	environment_slope	0.23369370052263605	0.021062510136161578	1.3229770214766192e-28	0.25	0.5211050028299773	
environment_effect_heterogeneity	190	summary_MR_GxE	causal_effect	1.1979876411002408	0.04595339162964708	8.061407219265659e-150		-0.10885731356616846	
environment_effect_heterogeneity	191	PlantMR	environment_slope	0.2559446190146514	0.022071252366171	4.3033776835827495e-31	0.25	0.441055933873868	
environment_effect_heterogeneity	191	summary_MR_GxE	causal_effect	1.1551913803890983	0.0459792329594357	2.705940229804359e-139		-0.10655329728012405	
environment_effect_heterogeneity	192	PlantMR	environment_slope	0.2503601206918652	0.024137760503324276	3.3202094220770778e-25	0.25	0.4655027468535553	
environment_effect_heterogeneity	192	summary_MR_GxE	causal_effect	1.1720065284393126	0.0509980477877342	7.154381526713311e-117		-0.09884632828094891	
environment_effect_heterogeneity	193	PlantMR	environment_slope	0.25231974467742746	0.023171833905333377	1.2995915243263712e-27	0.25	0.5768909851164707	
environment_effect_heterogeneity	193	summary_MR_GxE	causal_effect	1.3128996038463017	0.05056415605837799	1.2303495172175938e-148		-0.10718950302614039	
environment_effect_heterogeneity	194	PlantMR	environment_slope	0.21723958669493004	0.02108343986884774	6.773039075651893e-25	0.25	0.5470859461874649	
environment_effect_heterogeneity	194	summary_MR_GxE	causal_effect	1.1557705876680193	0.04489716041692724	3.8989648369262615e-146		-0.09373759545245647	
environment_effect_heterogeneity	195	PlantMR	environment_slope	0.2971119085512083	0.021340035270935313	4.608466358972551e-44	0.25	0.4457071843530027	
environment_effect_heterogeneity	195	summary_MR_GxE	causal_effect	1.3176703875868323	0.047904084530496896	1.470685198847045e-166		-0.13686133007195306	
environment_effect_heterogeneity	196	PlantMR	environment_slope	0.2267629843300486	0.022446041456903907	5.3806274368423884e-24	0.25	0.5349222134870788	
environment_effect_heterogeneity	196	summary_MR_GxE	causal_effect	1.1742924068536602	0.04669386623755844	1.4583701915772808e-139		-0.09490039984663245	
environment_effect_heterogeneity	197	PlantMR	environment_slope	0.21044364794900827	0.02235954587083443	4.8769664404475416e-21	0.25	0.5391993295412856	
environment_effect_heterogeneity	197	summary_MR_GxE	causal_effect	1.1676035133298688	0.04763259841740659	1.0815592651155258e-132		-0.09766822841187794	
environment_effect_heterogeneity	198	PlantMR	environment_slope	0.2319467178170309	0.02306010712026427	8.439768035140983e-24	0.25	0.48264257844654423	
environment_effect_heterogeneity	198	summary_MR_GxE	causal_effect	1.151145090959932	0.04809999140139418	1.4114825135144934e-126		-0.09973010397943521	
environment_effect_heterogeneity	199	PlantMR	environment_slope	0.2688087864780151	0.021535248658930167	9.32886447547091e-36	0.25	0.4466820819329047	
environment_effect_heterogeneity	199	summary_MR_GxE	causal_effect	1.2243180991046902	0.0456323252617526	1.4414397709090101e-158		-0.12413044910642967	
environment_effect_heterogeneity	200	PlantMR	environment_slope	0.2518503266825717	0.021886045570210066	1.2114777498128312e-30	0.25	0.4856737796732027	
environment_effect_heterogeneity	200	summary_MR_GxE	causal_effect	1.231845377923625	0.04645623975906217	6.295927145342982e-155		-0.11914762280215566	
environment_effect_heterogeneity	201	PlantMR	environment_slope	0.2633177401753535	0.02303096796591233	2.8538281503571444e-30	0.25	0.4661535346883152	
environment_effect_heterogeneity	201	summary_MR_GxE	causal_effect	1.2398648299550281	0.0488688350505327	5.234320938067954e-142		-0.11653987046995193	
environment_effect_heterogeneity	202	PlantMR	environment_slope	0.26791905834805707	0.02303599877644934	2.8856840722395794e-31	0.25	0.49765139386325585	
environment_effect_heterogeneity	202	summary_MR_GxE	causal_effect	1.2578581246444545	0.04839789062254867	6.435260808433057e-149		-0.10990289576981294	
environment_effect_heterogeneity	203	PlantMR	environment_slope	0.21116401673969665	0.02115471073661038	1.8294641456783306e-23	0.25	0.5790582514666436	
environment_effect_heterogeneity	203	summary_MR_GxE	causal_effect	1.1913987385402098	0.04511227243307547	1.0619505875573061e-153		-0.09777790111696083	
environment_effect_heterogeneity	204	PlantMR	environment_slope	0.24243068199189644	0.022894262650752704	3.346319421994228e-26	0.25	0.48315112587222453	
environment_effect_heterogeneity	204	summary_MR_GxE	causal_effect	1.2073591193302189	0.048813339129347356	4.5856942292943885e-135		-0.11011525777065545	
environment_effect_heterogeneity	205	PlantMR	environment_slope	0.25567037010156135	0.021128934235124405	1.0498793707606103e-33	0.25	0.4606320925455374	
environment_effect_heterogeneity	205	summary_MR_GxE	causal_effect	1.206952452726166	0.044114529907313266	8.319732395503956e-165		-0.12392518083337892	
environment_effect_heterogeneity	206	PlantMR	environment_slope	0.3020531073811362	0.022354174581546562	1.3257996465515194e-41	0.25	0.4326473117400671	
environment_effect_heterogeneity	206	summary_MR_GxE	causal_effect	1.327004128582629	0.04687467661030731	2.6314636732806552e-176		-0.14153055017393829	
environment_effect_heterogeneity	207	PlantMR	environment_slope	0.2226584236193716	0.022462318566417422	3.672243041148418e-23	0.25	0.5166942617525836	
environment_effect_heterogeneity	207	summary_MR_GxE	causal_effect	1.1476927894012405	0.047013818963080406	1.2810624173131547e-131		-0.09536003874092441	
environment_effect_heterogeneity	208	PlantMR	environment_slope	0.251308410484793	0.02288694880474987	4.746886015782429e-28	0.25	0.4826801013624715	
environment_effect_heterogeneity	208	summary_MR_GxE	causal_effect	1.1935044641831551	0.04766123603653644	2.1657601479171822e-138		-0.10450937951407599	
environment_effect_heterogeneity	209	PlantMR	environment_slope	0.24456206962945015	0.023731530923048427	6.663876869689656e-25	0.25	0.4975497433690226	
environment_effect_heterogeneity	209	summary_MR_GxE	causal_effect	1.220193037267286	0.05052130456324794	7.105486815044857e-129		-0.10507737471189227	
environment_effect_heterogeneity	210	PlantMR	environment_slope	0.26160636529708825	0.02167098820180819	1.4896530291785788e-33	0.25	0.47210635201721085	
environment_effect_heterogeneity	210	summary_MR_GxE	causal_effect	1.2140687910390984	0.0446211570592252	5.1712093498977865e-163		-0.11697120991485604	
environment_effect_heterogeneity	211	PlantMR	environment_slope	0.2428573008701994	0.022709350493374043	1.0840390046689554e-26	0.25	0.5324907714372082	
environment_effect_heterogeneity	211	summary_MR_GxE	causal_effect	1.2375571884598064	0.05021302429023679	4.0481561351443927e-134		-0.1053143675573418	
environment_effect_heterogeneity	212	PlantMR	environment_slope	0.25142269069757717	0.02100961375458931	5.288770185610358e-33	0.25	0.5093505782544152	
environment_effect_heterogeneity	212	summary_MR_GxE	causal_effect	1.2499960583502592	0.04484343881641356	5.412140460324439e-171		-0.1223867148790197	
environment_effect_heterogeneity	213	PlantMR	environment_slope	0.23319909740508815	0.022135657471169398	5.958482391984611e-26	0.25	0.555319991259225	
environment_effect_heterogeneity	213	summary_MR_GxE	causal_effect	1.1991189118236005	0.04611868766510489	4.86062422820222e-149		-0.09427539417500191	
environment_effect_heterogeneity	214	PlantMR	environment_slope	0.2621466274859793	0.022393296517888676	1.1808387753076048e-31	0.25	0.509825826869055	
environment_effect_heterogeneity	214	summary_MR_GxE	causal_effect	1.2428132216804855	0.04670669363828174	5.356690269759968e-156		-0.1098365021643758	
environment_effect_heterogeneity	215	PlantMR	environment_slope	0.23288198759811196	0.02305822165989636	5.539021577816366e-24	0.25	0.5534134198861167	
environment_effect_heterogeneity	215	summary_MR_GxE	causal_effect	1.2229781360793428	0.04737586952624996	6.116501230554111e-147		-0.10205107141396469	
environment_effect_heterogeneity	216	PlantMR	environment_slope	0.2569609439014625	0.021699358422315757	2.3711140780997643e-32	0.25	0.503125814229672	
environment_effect_heterogeneity	216	summary_MR_GxE	causal_effect	1.2653302659557264	0.0479239253978552	1.269280485542059e-153		-0.11894845948341753	
environment_effect_heterogeneity	217	PlantMR	environment_slope	0.21983545435951624	0.024043357178734414	6.05791011481143e-20	0.25	0.5664434320551648	
environment_effect_heterogeneity	217	summary_MR_GxE	causal_effect	1.231869174945548	0.05199039740911241	4.141158389302311e-124		-0.09581671774457062	
environment_effect_heterogeneity	218	PlantMR	environment_slope	0.2695626814464439	0.02130811210409425	1.108726760525021e-36	0.25	0.5248258771330709	
environment_effect_heterogeneity	218	summary_MR_GxE	causal_effect	1.313415961899695	0.04482559217601992	1.019558553977599e-188		-0.12930420054559022	
environment_effect_heterogeneity	219	PlantMR	environment_slope	0.23329851115249545	0.022547537821959663	4.319771589139312e-25	0.25	0.5261311667018911	
environment_effect_heterogeneity	219	summary_MR_GxE	causal_effect	1.2007201069987432	0.04733906269087308	6.256745649400233e-142		-0.10337766214573058	
environment_effect_heterogeneity	220	PlantMR	environment_slope	0.30410383582089107	0.022932619925538	3.909441619933313e-40	0.25	0.4681196337911895	
environment_effect_heterogeneity	220	summary_MR_GxE	causal_effect	1.3146423799260447	0.047241744213914076	1.9898722796985755e-170		-0.12500501668418004	
environment_effect_heterogeneity	221	PlantMR	environment_slope	0.27515477277363876	0.02141606235476207	8.819866475291395e-38	0.25	0.4408543703373562	
environment_effect_heterogeneity	221	summary_MR_GxE	causal_effect	1.2080524164482296	0.04499021729893705	8.112814257746508e-159		-0.11747938038311367	
environment_effect_heterogeneity	222	PlantMR	environment_slope	0.25426864169271945	0.023138744210603544	4.323066400893292e-28	0.25	0.5195448292989577	
environment_effect_heterogeneity	222	summary_MR_GxE	causal_effect	1.262579907499494	0.048641266780550044	1.5170005987650566e-148		-0.1115713634504783	
environment_effect_heterogeneity	223	PlantMR	environment_slope	0.2573955903836722	0.021691222506251735	1.7702844827046844e-32	0.25	0.48106825180413026	
environment_effect_heterogeneity	223	summary_MR_GxE	causal_effect	1.2187226780878762	0.04517345480206409	2.62564636340185e-160		-0.11605425765383587	
environment_effect_heterogeneity	224	PlantMR	environment_slope	0.30329832932206835	0.022818237535308834	2.5785374625474542e-40	0.25	0.4054017955319429	
environment_effect_heterogeneity	224	summary_MR_GxE	causal_effect	1.250199809218178	0.04727196547748582	3.954618677378978e-154		-0.12324610521952609	
environment_effect_heterogeneity	225	PlantMR	environment_slope	0.25916835887304135	0.02191236779942566	2.814245637526437e-32	0.25	0.48031670056698905	
environment_effect_heterogeneity	225	summary_MR_GxE	causal_effect	1.228705198438511	0.044672513013749665	1.541416992463064e-166		-0.12083327348739362	
environment_effect_heterogeneity	226	PlantMR	environment_slope	0.2632229006507052	0.021241611928424897	2.892862636082505e-35	0.25	0.46017916165221306	
environment_effect_heterogeneity	226	summary_MR_GxE	causal_effect	1.2445452374159989	0.04739796746365026	5.890948591025325e-152		-0.1261326148413381	
environment_effect_heterogeneity	227	PlantMR	environment_slope	0.24653796731416833	0.02234314510557098	2.614665887582082e-28	0.25	0.5138758345087924	
environment_effect_heterogeneity	227	summary_MR_GxE	causal_effect	1.2296597139438696	0.04827541549325165	4.05332079302053e-143		-0.10908775968060264	
environment_effect_heterogeneity	228	PlantMR	environment_slope	0.2521535010367063	0.022288446100372505	1.1290406187428574e-29	0.25	0.49523218148074477	
environment_effect_heterogeneity	228	summary_MR_GxE	causal_effect	1.230423166269445	0.047032742511980884	7.389797341723163e-151		-0.11368218809343644	
environment_effect_heterogeneity	229	PlantMR	environment_slope	0.22425546823093623	0.022286810602187353	8.112247003920928e-24	0.25	0.5280569910176882	
environment_effect_heterogeneity	229	summary_MR_GxE	causal_effect	1.2127247161767591	0.048130994372247514	4.393714242238236e-140		-0.10655577003753142	
environment_effect_heterogeneity	230	PlantMR	environment_slope	0.23993303923819975	0.021239361517588033	1.363629212255568e-29	0.25	0.5169988865193826	
environment_effect_heterogeneity	230	summary_MR_GxE	causal_effect	1.2051628628765392	0.04468197488448682	3.1483475107775186e-160		-0.1121227005726736	
environment_effect_heterogeneity	231	PlantMR	environment_slope	0.24532644789209823	0.02266749950224637	2.683665283484818e-27	0.25	0.5237130630361579	
environment_effect_heterogeneity	231	summary_MR_GxE	causal_effect	1.219037858326178	0.04737060472769825	4.862044118740876e-146		-0.10213631253029287	
environment_effect_heterogeneity	232	PlantMR	environment_slope	0.26502455863386376	0.021161822376363507	5.5383460794031534e-36	0.25	0.48265528266648317	
environment_effect_heterogeneity	232	summary_MR_GxE	causal_effect	1.2532083933024691	0.046481859650006556	4.2119505444944583e-160		-0.12246821307987127	
environment_effect_heterogeneity	233	PlantMR	environment_slope	0.26628242495007237	0.02327673620461378	2.643350550744793e-30	0.25	0.49743931366012006	
environment_effect_heterogeneity	233	summary_MR_GxE	causal_effect	1.2350214323268134	0.04862423443447603	2.5672890950966863e-142		-0.10407425889914151	
environment_effect_heterogeneity	234	PlantMR	environment_slope	0.23783420831279045	0.021690003648885684	5.62054172787727e-28	0.25	0.5632719590488342	
environment_effect_heterogeneity	234	summary_MR_GxE	causal_effect	1.2460537178867865	0.04629053499391123	1.348156215116088e-159		-0.10712684852061494	
environment_effect_heterogeneity	235	PlantMR	environment_slope	0.23476496599511487	0.021452162234947145	7.127114153827594e-28	0.25	0.5336200758657219	
environment_effect_heterogeneity	235	summary_MR_GxE	causal_effect	1.2006484377829418	0.04444321369358915	9.761010022742747e-161		-0.10666439019137947	
environment_effect_heterogeneity	236	PlantMR	environment_slope	0.20896074979436563	0.022189294674397963	4.6333203918935075e-21	0.25	0.5672821575490892	
environment_effect_heterogeneity	236	summary_MR_GxE	causal_effect	1.164298971603241	0.046920989224586124	6.325818081673014e-136		-0.09092999776266952	
environment_effect_heterogeneity	237	PlantMR	environment_slope	0.27135860920662724	0.022264071797406356	3.5933870397709014e-34	0.25	0.49396626130625787	
environment_effect_heterogeneity	237	summary_MR_GxE	causal_effect	1.2174789138795155	0.046396166201718235	9.069937576929388e-152		-0.10195877498679584	
environment_effect_heterogeneity	238	PlantMR	environment_slope	0.2616448977000725	0.022165657428914656	3.718945936850617e-32	0.25	0.43241729412434493	
environment_effect_heterogeneity	238	summary_MR_GxE	causal_effect	1.1676197438390996	0.04667324786147068	4.0039819940563955e-138		-0.10942397912391622	
environment_effect_heterogeneity	239	PlantMR	environment_slope	0.25449917840523084	0.02202048906992703	6.774360826295199e-31	0.25	0.49470211163254163	
environment_effect_heterogeneity	239	summary_MR_GxE	causal_effect	1.2324161215702287	0.04596664133769545	2.3987925135338562e-158		-0.11682560743533504	
environment_effect_heterogeneity	240	PlantMR	environment_slope	0.23460001682906118	0.02331355604397676	8.065789003892609e-24	0.25	0.5378368245774772	
environment_effect_heterogeneity	240	summary_MR_GxE	causal_effect	1.216702293387982	0.04877005881208243	2.2599658797732144e-137		-0.10016863795923436	
environment_effect_heterogeneity	241	PlantMR	environment_slope	0.25300078629362144	0.021469640906588698	4.713270336325222e-32	0.25	0.4994051441994922	
environment_effect_heterogeneity	241	summary_MR_GxE	causal_effect	1.2616928228319841	0.04628531251024667	1.2987926400602306e-163		-0.12481748291916406	
environment_effect_heterogeneity	242	PlantMR	environment_slope	0.2791911474455696	0.022620447476725928	5.352013314321074e-35	0.25	0.46539028834391805	
environment_effect_heterogeneity	242	summary_MR_GxE	causal_effect	1.2625584578419309	0.04555045431402384	4.260782706255017e-169		-0.12323107070106515	
environment_effect_heterogeneity	243	PlantMR	environment_slope	0.24600059906159022	0.022186807545740338	1.439459718480443e-28	0.25	0.5053926935341475	
environment_effect_heterogeneity	243	summary_MR_GxE	causal_effect	1.2046738293486996	0.04710983138409924	3.158374591114689e-144		-0.10691991937677198	
environment_effect_heterogeneity	244	PlantMR	environment_slope	0.23421726503964235	0.02305674787020497	3.043496171697618e-24	0.25	0.5304776364916064	
environment_effect_heterogeneity	244	summary_MR_GxE	causal_effect	1.1682943984200338	0.046428700954442646	1.0135112962270823e-139		-0.09209686312885129	
environment_effect_heterogeneity	245	PlantMR	environment_slope	0.26503115127540455	0.02080676101591906	3.6480121919481642e-37	0.25	0.4998632660189599	
environment_effect_heterogeneity	245	summary_MR_GxE	causal_effect	1.264961406141777	0.04417369038292265	2.3894302456327163e-180		-0.12558087537566115	
environment_effect_heterogeneity	246	PlantMR	environment_slope	0.2650068866370576	0.020857306865822857	5.496846195753872e-37	0.25	0.49478257410504756	
environment_effect_heterogeneity	246	summary_MR_GxE	causal_effect	1.3023726387268102	0.04612328243881537	2.068989850901965e-175		-0.13525943640643356	
environment_effect_heterogeneity	247	PlantMR	environment_slope	0.2532161801353684	0.02274922085824147	8.887175246909813e-29	0.25	0.5210825293991932	
environment_effect_heterogeneity	247	summary_MR_GxE	causal_effect	1.2278621426014786	0.04664125670034613	9.751317046037004e-153		-0.10398294555919929	
environment_effect_heterogeneity	248	PlantMR	environment_slope	0.22357219766411895	0.021158716135287085	4.2639691276560823e-26	0.25	0.5718302516888398	
environment_effect_heterogeneity	248	summary_MR_GxE	causal_effect	1.2035290225323323	0.045292601580529945	1.4187891598928197e-155		-0.09713219020761776	
environment_effect_heterogeneity	249	PlantMR	environment_slope	0.25474520261371014	0.02084979339201418	2.4878222597782697e-34	0.25	0.4583051173527426	
environment_effect_heterogeneity	249	summary_MR_GxE	causal_effect	1.1813077503771927	0.04438665439120032	4.670854627893527e-156		-0.11434686959284951	
environment_effect_heterogeneity	250	PlantMR	environment_slope	0.2528864737517602	0.022053704993449216	1.9358352566751027e-30	0.25	0.4975719927154716	
environment_effect_heterogeneity	250	summary_MR_GxE	causal_effect	1.203417151249666	0.04659538357252933	4.416507476609528e-147		-0.10592647961939056	
environment_effect_heterogeneity	251	PlantMR	environment_slope	0.2235120255547195	0.022264249443920334	1.0265280555308463e-23	0.25	0.5533662596606004	
environment_effect_heterogeneity	251	summary_MR_GxE	causal_effect	1.1820402176290818	0.047063871887372516	3.3543914773536886e-139		-0.09392312169119754	
environment_effect_heterogeneity	252	PlantMR	environment_slope	0.2826451963912502	0.022810701965216704	2.927283373427965e-35	0.25	0.39485002796973756	
environment_effect_heterogeneity	252	summary_MR_GxE	causal_effect	1.1499134125655317	0.04735366095774498	2.9276343665192782e-130		-0.10598192645520063	
environment_effect_heterogeneity	253	PlantMR	environment_slope	0.24674538551794478	0.02135215924498611	6.884769008637118e-31	0.25	0.4872756300212804	
environment_effect_heterogeneity	253	summary_MR_GxE	causal_effect	1.1904937609716637	0.04538036790937585	1.097736089990936e-151		-0.11092941484260987	
environment_effect_heterogeneity	254	PlantMR	environment_slope	0.24612656820496037	0.02307676891010255	1.475143033123627e-26	0.25	0.4805014998565673	
environment_effect_heterogeneity	254	summary_MR_GxE	causal_effect	1.178256209870137	0.04928869626402037	2.7040901843939274e-126		-0.10140490759088297	
environment_effect_heterogeneity	255	PlantMR	environment_slope	0.24391022600995027	0.021405592455320532	4.4437658989792324e-30	0.25	0.4330239124562565	
environment_effect_heterogeneity	255	summary_MR_GxE	causal_effect	1.1398605609705474	0.04553851329850776	2.8333356305634705e-138		-0.1112823256036255	
environment_effect_heterogeneity	256	PlantMR	environment_slope	0.25471661794510037	0.02224079661338527	2.279988752714839e-30	0.25	0.5152816013224264	
environment_effect_heterogeneity	256	summary_MR_GxE	causal_effect	1.2407274908975419	0.046979634218221634	1.0545600150860114e-153		-0.1097484217237093	
environment_effect_heterogeneity	257	PlantMR	environment_slope	0.2522359116059498	0.021599610623385886	1.6552614834046868e-31	0.25	0.5059452772162885	
environment_effect_heterogeneity	257	summary_MR_GxE	causal_effect	1.2423328803338411	0.0456087189901865	2.2475238205681984e-163		-0.11632691912587911	
environment_effect_heterogeneity	258	PlantMR	environment_slope	0.25946333721501336	0.021812726381532848	1.255870126707078e-32	0.25	0.4402899938941518	
environment_effect_heterogeneity	258	summary_MR_GxE	causal_effect	1.1939139474896445	0.04689237249771307	5.370197090955492e-143		-0.11782759507037735	
environment_effect_heterogeneity	259	PlantMR	environment_slope	0.2605462259287876	0.022136182417314187	5.56243735396359e-32	0.25	0.5012684504495797	
environment_effect_heterogeneity	259	summary_MR_GxE	causal_effect	1.219397811139553	0.04594150038813545	3.1429610083684113e-155		-0.10733677982801365	
environment_effect_heterogeneity	260	PlantMR	environment_slope	0.23960789188417264	0.023987309947160262	1.703874512974836e-23	0.25	0.5663302208135825	
environment_effect_heterogeneity	260	summary_MR_GxE	causal_effect	1.2772014342107383	0.04917023730948882	9.469465177679582e-149		-0.10746068736748915	
environment_effect_heterogeneity	261	PlantMR	environment_slope	0.2843204985636807	0.02085929621055192	2.6413772401405535e-42	0.25	0.44344673213589925	
environment_effect_heterogeneity	261	summary_MR_GxE	causal_effect	1.273646703618935	0.04515272777254576	4.72808890895895e-175		-0.13519155131465393	
environment_effect_heterogeneity	262	PlantMR	environment_slope	0.2491272635606191	0.02164313650700338	1.1655288590419317e-30	0.25	0.45358075577065127	
environment_effect_heterogeneity	262	summary_MR_GxE	causal_effect	1.1827394987869906	0.047399899801479115	2.012931889007216e-137		-0.11315471974986652	
environment_effect_heterogeneity	263	PlantMR	environment_slope	0.23536198763261307	0.023004492275773863	1.4382882457456542e-24	0.25	0.5460210408007109	
environment_effect_heterogeneity	263	summary_MR_GxE	causal_effect	1.255317340906522	0.04869308286808292	1.4787685916117114e-146		-0.10935008244077815	
environment_effect_heterogeneity	264	PlantMR	environment_slope	0.2533360129729052	0.021982081993407673	9.910306416850593e-31	0.25	0.4793267166698707	
environment_effect_heterogeneity	264	summary_MR_GxE	causal_effect	1.1799786376189774	0.04491064462397615	3.8103218581594973e-152		-0.10681283591228496	
environment_effect_heterogeneity	265	PlantMR	environment_slope	0.2536763289982056	0.022533920820935055	2.1263091820811805e-29	0.25	0.47658699208056277	
environment_effect_heterogeneity	265	summary_MR_GxE	causal_effect	1.1498140456836374	0.046171698373277476	6.902870401927008e-137		-0.09502953715267393	
environment_effect_heterogeneity	266	PlantMR	environment_slope	0.22353543535906661	0.02251338049575402	3.113512107303963e-23	0.25	0.5226789536787313	
environment_effect_heterogeneity	266	summary_MR_GxE	causal_effect	1.1640540409395483	0.04698872649024414	1.7503741654882553e-135		-0.09638304568205602	
environment_effect_heterogeneity	267	PlantMR	environment_slope	0.25367256842910324	0.02196055885679861	7.272894180791931e-31	0.25	0.4879031414943298	
environment_effect_heterogeneity	267	summary_MR_GxE	causal_effect	1.2061401218299599	0.045989905225721585	1.3361010715848381e-151		-0.10840714069058216	
environment_effect_heterogeneity	268	PlantMR	environment_slope	0.20073740204114743	0.02318502525111949	4.798496336450933e-18	0.25	0.6060181656805477	
environment_effect_heterogeneity	268	summary_MR_GxE	causal_effect	1.184467881857405	0.04717645292050354	4.151456905556475e-139		-0.08708783921403074	
environment_effect_heterogeneity	269	PlantMR	environment_slope	0.21121871384274327	0.021620598997836884	1.5246058461371328e-22	0.25	0.5812377369376163	
environment_effect_heterogeneity	269	summary_MR_GxE	causal_effect	1.1804121207794807	0.04544936707092074	1.0255724435169402e-148		-0.09335404878806591	
environment_effect_heterogeneity	270	PlantMR	environment_slope	0.1995198082054137	0.02162480062186478	2.797901520666295e-20	0.25	0.5413628738496046	
environment_effect_heterogeneity	270	summary_MR_GxE	causal_effect	1.1147544212587825	0.04663427781247854	2.770687043840055e-126		-0.08878073442793577	
environment_effect_heterogeneity	271	PlantMR	environment_slope	0.24692139818579661	0.022424706845271855	3.3773477843624547e-28	0.25	0.4612142017894596	
environment_effect_heterogeneity	271	summary_MR_GxE	causal_effect	1.154002785611361	0.047431823498691586	9.506156058130994e-131		-0.10149357352872579	
environment_effect_heterogeneity	272	PlantMR	environment_slope	0.2585506047344268	0.02196865429054372	5.634296806443423e-32	0.25	0.4724406772029648	
environment_effect_heterogeneity	272	summary_MR_GxE	causal_effect	1.219417604852227	0.046640431576968934	1.1211643338957473e-150		-0.11527057817575531	
environment_effect_heterogeneity	273	PlantMR	environment_slope	0.26494868851234	0.02250110532081282	5.256768281844743e-32	0.25	0.4433967051394354	
environment_effect_heterogeneity	273	summary_MR_GxE	causal_effect	1.2050760182033295	0.04646496722502719	2.6741998748821717e-148		-0.11695913180982348	
environment_effect_heterogeneity	274	PlantMR	environment_slope	0.28158489274611676	0.022595572526680704	1.2039052431686777e-35	0.25	0.5083810814360195	
environment_effect_heterogeneity	274	summary_MR_GxE	causal_effect	1.3154622171187642	0.04777908665614581	7.234741476832817e-167		-0.1211231862524969	
environment_effect_heterogeneity	275	PlantMR	environment_slope	0.2712405344136206	0.022753836100679756	9.238405198917085e-33	0.25	0.5216854801157147	
environment_effect_heterogeneity	275	summary_MR_GxE	causal_effect	1.3166346799944577	0.049915537780594876	2.4995300367888795e-153		-0.11821470020931646	
environment_effect_heterogeneity	276	PlantMR	environment_slope	0.22892789839295757	0.022802454746871925	1.0207032399057396e-23	0.25	0.4229759044334289	
environment_effect_heterogeneity	276	summary_MR_GxE	causal_effect	1.0706051162407277	0.046475946759684326	2.0471093890025167e-117		-0.09714930450393217	
environment_effect_heterogeneity	277	PlantMR	environment_slope	0.25587254902043544	0.02165527292225015	3.237797007809111e-32	0.25	0.4939591803164862	
environment_effect_heterogeneity	277	summary_MR_GxE	causal_effect	1.2008011617450602	0.044913624437423125	1.8066582733149235e-157		-0.10781712301383922	
environment_effect_heterogeneity	278	PlantMR	environment_slope	0.24834910446121217	0.022296495691050754	8.149703842897822e-29	0.25	0.5056039954822724	
environment_effect_heterogeneity	278	summary_MR_GxE	causal_effect	1.2079499586282232	0.04639604679946686	1.9574316533465225e-149		-0.1092028555242921	
environment_effect_heterogeneity	279	PlantMR	environment_slope	0.24143123363488161	0.023012118796209145	9.453368267968593e-26	0.25	0.49297378304556183	
environment_effect_heterogeneity	279	summary_MR_GxE	causal_effect	1.1836547137128588	0.04820700729866786	3.960294047272682e-133		-0.10206612664788317	
environment_effect_heterogeneity	280	PlantMR	environment_slope	0.25155400617091717	0.022615607208076722	9.692673242629924e-29	0.25	0.5358313341878886	
environment_effect_heterogeneity	280	summary_MR_GxE	causal_effect	1.2368825111130421	0.047660869913085734	1.7378976220206285e-148		-0.10109921743397465	
environment_effect_heterogeneity	281	PlantMR	environment_slope	0.2454260607338239	0.021952554000624045	5.118166877545171e-29	0.25	0.5314687858346363	
environment_effect_heterogeneity	281	summary_MR_GxE	causal_effect	1.219434017997593	0.048371135019013356	3.115725487237116e-140		-0.0992827118494719	
environment_effect_heterogeneity	282	PlantMR	environment_slope	0.26024286890633874	0.022472556930681457	5.175886123340897e-31	0.25	0.4589319745867626	
environment_effect_heterogeneity	282	summary_MR_GxE	causal_effect	1.1717486352371438	0.0469186759231115	1.170851208705364e-137		-0.10277914240446792	
environment_effect_heterogeneity	283	PlantMR	environment_slope	0.272067333664749	0.0219258977983444	2.350370308462342e-35	0.25	0.4466051434494287	
environment_effect_heterogeneity	283	summary_MR_GxE	causal_effect	1.2303255565059539	0.04710057074949363	2.0918285247483017e-150		-0.12045358930821573	
environment_effect_heterogeneity	284	PlantMR	environment_slope	0.24728405585028013	0.02098545635650776	4.742795173354239e-32	0.25	0.4660581392166028	
environment_effect_heterogeneity	284	summary_MR_GxE	causal_effect	1.1772006683037421	0.04489291317890863	1.4754010480339983e-151		-0.1147587615960301	
environment_effect_heterogeneity	285	PlantMR	environment_slope	0.2457242376825255	0.021029209453853146	1.5225626009786376e-31	0.25	0.4208028650114852	
environment_effect_heterogeneity	285	summary_MR_GxE	causal_effect	1.153821468642698	0.045910514794486476	2.22548957661562e-139		-0.11873808148714335	
environment_effect_heterogeneity	286	PlantMR	environment_slope	0.2751707919837284	0.023005073466094497	5.666161284759604e-33	0.25	0.4415859153905126	
environment_effect_heterogeneity	286	summary_MR_GxE	causal_effect	1.2158808099849052	0.04768408707330149	2.0393426880898352e-143		-0.11476971888164389	
environment_effect_heterogeneity	287	PlantMR	environment_slope	0.24657923576575003	0.022042724857679177	4.752223142971201e-29	0.25	0.48111853423507656	
environment_effect_heterogeneity	287	summary_MR_GxE	causal_effect	1.1785207946196934	0.04647466609589098	7.269641964243608e-142		-0.10601835895265	
environment_effect_heterogeneity	288	PlantMR	environment_slope	0.28876747734339503	0.02162382909983298	1.1205605981651544e-40	0.25	0.4697014813655942	
environment_effect_heterogeneity	288	summary_MR_GxE	causal_effect	1.3264873496124236	0.04830594727051232	5.2595486859042385e-166		-0.13360083611607537	
environment_effect_heterogeneity	289	PlantMR	environment_slope	0.2833887870761589	0.022134316194764355	1.5744994447159275e-37	0.25	0.4402576686002515	
environment_effect_heterogeneity	289	summary_MR_GxE	causal_effect	1.2483323238917463	0.04610346645735869	1.8496730472599275e-161		-0.12516676061263518	
environment_effect_heterogeneity	290	PlantMR	environment_slope	0.2679696098119083	0.02239601476073201	5.4159899885212746e-33	0.25	0.45130627277488444	
environment_effect_heterogeneity	290	summary_MR_GxE	causal_effect	1.2240222510767578	0.04847541812501496	1.1220103630668146e-140		-0.11472832078091846	
environment_effect_heterogeneity	291	PlantMR	environment_slope	0.25829466987164396	0.0214068203859536	1.5971275317434057e-33	0.25	0.53535483007685	
environment_effect_heterogeneity	291	summary_MR_GxE	causal_effect	1.257494032891773	0.046400809862164674	9.663326304556232e-162		-0.10966831794943638	
environment_effect_heterogeneity	292	PlantMR	environment_slope	0.25391522650638676	0.02152673701017667	4.125210337398342e-32	0.25	0.5228614904335731	
environment_effect_heterogeneity	292	summary_MR_GxE	causal_effect	1.258535958398674	0.04545368348891602	9.653815276194755e-169		-0.1189972125954501	
environment_effect_heterogeneity	293	PlantMR	environment_slope	0.2457166646589597	0.022408026994008113	5.5950320460237325e-28	0.25	0.49026234008275993	
environment_effect_heterogeneity	293	summary_MR_GxE	causal_effect	1.207840379249845	0.04739380539952048	2.876745702918684e-143		-0.11091208668281649	
environment_effect_heterogeneity	294	PlantMR	environment_slope	0.26636501830755044	0.02198427204811072	8.672540973201239e-34	0.25	0.526152324570849	
environment_effect_heterogeneity	294	summary_MR_GxE	causal_effect	1.2991155784457329	0.04663260732373203	8.49243289503903e-171		-0.12063722962170853	
environment_effect_heterogeneity	295	PlantMR	environment_slope	0.2729919511225185	0.02226762260041181	1.4925083831547382e-34	0.25	0.5130919318472178	
environment_effect_heterogeneity	295	summary_MR_GxE	causal_effect	1.2931515675212573	0.04686417511203237	1.327754855312808e-167		-0.1195025061610025	
environment_effect_heterogeneity	296	PlantMR	environment_slope	0.23971544911340725	0.022230527523280162	4.134110923342045e-27	0.25	0.5070306218945839	
environment_effect_heterogeneity	296	summary_MR_GxE	causal_effect	1.1843800507287654	0.04743294125475856	1.309242509225678e-137		-0.10182265657037076	
environment_effect_heterogeneity	297	PlantMR	environment_slope	0.26012662525500063	0.021624515141718235	2.494264070278471e-33	0.25	0.49120977465164306	
environment_effect_heterogeneity	297	summary_MR_GxE	causal_effect	1.2672740153433564	0.04697063775263779	2.5284016912949054e-160		-0.12416968260950217	
environment_effect_heterogeneity	298	PlantMR	environment_slope	0.2637109726194967	0.02087441217733762	1.3849856198845687e-36	0.25	0.4704358917464311	
environment_effect_heterogeneity	298	summary_MR_GxE	causal_effect	1.2215260274885416	0.04348404956993743	1.2491858536478913e-173		-0.12054078642155236	
environment_effect_heterogeneity	299	PlantMR	environment_slope	0.25392864643268365	0.022440895180684036	1.1004637826529885e-29	0.25	0.4535979976313842	
environment_effect_heterogeneity	299	summary_MR_GxE	causal_effect	1.1932981612088174	0.04759932671001865	1.066296249634706e-138		-0.11105436584872794	
environment_effect_heterogeneity	300	PlantMR	environment_slope	0.2134544757404604	0.022532119750841684	2.7103061438143087e-21	0.25	0.47992093232946686	
environment_effect_heterogeneity	300	summary_MR_GxE	causal_effect	1.0894429217112496	0.04697478306457947	5.473336649428591e-119		-0.08956362241622592	
environment_effect_heterogeneity	301	PlantMR	environment_slope	0.2434266920641216	0.023402930045622636	2.4393856024567487e-25	0.25	0.4682618051483485	
environment_effect_heterogeneity	301	summary_MR_GxE	causal_effect	1.1577867307882137	0.048470276509445985	4.2278965492139825e-126		-0.09911177820169684	
environment_effect_heterogeneity	302	PlantMR	environment_slope	0.26301144205236915	0.021332825778978604	6.326206396030643e-35	0.25	0.5310582949353131	
environment_effect_heterogeneity	302	summary_MR_GxE	causal_effect	1.2861051414497737	0.045906483041349845	1.0442758638278854e-172		-0.11798926648518254	
environment_effect_heterogeneity	303	PlantMR	environment_slope	0.28493665224355025	0.021847358099966144	7.04366781072998e-39	0.25	0.46640080665200423	
environment_effect_heterogeneity	303	summary_MR_GxE	causal_effect	1.2776118732061952	0.04756507955590291	6.395500609684964e-159		-0.12221648074411195	
environment_effect_heterogeneity	304	PlantMR	environment_slope	0.24631119039663085	0.021735279050252968	9.076564265902398e-30	0.25	0.5045256522317563	
environment_effect_heterogeneity	304	summary_MR_GxE	causal_effect	1.2197909606264679	0.04704440552029075	3.178377144093709e-148		-0.11002054241919468	
environment_effect_heterogeneity	305	PlantMR	environment_slope	0.25173322264077225	0.023965967221058936	8.298979512808025e-26	0.25	0.5337363602051155	
environment_effect_heterogeneity	305	summary_MR_GxE	causal_effect	1.2589738212211399	0.05095875428352344	9.27842774535852e-135		-0.1032192436054466	
environment_effect_heterogeneity	306	PlantMR	environment_slope	0.21184316709929163	0.021495676321769287	6.511780091223833e-23	0.25	0.5650062848043518	
environment_effect_heterogeneity	306	summary_MR_GxE	causal_effect	1.1942077799765323	0.045694115110675414	1.4661817166641238e-150		-0.10104485453506562	
environment_effect_heterogeneity	307	PlantMR	environment_slope	0.2329172487194121	0.022026914057477174	3.9246467093884636e-26	0.25	0.5231360207888578	
environment_effect_heterogeneity	307	summary_MR_GxE	causal_effect	1.1994789696626635	0.046242261585009485	2.418583036439898e-148		-0.10560590060643266	
environment_effect_heterogeneity	308	PlantMR	environment_slope	0.23882745835315833	0.02336405809705999	1.5804192565848822e-24	0.25	0.5213510819127047	
environment_effect_heterogeneity	308	summary_MR_GxE	causal_effect	1.2007176044987777	0.049328923964978504	7.212042927648341e-131		-0.09796393126532893	
environment_effect_heterogeneity	309	PlantMR	environment_slope	0.2757322710846971	0.023121799645969804	8.746525328743338e-33	0.25	0.5318465536724597	
environment_effect_heterogeneity	309	summary_MR_GxE	causal_effect	1.3107639501771262	0.04978130503888048	8.596703786579725e-153		-0.1122002030806491	
environment_effect_heterogeneity	310	PlantMR	environment_slope	0.28837939213254127	0.021081134361560144	1.3461385832620542e-42	0.25	0.40011674364509897	
environment_effect_heterogeneity	310	summary_MR_GxE	causal_effect	1.2590656562309808	0.04581914254988301	3.126793125244824e-166		-0.13960208109590835	
environment_effect_heterogeneity	311	PlantMR	environment_slope	0.26046851453069264	0.02218374662659934	7.817009017863515e-32	0.25	0.45897341723537366	
environment_effect_heterogeneity	311	summary_MR_GxE	causal_effect	1.2040814555426391	0.04736265364254522	1.4190689522174481e-142		-0.11528201429898433	
environment_effect_heterogeneity	312	PlantMR	environment_slope	0.2202900284021354	0.020982082728103802	8.733785174135641e-26	0.25	0.589459822704953	
environment_effect_heterogeneity	312	summary_MR_GxE	causal_effect	1.2606831912524314	0.04588929128192524	3.765619265817865e-166		-0.11087304295366629	
environment_effect_heterogeneity	313	PlantMR	environment_slope	0.23160193328248524	0.022026687719575673	7.398975253522996e-26	0.25	0.521206597520699	
environment_effect_heterogeneity	313	summary_MR_GxE	causal_effect	1.1984884491198249	0.04581225467180657	7.413269843749346e-151		-0.10729318638318064	
environment_effect_heterogeneity	314	PlantMR	environment_slope	0.21841435712939072	0.023174944862211895	4.3178853867346634e-21	0.25	0.5607857180172999	
environment_effect_heterogeneity	314	summary_MR_GxE	causal_effect	1.1601723673471593	0.04730236348568841	7.662424881507531e-133		-0.08487045744657534	
environment_effect_heterogeneity	315	PlantMR	environment_slope	0.21308197283768004	0.02121567623784402	9.802004777288235e-24	0.25	0.5281329813781908	
environment_effect_heterogeneity	315	summary_MR_GxE	causal_effect	1.1071003457518291	0.04459886976115057	4.998458613762084e-136		-0.08789322417044193	
environment_effect_heterogeneity	316	PlantMR	environment_slope	0.2386421814103864	0.02205267518660272	2.7239772669671418e-27	0.25	0.49975784818590774	
environment_effect_heterogeneity	316	summary_MR_GxE	causal_effect	1.1959325757597523	0.04759854853506177	2.6253508340985906e-139		-0.10655451820640605	
environment_effect_heterogeneity	317	PlantMR	environment_slope	0.24006507705688895	0.02230521948900622	5.161739328667599e-27	0.25	0.4874534833344746	
environment_effect_heterogeneity	317	summary_MR_GxE	causal_effect	1.1841117498825513	0.04834682097322998	1.796223549489643e-132		-0.10455539715096973	
environment_effect_heterogeneity	318	PlantMR	environment_slope	0.25387438604572043	0.023444518653709882	2.516181141209814e-27	0.25	0.5057679298809974	
environment_effect_heterogeneity	318	summary_MR_GxE	causal_effect	1.216620695298504	0.04823743223872925	2.327213764337717e-140		-0.10210860132761704	
environment_effect_heterogeneity	319	PlantMR	environment_slope	0.2426605664076067	0.02149476507304743	1.4823467554074968e-29	0.25	0.46224370096266587	
environment_effect_heterogeneity	319	summary_MR_GxE	causal_effect	1.1710323934061673	0.046713718775955426	1.1035513889384302e-138		-0.11131273769233169	
environment_effect_heterogeneity	320	PlantMR	environment_slope	0.31440543894599393	0.021165724292514274	6.508873808954904e-50	0.25	0.4250384322983385	
environment_effect_heterogeneity	320	summary_MR_GxE	causal_effect	1.3707665695594828	0.046390111881639155	6.828612632102859e-192		-0.1550035123588912	
environment_effect_heterogeneity	321	PlantMR	environment_slope	0.22562584323231716	0.022083214575266668	1.6628401253311113e-24	0.25	0.5810244302056833	
environment_effect_heterogeneity	321	summary_MR_GxE	causal_effect	1.2096314994736244	0.04667244694756461	4.233004760710359e-148		-0.0940636212272209	
environment_effect_heterogeneity	322	PlantMR	environment_slope	0.28720502891864597	0.021353689325241277	3.0828056467365494e-41	0.25	0.4555751750166237	
environment_effect_heterogeneity	322	summary_MR_GxE	causal_effect	1.3014270701826702	0.04672148883028805	9.369414199745526e-171		-0.13591878142221775	
environment_effect_heterogeneity	323	PlantMR	environment_slope	0.22867322090453657	0.021467208276177034	1.7027301009918464e-26	0.25	0.5341589451863094	
environment_effect_heterogeneity	323	summary_MR_GxE	causal_effect	1.2309302985745145	0.04505296468804184	2.3336309863920423e-164		-0.11808339075102092	
environment_effect_heterogeneity	324	PlantMR	environment_slope	0.2580086716409091	0.022753616939108323	8.387182042609043e-30	0.25	0.49821889665880503	
environment_effect_heterogeneity	324	summary_MR_GxE	causal_effect	1.2286846550580268	0.04714781999179817	1.0292375733737778e-149		-0.10942613321246414	
environment_effect_heterogeneity	325	PlantMR	environment_slope	0.2772849614151891	0.022388575753173538	3.1465527748494426e-35	0.25	0.4221702360940469	
environment_effect_heterogeneity	325	summary_MR_GxE	causal_effect	1.206212701103682	0.046629451428060034	1.524810188886274e-147		-0.11852324398478553	
environment_effect_heterogeneity	326	PlantMR	environment_slope	0.2642816757022942	0.022147794358450625	7.999479551458855e-33	0.25	0.4585329872822079	
environment_effect_heterogeneity	326	summary_MR_GxE	causal_effect	1.1846916409761976	0.046139335807948864	2.1456203945750938e-145		-0.10841914655805776	
environment_effect_heterogeneity	327	PlantMR	environment_slope	0.2788061466348707	0.022445211067670025	1.9945141028344405e-35	0.25	0.5029633825445217	
environment_effect_heterogeneity	327	summary_MR_GxE	causal_effect	1.2913768039594555	0.04772649865444088	3.0871279330069103e-161		-0.11731501086445167	
environment_effect_heterogeneity	328	PlantMR	environment_slope	0.24769250411046984	0.02161314166509106	2.0885540227091232e-30	0.25	0.5050963523985639	
environment_effect_heterogeneity	328	summary_MR_GxE	causal_effect	1.2101421741279703	0.04518746202846324	5.454206189603472e-158		-0.11186151939196992	
environment_effect_heterogeneity	329	PlantMR	environment_slope	0.2674154137060082	0.019933953119713712	4.934545176780895e-41	0.25	0.4417515771944136	
environment_effect_heterogeneity	329	summary_MR_GxE	causal_effect	1.2133659024155174	0.04261845406801448	2.7222004864596356e-178		-0.13097840843963043	
environment_effect_heterogeneity	330	PlantMR	environment_slope	0.2634453568412004	0.021094226659270396	8.574680304515618e-36	0.25	0.45182930977862146	
environment_effect_heterogeneity	330	summary_MR_GxE	causal_effect	1.2521961450781656	0.04637346990030254	1.3841010352674316e-160		-0.13020837853193815	
environment_effect_heterogeneity	331	PlantMR	environment_slope	0.2778774544218091	0.021934532618310486	8.83972411356654e-37	0.25	0.41754195593526955	
environment_effect_heterogeneity	331	summary_MR_GxE	causal_effect	1.2122336888630765	0.047392428095400334	2.6375765631650646e-144		-0.12029302739130807	
environment_effect_heterogeneity	332	PlantMR	environment_slope	0.28690361154152955	0.022613815550639196	6.9724821956400175e-37	0.25	0.457133093309388	
environment_effect_heterogeneity	332	summary_MR_GxE	causal_effect	1.2569027572486537	0.047218510876038955	4.107032368768421e-156		-0.11811774669921679	
environment_effect_heterogeneity	333	PlantMR	environment_slope	0.19046625032372244	0.02146941873060702	7.215803040441848e-19	0.25	0.542557553628453	
environment_effect_heterogeneity	333	summary_MR_GxE	causal_effect	1.0878166238221327	0.04442193737678861	1.969493986703286e-132		-0.08787367258065892	
environment_effect_heterogeneity	334	PlantMR	environment_slope	0.22347347860656053	0.021894945916041544	1.8519683016248865e-24	0.25	0.5284085542680339	
environment_effect_heterogeneity	334	summary_MR_GxE	causal_effect	1.1661308403034998	0.04560330408414539	3.1916702313623994e-144		-0.09914638400211512	
environment_effect_heterogeneity	335	PlantMR	environment_slope	0.24434518709533326	0.02216536337232534	2.936035197480188e-28	0.25	0.4729254292023619	
environment_effect_heterogeneity	335	summary_MR_GxE	causal_effect	1.137313500051019	0.04569192664457262	9.333674746198133e-137		-0.09557625604203351	
environment_effect_heterogeneity	336	PlantMR	environment_slope	0.23813327772802084	0.0215625172629258	2.347455327598795e-28	0.25	0.5357496880305377	
environment_effect_heterogeneity	336	summary_MR_GxE	causal_effect	1.232787601527781	0.044565685627880554	1.9873595843359306e-168		-0.11409413867612217	
environment_effect_heterogeneity	337	PlantMR	environment_slope	0.2571558909619128	0.021609986377992926	1.1854070199398303e-32	0.25	0.4710584988165345	
environment_effect_heterogeneity	337	summary_MR_GxE	causal_effect	1.2251748793995918	0.0457942680689786	1.1125345250659237e-157		-0.119894183412873	
environment_effect_heterogeneity	338	PlantMR	environment_slope	0.2656935615177234	0.021470511756524868	3.5772782794278244e-35	0.25	0.4931638067156623	
environment_effect_heterogeneity	338	summary_MR_GxE	causal_effect	1.2655588896690269	0.04647170376490006	2.6501231235656908e-163		-0.12069924371857921	
environment_effect_heterogeneity	339	PlantMR	environment_slope	0.24130758907381333	0.021370365279893198	1.442325491326004e-29	0.25	0.4869943719097023	
environment_effect_heterogeneity	339	summary_MR_GxE	causal_effect	1.1811031524732936	0.045190854488368494	1.425981135220572e-150		-0.10865362132311229	
environment_effect_heterogeneity	340	PlantMR	environment_slope	0.2608466847950599	0.02205951416164409	2.9101129236300184e-32	0.25	0.4980601793218149	
environment_effect_heterogeneity	340	summary_MR_GxE	causal_effect	1.2742909856917772	0.047634164403345856	1.1823915168744721e-157		-0.12267665112217846	
environment_effect_heterogeneity	341	PlantMR	environment_slope	0.2591379126040755	0.020946622460487164	3.7350957056405074e-35	0.25	0.46816995410690576	
environment_effect_heterogeneity	341	summary_MR_GxE	causal_effect	1.2128308147087743	0.04413886683331608	3.2510026858298546e-166		-0.12262275019608054	
environment_effect_heterogeneity	342	PlantMR	environment_slope	0.26613390064835607	0.02378467379385021	4.6004020152503284e-29	0.25	0.47366025074696116	
environment_effect_heterogeneity	342	summary_MR_GxE	causal_effect	1.233816374957247	0.04931645098856548	3.86035595253982e-138		-0.1078200115132679	
environment_effect_heterogeneity	343	PlantMR	environment_slope	0.26686730808472314	0.02176387180317825	1.4498519410322905e-34	0.25	0.47800564278385704	
environment_effect_heterogeneity	343	summary_MR_GxE	causal_effect	1.2529573276289496	0.04522884496403386	6.493456269150876e-169		-0.12232573883801678	
environment_effect_heterogeneity	344	PlantMR	environment_slope	0.2878899596321437	0.02262464723668977	4.315885856369712e-37	0.25	0.45786683029175657	
environment_effect_heterogeneity	344	summary_MR_GxE	causal_effect	1.2894741972005161	0.047471526694348454	1.7728181568272493e-162		-0.12839271983297268	
environment_effect_heterogeneity	345	PlantMR	environment_slope	0.2623058643545285	0.022972167733368215	3.383279246302938e-30	0.25	0.5071498678962574	
environment_effect_heterogeneity	345	summary_MR_GxE	causal_effect	1.2490035388935636	0.04996296234089208	6.333311493243615e-138		-0.10686223972174685	
environment_effect_heterogeneity	346	PlantMR	environment_slope	0.27849443094011794	0.022477631086299896	2.966053163533824e-35	0.25	0.4977142127713923	
environment_effect_heterogeneity	346	summary_MR_GxE	causal_effect	1.2739587311319442	0.04711972466524396	5.4853136129530424e-161		-0.11533376811110763	
environment_effect_heterogeneity	347	PlantMR	environment_slope	0.21218052754938588	0.023220779316649363	6.389597790561348e-20	0.25	0.5338722325163414	
environment_effect_heterogeneity	347	summary_MR_GxE	causal_effect	1.140337387535844	0.04809293973939179	2.768976612942833e-124		-0.08746031529569248	
environment_effect_heterogeneity	348	PlantMR	environment_slope	0.25043330101998484	0.02363433736245493	3.1045635994032484e-26	0.25	0.49334745146643466	
environment_effect_heterogeneity	348	summary_MR_GxE	causal_effect	1.2111978066942801	0.05091660787621695	4.459143202552385e-125		-0.10156354655271815	
environment_effect_heterogeneity	349	PlantMR	environment_slope	0.28605315599258896	0.02116125160178678	1.228256903363285e-41	0.25	0.4305604446396336	
environment_effect_heterogeneity	349	summary_MR_GxE	causal_effect	1.2946136726736075	0.04563370361608318	4.7863790371212965e-177		-0.14301679559876945	
environment_effect_heterogeneity	350	PlantMR	environment_slope	0.26580303064310085	0.022417792466617643	1.9844062547857937e-32	0.25	0.5006525344603372	
environment_effect_heterogeneity	350	summary_MR_GxE	causal_effect	1.2779894042433062	0.04914851466396138	4.627369372113174e-149		-0.11619008189418073	
environment_effect_heterogeneity	351	PlantMR	environment_slope	0.28762269219783854	0.021554494206052984	1.284200218998813e-40	0.25	0.47803090063092735	
environment_effect_heterogeneity	351	summary_MR_GxE	causal_effect	1.3101479672806273	0.045372766891834296	2.445759688537306e-183		-0.13257981650871026	
environment_effect_heterogeneity	352	PlantMR	environment_slope	0.2922646160248692	0.021873907107098262	1.0172228638859945e-40	0.25	0.4478434468900139	
environment_effect_heterogeneity	352	summary_MR_GxE	causal_effect	1.296007394700665	0.04627033553300963	1.2459967427656102e-172		-0.13360152072455408	
environment_effect_heterogeneity	353	PlantMR	environment_slope	0.2703377442640874	0.021179383616603993	2.5982883638225284e-37	0.25	0.47918693900797105	
environment_effect_heterogeneity	353	summary_MR_GxE	causal_effect	1.2698348424859942	0.04593074925779553	3.055557178463263e-168		-0.12619703242734692	
environment_effect_heterogeneity	354	PlantMR	environment_slope	0.23622445260830105	0.02120307339678188	7.918228507110329e-29	0.25	0.483865789500046	
environment_effect_heterogeneity	354	summary_MR_GxE	causal_effect	1.1667078122833996	0.04533955352656555	5.038905790050102e-146		-0.10913803670459071	
environment_effect_heterogeneity	355	PlantMR	environment_slope	0.2770830618421912	0.022436614349105793	4.895830721633541e-35	0.25	0.46585511573479343	
environment_effect_heterogeneity	355	summary_MR_GxE	causal_effect	1.224511126264931	0.04568935611632673	3.1629123654173808e-158		-0.11246535516523098	
environment_effect_heterogeneity	356	PlantMR	environment_slope	0.28345538972846274	0.02213626517008171	1.5367982136710144e-37	0.25	0.4689220949611572	
environment_effect_heterogeneity	356	summary_MR_GxE	causal_effect	1.2566395979758984	0.0471812489427428	2.720666302361028e-156		-0.11531105728791896	
environment_effect_heterogeneity	357	PlantMR	environment_slope	0.24294626729393576	0.021263498432504073	3.1182746254006986e-30	0.25	0.5290580002368592	
environment_effect_heterogeneity	357	summary_MR_GxE	causal_effect	1.2338021427351014	0.04599701704472991	1.7181338031512483e-158		-0.1117109145626281	
environment_effect_heterogeneity	358	PlantMR	environment_slope	0.27897939719397047	0.022773644076912358	1.6779072660817329e-34	0.25	0.4891514336468912	
environment_effect_heterogeneity	358	summary_MR_GxE	causal_effect	1.2743058999137116	0.04830893805411949	2.4335753218452816e-153		-0.11536426041047432	
environment_effect_heterogeneity	359	PlantMR	environment_slope	0.27082974363351564	0.021220231388871278	2.6449105654076895e-37	0.25	0.4241535213410692	
environment_effect_heterogeneity	359	summary_MR_GxE	causal_effect	1.2107907001370515	0.04450406390142637	5.471400716915855e-163		-0.12738138094551774	
environment_effect_heterogeneity	360	PlantMR	environment_slope	0.2566698167940985	0.020864674775385696	8.874836672308923e-35	0.25	0.4628884174051717	
environment_effect_heterogeneity	360	summary_MR_GxE	causal_effect	1.198117101063461	0.04547416487944942	5.525367117898918e-153		-0.11774254831697356	
environment_effect_heterogeneity	361	PlantMR	environment_slope	0.2305772014295714	0.02137255741975444	3.9023059883227116e-27	0.25	0.539264685454476	
environment_effect_heterogeneity	361	summary_MR_GxE	causal_effect	1.2159655771641114	0.04592078392630809	1.6636144859944393e-154		-0.10811477319465945	
environment_effect_heterogeneity	362	PlantMR	environment_slope	0.2894647846709141	0.02206497669375565	2.571610318376647e-39	0.25	0.45016820081493614	
environment_effect_heterogeneity	362	summary_MR_GxE	causal_effect	1.311680969803864	0.04860788840819008	2.2203677320013923e-160		-0.13376904972340267	
environment_effect_heterogeneity	363	PlantMR	environment_slope	0.19966381862141402	0.022938938478809724	3.1998119255861842e-18	0.25	0.5670230486150636	
environment_effect_heterogeneity	363	summary_MR_GxE	causal_effect	1.1359504464804169	0.04873305458682201	3.538944181043685e-120		-0.08412498459068024	
environment_effect_heterogeneity	364	PlantMR	environment_slope	0.23779494166953585	0.02174607268459804	7.834094171838649e-28	0.25	0.519061602407723	
environment_effect_heterogeneity	364	summary_MR_GxE	causal_effect	1.1806568825593713	0.045039361143513375	1.8455731769539504e-151		-0.10172864696554368	
environment_effect_heterogeneity	365	PlantMR	environment_slope	0.22800386863811928	0.021744763013465132	1.0075289842810317e-25	0.25	0.5315887242641482	
environment_effect_heterogeneity	365	summary_MR_GxE	causal_effect	1.216346109867161	0.04655649889759264	1.8357460003051807e-150		-0.11049907098985795	
environment_effect_heterogeneity	366	PlantMR	environment_slope	0.2427339854201036	0.02125733484928341	3.367197441196591e-30	0.25	0.46649640035633566	
environment_effect_heterogeneity	366	summary_MR_GxE	causal_effect	1.1914713683453484	0.0465931221228819	3.1399875096565335e-144		-0.11632777771284042	
environment_effect_heterogeneity	367	PlantMR	environment_slope	0.2583479122541694	0.021779650991816106	1.8670327854649347e-32	0.25	0.4846868287342345	
environment_effect_heterogeneity	367	summary_MR_GxE	causal_effect	1.236093334243173	0.044636735875024834	8.647195930803824e-169		-0.12339543941326991	
environment_effect_heterogeneity	368	PlantMR	environment_slope	0.25236106821112414	0.02178475003436167	4.949967247098664e-31	0.25	0.5124234191066708	
environment_effect_heterogeneity	368	summary_MR_GxE	causal_effect	1.214552353343091	0.046451727597884976	1.0787425154045361e-150		-0.10447203603728633	
environment_effect_heterogeneity	369	PlantMR	environment_slope	0.2710665027796043	0.022809138396361412	1.4313720882094845e-32	0.25	0.4335380385036405	
environment_effect_heterogeneity	369	summary_MR_GxE	causal_effect	1.1737061451050663	0.04672550289975691	3.070429249791966e-139		-0.10517568152488788	
environment_effect_heterogeneity	370	PlantMR	environment_slope	0.2430176896728694	0.02167092366999629	3.481073548141488e-29	0.25	0.49995780973418547	
environment_effect_heterogeneity	370	summary_MR_GxE	causal_effect	1.2374318593416311	0.047134673128681685	6.586117605362419e-152		-0.11946586195902548	
environment_effect_heterogeneity	371	PlantMR	environment_slope	0.2565872420795934	0.02280061740256588	2.2252606385680274e-29	0.25	0.4806003999548796	
environment_effect_heterogeneity	371	summary_MR_GxE	causal_effect	1.1859515255613546	0.049861200581214016	4.76856966473771e-125		-0.09828095827793581	
environment_effect_heterogeneity	372	PlantMR	environment_slope	0.3138698528457756	0.022845183182400954	5.9293298085950486e-43	0.25	0.40078773616706975	
environment_effect_heterogeneity	372	summary_MR_GxE	causal_effect	1.2838782215484357	0.04700860832252367	3.09250742418911e-164		-0.1314230084314211	
environment_effect_heterogeneity	373	PlantMR	environment_slope	0.2472494430156249	0.02181857874504044	9.103807492595524e-30	0.25	0.48989979644635717	
environment_effect_heterogeneity	373	summary_MR_GxE	causal_effect	1.1922279096812058	0.04530628275114237	1.2969013828134677e-152		-0.1101321746826146	
environment_effect_heterogeneity	374	PlantMR	environment_slope	0.23020429721186753	0.021526802471295643	1.087658372434741e-26	0.25	0.5085413749850969	
environment_effect_heterogeneity	374	summary_MR_GxE	causal_effect	1.1668459596783258	0.0458493426635427	7.13767261040364e-143		-0.10325527573639692	
environment_effect_heterogeneity	375	PlantMR	environment_slope	0.2638106391197578	0.022904853316250195	1.074727870161903e-30	0.25	0.506884192952225	
environment_effect_heterogeneity	375	summary_MR_GxE	causal_effect	1.2474335259132223	0.047961185220515866	3.8939542948604727e-149		-0.10809583030280018	
environment_effect_heterogeneity	376	PlantMR	environment_slope	0.2886141568642958	0.020780328210058183	7.404915677319921e-44	0.25	0.36889601306358233	
environment_effect_heterogeneity	376	summary_MR_GxE	causal_effect	1.2185019297873811	0.04395413211970188	3.779016569147069e-169		-0.14322136549576656	
environment_effect_heterogeneity	377	PlantMR	environment_slope	0.27562399034754603	0.021496440612043335	1.2372396039844415e-37	0.25	0.3954437591457767	
environment_effect_heterogeneity	377	summary_MR_GxE	causal_effect	1.1852352107942408	0.045662538204198605	1.5395584214876166e-148		-0.12436003876983595	
environment_effect_heterogeneity	378	PlantMR	environment_slope	0.22393296967734688	0.021326357159032555	8.611366680785597e-26	0.25	0.5473652593826257	
environment_effect_heterogeneity	378	summary_MR_GxE	causal_effect	1.188393899163258	0.044821013625730426	6.646271041314943e-155		-0.10218852158571623	
environment_effect_heterogeneity	379	PlantMR	environment_slope	0.25854199015086476	0.02391389394231142	3.040894524973903e-27	0.25	0.5276809823531301	
environment_effect_heterogeneity	379	summary_MR_GxE	causal_effect	1.2135942927888395	0.0481412416883198	3.1886727534033714e-140		-0.09239328603378338	
environment_effect_heterogeneity	380	PlantMR	environment_slope	0.22400142848491578	0.022184234837147373	5.6769605247478595e-24	0.25	0.5425376576077396	
environment_effect_heterogeneity	380	summary_MR_GxE	causal_effect	1.2209934959761584	0.048398838959885455	1.9879235569362936e-140		-0.10665749354479692	
environment_effect_heterogeneity	381	PlantMR	environment_slope	0.1992870660827012	0.02300536943378458	4.6099177841804045e-18	0.25	0.5561337238943136	
environment_effect_heterogeneity	381	summary_MR_GxE	causal_effect	1.1185577532576887	0.0473848943172149	3.3611769057969744e-123		-0.08427525837806138	
environment_effect_heterogeneity	382	PlantMR	environment_slope	0.24327250401021916	0.021286406046352152	3.0113560940849116e-30	0.25	0.4755290173506135	
environment_effect_heterogeneity	382	summary_MR_GxE	causal_effect	1.1746931175637367	0.04696871448263373	4.744867816225713e-138		-0.10835372736440008	
environment_effect_heterogeneity	383	PlantMR	environment_slope	0.2585859645056813	0.022518952337615215	1.6054036494286697e-30	0.25	0.5371563981328153	
environment_effect_heterogeneity	383	summary_MR_GxE	causal_effect	1.2806820057475936	0.047013485665602116	2.1396490082775616e-163		-0.11301103746436775	
environment_effect_heterogeneity	384	PlantMR	environment_slope	0.26276929178520725	0.022443192707774225	1.1571592106167878e-31	0.25	0.4596648000646979	
environment_effect_heterogeneity	384	summary_MR_GxE	causal_effect	1.2383723418325276	0.048121971178941014	4.865231996487154e-146		-0.12105264252501025	
environment_effect_heterogeneity	385	PlantMR	environment_slope	0.269334701432121	0.022387088370407017	2.4476164774291266e-33	0.25	0.47068163655163775	
environment_effect_heterogeneity	385	summary_MR_GxE	causal_effect	1.2648561694016456	0.048666316265781315	6.361075911176419e-149		-0.12206913798770042	
environment_effect_heterogeneity	386	PlantMR	environment_slope	0.2432536785470263	0.02227055576821501	8.982720136397856e-28	0.25	0.46224244889343136	
environment_effect_heterogeneity	386	summary_MR_GxE	causal_effect	1.1326618848280718	0.04612969975482628	3.933962343621147e-133		-0.09688873556605812	
environment_effect_heterogeneity	387	PlantMR	environment_slope	0.29848704806397364	0.02063772376690348	2.0701799990382347e-47	0.25	0.42837260222914986	
environment_effect_heterogeneity	387	summary_MR_GxE	causal_effect	1.2930609507165314	0.04561919368776884	9.737227934161855e-177		-0.13983187334106167	
environment_effect_heterogeneity	388	PlantMR	environment_slope	0.24240532068138854	0.022963174036266392	4.752016307518916e-26	0.25	0.512795835323018	
environment_effect_heterogeneity	388	summary_MR_GxE	causal_effect	1.2170649447309858	0.04761229983539829	4.0400836870760803e-144		-0.1078329366068432	
environment_effect_heterogeneity	389	PlantMR	environment_slope	0.21759802651667393	0.021467046007781713	3.809758291348508e-24	0.25	0.5119617383418782	
environment_effect_heterogeneity	389	summary_MR_GxE	causal_effect	1.1033209952335117	0.04461669095180619	5.231679922850401e-135		-0.0895603674236331	
environment_effect_heterogeneity	390	PlantMR	environment_slope	0.261284719634471	0.02177423596978375	3.5650342897078936e-33	0.25	0.4797347495445139	
environment_effect_heterogeneity	390	summary_MR_GxE	causal_effect	1.2074609393998057	0.04683494771995081	1.4411904409095736e-146		-0.1086261825861985	
environment_effect_heterogeneity	391	PlantMR	environment_slope	0.27567280345952316	0.021553875487268646	1.8661467213515713e-37	0.25	0.46288620690197035	
environment_effect_heterogeneity	391	summary_MR_GxE	causal_effect	1.2388734862457889	0.0455454254490214	6.349279683160602e-163		-0.12082545053212135	
environment_effect_heterogeneity	392	PlantMR	environment_slope	0.2562315348828901	0.02148385013980368	8.590736891014044e-33	0.25	0.4706788606736956	
environment_effect_heterogeneity	392	summary_MR_GxE	causal_effect	1.1845697104549684	0.04617837462020828	4.0117280145155306e-145		-0.10818769259061822	
environment_effect_heterogeneity	393	PlantMR	environment_slope	0.23621543434012537	0.023143490615943053	1.8531810033087424e-24	0.25	0.5554684443045179	
environment_effect_heterogeneity	393	summary_MR_GxE	causal_effect	1.1997607268461268	0.04745282853660312	4.885027185754837e-141		-0.09188902837109642	
environment_effect_heterogeneity	394	PlantMR	environment_slope	0.2424199064008301	0.021755253765526988	7.742059553811552e-29	0.25	0.4609561362653882	
environment_effect_heterogeneity	394	summary_MR_GxE	causal_effect	1.156450126704128	0.04495584624291004	6.279004325286609e-146		-0.11249238027976166	
environment_effect_heterogeneity	395	PlantMR	environment_slope	0.2550422720404678	0.02174113461348918	8.855117694332497e-32	0.25	0.49064735459610187	
environment_effect_heterogeneity	395	summary_MR_GxE	causal_effect	1.190222881245543	0.0474550509810014	8.005330319596639e-139		-0.10282675583026507	
environment_effect_heterogeneity	396	PlantMR	environment_slope	0.2321358818172754	0.02222731600976076	1.565517161737757e-25	0.25	0.49904220578977854	
environment_effect_heterogeneity	396	summary_MR_GxE	causal_effect	1.1748109865371967	0.04688790455768326	1.5117889412397176e-138		-0.10384092820014262	
environment_effect_heterogeneity	397	PlantMR	environment_slope	0.2605857454354188	0.021564409405371573	1.282189744921971e-33	0.25	0.5006465661580619	
environment_effect_heterogeneity	397	summary_MR_GxE	causal_effect	1.266839434750815	0.04688576673530506	8.67404466832464e-161		-0.12230157498387562	
environment_effect_heterogeneity	398	PlantMR	environment_slope	0.251147482357177	0.021467894808414656	1.293484199268437e-31	0.25	0.4589733457493821	
environment_effect_heterogeneity	398	summary_MR_GxE	causal_effect	1.2024047438162686	0.04562906648252353	4.903639679485461e-153		-0.1210851473971504	
environment_effect_heterogeneity	399	PlantMR	environment_slope	0.24260323521281546	0.02138725010668975	8.001405170254083e-30	0.25	0.5411810531401247	
environment_effect_heterogeneity	399	summary_MR_GxE	causal_effect	1.2440136471083285	0.04540709812311418	2.9861186952286375e-165		-0.11086111675788407	
environment_effect_heterogeneity	400	PlantMR	environment_slope	0.26457964458959105	0.021193145265768695	9.104419408873826e-36	0.25	0.4327999473695059	
environment_effect_heterogeneity	400	summary_MR_GxE	causal_effect	1.1810025144184761	0.04565158653217502	1.452783437892616e-147		-0.11528212214383932	
environment_effect_heterogeneity	401	PlantMR	environment_slope	0.23505009314432213	0.02308695711566583	2.4087989191941202e-24	0.25	0.5176125938816993	
environment_effect_heterogeneity	401	summary_MR_GxE	causal_effect	1.1699110725780275	0.04684265597205812	1.133348331306366e-137		-0.09374031403500888	
environment_effect_heterogeneity	402	PlantMR	environment_slope	0.2361977031371637	0.022242912400400706	2.4312654741061494e-26	0.25	0.5390181946883676	
environment_effect_heterogeneity	402	summary_MR_GxE	causal_effect	1.227537020076448	0.04688432982949686	4.233548721080871e-151		-0.10808991496093145	
environment_effect_heterogeneity	403	PlantMR	environment_slope	0.2785908920656066	0.021925659887474084	5.465457263472859e-37	0.25	0.4981962345928508	
environment_effect_heterogeneity	403	summary_MR_GxE	causal_effect	1.3105944678605814	0.048732842087287384	2.6196273198523215e-159		-0.12438752502090644	
environment_effect_heterogeneity	404	PlantMR	environment_slope	0.27547648669768976	0.021086299680950764	5.2708158233111e-39	0.25	0.4464732801791047	
environment_effect_heterogeneity	404	summary_MR_GxE	causal_effect	1.2358355607795835	0.04460556995286726	5.935074597272264e-169		-0.12609056084196912	
environment_effect_heterogeneity	405	PlantMR	environment_slope	0.2077780137816444	0.021602545022641282	6.69806761929996e-22	0.25	0.5605674393910585	
environment_effect_heterogeneity	405	summary_MR_GxE	causal_effect	1.145934371517637	0.04515014591172951	4.138190758817877e-142		-0.08984549811006132	
environment_effect_heterogeneity	406	PlantMR	environment_slope	0.23280651842877476	0.021597692309295646	4.3147689137383476e-27	0.25	0.5617723951975722	
environment_effect_heterogeneity	406	summary_MR_GxE	causal_effect	1.2332162612450592	0.04707416241277658	2.8519848227099688e-151		-0.10429719618292432	
environment_effect_heterogeneity	407	PlantMR	environment_slope	0.26697063970308355	0.021150079247438797	1.5834350242584043e-36	0.25	0.4513509143680532	
environment_effect_heterogeneity	407	summary_MR_GxE	causal_effect	1.218068050362628	0.04438859571708187	8.893878380039766e-166		-0.1240654410109659	
environment_effect_heterogeneity	408	PlantMR	environment_slope	0.257408115514168	0.022262003098801393	6.369958867245844e-31	0.25	0.49545718926227345	
environment_effect_heterogeneity	408	summary_MR_GxE	causal_effect	1.2505019744801742	0.04839720415024575	3.292770475254231e-147		-0.11541391612449381	
environment_effect_heterogeneity	409	PlantMR	environment_slope	0.23846872930381768	0.02068341659578762	9.372424131305962e-31	0.25	0.49459422518984475	
environment_effect_heterogeneity	409	summary_MR_GxE	causal_effect	1.172182887600962	0.044150117542165114	2.572429012426404e-155		-0.108636966121816	
environment_effect_heterogeneity	410	PlantMR	environment_slope	0.24189459191779827	0.02225257109613418	1.5948092506753148e-27	0.25	0.4694794750997766	
environment_effect_heterogeneity	410	summary_MR_GxE	causal_effect	1.1638804921921997	0.046285017171725715	1.5651658828157736e-139		-0.10817266987113178	
environment_effect_heterogeneity	411	PlantMR	environment_slope	0.20216015838458157	0.022432260998089315	2.0228115210927643e-19	0.25	0.5386076463205056	
environment_effect_heterogeneity	411	summary_MR_GxE	causal_effect	1.1269580041183662	0.047696533427812056	2.0028128262107975e-123		-0.08813273151880152	
environment_effect_heterogeneity	412	PlantMR	environment_slope	0.23090975256345514	0.022462490175715912	8.691393535428338e-25	0.25	0.48687524090729295	
environment_effect_heterogeneity	412	summary_MR_GxE	causal_effect	1.153272105075088	0.0474567489169095	1.888173282795293e-130		-0.09834105910623478	
environment_effect_heterogeneity	413	PlantMR	environment_slope	0.2588985994462092	0.02151218039915279	2.326984588417056e-33	0.25	0.48535086547146444	
environment_effect_heterogeneity	413	summary_MR_GxE	causal_effect	1.2096828619126256	0.045151787778362325	4.0620715322734375e-158		-0.11201274814059958	
environment_effect_heterogeneity	414	PlantMR	environment_slope	0.26917035927480326	0.02120697286855883	6.504136160984292e-37	0.25	0.4243019534374244	
environment_effect_heterogeneity	414	summary_MR_GxE	causal_effect	1.1935725774764028	0.044887095338413494	8.73055304923207e-156		-0.12328577868655835	
environment_effect_heterogeneity	415	PlantMR	environment_slope	0.19544425601243254	0.022178419107955875	1.2253626891571264e-18	0.25	0.5675599576693537	
environment_effect_heterogeneity	415	summary_MR_GxE	causal_effect	1.137124858854074	0.048490080647014586	1.3012741735046338e-121		-0.08543894813441688	
environment_effect_heterogeneity	416	PlantMR	environment_slope	0.2735427354134279	0.02147715726211901	3.708917259981114e-37	0.25	0.4022084606766865	
environment_effect_heterogeneity	416	summary_MR_GxE	causal_effect	1.2037261129285053	0.045307191124362545	1.5868181972974096e-155		-0.13113786622940543	
environment_effect_heterogeneity	417	PlantMR	environment_slope	0.2472059034545956	0.021045582687349688	7.385482496939224e-32	0.25	0.5092269433993479	
environment_effect_heterogeneity	417	summary_MR_GxE	causal_effect	1.2245080636997838	0.04503535241912587	8.544151827014252e-163		-0.11518507950654322	
environment_effect_heterogeneity	418	PlantMR	environment_slope	0.2523228412438576	0.022302732356551697	1.124595673524981e-29	0.25	0.43974773847395787	
environment_effect_heterogeneity	418	summary_MR_GxE	causal_effect	1.1761882643580988	0.04677963464551322	1.6784965553968335e-139		-0.11361964207584399	
environment_effect_heterogeneity	419	PlantMR	environment_slope	0.24520533102042985	0.021985021298298907	6.900631958313557e-29	0.25	0.48266876469534026	
environment_effect_heterogeneity	419	summary_MR_GxE	causal_effect	1.21891457361969	0.04657358122005675	5.5666589124508736e-151		-0.12000256592900513	
environment_effect_heterogeneity	420	PlantMR	environment_slope	0.24794668584501212	0.022936255124641057	3.0782504476274595e-27	0.25	0.4937523451600976	
environment_effect_heterogeneity	420	summary_MR_GxE	causal_effect	1.1997445070943937	0.04672399188787277	2.0977369201948533e-145		-0.10642818326815714	
environment_effect_heterogeneity	421	PlantMR	environment_slope	0.22240051202802757	0.0226090274514504	7.815621017067327e-23	0.25	0.5580524100174944	
environment_effect_heterogeneity	421	summary_MR_GxE	causal_effect	1.180189745492962	0.047059896098622364	8.545056758607167e-139		-0.09129952668715152	
environment_effect_heterogeneity	422	PlantMR	environment_slope	0.27151349787969437	0.021569908754385983	2.4705507213008573e-36	0.25	0.439689783004803	
environment_effect_heterogeneity	422	summary_MR_GxE	causal_effect	1.2045565732198922	0.04578479750070085	1.5091651289721496e-152		-0.11749883234479014	
environment_effect_heterogeneity	423	PlantMR	environment_slope	0.20100955907196183	0.021180528718302175	2.3037162566093517e-21	0.25	0.570413871960074	
environment_effect_heterogeneity	423	summary_MR_GxE	causal_effect	1.1709266032890544	0.04657777898524619	1.8564269253871247e-139		-0.0962246898418006	
environment_effect_heterogeneity	424	PlantMR	environment_slope	0.23186621372107796	0.022020649471020285	6.31756650495674e-26	0.25	0.4860033307128524	
environment_effect_heterogeneity	424	summary_MR_GxE	causal_effect	1.165868171514179	0.04701303194919052	9.229352183121715e-136		-0.105595140504007	
environment_effect_heterogeneity	425	PlantMR	environment_slope	0.2524459146410968	0.021481865159164573	6.930842517767167e-32	0.25	0.49659489266555723	
environment_effect_heterogeneity	425	summary_MR_GxE	causal_effect	1.167800404681798	0.04489967587858984	3.906667788648914e-149		-0.09714897736976519	
environment_effect_heterogeneity	426	PlantMR	environment_slope	0.23106426811842162	0.022357610953152356	4.897869251531303e-25	0.25	0.5283097447955112	
environment_effect_heterogeneity	426	summary_MR_GxE	causal_effect	1.1918161439264567	0.047453646111022374	3.378501948899348e-139		-0.09954342558543344	
environment_effect_heterogeneity	427	PlantMR	environment_slope	0.2739870288610329	0.020843572843271096	1.8200584000000902e-39	0.25	0.4394541048906544	
environment_effect_heterogeneity	427	summary_MR_GxE	causal_effect	1.2427637119784305	0.04347108578068213	9.39652549719876e-180		-0.1364215756969563	
environment_effect_heterogeneity	428	PlantMR	environment_slope	0.22570060928712754	0.02122261052360514	2.0502074743526783e-26	0.25	0.5386898834543834	
environment_effect_heterogeneity	428	summary_MR_GxE	causal_effect	1.1859583877606914	0.043739373852849525	6.695930940452492e-162		-0.10549068627337427	
environment_effect_heterogeneity	429	PlantMR	environment_slope	0.26853971062383475	0.0231256356380228	3.572655336328442e-31	0.25	0.44634167153997995	
environment_effect_heterogeneity	429	summary_MR_GxE	causal_effect	1.2244785216342589	0.04888328419431309	1.789160768152995e-138		-0.11607713890444635	
environment_effect_heterogeneity	430	PlantMR	environment_slope	0.2471942136287164	0.02257527219149788	6.66108355826203e-28	0.25	0.5160311408682838	
environment_effect_heterogeneity	430	summary_MR_GxE	causal_effect	1.2181435947743633	0.0460364380854222	2.768385911618176e-154		-0.10662170373032748	
environment_effect_heterogeneity	431	PlantMR	environment_slope	0.29045438290883496	0.0215610247252358	2.3086101369667996e-41	0.25	0.40317802991112694	
environment_effect_heterogeneity	431	summary_MR_GxE	causal_effect	1.2507312607412957	0.045991893798701014	7.523380800344009e-163		-0.13502728971476882	
environment_effect_heterogeneity	432	PlantMR	environment_slope	0.24161975442122008	0.02159537218581563	4.642365917948008e-29	0.25	0.5236789994752566	
environment_effect_heterogeneity	432	summary_MR_GxE	causal_effect	1.188785216392776	0.04565478888561541	1.8128304584971033e-149		-0.09904924995179565	
environment_effect_heterogeneity	433	PlantMR	environment_slope	0.2596585591374535	0.02166831208538905	4.345065745680159e-33	0.25	0.4444098338500795	
environment_effect_heterogeneity	433	summary_MR_GxE	causal_effect	1.1965371472439323	0.04547087008263718	1.3134308204226103e-152		-0.12038592385748717	
environment_effect_heterogeneity	434	PlantMR	environment_slope	0.25317913672615155	0.021116045311571695	4.014204119852975e-33	0.25	0.49669739950837344	
environment_effect_heterogeneity	434	summary_MR_GxE	causal_effect	1.2163463998996988	0.04489828534522133	1.2517072263608315e-161		-0.11473164660639151	
environment_effect_heterogeneity	435	PlantMR	environment_slope	0.24585329721652982	0.021785956633530525	1.5574100732442672e-29	0.25	0.5302028023818752	
environment_effect_heterogeneity	435	summary_MR_GxE	causal_effect	1.2516337541670626	0.046665693172001615	1.8247929289416783e-158		-0.11348506739677161	
environment_effect_heterogeneity	436	PlantMR	environment_slope	0.23683774764693333	0.02254996439667	8.385594314068454e-26	0.25	0.5275602976184592	
environment_effect_heterogeneity	436	summary_MR_GxE	causal_effect	1.1528111861738157	0.04423322892954845	9.808884538051108e-150		-0.09003358699524294	
environment_effect_heterogeneity	437	PlantMR	environment_slope	0.27291930588094027	0.02214775095640648	6.839640948570365e-35	0.25	0.458942130272298	
environment_effect_heterogeneity	437	summary_MR_GxE	causal_effect	1.2242629343596068	0.04664644632198222	8.028700505325524e-152		-0.11680239310660509	
environment_effect_heterogeneity	438	PlantMR	environment_slope	0.23212081295693232	0.02240881301013898	3.8307642013916742e-25	0.25	0.5791008910035851	
environment_effect_heterogeneity	438	summary_MR_GxE	causal_effect	1.2313624884247294	0.0477702199186212	1.6151762126787487e-146		-0.09706762962036902	
environment_effect_heterogeneity	439	PlantMR	environment_slope	0.25331616598777484	0.022067711658494298	1.6813511412122463e-30	0.25	0.5690828672407988	
environment_effect_heterogeneity	439	summary_MR_GxE	causal_effect	1.303044137521713	0.046516834850169796	1.1503777447253347e-172		-0.11553512611043948	
environment_effect_heterogeneity	440	PlantMR	environment_slope	0.2468137398722956	0.021740014363076904	7.168524684178961e-30	0.25	0.4823371543158128	
environment_effect_heterogeneity	440	summary_MR_GxE	causal_effect	1.2018780030752856	0.04835727120664239	2.333117865553753e-136		-0.11075292772873996	
environment_effect_heterogeneity	441	PlantMR	environment_slope	0.24544884175185855	0.02360723538207775	2.5536040462512164e-25	0.25	0.5277043731967743	
environment_effect_heterogeneity	441	summary_MR_GxE	causal_effect	1.2073536561064802	0.04972132319856862	3.0073606628562957e-130		-0.09403366112083922	
environment_effect_heterogeneity	442	PlantMR	environment_slope	0.24008989673335612	0.02156424023602114	8.598531217430014e-29	0.25	0.5080354825372313	
environment_effect_heterogeneity	442	summary_MR_GxE	causal_effect	1.2149817717040992	0.04535763912417717	4.616021852568024e-158		-0.11556044547993799	
environment_effect_heterogeneity	443	PlantMR	environment_slope	0.22815267084803859	0.02236485995609911	1.954538010569032e-24	0.25	0.5759963118322722	
environment_effect_heterogeneity	443	summary_MR_GxE	causal_effect	1.2152693338148497	0.04643847651807686	5.9208780547595025e-151		-0.09642709680087153	
environment_effect_heterogeneity	444	PlantMR	environment_slope	0.26103379551276296	0.021183009182419946	6.828921229192574e-35	0.25	0.4998294199559239	
environment_effect_heterogeneity	444	summary_MR_GxE	causal_effect	1.2638807966127663	0.046067784298292516	1.0422199217653838e-165		-0.12110457037640149	
environment_effect_heterogeneity	445	PlantMR	environment_slope	0.2591530860955492	0.021896355058753224	2.559850057699672e-32	0.25	0.46689308068062174	
environment_effect_heterogeneity	445	summary_MR_GxE	causal_effect	1.2090577207546005	0.04705548436169715	1.3535743531491877e-145		-0.11542300050146914	
environment_effect_heterogeneity	446	PlantMR	environment_slope	0.23511868613595066	0.021228039630962765	1.6430452012159516e-28	0.25	0.5437134444355238	
environment_effect_heterogeneity	446	summary_MR_GxE	causal_effect	1.191301007638097	0.04434896506262368	6.111447382251015e-159		-0.10267318073193699	
environment_effect_heterogeneity	447	PlantMR	environment_slope	0.2520544503535309	0.021810678612490694	6.846589331038998e-31	0.25	0.529630578931396	
environment_effect_heterogeneity	447	summary_MR_GxE	causal_effect	1.2595159885213338	0.04538157654448698	1.563274218624827e-169		-0.11554097128886343	
environment_effect_heterogeneity	448	PlantMR	environment_slope	0.25155263493464186	0.02141072129769991	7.153572010776964e-32	0.25	0.461747139475956	
environment_effect_heterogeneity	448	summary_MR_GxE	causal_effect	1.208941027581317	0.04794382090510992	2.6890982740900123e-140		-0.11721683407153183	
environment_effect_heterogeneity	449	PlantMR	environment_slope	0.27868013618537457	0.022514138509613958	3.4377901358757346e-35	0.25	0.42728360939030496	
environment_effect_heterogeneity	449	summary_MR_GxE	causal_effect	1.2254841257292657	0.04725879507339354	2.952162721191397e-148		-0.1209080564221379	
environment_effect_heterogeneity	450	PlantMR	environment_slope	0.2754068418531125	0.02356647525351901	1.4962509540013183e-31	0.25	0.45685840469819916	
environment_effect_heterogeneity	450	summary_MR_GxE	causal_effect	1.2513641193955847	0.051531308683983354	2.923865649129787e-130		-0.1123623742457123	
environment_effect_heterogeneity	451	PlantMR	environment_slope	0.3016885204982973	0.022366846477424714	1.8352420024151187e-41	0.25	0.42147954393842535	
environment_effect_heterogeneity	451	summary_MR_GxE	causal_effect	1.2777312613640754	0.04688400201758198	1.5298413804687924e-163		-0.1305773190618843	
environment_effect_heterogeneity	452	PlantMR	environment_slope	0.26667432271335445	0.022319871843834757	6.663229092613933e-33	0.25	0.4808258892465631	
environment_effect_heterogeneity	452	summary_MR_GxE	causal_effect	1.2516984340739357	0.04758063012850094	1.5993929025717008e-152		-0.119387223727251	
environment_effect_heterogeneity	453	PlantMR	environment_slope	0.27756260715543013	0.02250115787881735	5.8339439553013e-35	0.25	0.4338134219769527	
environment_effect_heterogeneity	453	summary_MR_GxE	causal_effect	1.250990053394222	0.04714995585220003	4.126522415866188e-155		-0.12960147855565923	
environment_effect_heterogeneity	454	PlantMR	environment_slope	0.22684662354508844	0.02093440458537481	2.3224044558570044e-27	0.25	0.5028448890771025	
environment_effect_heterogeneity	454	summary_MR_GxE	causal_effect	1.1415792436245806	0.044074934622114426	6.510741644938374e-148		-0.10151487927871328	
environment_effect_heterogeneity	455	PlantMR	environment_slope	0.27876463215083225	0.021177021484209278	1.4225548200184112e-39	0.25	0.48307904940055235	
environment_effect_heterogeneity	455	summary_MR_GxE	causal_effect	1.2851628349013082	0.04358003678053954	3.900667916046666e-191		-0.13305057983152702	
environment_effect_heterogeneity	456	PlantMR	environment_slope	0.24275443420186227	0.022467360601429287	3.2681129198962306e-27	0.25	0.5445509915835705	
environment_effect_heterogeneity	456	summary_MR_GxE	causal_effect	1.2330391756634538	0.04653247299866542	1.0094890082905425e-154		-0.10293462856544527	
environment_effect_heterogeneity	457	PlantMR	environment_slope	0.263724202966774	0.021287138575996574	3.001368731281028e-35	0.25	0.46429099456879963	
environment_effect_heterogeneity	457	summary_MR_GxE	causal_effect	1.2448525632332066	0.04606429814487263	7.672066869281372e-161		-0.12630345565446438	
environment_effect_heterogeneity	458	PlantMR	environment_slope	0.2807696574062766	0.021879968078419697	1.0814841906326917e-37	0.25	0.4271779481495477	
environment_effect_heterogeneity	458	summary_MR_GxE	causal_effect	1.2460983045748066	0.0478744554893967	2.359349389515931e-149		-0.1266599279150051	
environment_effect_heterogeneity	459	PlantMR	environment_slope	0.27765912897545664	0.0221598130204853	5.125965567561317e-36	0.25	0.4533038289328042	
environment_effect_heterogeneity	459	summary_MR_GxE	causal_effect	1.2896351487735391	0.047753727483821375	1.257997866941349e-160		-0.1326733515488611	
environment_effect_heterogeneity	460	PlantMR	environment_slope	0.2739286979235772	0.020868413206648118	2.322177528143366e-39	0.25	0.4688544191941937	
environment_effect_heterogeneity	460	summary_MR_GxE	causal_effect	1.2380235850988939	0.04538446502582129	7.616862759556666e-164		-0.12034374880132093	
environment_effect_heterogeneity	461	PlantMR	environment_slope	0.20653949140326	0.022310793592577257	2.095101504829913e-20	0.25	0.597444667298878	
environment_effect_heterogeneity	461	summary_MR_GxE	causal_effect	1.1855280660644496	0.047237020514561176	5.3045252603250474e-139		-0.08753424531868881	
environment_effect_heterogeneity	462	PlantMR	environment_slope	0.24258674384216894	0.0223302502063398	1.7185220646163435e-27	0.25	0.5694003890210395	
environment_effect_heterogeneity	462	summary_MR_GxE	causal_effect	1.2828999427977623	0.04737965821903429	1.836504063872526e-161		-0.11013375793433239	
environment_effect_heterogeneity	463	PlantMR	environment_slope	0.23769464353367287	0.022698849809306126	1.1658013844681842e-25	0.25	0.5260951603170632	
environment_effect_heterogeneity	463	summary_MR_GxE	causal_effect	1.2222721687952602	0.04802366210232347	6.802128471999216e-143		-0.10680640232953154	
environment_effect_heterogeneity	464	PlantMR	environment_slope	0.24778135428141312	0.022123490973609612	4.080966037594138e-29	0.25	0.48769358761598847	
environment_effect_heterogeneity	464	summary_MR_GxE	causal_effect	1.2045606648009626	0.04568806900261968	3.4649305498125623e-153		-0.11305895644459055	
environment_effect_heterogeneity	465	PlantMR	environment_slope	0.203920653870727	0.021625757058325173	4.119435155425857e-21	0.25	0.5760049601342734	
environment_effect_heterogeneity	465	summary_MR_GxE	causal_effect	1.16525714510566	0.04665886805560496	1.1727606217815725e-137		-0.09166601562257881	
environment_effect_heterogeneity	466	PlantMR	environment_slope	0.24358547900940908	0.02061743593657675	3.283491444411839e-32	0.25	0.5004117624578108	
environment_effect_heterogeneity	466	summary_MR_GxE	causal_effect	1.2452524278200552	0.04524391346344078	9.292987022188365e-167		-0.12549799439092169	
environment_effect_heterogeneity	467	PlantMR	environment_slope	0.2635038756382718	0.020786907595769448	7.988360705361981e-37	0.25	0.47734511809069113	
environment_effect_heterogeneity	467	summary_MR_GxE	causal_effect	1.2427267513418325	0.04448571872412709	9.915822269977744e-172		-0.12556306122431204	
environment_effect_heterogeneity	468	PlantMR	environment_slope	0.2960654724334152	0.021336813916728935	8.879042822114547e-44	0.25	0.42956911912600027	
environment_effect_heterogeneity	468	summary_MR_GxE	causal_effect	1.2591478950009685	0.04479286082252373	7.298348476709824e-174		-0.13176289706252572	
environment_effect_heterogeneity	469	PlantMR	environment_slope	0.25181278215177205	0.02169987372812112	3.9168334294778997e-31	0.25	0.41815433288988446	
environment_effect_heterogeneity	469	summary_MR_GxE	causal_effect	1.12878125979565	0.046515938748341035	4.4229430702028746e-130		-0.10867619675614845	
environment_effect_heterogeneity	470	PlantMR	environment_slope	0.23203584281028078	0.02187410762169918	2.741699739498221e-26	0.25	0.5303473553234967	
environment_effect_heterogeneity	470	summary_MR_GxE	causal_effect	1.2235226438538347	0.04679607416212189	1.0989593129251347e-150		-0.1109351716349874	
environment_effect_heterogeneity	471	PlantMR	environment_slope	0.24606004059248066	0.021158351749702996	2.9196512592753637e-31	0.25	0.503788679440784	
environment_effect_heterogeneity	471	summary_MR_GxE	causal_effect	1.200396277411655	0.04568343105316435	3.5691670071681916e-152		-0.1097001211010818	
environment_effect_heterogeneity	472	PlantMR	environment_slope	0.23050852049987702	0.02193234870712467	7.77109945638965e-26	0.25	0.5445963375487075	
environment_effect_heterogeneity	472	summary_MR_GxE	causal_effect	1.1793644139472277	0.04579681601402636	3.053101698249368e-146		-0.09364268411559334	
environment_effect_heterogeneity	473	PlantMR	environment_slope	0.246049634596896	0.021834900554410543	1.874426545335714e-29	0.25	0.4395505227749963	
environment_effect_heterogeneity	473	summary_MR_GxE	causal_effect	1.1327399631152537	0.04614304045944427	4.493403627176699e-133		-0.10525398834105029	
environment_effect_heterogeneity	474	PlantMR	environment_slope	0.21766880251524368	0.022203313740695358	1.088178407557603e-22	0.25	0.5511643220512681	
environment_effect_heterogeneity	474	summary_MR_GxE	causal_effect	1.1918252786918027	0.04652348914040661	9.686161489700511e-145		-0.10067887499630934	
environment_effect_heterogeneity	475	PlantMR	environment_slope	0.27322423457691136	0.02192163371733743	1.1780584429919034e-35	0.25	0.4290527342118329	
environment_effect_heterogeneity	475	summary_MR_GxE	causal_effect	1.2271124995130132	0.04755455511696045	7.932457185073731e-147		-0.12253719052260753	
environment_effect_heterogeneity	476	PlantMR	environment_slope	0.2492708604622177	0.020989023017035226	1.5726770624635986e-32	0.25	0.49681879460502554	
environment_effect_heterogeneity	476	summary_MR_GxE	causal_effect	1.212227417331076	0.04373262027998566	4.113782645445974e-169		-0.11704813606530767	
environment_effect_heterogeneity	477	PlantMR	environment_slope	0.22669174652035906	0.02108429510106404	5.818736829421949e-27	0.25	0.5050861903262363	
environment_effect_heterogeneity	477	summary_MR_GxE	causal_effect	1.1698042329625804	0.04490544299553657	1.331781854058578e-149		-0.10769736424418891	
environment_effect_heterogeneity	478	PlantMR	environment_slope	0.2618826118061657	0.02328338534252019	2.3793241192859571e-29	0.25	0.4854505218603038	
environment_effect_heterogeneity	478	summary_MR_GxE	causal_effect	1.2486483363411591	0.04951078718100523	2.434438339454486e-140		-0.11176399655912744	
environment_effect_heterogeneity	479	PlantMR	environment_slope	0.2578950334625919	0.02129365702746832	9.196261004095407e-34	0.25	0.5081749939983733	
environment_effect_heterogeneity	479	summary_MR_GxE	causal_effect	1.2724986090353698	0.04582162598805558	9.801380365819153e-170		-0.12397146192748193	
environment_effect_heterogeneity	480	PlantMR	environment_slope	0.25449105742777134	0.02090918110015408	4.422089204789665e-34	0.25	0.4785328827228008	
environment_effect_heterogeneity	480	summary_MR_GxE	causal_effect	1.2080383594556843	0.04484536459924368	7.914073986531355e-160		-0.11758644270480728	
environment_effect_heterogeneity	481	PlantMR	environment_slope	0.25206098453761716	0.021275664600166385	2.2201167670756447e-32	0.25	0.496736225374272	
environment_effect_heterogeneity	481	summary_MR_GxE	causal_effect	1.228785875333071	0.04632961950956047	5.307325235289556e-155		-0.11655560646824642	
environment_effect_heterogeneity	482	PlantMR	environment_slope	0.31413054292404186	0.022951101224658193	1.2150558986760791e-42	0.25	0.44792518878794785	
environment_effect_heterogeneity	482	summary_MR_GxE	causal_effect	1.3522529503537373	0.049373196980693486	3.7698220786267794e-165		-0.13488368363825334	
environment_effect_heterogeneity	483	PlantMR	environment_slope	0.2767342520794699	0.022368843538380916	3.7318734441020183e-35	0.25	0.5002194191293745	
environment_effect_heterogeneity	483	summary_MR_GxE	causal_effect	1.3113714485330896	0.0483029397804035	2.6092183684891e-162		-0.12724952567553183	
environment_effect_heterogeneity	484	PlantMR	environment_slope	0.25043824888898936	0.02155019847059489	3.2174753175384494e-31	0.25	0.49867025654754316	
environment_effect_heterogeneity	484	summary_MR_GxE	causal_effect	1.2230105099424438	0.04744926949336876	1.686026622830193e-146		-0.11113191626396296	
environment_effect_heterogeneity	485	PlantMR	environment_slope	0.22447605143771787	0.021636340517543134	3.2236544091356687e-25	0.25	0.5232294009675573	
environment_effect_heterogeneity	485	summary_MR_GxE	causal_effect	1.1572227330290707	0.04405302131312051	4.352549933334776e-152		-0.09971353560705076	
environment_effect_heterogeneity	486	PlantMR	environment_slope	0.25648270474474677	0.02111104385997732	5.791587325226966e-34	0.25	0.4830938514488412	
environment_effect_heterogeneity	486	summary_MR_GxE	causal_effect	1.2226694779458398	0.04691362969916654	9.801260368666656e-150		-0.11497969654723206	
environment_effect_heterogeneity	487	PlantMR	environment_slope	0.2437823607984696	0.021828682409919052	5.849385916082373e-29	0.25	0.4838626987492891	
environment_effect_heterogeneity	487	summary_MR_GxE	causal_effect	1.2132708614733239	0.04648435267797565	3.586308681297333e-150		-0.11720694004723267	
environment_effect_heterogeneity	488	PlantMR	environment_slope	0.2601836853477506	0.022067065272656148	4.364804722973134e-32	0.25	0.517346738099739	
environment_effect_heterogeneity	488	summary_MR_GxE	causal_effect	1.2969013293795806	0.04675920624562163	2.5892042229971253e-169		-0.1273868593118257	
environment_effect_heterogeneity	489	PlantMR	environment_slope	0.25600335651811423	0.02157933927891959	1.8347375508866928e-32	0.25	0.5342876614418401	
environment_effect_heterogeneity	489	summary_MR_GxE	causal_effect	1.2641040234366294	0.04514291645255546	1.5246952788638883e-172		-0.11525038849271585	
environment_effect_heterogeneity	490	PlantMR	environment_slope	0.25314189364993167	0.02151836393880302	5.983566367663728e-32	0.25	0.4718267355191319	
environment_effect_heterogeneity	490	summary_MR_GxE	causal_effect	1.1908138840952989	0.04421904149330349	9.81339949189973e-160		-0.11600989715101967	
environment_effect_heterogeneity	491	PlantMR	environment_slope	0.2770578253377707	0.02243420780464584	4.883684627999335e-35	0.25	0.4271259826833711	
environment_effect_heterogeneity	491	summary_MR_GxE	causal_effect	1.2487274413970915	0.0483541094261396	4.6898156728997126e-147		-0.1272173942396448	
environment_effect_heterogeneity	492	PlantMR	environment_slope	0.2338698580281755	0.021471743203201145	1.2586953833578943e-27	0.25	0.45062748947020137	
environment_effect_heterogeneity	492	summary_MR_GxE	causal_effect	1.1357762909425329	0.04664122104743014	5.610718396585808e-131		-0.10798495521048324	
environment_effect_heterogeneity	493	PlantMR	environment_slope	0.25463154032024915	0.021664252730417864	6.772563418252451e-32	0.25	0.47143885683683995	
environment_effect_heterogeneity	493	summary_MR_GxE	causal_effect	1.1897898120921941	0.044761874878457265	1.1430777663205834e-155		-0.11265877482595982	
environment_effect_heterogeneity	494	PlantMR	environment_slope	0.28821540722397565	0.02253448256303438	1.8654044073920437e-37	0.25	0.3836846489016832	
environment_effect_heterogeneity	494	summary_MR_GxE	causal_effect	1.210531295300911	0.047916766131983694	8.108581335704304e-141		-0.1228413173040303	
environment_effect_heterogeneity	495	PlantMR	environment_slope	0.21572950622557208	0.021802788880050376	4.3943753723704586e-23	0.25	0.5807318417034624	
environment_effect_heterogeneity	495	summary_MR_GxE	causal_effect	1.1776885307986538	0.04571041411011936	2.239482325640469e-146		-0.0885275925275309	
environment_effect_heterogeneity	496	PlantMR	environment_slope	0.22550118180029577	0.02241349814596291	8.219762017349699e-24	0.25	0.5392140066718574	
environment_effect_heterogeneity	496	summary_MR_GxE	causal_effect	1.1688410643444782	0.04724870665769917	4.1685331313849747e-135		-0.09111541016398383	
environment_effect_heterogeneity	497	PlantMR	environment_slope	0.24386111337623428	0.02129624334602448	2.3272165143238697e-30	0.25	0.5271376243983545	
environment_effect_heterogeneity	497	summary_MR_GxE	causal_effect	1.2235316965738714	0.04414712925653965	4.622664249996773e-169		-0.11306865251453335	
environment_effect_heterogeneity	498	PlantMR	environment_slope	0.23618441962421433	0.02190336045370138	4.140546160650618e-27	0.25	0.5248545112992855	
environment_effect_heterogeneity	498	summary_MR_GxE	causal_effect	1.2369087748791845	0.04787428489058781	3.4417118223337754e-147		-0.11357124736311541	
environment_effect_heterogeneity	499	PlantMR	environment_slope	0.24806996483558152	0.02094961629370244	2.3882240016865213e-32	0.25	0.4658210554656066	
environment_effect_heterogeneity	499	summary_MR_GxE	causal_effect	1.1597159990836923	0.04420167346080854	1.0078518735185232e-151		-0.10815274237986805	
environment_effect_heterogeneity	500	PlantMR	environment_slope	0.23479121981977202	0.020548585085599966	3.095298725124522e-30	0.25	0.4414775802066555	
environment_effect_heterogeneity	500	summary_MR_GxE	causal_effect	1.142436816142287	0.04548579504679435	3.297299090458523e-139		-0.1165272670520095	
