scenario	replicate	covariance	true_intercept	true_slope	intercept	slope	intercept_se	slope_se	intercept_pval	slope_pval	q_pval
null	1	environment	0.5	0.0	0.45370092316558025	-0.0044974309431971785	0.040084868718204984	0.016025814152202562	1.0626457389545958e-29	0.7789890955743697	0.6221534062779696
null	2	environment	0.5	0.0	0.5155081882860084	-0.020700936291022848	0.039434008086222785	0.015774178858679273	4.7173477299402987e-39	0.18940863988180334	0.3350162873418163
null	3	environment	0.5	0.0	0.46952900282999066	-0.020747488831371272	0.040543803659341696	0.016221371805512273	5.157266812954426e-31	0.2008893647722242	0.21457763806544394
null	4	environment	0.5	0.0	0.47914934428429234	-0.01510864387693545	0.0394589953740184	0.015771156332637405	6.251597171594689e-34	0.3380667197296764	0.7016240505712368
null	5	environment	0.5	0.0	0.42843351582922773	0.010178978013795671	0.03912005931712084	0.015651235064628847	6.516861500041574e-28	0.5154580261970648	0.6479720387415852
null	6	environment	0.5	0.0	0.5314664045013325	0.0026577798229170434	0.03985479110924703	0.015943631428324178	1.4472001511949206e-40	0.8676072671314241	0.1660113004338078
null	7	environment	0.5	0.0	0.49205635330028785	0.005982842363997444	0.040633741772254296	0.01625306600230751	9.400776433382577e-34	0.7127945985826347	0.7796496072040846
null	8	environment	0.5	0.0	0.5133712007470624	-0.0022792266951883796	0.03868815867018985	0.015465494991590785	3.480527358823011e-40	0.8828360692630188	0.013249191389917757
null	9	environment	0.5	0.0	0.46759871020730087	0.006260405762661707	0.039811748769667095	0.015922128235648807	7.470641138290314e-32	0.6941798896672052	0.2896089013521753
null	10	environment	0.5	0.0	0.5279101040275652	-0.0004513024095884236	0.03831118587587593	0.015322327638427207	3.3847234770469404e-43	0.976502580054083	0.8831862175374685
null	11	environment	0.5	0.0	0.6051073301290364	0.006706618917321751	0.038524541549282094	0.015391931094341697	1.3530756703695156e-55	0.6630376914735105	0.32580372131266006
null	12	environment	0.5	0.0	0.5320465528909368	-0.015710804205487067	0.03806945772748074	0.015224791770425105	2.1940841081583065e-44	0.3021084548124275	0.29439524374256704
null	13	environment	0.5	0.0	0.510066852014833	0.006390714184523324	0.03813080085854746	0.015259676294542897	8.266515895160967e-41	0.6753641367970138	0.44833170882623863
null	14	environment	0.5	0.0	0.49776924519300264	0.0009582052812196133	0.03883924096238368	0.015526033150659839	1.331624541343023e-37	0.9507889663359347	0.6002533934341229
null	15	environment	0.5	0.0	0.46319995799510005	-0.008176154372245108	0.03915703427412298	0.015657030181442468	2.7545819379278924e-32	0.6015287199897328	0.129089457593266
null	16	environment	0.5	0.0	0.47266434658753903	0.012956168438520668	0.03765023227413321	0.01505794138837534	3.7750352196564314e-36	0.389557034036302	0.4782273468671358
null	17	environment	0.5	0.0	0.5288408797764892	-0.0004939328468350477	0.0413231789947627	0.0165233498817228	1.6891966671281666e-37	0.9761523717106455	0.8145511310382104
null	18	environment	0.5	0.0	0.48142694317306645	0.0007819961039521256	0.03844482950439387	0.015386045246681562	5.620666342340732e-36	0.9594649511500143	0.01879709093421449
null	19	environment	0.5	0.0	0.4630130986554386	0.041924073964163075	0.038944576740475745	0.015581063642756477	1.3497082127817908e-32	0.007130082755560968	0.31066031872372657
null	20	environment	0.5	0.0	0.44326262158592555	0.0034251590969386933	0.040134046850118496	0.016057040333777313	2.3292310103296067e-28	0.8310836284216692	0.6826407452274192
null	21	environment	0.5	0.0	0.5008696456844871	0.00757158392502561	0.04003716060755833	0.016008619784588715	6.572564905226397e-36	0.6362351607836465	0.5011794619720602
null	22	environment	0.5	0.0	0.4477377732562284	-0.0024431516872082193	0.0397628489208878	0.015897714083075637	2.062816562053309e-29	0.87786250216032	0.5321687415386746
null	23	environment	0.5	0.0	0.4621432236542754	0.012161902968830117	0.040611161772887164	0.016238473090037394	5.277523081216716e-30	0.4538836843584596	0.9460215928189097
null	24	environment	0.5	0.0	0.6007129796782141	0.03341280432419926	0.04103886677815157	0.016405301844956525	1.6153247136454742e-48	0.041679344060939046	0.7915418694848311
null	25	environment	0.5	0.0	0.4689112938371712	-0.023124302214734924	0.04074684185934233	0.01631102178761224	1.2034954823793166e-30	0.15627538635780971	0.5087576980248601
null	26	environment	0.5	0.0	0.48954239816998674	0.016141679307591347	0.03859285860736333	0.015422372552870397	7.180388158437418e-37	0.2952654277138961	0.3975551648334517
null	27	environment	0.5	0.0	0.45838717913834054	0.0011922963897113567	0.04029621732216665	0.016115849619307673	5.5423010789948356e-30	0.941024036281455	0.14329798544372732
null	28	environment	0.5	0.0	0.49263204028557195	-0.016132738444933774	0.03803537769245774	0.015222540552252086	2.2908181650301174e-38	0.28923888595050695	0.7640836957472202
null	29	environment	0.5	0.0	0.47570262794204843	-0.007547931367207509	0.038235668150280316	0.015294053666713442	1.5588321943878153e-35	0.6216447497949289	0.9620011773986593
null	30	environment	0.5	0.0	0.4502662485783428	0.01854929227189173	0.03952831273820577	0.015814087193306205	4.6374046416250504e-30	0.24081183253828808	0.8998767305924468
null	31	environment	0.5	0.0	0.515857068575468	-0.01343772598516217	0.03941470167304479	0.01576212337324432	3.8595673410849604e-39	0.3939184840418293	0.4949627866784964
null	32	environment	0.5	0.0	0.4712019128790297	-0.003532638884675279	0.037490273513129585	0.01499787229618195	3.14063131303809e-36	0.8137875644220082	0.599858963850199
null	33	environment	0.5	0.0	0.5024575462564028	0.006794159566933238	0.03834319247196748	0.015330432895560929	3.114565786130317e-39	0.6576346797804185	0.8450776900910048
null	34	environment	0.5	0.0	0.4750671251299088	-0.023429309951179537	0.040058501937139834	0.01602590540873469	1.925018425212077e-32	0.14375084993962786	0.6057919686071259
null	35	environment	0.5	0.0	0.4901559554076321	-0.0032095251000434934	0.04065827760160076	0.016261515841969536	1.814232798506984e-33	0.8435384991239194	0.26508175705958503
null	36	environment	0.5	0.0	0.48107482762432213	-0.025579518981148148	0.0411505593266744	0.016467511752959033	1.4237316551328206e-31	0.120343751898916	0.9564264014449483
null	37	environment	0.5	0.0	0.5227313165127381	0.022126659597105254	0.040154272028682284	0.01606051726681707	9.657518536317494e-39	0.1682942974553415	0.6003186326529104
null	38	environment	0.5	0.0	0.4713721031785804	-0.0158775038678129	0.04116404521037236	0.016475320264472466	2.322776120728226e-30	0.3351891180423411	0.4334312709404821
null	39	environment	0.5	0.0	0.4158355362361742	-0.026903652600180582	0.03990905508240294	0.01596351802394794	2.0184552431236674e-25	0.09192665091037862	0.5532072921080633
null	40	environment	0.5	0.0	0.44012913093173567	-0.025083406431122918	0.03739906849651727	0.014951919770304354	5.675661719160768e-32	0.0934243528106139	0.30638782755467553
null	41	environment	0.5	0.0	0.5051782372695465	0.002064431265009712	0.03862059177333427	0.015454534186813303	4.254012218773428e-39	0.8937339536462183	0.9587965198145039
null	42	environment	0.5	0.0	0.5084605611013254	0.00651712245077949	0.040864054661049004	0.016359337934216008	1.53169935822233e-35	0.6903550807156068	0.6313845928328443
null	43	environment	0.5	0.0	0.4658909144497099	0.005314869830795858	0.0399312929971949	0.015985437376398702	1.8724301442648675e-31	0.7395253462632343	0.5406861274874443
null	44	environment	0.5	0.0	0.47654863304407113	0.01846204961272615	0.03985512311318175	0.015929610796068232	5.966254937070223e-33	0.24646563501002156	0.8436528262792119
null	45	environment	0.5	0.0	0.5267948919478562	0.006734313130385313	0.03899308367412024	0.01559326056641907	1.3660082057139908e-41	0.6658334904959828	0.4148412947057858
null	46	environment	0.5	0.0	0.540950063714882	0.012275760229197512	0.0396835684931987	0.01587605623584714	2.59862762639042e-42	0.4393893581320962	0.3858351533286156
null	47	environment	0.5	0.0	0.5121405959647342	0.013727863241300126	0.041835912147175025	0.016716817819138547	1.8620808828114993e-34	0.41153193244763125	0.19680782316465337
null	48	environment	0.5	0.0	0.4571024926944436	0.011152767761853177	0.04127459761419394	0.01650364901059173	1.6649487710161967e-28	0.4991829574201211	0.13409695789837436
null	49	environment	0.5	0.0	0.5097816353071897	0.013500564447179996	0.03818882995870185	0.015285298942514776	1.2009420987028644e-40	0.3771074264111845	0.8917932014840805
null	50	environment	0.5	0.0	0.44205890170205736	-0.008331212215310715	0.03800692330323704	0.015192619186989014	2.8668553998232868e-31	0.5834362612663265	0.2161463759751006
null	51	environment	0.5	0.0	0.45744957122599406	-0.0018228909503431325	0.03858895890327219	0.015428232737151376	2.0414254442275548e-32	0.9059464825965114	0.4757314937603573
null	52	environment	0.5	0.0	0.4517563721381742	0.00021919470312765853	0.0382945120158063	0.01531571415961529	4.049760501974996e-32	0.9885812638325702	0.9748732189379491
null	53	environment	0.5	0.0	0.5309778722453358	0.008217957846461493	0.03931903008932562	0.015735785753668054	1.4741266242910607e-41	0.601498766313327	0.04459921366685175
null	54	environment	0.5	0.0	0.5098955712647127	0.014828394545502017	0.03787359415530006	0.015146802202231148	2.5790448163985966e-41	0.3275905752365345	0.41112569467359417
null	55	environment	0.5	0.0	0.46513751957301813	0.0021418464413277263	0.03872336101788741	0.015479774261126795	3.080415083076321e-33	0.8899525962643009	0.8136308813707458
null	56	environment	0.5	0.0	0.517794840223474	-0.00887388917933698	0.04066636570805054	0.016259481413324044	3.888752116033307e-37	0.5852260766552324	0.6333620744856048
null	57	environment	0.5	0.0	0.4299960192318235	-0.013869738483026535	0.040285321388727494	0.016108206012700597	1.350424632416527e-26	0.3892184480567136	0.9527624762079852
null	58	environment	0.5	0.0	0.4886584983934557	0.021749846207119464	0.04011364621631655	0.016046570566867552	3.8836196189522145e-34	0.17528371105550186	0.742670414561627
null	59	environment	0.5	0.0	0.49346234556183427	-0.018078841148161124	0.03899945979551058	0.015612019717873593	1.0760638030505384e-36	0.24686083920094382	0.40277903168052065
null	60	environment	0.5	0.0	0.5030709759476707	-0.009626650036661499	0.03846360369441833	0.015370181758775855	4.332973124845062e-39	0.5311051646319731	0.6255168836316614
null	61	environment	0.5	0.0	0.49756833185344085	-0.029876825102198194	0.040012471661165665	0.016006446444707688	1.6804312663767848e-35	0.06196452107483553	0.23191905473743848
null	62	environment	0.5	0.0	0.45207255562779414	-0.010198782223267045	0.038914615342056334	0.015566943143927038	3.37641094088883e-31	0.5123670710381707	0.6741462179901859
null	63	environment	0.5	0.0	0.5299660128007122	0.004839732789839322	0.039446451248072195	0.01577818499263713	3.7668884927578613e-41	0.759044545862449	0.43423439511598383
null	64	environment	0.5	0.0	0.5137149288491608	0.0028887875306911493	0.04055999639184537	0.016225597689316574	9.176718999385955e-37	0.8586924275956146	0.9592202636239043
null	65	environment	0.5	0.0	0.5387179258098886	-0.004807478468150227	0.03945960273134331	0.015781638711472788	1.953617198199495e-42	0.7606519328228971	0.3463606543502296
null	66	environment	0.5	0.0	0.5495188558525489	-0.01598496725981742	0.040715028797919536	0.016278358943073622	1.6352106765048597e-41	0.3261113857303245	0.9056865209723418
null	67	environment	0.5	0.0	0.5548503660966502	-0.018117604357833574	0.03657141631597453	0.014638791458680023	5.445243521395645e-52	0.21584829615775067	0.27229045230820875
null	68	environment	0.5	0.0	0.554723305636335	-0.0037632142989469913	0.03761902174254188	0.015052252803166268	3.2732208056294685e-49	0.8025795857076773	0.2957545389989186
null	69	environment	0.5	0.0	0.5308477368320978	-0.03560320610602838	0.04011819630184533	0.016046667766210478	5.726942650316086e-40	0.026505171174873277	0.2229759468724275
null	70	environment	0.5	0.0	0.4566991521487074	0.003472699143218062	0.04052787605525913	0.0162132803530914	1.8717469849273342e-29	0.8304000182464712	0.27744098307373904
null	71	environment	0.5	0.0	0.4929149514458149	-0.007353465909899353	0.039980306791354316	0.016005680784366386	6.327067954298298e-35	0.645926486200723	0.05296824930899817
null	72	environment	0.5	0.0	0.48776143461668797	0.01321923612978234	0.039291982016052336	0.01571819414545072	2.2005601565397184e-35	0.4003395639901663	0.4845949459537496
null	73	environment	0.5	0.0	0.45729854920395874	-0.005976734846139005	0.03768511601291501	0.015071983483068156	6.9141225941766404e-34	0.6917022759529248	0.04656614501021042
null	74	environment	0.5	0.0	0.4596557054389261	0.0051299641740144425	0.036698099810541285	0.014678943796509199	5.426713258834421e-36	0.7267306759012433	0.751812910884034
null	75	environment	0.5	0.0	0.43745887455599664	0.0013239854458789951	0.03865580167950928	0.015465809386895568	1.0839053338557206e-29	0.9317786331426482	0.7706436565068236
null	76	environment	0.5	0.0	0.5062839293911324	0.000566303950618833	0.03947251031571604	0.0157889051283323	1.1689971581011552e-37	0.9713882429421881	0.4228800269255919
null	77	environment	0.5	0.0	0.5380403475038625	0.01561571903689276	0.0382401361433223	0.015292277567766462	5.803437127721031e-45	0.30718307360072145	0.6925462994328488
null	78	environment	0.5	0.0	0.46746851642008946	-0.005022870155200111	0.03821522564435539	0.015288710656726217	2.083720131160962e-34	0.7425075018015921	0.5092556418112721
null	79	environment	0.5	0.0	0.49880596811864764	0.015800879258289973	0.03964458704593206	0.015854298423306257	2.6541742920349072e-36	0.3189438377990246	0.9020722284684188
null	80	environment	0.5	0.0	0.5235274042282404	-0.030839087552193695	0.038998460898206556	0.015611322005336728	4.356265294495147e-41	0.04821927144208979	0.3127593245618362
null	81	environment	0.5	0.0	0.5004614927351898	0.0005226650793033507	0.03745904311940273	0.014990042081896844	1.032423816388906e-40	0.9721854074198923	0.6292587974826007
null	82	environment	0.5	0.0	0.4423984039934912	-0.011255911143407706	0.03891011281481195	0.015560202713051037	5.915418711112489e-30	0.4694475720772562	0.779875129054178
null	83	environment	0.5	0.0	0.4893878358669439	0.004003271552533812	0.04088557192170353	0.016347595476217818	5.1216397604608926e-33	0.8065459200148297	0.9842558833537149
null	84	environment	0.5	0.0	0.5558448203231572	-0.0031177065253776394	0.037144730178849096	0.01486469783499765	1.256422383602975e-50	0.8338714024049219	0.8125191140960117
null	85	environment	0.5	0.0	0.5132776469848117	-0.006010250706289813	0.04041002737353529	0.016164173160809706	5.782973309110103e-37	0.7100228253799562	0.6044766426487452
null	86	environment	0.5	0.0	0.470406549768123	-0.003128241328498766	0.03886049478132527	0.015541178935240148	9.936126401585217e-34	0.8404739635729067	0.8143108776820699
null	87	environment	0.5	0.0	0.5106355842974613	-0.007307753285549091	0.0393134745894599	0.01571968535775258	1.4159616257593325e-38	0.6420180335089113	0.7721364227523656
null	88	environment	0.5	0.0	0.5511669510811606	0.019983433741335366	0.03885180928379218	0.015545737773107143	1.112382031537932e-45	0.1986313688976828	0.12566913636178434
null	89	environment	0.5	0.0	0.475219807444532	0.02614560855818052	0.03758947522117038	0.015036095620049893	1.232913671425494e-36	0.08206005475037635	0.7291077479009233
null	90	environment	0.5	0.0	0.5602801080315974	0.014662239130577705	0.042457725616857546	0.01698745957091006	9.2288995643369e-40	0.38807074755509086	0.5706682178429858
null	91	environment	0.5	0.0	0.49161248015212955	-0.021701671160025346	0.039056225743900067	0.015623610417287789	2.4800826931784065e-36	0.16482348015833395	0.692675256538597
null	92	environment	0.5	0.0	0.5221859164828343	0.01850205575111844	0.038910599254462844	0.015560642794541734	4.608055377088073e-41	0.2344282500675951	0.614445791361411
null	93	environment	0.5	0.0	0.51115659973191	-0.02619466213137409	0.03917371623116119	0.015674739225071992	6.484643371516567e-39	0.09469429998206538	0.19265770029649495
null	94	environment	0.5	0.0	0.5105946392192418	0.005874133334612848	0.04026369971840721	0.0161012397406788	7.510995516540972e-37	0.715242109547486	0.5144222835762045
null	95	environment	0.5	0.0	0.5627401410570998	0.029722501673309608	0.041626959874643196	0.016660186073879802	1.2138919223117923e-41	0.07441654822368356	0.22284469260878467
null	96	environment	0.5	0.0	0.5123031667147442	-0.015908040361176105	0.03857774414768265	0.015427828767056008	3.033666842783239e-40	0.3024815848530622	0.502470665861703
null	97	environment	0.5	0.0	0.47088548647528894	-0.02294407071942892	0.03967665932368365	0.015883202131536097	1.7341620988099838e-32	0.14858448360059784	0.4203367242380256
null	98	environment	0.5	0.0	0.4252859190200414	-0.005339861923590635	0.039438996413795266	0.015776785484945592	4.1241962833137e-27	0.7350141247673653	0.2812628200511234
null	99	environment	0.5	0.0	0.4242395285254878	0.008615975946866361	0.03972382304370344	0.01587664957389249	1.2664549439084871e-26	0.5873485959942073	0.3785091909180583
null	100	environment	0.5	0.0	0.4946845322125471	0.013357561880879805	0.04003694770677386	0.016025921556105275	4.537863655545657e-35	0.40456433634011196	0.27277811441626143
null	101	environment	0.5	0.0	0.5194020265895107	-0.002749207486725334	0.039209757820826134	0.015692722513909223	4.711426706350144e-40	0.8609303702281813	0.27559748056881683
null	102	environment	0.5	0.0	0.45902098061459656	0.003248158477566678	0.039772978276075815	0.01591097010921586	8.194184926942181e-31	0.8382395275313299	0.7656944890318652
null	103	environment	0.5	0.0	0.47034117120504515	0.010449445162752839	0.039926992316691834	0.015963289391145347	4.947540352192652e-32	0.5127303295922159	0.31404668888912374
null	104	environment	0.5	0.0	0.5047594607763611	0.005448235459613426	0.04051642052748921	0.016210945611925116	1.2627293634299103e-35	0.7368077089274037	0.4580657268169699
null	105	environment	0.5	0.0	0.5044082518621176	0.0027652059505278693	0.03800337761290873	0.015201509800642178	3.332536325225379e-40	0.8556585551661211	0.25016876908014507
null	106	environment	0.5	0.0	0.4604238426376517	-0.026182177298555504	0.03775922142391969	0.015106334317275297	3.3590514049652507e-34	0.08306155422842451	0.7353754470121882
null	107	environment	0.5	0.0	0.4311050216889489	0.003825023923425484	0.040075700894308175	0.01602166387650784	5.477033637258351e-27	0.8113066224542893	0.7134757772556974
null	108	environment	0.5	0.0	0.4919579929687373	-0.012470074741033229	0.039767558027800895	0.015909847312692016	3.758821656775207e-35	0.43315981922592384	0.719148759457581
null	109	environment	0.5	0.0	0.5319466574034817	0.011229146176923005	0.04026579090784495	0.01610589320896663	7.592835349426664e-40	0.48567307662545606	0.0828422927733214
null	110	environment	0.5	0.0	0.5211667492756286	-0.005654103974243328	0.039046423780819274	0.015620723949143244	1.2271841032028278e-40	0.7173806429864964	0.15768226898781185
null	111	environment	0.5	0.0	0.5196477905059133	0.013695904258552901	0.03662472319242598	0.014643927425934285	1.0803101634350723e-45	0.3496534551925545	0.8299337709560056
null	112	environment	0.5	0.0	0.4882809345182068	0.019204045693500902	0.040240457064093585	0.01610213339498295	6.968862859420637e-34	0.2330104583951687	0.2737664931089831
null	113	environment	0.5	0.0	0.4899403456107473	0.00031098161290500203	0.04003961476653542	0.016021002059308582	1.9867407535062146e-34	0.9845133378088814	0.7446042247650027
null	114	environment	0.5	0.0	0.5025159279902853	-0.013881794204870434	0.04052590592679604	0.01620902244783229	2.617508904308239e-35	0.3917633500219667	0.44765847304874173
null	115	environment	0.5	0.0	0.49656031108278015	-0.01829594720108896	0.041116444783597	0.016437276173950008	1.3984883345511295e-33	0.26567553979101266	0.3744032883598307
null	116	environment	0.5	0.0	0.5603918149686898	0.0017839479847307398	0.041196091153556866	0.016467720096327878	3.841620196898073e-42	0.9137339325036179	0.823453368981308
null	117	environment	0.5	0.0	0.4774259194104321	0.008345735160198434	0.03825013881900145	0.015300665662689226	9.398474241828888e-36	0.5854446408778872	0.7546071437200443
null	118	environment	0.5	0.0	0.5422555943928774	0.03128278790901158	0.040150895461496826	0.01605891458029247	1.4523923023788956e-41	0.05141479694556379	0.47231913371916606
null	119	environment	0.5	0.0	0.4556459870236807	0.011054880715668947	0.04080709611896082	0.016313984102664873	5.991412343463086e-29	0.49800493315943867	0.758388953005549
null	120	environment	0.5	0.0	0.4757874491973296	0.027510578016975807	0.03951870504186687	0.01581386409267981	2.201516515405713e-33	0.08192061227025436	0.4062456838182297
null	121	environment	0.5	0.0	0.3989738433974722	0.0050787807409168086	0.03970536015549496	0.01588322629363812	9.340679320103361e-24	0.7491521670442508	0.3353529198462782
null	122	environment	0.5	0.0	0.5288060498358828	0.012079662722018283	0.03866906222437607	0.015468634435188337	1.4287044255308386e-42	0.43485347547037273	0.312903964283592
null	123	environment	0.5	0.0	0.5140256421683603	0.02171929625073989	0.03999928755050725	0.015992835846621364	8.504838718349559e-38	0.17444334481559678	0.22863488385847638
null	124	environment	0.5	0.0	0.49707364640492624	-0.018507612430301724	0.03964421709769424	0.01587025242050796	4.603989774486659e-36	0.24354062094195694	0.7896094100960145
null	125	environment	0.5	0.0	0.49226356092543533	0.01893352769348038	0.039898154169097755	0.015960561869561546	5.654062956092686e-35	0.23551588879850333	0.6197132040718061
null	126	environment	0.5	0.0	0.5123486136658546	0.0003176195846739155	0.03869013726859372	0.01548206980941847	4.995600714048492e-40	0.9836322926906823	0.23066110775966947
null	127	environment	0.5	0.0	0.4961769385925677	0.020991360819924264	0.03891312771059964	0.015557724617482184	3.0821370107009445e-37	0.177254597655003	0.2757995125789876
null	128	environment	0.5	0.0	0.5072000472278702	0.01749768437656294	0.03963422495615233	0.015852704726166292	1.7035992524804539e-37	0.2696944411886176	0.2313926684463788
null	129	environment	0.5	0.0	0.47956621293340485	0.012413289035007857	0.040526545940893104	0.016212436051504527	2.6234512937295177e-32	0.44387587109477117	0.5912451658088643
null	130	environment	0.5	0.0	0.4895356652404311	0.032815876990096894	0.0386690119241318	0.015469998802199304	9.895548836564953e-37	0.03389999740556924	0.9436351343845085
null	131	environment	0.5	0.0	0.5912336545667985	0.0027471920693926117	0.03845733067591404	0.015364045577418342	2.4551017037896117e-53	0.858089597638982	0.005773299441191323
null	132	environment	0.5	0.0	0.38671511330796	-0.021355170744856475	0.04211225001336739	0.01684302162110331	4.1940060303095814e-20	0.20483570762951359	0.7682756225869551
null	133	environment	0.5	0.0	0.45100239167533374	-0.0009864316592579775	0.03821468015027044	0.015291310541561354	3.820054875559912e-32	0.9485647063666041	0.1469354231792666
null	134	environment	0.5	0.0	0.5027828225177301	0.023482939809347736	0.04060107779001558	0.016227111017750633	3.2109265112298976e-35	0.14785705482224043	0.1307488658786031
null	135	environment	0.5	0.0	0.5072364118453754	-0.012658978745463203	0.03853750843448714	0.015415945095456246	1.449057363667519e-39	0.411554351539333	0.9853670575466322
null	136	environment	0.5	0.0	0.519583335190008	-0.022702901003343937	0.04007977596856682	0.016030183600471638	1.964610180952322e-38	0.1566995191412576	0.6870045261547899
null	137	environment	0.5	0.0	0.5571843091837445	-0.036536065259030734	0.040470160584481704	0.016181615667072356	3.982586470966659e-43	0.02395345447712971	0.2828392593210838
null	138	environment	0.5	0.0	0.5053985839735335	0.01105926405624458	0.03784120707651897	0.015135883685947534	1.096138402153323e-40	0.46498365339573955	0.6433607068151163
null	139	environment	0.5	0.0	0.47326437820251804	0.004916600092223174	0.03952007659506499	0.015804994751982847	4.787605831781083e-33	0.7557406552109416	0.26412982933853346
null	140	environment	0.5	0.0	0.47759509899319674	0.0031276664979939892	0.038576305159564964	0.015433165590670692	3.3313602478001333e-35	0.8394017439651584	0.26376258688987647
null	141	environment	0.5	0.0	0.5404296550766142	-0.011735267740078008	0.04060515384288232	0.01624955479329015	2.0415328542403393e-40	0.4701776038952847	0.08603722669434732
null	142	environment	0.5	0.0	0.5094997681530268	-0.0015037458084797407	0.039178635922089956	0.015679088722179088	1.1530478720942858e-38	0.9235938551985223	0.9544878169094354
null	143	environment	0.5	0.0	0.47191094095361347	-0.012117395462321358	0.03829137006015903	0.015301534091614808	6.709661363551839e-35	0.4284147715276455	0.4270786805966847
null	144	environment	0.5	0.0	0.4995689604987583	-0.011052390484389803	0.03981509411931296	0.015931012330243407	4.116839114494676e-36	0.48782913407834666	0.3123969766994318
null	145	environment	0.5	0.0	0.5016395140397882	0.006243721149700637	0.04104669317025308	0.016425030301570467	2.395466043580339e-34	0.7038455561363646	0.14490545611781644
null	146	environment	0.5	0.0	0.5081347788620353	0.026323995535097795	0.03887826165981505	0.015552377136804995	4.893333375765502e-39	0.09053111678165086	0.9873325232384125
null	147	environment	0.5	0.0	0.42198088334429373	0.009834756760583636	0.038354814881774245	0.015340604468876478	3.7361843482945674e-28	0.5214621509460724	0.928891208355671
null	148	environment	0.5	0.0	0.5020717176801854	0.01054487356266496	0.03997910318559715	0.015987527888020183	3.5769810457148786e-36	0.5095306226673818	0.4622078360076564
null	149	environment	0.5	0.0	0.455078932564664	-0.033179431431142194	0.03933387750764243	0.015729139648481907	5.872630623455791e-31	0.03490796265068017	0.6349716302922446
null	150	environment	0.5	0.0	0.45605987667644665	-0.003246331147803743	0.03998010826738833	0.015996837376982754	3.850554861618618e-30	0.8391852043952739	0.6018709034770922
null	151	environment	0.5	0.0	0.4953084227243823	-0.03201446008350128	0.04035070287057613	0.0161480971585392	1.2325794073412595e-34	0.047417370510003845	0.32843978406447916
null	152	environment	0.5	0.0	0.5165027827940074	-0.004380106172679582	0.039221442933233125	0.015690563242804653	1.325356223343248e-39	0.7801255342464519	0.8650594500573188
null	153	environment	0.5	0.0	0.5408240358106604	-0.008268485196082786	0.03885066300069713	0.015536546942248116	4.749867314365407e-44	0.5945903841432895	0.8343057623155399
null	154	environment	0.5	0.0	0.4850082445095182	-0.0117902651144131	0.03801959651023477	0.015199797241877436	2.8571223136993665e-37	0.4379345949299759	0.3073894805320361
null	155	environment	0.5	0.0	0.5115416279704538	-0.006199129241022008	0.039956384431429744	0.015989278419122326	1.5875588007963852e-37	0.6982340750914033	0.17515918538314634
null	156	environment	0.5	0.0	0.45586806635420074	0.008205438786073103	0.03804347033656431	0.015215546042642369	4.371932797692292e-33	0.5896937069234798	0.3940888510961873
null	157	environment	0.5	0.0	0.49166091396618583	0.00042472880442329477	0.040431561586416705	0.01616998844389718	5.055738336909119e-34	0.9790447845335944	0.10727465612632385
null	158	environment	0.5	0.0	0.494894146563472	0.02257708677347601	0.03682434185975454	0.01472032612798324	3.556858633941977e-41	0.12509473619845007	0.32405781338175577
null	159	environment	0.5	0.0	0.5031439725838582	0.012033540172068709	0.03959676529528872	0.01583777329400082	5.4281259459056194e-37	0.44737414204387294	0.4266626429745291
null	160	environment	0.5	0.0	0.501296187973916	0.01691308417038625	0.037578946226959904	0.015037839595304208	1.357962357392876e-40	0.26071544944295855	0.6568284983334846
null	161	environment	0.5	0.0	0.5359595346449264	0.009172161794947443	0.03788182475644347	0.01515420945021311	1.916059858669584e-45	0.5450095433482997	0.812542085438588
null	162	environment	0.5	0.0	0.5409512313577869	0.0024054331730997635	0.03984922444773408	0.015937027754965475	5.638212759443968e-42	0.8800280851958509	0.7056424429504419
null	163	environment	0.5	0.0	0.5737583680150564	-0.005869552518021591	0.04204704478464702	0.016827570170758532	2.1435632932154055e-42	0.7272351782921336	0.4282808234755978
null	164	environment	0.5	0.0	0.43171307216961974	0.0037611772121435225	0.03862820231096817	0.015448001707143668	5.337827750665815e-29	0.8076387033139958	0.026328912579800558
null	165	environment	0.5	0.0	0.42722848536877644	-0.022608556568255167	0.04112789713085954	0.01644212015182594	2.817692420776485e-25	0.1691193518677847	0.32233643787887023
null	166	environment	0.5	0.0	0.4608577902815607	-0.0013541523040346353	0.03987913618817777	0.015948737170839587	6.855080510565428e-31	0.9323356817556041	0.7754844441043145
null	167	environment	0.5	0.0	0.540639779279914	-0.023697326782474507	0.04023156684172975	0.01609097099813191	3.6112155903602644e-41	0.14082936829579012	0.601399537452424
null	168	environment	0.5	0.0	0.47139522179248233	-0.016254433442146193	0.040456097785681926	0.01617878870921301	2.240857685729709e-31	0.3150531051453218	0.9322348070563438
null	169	environment	0.5	0.0	0.4609970593161151	0.005084939454599855	0.0397474641869356	0.01591609056850918	4.210815529991513e-31	0.7493593710696118	0.1796688860930884
null	170	environment	0.5	0.0	0.49448265126391555	-0.010962151825305846	0.040440219118673265	0.01618565000211519	2.2166454802242837e-34	0.4982308736033748	0.9759899779700995
null	171	environment	0.5	0.0	0.4742568963402871	-0.00830838248135375	0.03724312923887794	0.014901602290389069	3.823381278371253e-37	0.5771519766195093	0.9250362882027102
null	172	environment	0.5	0.0	0.48669410121300316	0.03002283671642703	0.03806038196715467	0.015216280371881568	1.9276688355157605e-37	0.04848721032833158	0.5011048510877719
null	173	environment	0.5	0.0	0.5159811216126537	-0.002496755481019965	0.03857360282255005	0.015433725285190651	8.29246835018712e-41	0.8714848484741542	0.30183649473418245
null	174	environment	0.5	0.0	0.49060967415093953	-0.0008317990701701102	0.03930165075439933	0.015723654088068445	9.22254560503109e-36	0.9578106839891567	0.9397181604315713
null	175	environment	0.5	0.0	0.45420971995908854	0.005527287284203972	0.03974198839903878	0.015898153077803567	2.996656486116264e-30	0.7280891440603352	0.04959267225903415
null	176	environment	0.5	0.0	0.5547240988843415	-0.0004707034156169874	0.039586644635551345	0.015838783407281055	1.2996789560517833e-44	0.9762916315437414	0.04498820320262663
null	177	environment	0.5	0.0	0.47805979137979804	-0.007439473763525471	0.03968656130572235	0.01586737322281203	2.0387412309500955e-33	0.6391743426248382	0.10949959682602857
null	178	environment	0.5	0.0	0.46568154071560697	0.0029221887962649212	0.03908865306434685	0.015629447512634807	1.00696280562432e-32	0.8516866130386729	0.7576524460862493
null	179	environment	0.5	0.0	0.47322498744680397	-0.01709277288143142	0.04076838353202518	0.01631480777208957	3.7684509987012155e-31	0.294783944349034	0.21438220687804227
null	180	environment	0.5	0.0	0.4627624942186312	0.013230868296720164	0.039300578615732905	0.0157134844933744	5.254593362077179e-32	0.3997838799743405	0.47681681784979346
null	181	environment	0.5	0.0	0.528061563664683	0.004766497256247522	0.038896393556955774	0.015559642589805025	5.549953931354995e-42	0.7593479225557277	0.9648155306876498
null	182	environment	0.5	0.0	0.52852288485383	-0.004728990540184317	0.038292252620298305	0.0153186325248991	2.466948904034944e-43	0.7575433533026048	0.3966273899054943
null	183	environment	0.5	0.0	0.4751371603622386	0.016583335531276753	0.03957792019508309	0.015822285330228534	3.340322589764978e-33	0.2945925864846615	0.06530632672701273
null	184	environment	0.5	0.0	0.4817753151976274	-0.014358626128536044	0.03800901417305526	0.01519935658625373	8.105731719149263e-37	0.344818979677203	0.685243420434482
null	185	environment	0.5	0.0	0.5124733754489439	0.022257148830079062	0.03940309990400859	0.01576466359942393	1.1323511532813655e-38	0.1579977096221921	0.03691704029339287
null	186	environment	0.5	0.0	0.4226211984431368	-0.01292523010263726	0.04027835357308326	0.016108935561838646	9.350649289179533e-26	0.4223424264664509	0.4538927953951722
null	187	environment	0.5	0.0	0.5457090120809067	-0.006286831326534714	0.03756709299305066	0.015035695300805197	8.262038517651217e-48	0.6758542089097195	0.1857906036915029
null	188	environment	0.5	0.0	0.5668117597932063	-0.009161946589694802	0.038873665874869866	0.01554581231350307	3.717640365557379e-48	0.5556255566423643	0.5161685524598051
null	189	environment	0.5	0.0	0.5278618380423894	-0.011889307381634273	0.039718868317347826	0.01588552991770513	2.647493671139805e-40	0.4541970284768894	0.7184360052355935
null	190	environment	0.5	0.0	0.49767775167991557	0.00477694429079779	0.04003277031107795	0.016014026773186103	1.7572461294470672e-35	0.7654761055547554	0.9202214736176128
null	191	environment	0.5	0.0	0.4911813009163332	-0.00519959047842688	0.039755439779761176	0.015896643533559882	4.573493532811014e-35	0.7436018444640577	0.934994368160203
null	192	environment	0.5	0.0	0.49673614077694	-0.01093902792380258	0.038973896047362185	0.015602805597195008	3.308811967093768e-37	0.4832445730244269	0.5662557722743887
null	193	environment	0.5	0.0	0.5414652215647316	-0.039070656862077474	0.04080262606784233	0.016308780410568404	3.4395999729932933e-40	0.01658946159176693	0.1621571484857535
null	194	environment	0.5	0.0	0.54280713110845	-0.022399002060141785	0.037380793644420464	0.014950424157863887	8.91775862905677e-48	0.1340764905500741	0.8829362755179898
null	195	environment	0.5	0.0	0.5397813910369823	-0.014290178765827194	0.03941916603003407	0.015768980892603555	1.1122202184833915e-42	0.36481898619182695	0.5933551675691099
null	196	environment	0.5	0.0	0.4748442400079829	-0.03954726947740873	0.03796721205184393	0.01518212657571578	6.862264243586446e-36	0.00919125981706382	0.8778138550200585
null	197	environment	0.5	0.0	0.5097072335980514	-0.014137852267169066	0.03851237700269313	0.015401334795944162	5.517440433805092e-40	0.3586383466141204	0.8853468389830476
null	198	environment	0.5	0.0	0.5365693068012655	-0.007020622852113139	0.03917694213985081	0.015674180945458225	1.0720134981692128e-42	0.654218129667651	0.791642547707866
null	199	environment	0.5	0.0	0.5001816858767894	-0.006906710149895869	0.0400977137314714	0.016053174726933215	1.03406512644073e-35	0.6670214185730093	0.9212144023673121
null	200	environment	0.5	0.0	0.5294876854963267	-0.011927439125802863	0.041738705913027876	0.016706019568913356	7.09121504512357e-37	0.4752515663532586	0.06059178705042703
null	201	environment	0.5	0.0	0.5095498171750238	0.03417754143546282	0.03963721336184956	0.01586040640227026	8.027311174292542e-38	0.031169898856300202	0.6417746150477198
null	202	environment	0.5	0.0	0.43882621758021434	0.0037337925324056713	0.03823911490832046	0.015295671557483629	1.744616568248268e-30	0.8071473419088248	0.501366770480059
null	203	environment	0.5	0.0	0.55491046768162	-0.013486121882076684	0.038903059052194496	0.01556560636960579	3.671863974362009e-46	0.38626800803414885	0.8165756872401084
null	204	environment	0.5	0.0	0.5344309954922768	0.006343319925771042	0.04022126108507255	0.01610129408507592	2.7438670388195758e-40	0.6936080902738141	0.4913451206303346
null	205	environment	0.5	0.0	0.47332997059561704	0.016574906144584983	0.03960720276258219	0.015841762619484803	6.445557428623543e-33	0.29543216255323224	0.40291782040036783
null	206	environment	0.5	0.0	0.5261979382851214	0.014483137781741266	0.039063180380984934	0.015623691398396412	2.334939688400624e-41	0.3539273366540018	0.31549978599930845
null	207	environment	0.5	0.0	0.44249188098087977	-0.014955337044781442	0.041178507276178805	0.01647169209717977	6.208921197250734e-27	0.3639089949259992	0.43059055977485494
null	208	environment	0.5	0.0	0.46651966027125125	0.015284117297135923	0.039737586233955624	0.015902398988597737	7.947704135686007e-32	0.33649172143638495	0.4764434903173179
null	209	environment	0.5	0.0	0.45586470383282607	-0.049588051090540916	0.039427867595874314	0.015771712290388634	6.420166899113585e-31	0.0016659090059763897	0.7247255524988024
null	210	environment	0.5	0.0	0.5107277834266358	0.0007482497594851539	0.03998519119932628	0.01599707274766995	2.322642384545853e-37	0.9626932178769245	0.9877644455754552
null	211	environment	0.5	0.0	0.5257925793541036	-0.0022972612336961923	0.038773245252864845	0.015502665448566008	6.847384327604359e-42	0.8821968328057428	0.8570749359718729
null	212	environment	0.5	0.0	0.4897113597848904	-0.006508731176566595	0.041107933850570495	0.016450576680351037	1.0148760011974302e-32	0.6923605319029683	0.42888312385305244
null	213	environment	0.5	0.0	0.49129815352725864	-0.004249220461379255	0.04038182028296613	0.016164374784093917	4.6978831179738745e-34	0.7926464281034435	0.9502765070856029
null	214	environment	0.5	0.0	0.4620171387473478	-0.020858837175168617	0.039984047968761566	0.01597884798027867	6.961779617978609e-31	0.19175563427576345	0.5210461218751234
null	215	environment	0.5	0.0	0.46732944872871146	-0.023653251062516357	0.03781205597080379	0.015131597198175169	4.3407503949660573e-35	0.11801273452850033	0.033869573629656875
null	216	environment	0.5	0.0	0.4732814005150865	-0.0016139106704114463	0.04080050462102169	0.016312908560188216	4.126041168566951e-31	0.9211902169261762	0.6360876737993434
null	217	environment	0.5	0.0	0.5058241838829397	0.003344691192548752	0.03810536962793317	0.015245496266810259	3.260688286756583e-40	0.8263471907078856	0.9440795174613101
null	218	environment	0.5	0.0	0.4300458364567568	0.0164666442987357	0.03776303514537317	0.015109834247270375	4.798207788654018e-30	0.2758028013029567	0.053519064244935924
null	219	environment	0.5	0.0	0.42651481807148534	-0.012874103057640736	0.039204076253121965	0.01568487423143002	1.4459228794938703e-27	0.41176171362897174	0.12115533462965593
null	220	environment	0.5	0.0	0.5027883678405966	0.00710974666111371	0.03841915059135693	0.01536296114796956	3.911474841958531e-39	0.6435185453877557	0.6710268962218552
null	221	environment	0.5	0.0	0.4682984667458367	-0.006340075800764908	0.0395987481565043	0.015844391526156198	2.8615466713547145e-32	0.6890487103633082	0.015110021401273118
null	222	environment	0.5	0.0	0.4940381424577307	0.02249302142855583	0.03960291644789524	0.015859290265517564	1.0247352799950574e-35	0.15610706018402043	0.3767580142093172
null	223	environment	0.5	0.0	0.44831349202798887	0.005305913186669372	0.03752332104888531	0.015011010247741267	6.683026739313363e-33	0.7237375440064597	0.9866828116983298
null	224	environment	0.5	0.0	0.5482596044084411	0.0032921183268277017	0.03906199888334971	0.015621678741832129	9.435961572994789e-45	0.8330898728098346	0.9669911505931212
null	225	environment	0.5	0.0	0.5182919198520316	0.007690319962174839	0.03932738310223356	0.015737675761787206	1.1606026413471036e-39	0.6250847971181339	0.6908087774514363
null	226	environment	0.5	0.0	0.4648119883365496	-0.022340449254495187	0.03979762426237574	0.015916524763178643	1.6245651810214545e-31	0.16043771252719682	0.10318196098667781
null	227	environment	0.5	0.0	0.4443666758447305	0.005748557884622428	0.04055035423696927	0.0162118686655795	6.056595347329639e-28	0.7228971674715717	0.5070593380265559
null	228	environment	0.5	0.0	0.504818165199471	0.0032406001099154562	0.039118848371481975	0.015640064143512156	4.23298090266455e-38	0.835854724903871	0.5923499796480626
null	229	environment	0.5	0.0	0.5506303032026844	-0.004316890949002486	0.03856708616363611	0.015424826114826259	3.0352088332887492e-46	0.7795799868276121	0.6273808712582906
null	230	environment	0.5	0.0	0.5418615264535729	0.0004818819529380843	0.03981194785780693	0.015929991909509455	3.4674222238830696e-42	0.9758676876587354	0.3328799124858872
null	231	environment	0.5	0.0	0.5376626681525282	0.006778856533116343	0.037954065809025814	0.015178353010524283	1.4843509802528043e-45	0.6551541860118073	0.9604336239364095
null	232	environment	0.5	0.0	0.44302670923025944	0.01829534195666903	0.03961223751261951	0.0158477917642028	4.8790129684875787e-29	0.24831937839255303	0.5606233015383744
null	233	environment	0.5	0.0	0.5398870406163034	-0.001504825799541352	0.037591840306390754	0.015043594399126649	8.98435848395398e-47	0.9203197139932849	0.6706467638594173
null	234	environment	0.5	0.0	0.5351377435048124	0.03435160101222533	0.038672373183273955	0.01547242479831363	1.5090320565842526e-43	0.026406406994923592	0.5070165769663775
null	235	environment	0.5	0.0	0.5017794560739409	0.00902601744684814	0.03828740686807082	0.015313918860873913	3.05832221780337e-39	0.555593253737439	0.426102953675798
null	236	environment	0.5	0.0	0.552967056247213	-0.01679562512217734	0.040703586915436595	0.016278231938989307	4.9007810836611987e-42	0.3021731476064582	0.4845110585918919
null	237	environment	0.5	0.0	0.4801017675310561	0.005879984294091001	0.03830826080742846	0.015325298466997834	4.9518015275230946e-36	0.7012169061805302	0.67391204688302
null	238	environment	0.5	0.0	0.5089467755094833	0.014818443226312887	0.03969046118130942	0.015873129145287754	1.2205029813183077e-37	0.35053335221212006	0.3564464128598522
null	239	environment	0.5	0.0	0.47759969996457624	-0.03200091427410416	0.03752139334495519	0.01500572646367526	4.0944281851391545e-37	0.03295918375487005	0.5580210057377005
null	240	environment	0.5	0.0	0.4044959161459439	0.008206871529571554	0.03792355306525336	0.015171782520380222	1.4667384015345877e-26	0.5885558679142334	0.6179225326788874
null	241	environment	0.5	0.0	0.4696199886889303	0.003712857838513818	0.03889975312653157	0.015551622507158159	1.4745627175074628e-33	0.8113040324953784	0.330002980364819
null	242	environment	0.5	0.0	0.44641257202603285	0.00043127116647970085	0.038454131917030725	0.015385731447727743	3.710911977831532e-31	0.9776377515475535	0.26624704945654815
null	243	environment	0.5	0.0	0.47715149407319896	-0.00728968216098576	0.0408830442316827	0.01635516789756496	1.7902054711141546e-31	0.6558058444709056	0.7016249193415302
null	244	environment	0.5	0.0	0.47186596171717105	-0.0034803830899977997	0.03795396501773212	0.015180108290208699	1.739141157973018e-35	0.8186570384034749	0.31339240771308924
null	245	environment	0.5	0.0	0.5156131062393817	-0.0036897350136168116	0.03933587151137935	0.015732064829437228	2.9645840394918426e-39	0.8145689152723163	0.578019572265381
null	246	environment	0.5	0.0	0.467650329371991	-0.01144109776462181	0.039263960848074646	0.01571355479149632	1.0444774477444825e-32	0.46655009424526306	0.6210564483465053
null	247	environment	0.5	0.0	0.5363054126201745	0.03375967277510242	0.03990691766328734	0.01596402080199979	3.576737140852177e-41	0.03445254358512542	0.22491356714386454
null	248	environment	0.5	0.0	0.4825924838268019	0.012252860598249553	0.036965494683399956	0.014782898505673752	5.93421996347316e-39	0.4071871791066522	0.3016016298532831
null	249	environment	0.5	0.0	0.37797009054821484	0.02134093221618973	0.039518353897361864	0.015807303890139332	1.1283355705286404e-21	0.17699423123834215	0.08117716667309345
null	250	environment	0.5	0.0	0.5327111302654295	0.005927300632165928	0.0393011587522506	0.015722101472869978	7.442589139095822e-42	0.7061703728820412	0.2820721422054456
null	251	environment	0.5	0.0	0.4708273830659524	0.018424965042942904	0.038494042909164264	0.015402249156098943	2.1185123604458422e-34	0.23159839393989884	0.3625359779609087
null	252	environment	0.5	0.0	0.5277760372268852	0.009986662376125085	0.039748298865666734	0.01590816397501397	3.1077469773687908e-40	0.5301548571444167	0.7397537131763084
null	253	environment	0.5	0.0	0.5413543764856861	-0.019974399244672623	0.041495825765325324	0.016601392017396938	6.697596505186125e-39	0.22890815488914823	0.6965809250103614
null	254	environment	0.5	0.0	0.544300750457167	-0.023737964862066054	0.038075454341856774	0.015235706143799004	2.3403231042219795e-46	0.11922181749971142	0.2109452396809095
null	255	environment	0.5	0.0	0.4768033356624747	0.0032198976198327713	0.04083978532581313	0.016343894906028965	1.7112278271044517e-31	0.843820340255854	0.6342570881919309
null	256	environment	0.5	0.0	0.4829108915817872	0.000965733624070857	0.03848909037239058	0.01538304073385217	4.144482215551452e-36	0.9499423999383634	0.331148458807594
null	257	environment	0.5	0.0	0.4371886957507064	-0.009991261901050487	0.03988483187434704	0.015962186855145166	5.866555785235602e-28	0.5313587898522228	0.5517457794972465
null	258	environment	0.5	0.0	0.5843758832485937	-0.0010295784644549987	0.04025656940851877	0.016096157885837268	9.554848598844427e-48	0.9489987028789059	0.6617305006110092
null	259	environment	0.5	0.0	0.5047954822632037	-0.007013079063765061	0.038580240018173576	0.015426917728699906	4.048662043941564e-39	0.6493969291573705	0.8623308242270915
null	260	environment	0.5	0.0	0.5218010088464711	0.021050918281128404	0.04002331157031753	0.016005649715986604	7.494358953568784e-39	0.18843665424107212	0.8854973384404279
null	261	environment	0.5	0.0	0.5142131927025163	-0.0075304109526667775	0.04053637381392213	0.01621246990447743	7.140466942667191e-37	0.6423019885851518	0.48307514241148153
null	262	environment	0.5	0.0	0.5262684782441979	0.02415781005537457	0.037314001690889685	0.014934063711120174	3.599595358429808e-45	0.10574206272745143	0.8073211843855694
null	263	environment	0.5	0.0	0.46294576330755766	0.011977213337440814	0.03877415810994467	0.015506573125311647	7.362580200502381e-33	0.4398799878563188	0.8270598932063289
null	264	environment	0.5	0.0	0.532581851995485	-0.005289451486932008	0.04113855787809431	0.01646478812370871	2.473559536311808e-38	0.7480145789153735	0.13474413907646293
null	265	environment	0.5	0.0	0.49259896828618915	0.008707906828907744	0.03925898783735263	0.015700098013197467	4.1067906845095774e-36	0.5791407287980417	0.8560273147500921
null	266	environment	0.5	0.0	0.5110776608435612	0.021171896149525055	0.03973758353412023	0.015890206091463185	7.429979897956571e-38	0.18273321447611957	0.6221769935007874
null	267	environment	0.5	0.0	0.44708426699837517	-0.006797129243817921	0.038938392410979704	0.015584136095085648	1.6278501873169143e-30	0.6627228611039258	0.38595841583174506
null	268	environment	0.5	0.0	0.42639635893758526	-0.03026608547144807	0.03801981509133625	0.015209532310341094	3.4376380035784224e-29	0.0465973371420937	0.6946973026819757
null	269	environment	0.5	0.0	0.5308768223881754	-0.019086625816151538	0.03894132324504593	0.01558331196851936	2.558031174452327e-42	0.22064610328394202	0.9351231956316932
null	270	environment	0.5	0.0	0.5878882802385418	-0.0010457789054254085	0.04093314951482697	0.016379221503020937	8.940198488872827e-47	0.9490913369238377	0.3854160041364829
null	271	environment	0.5	0.0	0.47743368605983805	-0.013645808122546827	0.03876130999252726	0.015509318746821064	7.312428925446163e-35	0.37894287893422407	0.1183362835644761
null	272	environment	0.5	0.0	0.5623217950008881	0.018562859139667154	0.03919355591077837	0.015671295214325566	1.1076259167959988e-46	0.23620989601144526	0.7805366067070465
null	273	environment	0.5	0.0	0.513074446885718	0.010983609630625878	0.03969251631651826	0.015888694661712	3.2015123105413763e-38	0.48938671966142827	0.9841316747428434
null	274	environment	0.5	0.0	0.5672466413156773	0.015460226632074843	0.038731002841292314	0.01549318502641681	1.4329800778309924e-48	0.31834108344109724	0.9936645257669128
null	275	environment	0.5	0.0	0.4600259986386523	-0.03156118964058838	0.03887958787640216	0.015553518383949113	2.664882851966773e-32	0.042437988155577935	0.9192331284429666
null	276	environment	0.5	0.0	0.47759776423443556	-0.012074250676961296	0.038294707739530705	0.015316187335541107	1.0661064362778045e-35	0.4305021496298416	0.8024092595544
null	277	environment	0.5	0.0	0.5140974660328482	-0.0038887711532376687	0.040312443632177	0.016130282146407424	3.0065635807632426e-37	0.8094891381850079	0.3526171273397257
null	278	environment	0.5	0.0	0.5415431116549401	-0.008035598167616955	0.03987299369810492	0.015953039456227003	5.141769017356229e-42	0.614469908945021	0.740176305262411
null	279	environment	0.5	0.0	0.45992292707791366	-0.00986429659436312	0.03986412719225565	0.01594727209399486	8.560572021601573e-31	0.5362082444828753	0.25218184076381966
null	280	environment	0.5	0.0	0.504865954506071	-0.017725149016188647	0.03892166628683663	0.015576910263248301	1.7790558802626619e-38	0.2551573397499334	0.15233251788633972
null	281	environment	0.5	0.0	0.5468066491186847	0.04005927763063409	0.03879169609922634	0.01552641381115341	4.020752844101315e-45	0.009877949486145888	0.8964049309876337
null	282	environment	0.5	0.0	0.5122543206537963	-0.009943324420574058	0.04134286694888905	0.01652849867630239	2.946004596889625e-35	0.5474493065071295	0.9008971059194885
null	283	environment	0.5	0.0	0.49260473989847	0.01171066147301821	0.037431366477058164	0.01497084718671533	1.4866700524678982e-39	0.43407880138585264	0.2719547260273769
null	284	environment	0.5	0.0	0.467521359321509	-0.007381766433214339	0.03932074612779394	0.015725009457370345	1.3350054074463094e-32	0.6387634340509798	0.3833243535563334
null	285	environment	0.5	0.0	0.5433626403228108	0.012151056406215202	0.04125624457661572	0.016506785890927786	1.2984933825692456e-39	0.46165467978800523	0.40617801796108427
null	286	environment	0.5	0.0	0.4263831690304483	0.016512862833405462	0.03741422426011146	0.014971194775501398	4.363433972459278e-30	0.27003775290409177	0.2719769470180206
null	287	environment	0.5	0.0	0.48063258939313397	0.02127593531282367	0.038843284077290846	0.015536157951653081	3.630168021818732e-35	0.17085978392985826	0.6467736614189304
null	288	environment	0.5	0.0	0.44819296057834374	-0.011718210363918884	0.037303462555378586	0.014918488904995064	2.9715319648210626e-33	0.4321707895724426	0.19566308560221615
null	289	environment	0.5	0.0	0.5936637270710559	0.017341160423441197	0.03935647910094598	0.0157473937987901	2.0553765503489944e-51	0.27080601931303877	0.4540190880100586
null	290	environment	0.5	0.0	0.5323155912189361	0.0027725277880887396	0.038942443356214725	0.015574150501237607	1.5489699701403965e-42	0.858706385633167	0.7690666355064129
null	291	environment	0.5	0.0	0.44429303996384323	0.019887323328723908	0.039533155713646614	0.0158167744529879	2.63851967969532e-29	0.20862459259548755	0.7785521881218377
null	292	environment	0.5	0.0	0.5240290771230287	-0.009550700572496764	0.03999499230161499	0.01599431806846339	3.1914586224071076e-39	0.550420029557301	0.9154840148022826
null	293	environment	0.5	0.0	0.5056278229883975	-0.033985123552917815	0.04004022902210262	0.01601380213966195	1.480008628883479e-36	0.03381763052411291	0.7228045019302912
null	294	environment	0.5	0.0	0.5314551100068248	-0.00927980148669962	0.038648759364774805	0.015452609997268463	5.0301949741032715e-43	0.5481511073398739	0.5328252545256524
null	295	environment	0.5	0.0	0.4977081498767981	-0.014468514159546659	0.03987147067391302	0.015961870904612787	9.265330045003772e-36	0.364701819202943	0.39526724459266016
null	296	environment	0.5	0.0	0.46656113257284426	-0.00656599380277802	0.04076090636722976	0.016311292849668535	2.4542779285869146e-30	0.6872845824479124	0.9766611385817313
null	297	environment	0.5	0.0	0.5205974895153828	-0.011439549027416725	0.04000823073162445	0.01600594959961188	1.0421411068685065e-38	0.474790698088804	0.6209043045209512
null	298	environment	0.5	0.0	0.5213094697552113	0.003766113501263736	0.0386062213962964	0.015440580973842224	1.4962648946628463e-41	0.8073004541484421	0.7607418538290699
null	299	environment	0.5	0.0	0.5015514951283198	0.009152394881246764	0.03947743183240047	0.015784756550339018	5.563629093734549e-37	0.5620327045114748	0.7301184664444088
null	300	environment	0.5	0.0	0.46184826945875357	0.002198541302444853	0.038746100703446064	0.015503195641699764	9.326011583547542e-33	0.8872283971169334	0.2764435157654049
null	301	environment	0.5	0.0	0.4707681523208767	-0.022392366887055388	0.040169407770320326	0.016069659243264284	1.0118528376755125e-31	0.1634818702205584	0.17363258967794684
null	302	environment	0.5	0.0	0.49333196140440166	0.007730935835666419	0.037917136618845514	0.015178732417792062	1.0623589789677813e-38	0.6105231468483684	0.17926512652650198
null	303	environment	0.5	0.0	0.5018334118979791	-0.010646145747540898	0.03964058362925804	0.0158569986412899	9.901906277571351e-37	0.5019755103939291	0.2632593252631721
null	304	environment	0.5	0.0	0.5206839794812672	-0.021497910240743715	0.03999567352713295	0.016004909743330624	9.602942437824697e-39	0.1792048861053989	0.44664417762265224
null	305	environment	0.5	0.0	0.528058228666889	-0.0059298032608276294	0.03712953399515568	0.014863088569399947	6.686149644907644e-46	0.6899214164242383	0.7584381523864383
null	306	environment	0.5	0.0	0.5073081253399618	-0.022141049452364312	0.04258535742472433	0.017028044561061256	1.0158809171090022e-32	0.19350856808267888	0.9633450694106511
null	307	environment	0.5	0.0	0.5102694609800114	-0.007096898777353092	0.037619179785382824	0.015053986265746612	6.539746511624176e-42	0.6373337900689727	0.8227255651747973
null	308	environment	0.5	0.0	0.4470511993851882	-0.009815018546604028	0.0410711273667061	0.016424206061146304	1.3619026439895465e-27	0.550110399356543	0.35206051390729903
null	309	environment	0.5	0.0	0.43159747117343783	0.0017561220025180543	0.040169163333301144	0.016068166988016296	6.290358118114543e-27	0.9129708967919037	0.9464852521092383
null	310	environment	0.5	0.0	0.45843333793913454	0.0021922283445108648	0.03970941875845536	0.015890776139536985	7.8514681695945456e-31	0.890275170416176	0.9220727627503006
null	311	environment	0.5	0.0	0.4970558006181587	0.031929782651412185	0.04141679687452806	0.016567073264522364	3.4971869315455776e-33	0.053941784869438875	0.4324854401963664
null	312	environment	0.5	0.0	0.534921744154555	0.0087837586359305	0.04083591221598053	0.016333667533228527	3.3232125895598686e-39	0.5907357508075172	0.839889571134945
null	313	environment	0.5	0.0	0.4814270621805702	0.0076022252940919615	0.03687502643643704	0.014758081814863638	5.901218215664024e-39	0.6064671701573389	0.4520349091792803
null	314	environment	0.5	0.0	0.41236622869331097	-0.013314876056344627	0.04035259917678097	0.0161304676687086	1.6288811522093515e-24	0.4091168084371816	0.0786105851378851
null	315	environment	0.5	0.0	0.5224568538805333	-0.0024250756012144862	0.038494155819683545	0.015397965999120881	5.8404119376431e-42	0.8748561327256579	0.1794735281727207
null	316	environment	0.5	0.0	0.5085706930407772	-0.014346600037036718	0.03754174080679218	0.015011680360847733	8.275287580942358e-42	0.3392259394960755	0.47423465695218414
null	317	environment	0.5	0.0	0.4691525822368369	-0.011297818087664743	0.0403691598604288	0.016151453362926508	3.202377135276455e-31	0.4842443914554393	0.7538829711200787
null	318	environment	0.5	0.0	0.45500918108512534	0.004101449895629884	0.03971831956018295	0.01589157951990428	2.1966422395654217e-30	0.796337830891529	0.5835862604918968
null	319	environment	0.5	0.0	0.48279359649129905	0.02617174423093542	0.03952976900987123	0.01580964588101223	2.635783963185168e-34	0.09783753364105852	0.6870560999877964
null	320	environment	0.5	0.0	0.44930598098151864	0.008315795360269374	0.03846513151082024	0.015395779660583156	1.596637552482096e-31	0.5891041180103506	0.2573134542501153
null	321	environment	0.5	0.0	0.4966473739917786	0.017298106705365447	0.04080684651934773	0.016312807144060682	4.453162202947561e-34	0.28896249466696095	0.42371159742472764
null	322	environment	0.5	0.0	0.5126299270540621	-0.0038714905548508415	0.040221402752214926	0.016093435797223523	3.315284138106445e-37	0.8098935716843858	0.22104448180748215
null	323	environment	0.5	0.0	0.5022124592094586	-0.027294860206656855	0.040291665640211916	0.016108713125990638	1.1671002904284164e-35	0.0901862736803004	0.9996413150217708
null	324	environment	0.5	0.0	0.4979471741457016	-0.005729878409808524	0.041332177238866605	0.01654642423591778	2.0005281240604583e-33	0.7291240037399407	0.9424070283823591
null	325	environment	0.5	0.0	0.47893778131114295	-0.014401299789641999	0.038004452291008614	0.015194147202808051	2.054681414483419e-36	0.3432216604279447	0.5559400043764907
null	326	environment	0.5	0.0	0.5524231761970968	0.00727069691048354	0.04083346379521652	0.016328032643640744	1.0589730404457359e-41	0.6561107576456799	0.9833127444536068
null	327	environment	0.5	0.0	0.4795386224485035	0.035121027497160714	0.040577282052061216	0.016223515277020848	3.154386400606046e-32	0.03040129711716997	0.695611335980086
null	328	environment	0.5	0.0	0.5498267280499869	0.008358576989939267	0.0378997283126182	0.015162936441667689	1.0875690329550894e-47	0.5814619346878906	0.9658754030467157
null	329	environment	0.5	0.0	0.5091558833126106	-0.030076162117049436	0.03831709283240262	0.015328754621264658	2.719009554967372e-40	0.049753784252355104	0.09057725793125197
null	330	environment	0.5	0.0	0.48993315767236695	-0.019775323459087724	0.03924806430063743	0.01571751201409795	9.244968716618137e-36	0.2083297904447134	0.30191873634648914
null	331	environment	0.5	0.0	0.513100122440931	0.007457151525621706	0.03954585771485858	0.015823058450943242	1.7000999434045296e-38	0.637438064175357	0.7807954171115307
null	332	environment	0.5	0.0	0.5254244400930345	-0.014794328567161674	0.03832912821380188	0.01532222522795988	9.064423913616809e-43	0.33427090802196324	0.9851041454794758
null	333	environment	0.5	0.0	0.5090829369567241	0.01740525847336962	0.039118275797240365	0.01565002330656959	1.0194566892605956e-38	0.2660713254335681	0.7039321081276125
null	334	environment	0.5	0.0	0.5223391873939957	0.024393643874266478	0.03880951203678517	0.015524946975495491	2.7239350257409645e-41	0.11612352925069658	0.7083207055943453
null	335	environment	0.5	0.0	0.44328541585012216	-0.011498312798087528	0.03915843648918069	0.015667850860136417	1.0410994028337657e-29	0.4630222505478243	0.9228227030058394
null	336	environment	0.5	0.0	0.5482809096507757	0.01804460668351213	0.038180282553866546	0.015274575596128338	9.180803059313588e-47	0.23746405517065328	0.8421955184800636
null	337	environment	0.5	0.0	0.5827614789627142	0.0003576962450353837	0.037810512080985924	0.01511318940988368	1.3450695448644495e-53	0.9811175748132398	0.9794421953886432
null	338	environment	0.5	0.0	0.46365767329905744	-0.016670004323342084	0.03761863716874708	0.01505077690239011	6.626908176311594e-35	0.2680413833732822	0.5233223151792071
null	339	environment	0.5	0.0	0.5500837891219398	-0.002639833700300903	0.041461998852098045	0.016596718330032047	3.5883334620881516e-40	0.8736235161965051	0.4921722045822247
null	340	environment	0.5	0.0	0.554057825789885	0.0075146348549752495	0.039792623817986615	0.015923640543682855	4.551771623026486e-44	0.6369861148814128	0.17943514219249698
null	341	environment	0.5	0.0	0.5142822763278274	-0.02763366520646173	0.03720390923319314	0.014880199547389712	1.84316120214431e-43	0.06330030632134041	0.23088120785176164
null	342	environment	0.5	0.0	0.49497226136623385	-0.00937900579972679	0.03979259003929895	0.01592170032554759	1.6089328844675895e-35	0.5558139046390765	0.5590564049669441
null	343	environment	0.5	0.0	0.5559121061741533	0.01990302770589731	0.0390893255322093	0.015634107115292624	6.731238923553797e-46	0.20299967247177717	0.8174353188263754
null	344	environment	0.5	0.0	0.5034956933176725	-0.009815113341997864	0.04023757869086715	0.016104132505260542	6.332740506382561e-36	0.5422076971921864	0.07589910509371263
null	345	environment	0.5	0.0	0.484732592995541	-0.0018498363916691536	0.037941853182334284	0.015181126590646582	2.2420882881037495e-37	0.9030169738833385	0.668767583170386
null	346	environment	0.5	0.0	0.5250197396261151	0.03411027481065761	0.038151632755918714	0.015262435139913115	4.350423055734272e-43	0.025422802340812505	0.6692235446728043
null	347	environment	0.5	0.0	0.4354556372423843	-0.016362211174512226	0.03830299569663644	0.015326758226015463	5.9866026882559315e-30	0.2857197075053866	0.908554804637051
null	348	environment	0.5	0.0	0.4746001028617804	0.005131279320432616	0.0386934091467411	0.015474884186097751	1.3848364868336914e-34	0.740200702989432	0.40162973674557495
null	349	environment	0.5	0.0	0.5102002266850592	-0.010472765989092775	0.03982049269202398	0.015928128040597452	1.3955702076705642e-37	0.5108585911364668	0.8629842830718126
null	350	environment	0.5	0.0	0.5003624181016852	0.009783465836399358	0.037237730758615445	0.014887009215358038	3.6714584033318307e-41	0.5110642718068409	0.441886551740476
null	351	environment	0.5	0.0	0.49698453087443933	-0.0030110603048833324	0.038593383587697205	0.015438041239871728	6.029164025385551e-38	0.8453603787989058	0.3302710175555126
null	352	environment	0.5	0.0	0.5814146750261933	-0.00957164130487348	0.03976157532648725	0.015916853111136026	2.017725637760072e-48	0.5476051496033114	0.7509194127929959
null	353	environment	0.5	0.0	0.5246711768218718	0.014024948765658329	0.03883282416956286	0.015527768662095173	1.3463761867715536e-41	0.366410595710917	0.49278318559638445
null	354	environment	0.5	0.0	0.40945344319728605	-0.014040720758404943	0.03995105527671701	0.015971454049172027	1.19726693540458e-24	0.37933974244719243	0.7661375811339123
null	355	environment	0.5	0.0	0.47103840929218826	-0.005522286078533679	0.03826486840366566	0.015295799422200223	8.007815954999194e-35	0.7180748891600564	0.25055345317016064
null	356	environment	0.5	0.0	0.5051827213873233	-0.01575403921580627	0.03837188137678836	0.015343526239835098	1.3872615757414411e-39	0.3045359379462723	0.8121475539986954
null	357	environment	0.5	0.0	0.4348974792780873	-0.015313340811457854	0.0393045041058472	0.015717134588380116	1.85824204493564e-28	0.3299032911723866	0.7067928617178294
null	358	environment	0.5	0.0	0.5614101567109616	0.018871653508137045	0.03956960828826286	0.015828187081173593	1.088502997727499e-45	0.2331509138966238	0.99187302188867
null	359	environment	0.5	0.0	0.4349748990331876	0.02398760474142331	0.040690932346799415	0.01628105212820242	1.1370695322065036e-26	0.1406580657393788	0.35891631737129653
null	360	environment	0.5	0.0	0.5151444518060511	-0.009850419988567654	0.03867962476296971	0.015488079781843765	1.8133657686672241e-40	0.5247763695394337	0.39483097083865887
null	361	environment	0.5	0.0	0.5155932924760505	-0.0006599775324570777	0.03914867016923807	0.0156565206478331	1.3036342050591158e-39	0.9663763113856204	0.501823575532653
null	362	environment	0.5	0.0	0.4958827861826781	-0.002888021553250163	0.037574145044121404	0.01502860470737789	9.075918709365856e-40	0.8476103689851677	0.7228317363372582
null	363	environment	0.5	0.0	0.47674193332782777	-0.005680578051383581	0.03972230310523455	0.01590668032204953	3.4735672725178825e-33	0.7210027078967115	0.8260159724837413
null	364	environment	0.5	0.0	0.5595383494701888	-0.021587216704201145	0.041363519374589576	0.016546950508499095	1.0785765850783534e-41	0.1920277485252157	0.09352997436901725
null	365	environment	0.5	0.0	0.5032502098841969	0.010805960200996726	0.0387546841591055	0.015508516514537381	1.4780660972438666e-38	0.4859430647214995	0.40373470921535737
null	366	environment	0.5	0.0	0.442649590399342	0.004600288646758073	0.04116904145479208	0.016464511722342635	5.798950050180838e-27	0.7799330207506342	0.9583373451068432
null	367	environment	0.5	0.0	0.5181005817147294	-0.02960847435240804	0.03989463507746418	0.015967933159140336	1.455255450996104e-38	0.06370399023143404	0.47724978243935057
null	368	environment	0.5	0.0	0.523685898624629	0.015339495895804165	0.03839120553835558	0.015347023514014733	2.2910436351283205e-42	0.3175479363048195	0.4521260616721673
null	369	environment	0.5	0.0	0.497705506957087	-0.01971735924696713	0.040342055372431025	0.016143181806030985	5.715144041778265e-35	0.2219328023807322	0.336486916951324
null	370	environment	0.5	0.0	0.5536592821453052	-0.028343140081520758	0.04026535801520659	0.01609902341869394	5.074438042886335e-43	0.07831455138895359	0.8585190934534029
null	371	environment	0.5	0.0	0.4581461989791468	0.007131624827333487	0.04069088336800193	0.016271137239308998	2.0867876625992627e-29	0.6611694774005346	0.3356389369905251
null	372	environment	0.5	0.0	0.5168771633789735	0.019317033182038097	0.04123894746309393	0.016517802349062336	4.8821816501004314e-36	0.2422153240404587	0.8555669402418333
null	373	environment	0.5	0.0	0.43778063881548557	0.021225434392696967	0.037631798225704755	0.015057787360574818	2.7921345059733713e-31	0.15865827183608264	0.28704823164542254
null	374	environment	0.5	0.0	0.5026933699248746	-0.002524555659496995	0.03976228516415728	0.015912731783963477	1.2312938420658873e-36	0.8739445956021866	0.8348455668031213
null	375	environment	0.5	0.0	0.5166741132036763	-0.005158252421079756	0.03852911761331551	0.01540297038997416	5.286386917853058e-41	0.7377104329728206	0.22872855007862314
null	376	environment	0.5	0.0	0.48059850634490364	-0.028040532921019098	0.04168495670494411	0.016676356159950154	9.390058261447942e-31	0.09267468100419796	0.2910232116899511
null	377	environment	0.5	0.0	0.4787216641645049	0.009957746222745019	0.03909463244172814	0.015623349489586071	1.7823317299147263e-34	0.5238883681474629	0.185612843494227
null	378	environment	0.5	0.0	0.4005152307268267	0.006849663498058422	0.04098569477537395	0.016398489031437282	1.4838330750102371e-22	0.676165819956572	0.58183952343719
null	379	environment	0.5	0.0	0.4196035891918941	0.016489474898033495	0.04029096745184975	0.016119374146195735	2.1328532235949907e-25	0.30632676101646394	0.5842458124105075
null	380	environment	0.5	0.0	0.49155254800812276	0.004376509155620836	0.03821889198938334	0.015279620644825229	7.411739855714192e-38	0.7745504332999331	0.5974899335610017
null	381	environment	0.5	0.0	0.5712962028046369	-0.010837277614215825	0.04168571458885512	0.016675570003060945	9.497160478221276e-43	0.5157636102587182	0.7518327287971658
null	382	environment	0.5	0.0	0.4870888993056948	0.01120052950225613	0.03774703707883622	0.015100636967534714	4.2716037772430405e-38	0.4582535864358226	0.34920958382701905
null	383	environment	0.5	0.0	0.47355717306956085	-0.003116852201286224	0.04078070935092512	0.016302753995375334	3.569521630857502e-31	0.8483801659827692	0.3222793958705443
null	384	environment	0.5	0.0	0.4650861273164771	0.003416187088217756	0.037741850010012866	0.015095866852485807	6.826236381118701e-35	0.8209684889246489	0.6988670833415739
null	385	environment	0.5	0.0	0.5370550006720068	0.01131389130091976	0.038888264909366366	0.015552038824739586	2.2119408591253372e-43	0.46692825765881313	0.6052022047737486
null	386	environment	0.5	0.0	0.5272739133892952	-0.018400127787204377	0.039598248812194585	0.015822767662075573	1.8789075493716208e-40	0.24487440445663256	0.5680507926561684
null	387	environment	0.5	0.0	0.5282612127421528	-0.004837764165334299	0.03991196680805596	0.015946660876986887	5.461503218613545e-40	0.7616066796742963	0.7553716966647986
null	388	environment	0.5	0.0	0.4433935345392415	-0.015536152871421469	0.041347697168023764	0.016534051101018563	7.89266872232338e-27	0.3473992380288073	0.5920330634310298
null	389	environment	0.5	0.0	0.47355719292555737	-0.014165954624565586	0.04010576789380219	0.016046008529548832	3.561378960386725e-32	0.3773262122425509	0.8380727487837687
null	390	environment	0.5	0.0	0.42903104277998866	0.008109678271184728	0.04054602934547357	0.016229783866035033	3.6374548426858867e-26	0.6173012908090248	0.054375394042697894
null	391	environment	0.5	0.0	0.4640280196874694	-0.0006053220500659506	0.04058827535219577	0.016225999969266446	2.874952774087849e-30	0.9702412723606636	0.5501014003139001
null	392	environment	0.5	0.0	0.5898913316270821	-0.0016261854110877498	0.04021953069588578	0.016092837766457098	1.0520871844461954e-48	0.9195105640661463	0.38573525589713015
null	393	environment	0.5	0.0	0.4776310120426214	-0.003305985994168333	0.04047824519244572	0.01619485963960551	3.917212537564858e-32	0.8382456725027992	0.4764002024130056
null	394	environment	0.5	0.0	0.5825551154157264	-0.004232390451853542	0.04123270144344239	0.01649248493172488	2.5358285672413613e-45	0.7974679693846313	0.7246485681596779
null	395	environment	0.5	0.0	0.4646611114391444	-0.010427227245507766	0.03807223386985859	0.015228422793712908	2.9330089396804017e-34	0.4935197311499309	0.574441676152595
null	396	environment	0.5	0.0	0.5203137042191633	0.005773853019313156	0.04100522991171771	0.016400313063165174	6.808420820957423e-37	0.7247951495588629	0.25069757880714727
null	397	environment	0.5	0.0	0.3430876095635245	-0.018880464489223696	0.04041573590555456	0.01616679626968949	2.08492507611649e-17	0.2428654921399308	0.624677039514737
null	398	environment	0.5	0.0	0.43349066384258306	0.003195517161318407	0.03921220319474005	0.01569101415300631	2.0735112080620117e-28	0.8386249191835993	0.15790496015736255
null	399	environment	0.5	0.0	0.533677859404088	0.019124220735856252	0.040378518246667224	0.01615001629893671	7.011631962961003e-40	0.23634930550837524	0.5662597733592725
null	400	environment	0.5	0.0	0.5018981105359868	-0.030130438008441132	0.038645499632703514	0.015471326767796303	1.4455945393095543e-38	0.051474594258619076	0.6209892983646639
null	401	environment	0.5	0.0	0.5030212116882918	0.002614617097103535	0.03828820696675074	0.015312680177127794	2.0006601954806672e-39	0.8644215290959599	0.861089309446908
null	402	environment	0.5	0.0	0.4234129882340612	0.016775529287060848	0.040447864474582325	0.016183075051611463	1.2102610224006011e-25	0.2999178855342516	0.15581329674458727
null	403	environment	0.5	0.0	0.5271731680487565	0.011618777325198499	0.03875789726317372	0.01550089008732983	3.912496717091526e-42	0.45352246423014375	0.6266442786990042
null	404	environment	0.5	0.0	0.4257311909355801	0.0052019842525698	0.037054728751049266	0.014821408579495328	1.4939643163579937e-30	0.7256050601685227	0.41676732374585457
null	405	environment	0.5	0.0	0.4230607242686518	-0.00022510896243635534	0.039535668454121445	0.01582397251724787	1.0097371352059723e-26	0.9886498218118904	0.5405166692015649
null	406	environment	0.5	0.0	0.5208466239105085	0.011816320292513213	0.03999852571196968	0.015995751290212898	9.216312433986815e-39	0.4600793586053667	0.38388580638465736
null	407	environment	0.5	0.0	0.5367069393199869	-0.017393517113754465	0.03914619426390776	0.015666998620501582	8.806580362765638e-43	0.26691243356341077	0.37896949419410214
null	408	environment	0.5	0.0	0.4198729820521015	-0.0011729935942728599	0.038183135904491364	0.015271333079457591	3.9816178555757055e-28	0.9387745651372301	0.704452344501191
null	409	environment	0.5	0.0	0.45445398558497185	0.0015194781360556627	0.039256738555715	0.015697245411148617	5.424118337011161e-31	0.9228859939331278	0.4101665738398395
null	410	environment	0.5	0.0	0.5075687822910936	0.00866148916010314	0.03970639381024093	0.01588182939489846	2.039155879054368e-37	0.5854983823359899	0.567446155826487
null	411	environment	0.5	0.0	0.5048202226471064	0.016223274919734777	0.04207275067778094	0.01683657035061244	3.607229776720161e-33	0.3352597414845937	0.5616219955754882
null	412	environment	0.5	0.0	0.5492036258066751	-0.02915209207237642	0.037879600523670724	0.015150558242557326	1.235296519343537e-47	0.054334581484834756	0.2749567029622721
null	413	environment	0.5	0.0	0.3951467160787714	0.001732437659500398	0.04159528739483495	0.01664244691604257	2.1030327500840837e-21	0.917091948963808	0.673068893845271
null	414	environment	0.5	0.0	0.5007303432848548	0.014530083819371271	0.038770584978330344	0.015499490981759253	3.6942283356835234e-38	0.34852427889230636	0.21506443981453024
null	415	environment	0.5	0.0	0.5584793356871866	-0.0001371862611331944	0.040532250292640445	0.016212658616442086	3.4266085982162182e-43	0.993248640083749	0.4831446541665436
null	416	environment	0.5	0.0	0.4579021419724258	0.009739662686058278	0.04007818961028175	0.016025072900183054	3.1286152700170628e-30	0.5433357187515168	0.959108770106224
null	417	environment	0.5	0.0	0.45967954734718497	-0.01828246088982137	0.03788018613110225	0.015157722919928928	6.8832518311821445e-34	0.22776033560062148	0.9620713366356133
null	418	environment	0.5	0.0	0.4860791524901252	-0.007321978384630441	0.039247430789289016	0.015701854488975514	3.151126985880083e-35	0.6409914970566626	0.3716245984174922
null	419	environment	0.5	0.0	0.49490104944619645	0.0006469759163991325	0.0406395831288045	0.01625060688995152	4.081019903699298e-34	0.9682426778063313	0.9625365136877624
null	420	environment	0.5	0.0	0.4991477423292869	-0.01984530028938596	0.03946171859597348	0.01578051625778158	1.1343711912453021e-36	0.20854280382019258	0.07530207285489957
null	421	environment	0.5	0.0	0.4669281931679876	-0.0044141492326657	0.0394746545369375	0.015789339713576964	2.778783461193003e-32	0.7798111423701825	0.9960239001281391
null	422	environment	0.5	0.0	0.5027845345412347	-0.0006034092729373464	0.03784660500890176	0.015139605803939723	2.836195874079429e-40	0.9682076592381182	0.5343836786394351
null	423	environment	0.5	0.0	0.47355451317387115	0.015185183403554889	0.0400866216500472	0.016042345774294496	3.332975144789335e-32	0.3438585672601988	0.08267801269161726
null	424	environment	0.5	0.0	0.5142630176013004	0.011976077435325385	0.037611798782510204	0.015054609117420067	1.4736630889195494e-42	0.42631746267693127	0.8960898879658561
null	425	environment	0.5	0.0	0.40435531019975385	0.012151512972459571	0.040189301363719704	0.016068530748388262	8.193658566643864e-24	0.4495110117827632	0.39939541134119866
null	426	environment	0.5	0.0	0.4660373714802237	-0.0021264169840041983	0.038342740706299255	0.01533335351073411	5.42837648334824e-34	0.8897036662919179	0.8539923182215515
null	427	environment	0.5	0.0	0.4673872077357297	-0.03001089565046741	0.03931902379897504	0.01572694582873177	1.382018915991304e-32	0.05635931228064863	0.7458584337132288
null	428	environment	0.5	0.0	0.40853831636500865	-0.005790091857851371	0.03991013459567459	0.015965581800689837	1.3613260529967854e-24	0.7168582302681528	0.33485906522527664
null	429	environment	0.5	0.0	0.5202183852690234	-0.002184190245004433	0.04044409892436823	0.01619202771494394	7.302710876388445e-38	0.8926965205231024	0.8178152141533211
null	430	environment	0.5	0.0	0.4563050536156489	-0.018769541394259487	0.03864900265902566	0.01545156215599591	3.6177892374034697e-32	0.22446747427381142	0.308400164793624
null	431	environment	0.5	0.0	0.520740704328624	0.007283829319250395	0.03837463887978446	0.01535653022508085	6.038952664443952e-42	0.6352754504287328	0.5768681790467873
null	432	environment	0.5	0.0	0.47523032215849226	-0.005905656006228765	0.041563848764510095	0.016622616759512873	2.8361758127344007e-30	0.7223810662771931	0.5470925235920175
null	433	environment	0.5	0.0	0.5093413171505048	0.028503531834411375	0.038453904014179745	0.015374901844783151	4.790587167685234e-40	0.06375345577844314	0.8088896365148599
null	434	environment	0.5	0.0	0.503929558629965	-0.00196468060522235	0.03856083025043333	0.015423606948393277	4.988365221185065e-39	0.8986385390602183	0.5651881967124779
null	435	environment	0.5	0.0	0.5014294929862526	0.007960763241514944	0.03900809490327289	0.015606022317622054	8.115055579625673e-38	0.6099755131316513	0.7345104298687329
null	436	environment	0.5	0.0	0.4518723456651081	0.00614005713434227	0.04094073135802359	0.01638430526216057	2.5269835357696863e-28	0.7078446444001262	0.6828896149582352
null	437	environment	0.5	0.0	0.4592816517530273	-0.0040314333274426625	0.035999481194843516	0.014409793762045972	2.8130460846658364e-37	0.779653685842047	0.029714572967479813
null	438	environment	0.5	0.0	0.43025684677930237	-0.013171130854632647	0.038331737169964124	0.015327635084071001	3.089236556520036e-29	0.3901716406176293	0.3015221628895881
null	439	environment	0.5	0.0	0.508597641520095	-0.03305840921436839	0.040546304376758505	0.016215449274416604	4.3082699306563807e-36	0.04148014541246695	0.9760574749212169
null	440	environment	0.5	0.0	0.472730336978977	-0.005071557464717524	0.03887296704835719	0.015547433386035455	5.020138956695008e-34	0.7442737861786664	0.12918589896468768
null	441	environment	0.5	0.0	0.5185845735412042	0.0012612406330823475	0.040526744029918106	0.01621687110958748	1.723773380850216e-37	0.9380083340499704	0.8276340342882816
null	442	environment	0.5	0.0	0.5897811155091987	0.009356173943263478	0.03760703891836555	0.015045688362632452	1.9852810110274036e-55	0.5340399529775681	0.13403771929173136
null	443	environment	0.5	0.0	0.5300791346487814	-0.006356637533443861	0.03918476000533172	0.01566234822634274	1.0734965690620335e-41	0.6848493694366862	0.8540219739678894
null	444	environment	0.5	0.0	0.5353632271715997	0.008750086781051271	0.03772132300264787	0.015092358268515621	1.0182900883540964e-45	0.5620701676213721	0.7105278765989327
null	445	environment	0.5	0.0	0.5409834174622402	-0.0135870349473564	0.03782255980053072	0.015112705581957115	2.0899254219900588e-46	0.36862754447142176	0.6269500149332873
null	446	environment	0.5	0.0	0.5110985697014693	0.013024682568584623	0.03961817849920572	0.015850044628317288	4.465629415353748e-38	0.41122248587287774	0.8433579397494801
null	447	environment	0.5	0.0	0.5054867630813845	0.004115988454904709	0.04108790778149951	0.016431262810101332	8.773999899573533e-35	0.8022027225457115	0.47361704686544753
null	448	environment	0.5	0.0	0.42431223984435507	-0.006097113579989877	0.04069852009298145	0.016288256949522142	1.8917841663979403e-25	0.7081619957382308	0.19391833480985135
null	449	environment	0.5	0.0	0.44323347747581715	0.018849892330487516	0.040061098827712735	0.016032929058180788	1.8767462484543946e-28	0.23971533620768914	0.31577558903836206
null	450	environment	0.5	0.0	0.5090106233247544	0.01479329862788303	0.03839411261295708	0.015364806554452526	4.081850776720488e-40	0.33564584667853475	0.19555815789876
null	451	environment	0.5	0.0	0.4895879079002738	-0.017658557947856257	0.03818868096169452	0.015274783331852754	1.2631523501867606e-37	0.2476568319620686	0.5093871430013283
null	452	environment	0.5	0.0	0.4519893571386116	-0.014331856530262794	0.03810347558501587	0.015243382820243297	1.86120803674332e-32	0.3471140396859347	0.2909102200252826
null	453	environment	0.5	0.0	0.4976944424706611	0.004633910443151688	0.037523373178107305	0.015009254161095576	3.764606584810765e-40	0.7575216799960619	0.9438345728987972
null	454	environment	0.5	0.0	0.5035867424475	-0.016921578641726213	0.03966285193821449	0.015873584717938923	6.168770932004439e-37	0.2864140354853564	0.15544616771419162
null	455	environment	0.5	0.0	0.48988092865191996	-0.005930288180724361	0.041517844900427446	0.016617627877560676	3.9363690091972915e-32	0.7211911422938219	0.2059953290567815
null	456	environment	0.5	0.0	0.5245515064406893	0.023327360543634885	0.03822147390761107	0.015285066355911156	7.292842792210311e-43	0.12697159155269017	0.4818388644203959
null	457	environment	0.5	0.0	0.4754876204430522	0.005134118942135505	0.04288619550105826	0.017154565028187015	1.4475551010091117e-28	0.7647219338595631	0.8968764182486733
null	458	environment	0.5	0.0	0.4679629861641775	0.009712744258652616	0.03816019912622917	0.015259029541168338	1.4289558182631916e-34	0.5244346981517688	0.6048671023022026
null	459	environment	0.5	0.0	0.4530831874157886	-0.002534073812927634	0.040519971480413815	0.016211933794609914	5.010631453957472e-29	0.875789333558798	0.46786489569591727
null	460	environment	0.5	0.0	0.5030886641383494	0.0093306401995594	0.0381997086319567	0.015270582624820722	1.3066554659166793e-39	0.5411859582144241	0.05663988786357291
null	461	environment	0.5	0.0	0.4503008933477541	0.0061437305681622135	0.040395001774321725	0.01614702627608292	7.369545571425116e-29	0.703584083477629	0.34246319109067325
null	462	environment	0.5	0.0	0.4916692497075842	-0.004797670599730404	0.04200533550786421	0.016803868850434986	1.2026728372065163e-31	0.7752535351874489	0.11455033171189491
null	463	environment	0.5	0.0	0.46538211224234843	-0.0008801122169716309	0.03772908799776957	0.01508315787266701	5.880855203530294e-35	0.9534693153676996	0.48547366833210853
null	464	environment	0.5	0.0	0.5377491751849585	-0.006028091891235843	0.03849008752453892	0.015402307466384005	2.3395784093205425e-44	0.6955194061952956	0.474175675498715
null	465	environment	0.5	0.0	0.501063924648689	-0.002530742062418137	0.039233847460070935	0.01568795493798373	2.374173786336956e-37	0.8718433211008783	0.8645451567174426
null	466	environment	0.5	0.0	0.5580786308428232	-0.03326137676961872	0.03945701933216312	0.01578132614288557	2.0349356248597192e-45	0.03506201723606417	0.9013635063495431
null	467	environment	0.5	0.0	0.4619190676262983	0.006440154718302503	0.041106757166673336	0.016439290376943902	2.681670533324869e-29	0.695240123219727	0.5692817244063424
null	468	environment	0.5	0.0	0.4527733274565086	0.014145636538332272	0.038792142217115876	0.01551781448959676	1.7766768604103278e-31	0.361993003756106	0.5239017342605586
null	469	environment	0.5	0.0	0.5960304908231269	0.003198371795185135	0.03886409512751326	0.015558771790813108	4.375885142618465e-53	0.8371290690455213	0.7753468895822272
null	470	environment	0.5	0.0	0.47591707448185727	0.01455493556832824	0.03814352153213522	0.015258244536998321	9.96600361643986e-36	0.3401310749559049	0.43735838167344954
null	471	environment	0.5	0.0	0.48750421936342114	0.011376641932614003	0.04043609546059173	0.016187706966605916	1.799706809508141e-33	0.482183420662902	0.27974086875299037
null	472	environment	0.5	0.0	0.49114229475401133	0.01238791772276181	0.038891853202992856	0.015553661530848594	1.4722171083477779e-36	0.4257629057840342	0.5574251836294909
null	473	environment	0.5	0.0	0.46471175590259023	-0.007468488420738936	0.03966107973817636	0.015865449684181514	1.0421095656019698e-31	0.6378270176392297	0.8984734240065566
null	474	environment	0.5	0.0	0.6006412725498491	-0.0006791701047739492	0.039607157141145044	0.01583600751768725	6.032825640834699e-52	0.9657910453942968	0.8270997721780607
null	475	environment	0.5	0.0	0.5048263131092697	0.004642641176564971	0.038227494030983085	0.015279809510759721	8.118490132633476e-40	0.7612486014174977	0.42270618484905736
null	476	environment	0.5	0.0	0.5068551607405278	-0.007590574564607795	0.040543165773212764	0.01621655212565066	7.314741596648314e-36	0.639730430561775	0.7764594347505204
null	477	environment	0.5	0.0	0.43045697300889824	-0.007080245701302116	0.039823336942795086	0.01592533002916041	3.1149639693815706e-27	0.6566159291637839	0.25482373087752264
null	478	environment	0.5	0.0	0.5527929930454253	0.006842114129442822	0.03894588664610768	0.01557548746307045	9.997997771036646e-46	0.6604533615321608	0.37220783558268056
null	479	environment	0.5	0.0	0.4918570109615556	0.010076883826226084	0.03865605750082718	0.015470246191241212	4.353924034788334e-37	0.5148064381861076	0.25361638759001853
null	480	environment	0.5	0.0	0.4071099950681942	-0.00802080658182612	0.041310052173660246	0.016523555976646453	6.522563907620701e-23	0.6273809358759851	0.5623591171547587
null	481	environment	0.5	0.0	0.4702481324497908	-0.024618842968024864	0.038481448781531605	0.015405465629128682	2.427098165222614e-34	0.1100298475588412	0.7425548080890176
null	482	environment	0.5	0.0	0.45374711738260914	-0.02726156412440126	0.03791172763679804	0.01517044233025623	5.1949490800392304e-33	0.0723326974602714	0.8661374545525967
null	483	environment	0.5	0.0	0.5123536004651762	0.0039193655986604755	0.03872606170799013	0.015489181077032083	5.872969473288796e-40	0.8002381404315912	0.6488909953134241
null	484	environment	0.5	0.0	0.4742018647914009	-0.010281780771476652	0.03872013856330888	0.01548572375078079	1.7452990541867698e-34	0.5067208877328393	0.4685497148684202
null	485	environment	0.5	0.0	0.4858468267117823	-0.018895163232652498	0.03894858229645035	0.01557818476937123	1.0342362022325675e-35	0.22515865667942297	0.7544406243010372
null	486	environment	0.5	0.0	0.5141192197315735	0.006684594874031	0.03944060855543801	0.015783130518347444	7.708752099833966e-39	0.6719102048479696	0.788404439616016
null	487	environment	0.5	0.0	0.5160415477268346	0.015457749359767323	0.037906481351922865	0.01516906734311862	3.3271091784402706e-42	0.3081882653540886	0.39856446950030955
null	488	environment	0.5	0.0	0.49943502499810993	0.011194382099359416	0.03835504033891039	0.015361332229085553	9.250095953161937e-39	0.4661621197251188	0.6583649212416314
null	489	environment	0.5	0.0	0.4500801829623909	-0.0015472392531336822	0.039604459457955946	0.015848955639743843	6.290851426883088e-30	0.9222308258170556	0.8991182498784781
null	490	environment	0.5	0.0	0.6145663967980429	-0.018700964843253953	0.04023902370340807	0.016090337480308692	1.1591025167763138e-52	0.24513468449283798	0.6538748599813846
null	491	environment	0.5	0.0	0.5230260692235452	-0.002092642066110529	0.03951729086877284	0.015812469460011677	5.482416621109209e-40	0.8947143768997019	0.45835645006217707
null	492	environment	0.5	0.0	0.49934853591413286	-0.04095061058447228	0.04062034238949386	0.016255398741564096	9.869100807739737e-35	0.01176216178759984	0.11644158564533688
null	493	environment	0.5	0.0	0.517202256189054	0.03238123378737197	0.038949412435304594	0.015572764915787619	3.0719487034040663e-40	0.03758516274406803	0.9811617283378848
null	494	environment	0.5	0.0	0.5245885037593433	-0.01726964910347228	0.0382494310031772	0.015302089288708336	8.263911271026307e-43	0.25907457787940225	0.24299196541522297
null	495	environment	0.5	0.0	0.4850633893796992	-0.003241260559597573	0.0391844978098947	0.015662491001178374	3.3971001273309704e-35	0.8360534923740554	0.5541622541562794
null	496	environment	0.5	0.0	0.5079651494820313	-0.011882998148821227	0.04010916963558369	0.01603749433257665	9.293516239789454e-37	0.45872312507493807	0.056155648688940844
null	497	environment	0.5	0.0	0.5361249941543165	0.0031545309497672553	0.039612225506002914	0.015856433857929363	9.807044210503837e-42	0.8423071141216513	0.5003224632932025
null	498	environment	0.5	0.0	0.5703401914051937	-0.004405256401499074	0.037954004405722434	0.015190773303752375	4.875976798359285e-51	0.7718196549596563	0.9743579433390025
null	499	environment	0.5	0.0	0.4309905375322083	0.014092125304866983	0.040052115201447906	0.016020221734929903	5.274291155627364e-27	0.37905106590258714	0.6299279792791955
null	500	environment	0.5	0.0	0.5566118696699544	0.01417570324647095	0.04085396334166836	0.016357422258644998	2.8664853992372987e-42	0.38614911333587565	0.7140399999495425
null	1	diagonal	0.5	0.0	0.41092355366401645	-0.0022384955852187364	0.02687320399750115	0.024039310657333873	8.752162619688044e-53	0.9258097166607545	0.5128627168614852
null	2	diagonal	0.5	0.0	0.4960500888823519	-0.0023270810094532498	0.024479448050953072	0.02188081207529641	2.6765745060619024e-91	0.9153026083070717	0.7789346979410817
null	3	diagonal	0.5	0.0	0.5701900917607732	0.014533316713398055	0.0256362941221023	0.022934977157432306	1.3626821397690705e-109	0.526293084037998	0.9987225979182135
null	4	diagonal	0.5	0.0	0.617876595090465	-0.0026645019756432525	0.02388863059990032	0.021373000496671443	1.6549973525649876e-147	0.9007874014299135	0.3856661070939826
null	5	diagonal	0.5	0.0	0.4942205979779103	0.0015719977625666423	0.02578897324924929	0.023065818164614848	7.392512653056558e-82	0.9456640801026475	0.18232275859731095
null	6	diagonal	0.5	0.0	0.49622483922701716	0.02557484900368101	0.025038207503550135	0.022396998845879302	2.053260097131393e-87	0.2535008596464464	0.8910958258036453
null	7	diagonal	0.5	0.0	0.5869200726126067	-0.01926485169591538	0.025285937045601833	0.02261703772607914	3.4993260233697047e-119	0.3943334769892845	0.9012740602057344
null	8	diagonal	0.5	0.0	0.5061538562267265	-0.02366559043099078	0.026092720727690175	0.02334452619493516	7.97995760597035e-84	0.3107004847818067	0.8876349902182439
null	9	diagonal	0.5	0.0	0.49816227860803663	-0.008407352025951723	0.026326269025796926	0.02355541290969105	7.425343161921429e-80	0.7211531570582841	0.7766188868247514
null	10	diagonal	0.5	0.0	0.6168083468725947	-0.015089443789614035	0.025048745471484623	0.022393107914508326	6.935436003145501e-134	0.5004109982302102	0.4147648783165923
null	11	diagonal	0.5	0.0	0.5313994726265446	-0.0025279121398011574	0.023485265302651413	0.02101155957814629	2.354294350913225e-113	0.9042371527594761	0.4416155986910568
null	12	diagonal	0.5	0.0	0.5202826580867135	-0.008518949546083	0.024758629361793297	0.022150684131273694	4.8642288303004746e-98	0.7005406041594353	0.9021690750411039
null	13	diagonal	0.5	0.0	0.42328397398166145	0.015345165682480367	0.024193714733363608	0.02162619655770772	1.54726919839949e-68	0.4779746897582173	0.25863609293181017
null	14	diagonal	0.5	0.0	0.4930475976013949	-0.02278114229939654	0.025647886843762534	0.022937308356389373	2.343854189592342e-82	0.32061658447042185	0.8082985675703677
null	15	diagonal	0.5	0.0	0.4320138070272519	0.023634302718361717	0.023917104960680426	0.021392908693072313	6.23812641985684e-73	0.269258067935233	0.27290316209205856
null	16	diagonal	0.5	0.0	0.44017038788099827	0.009775640423161232	0.025769448286159492	0.02306391033847783	2.05231803109364e-65	0.6716751466828046	0.9061240427444005
null	17	diagonal	0.5	0.0	0.42330653403805696	-0.015569224247992522	0.02420323802329735	0.021641717634096683	1.7176283399237334e-68	0.47188958482495125	0.20660663827268638
null	18	diagonal	0.5	0.0	0.5498376767774623	-0.03121915499465814	0.02556184328487843	0.022850952831920613	1.2524769180362976e-102	0.17187368136670791	0.9581715691431313
null	19	diagonal	0.5	0.0	0.479859044878297	-0.014039594676598162	0.02515733407805823	0.02250246948735072	4.127547181487281e-81	0.5326843886575897	0.4030748016838996
null	20	diagonal	0.5	0.0	0.5066892520582579	0.0051118210333655646	0.025639826497317164	0.022970434385037625	6.349317849763609e-87	0.8238941968913311	0.9010208161124755
null	21	diagonal	0.5	0.0	0.5071192236890246	0.004392706249106798	0.024797514688000608	0.022180993551027494	5.957827555252909e-93	0.8430143928026411	0.3791458139314572
null	22	diagonal	0.5	0.0	0.5206165237785686	-0.030682883918153363	0.024956009728075837	0.022339390966809602	1.201822017457507e-96	0.16960071011433941	0.9027055534580384
null	23	diagonal	0.5	0.0	0.4973927270728041	-0.010726177116059589	0.024209555670225005	0.021655855527676314	8.477557227364056e-94	0.6203873321577091	0.7885282554841248
null	24	diagonal	0.5	0.0	0.5325620449557751	0.025602765111137328	0.02477179524348955	0.022160411796102498	1.600197393695647e-102	0.24795205400497883	0.47484609711068165
null	25	diagonal	0.5	0.0	0.46176599107352906	-0.013719817933756165	0.024393770940219665	0.02183208935115931	6.49702428712759e-80	0.529725948567376	0.01091490607411115
null	26	diagonal	0.5	0.0	0.5410616592145993	0.014475220557114797	0.024418234829699747	0.02183705964157998	8.715330823654138e-109	0.5074112112880593	0.09787739800146728
null	27	diagonal	0.5	0.0	0.45499622953852087	0.024678469986322102	0.02525395647753624	0.022596248884081554	1.4374893567543686e-72	0.27476762721087006	0.00040545010599318847
null	28	diagonal	0.5	0.0	0.49993760205657806	0.01627727933954009	0.02437943270451846	0.021813426598505208	1.8824986419263864e-93	0.45554382785308006	0.23388167610570593
null	29	diagonal	0.5	0.0	0.5426625840450754	0.013423493196206041	0.02424879966918924	0.021694756734932822	6.311852446359943e-111	0.5360852425576327	0.34644747464017334
null	30	diagonal	0.5	0.0	0.5772434965440032	-0.0038419503476206963	0.024476201198987347	0.021897529127109405	5.642961150634461e-123	0.860725019912899	0.39703108480181043
null	31	diagonal	0.5	0.0	0.5028974043932595	-0.01895549802211345	0.026687364870117393	0.023874174288037245	3.289631800047469e-79	0.42720997351018203	0.0226734838603504
null	32	diagonal	0.5	0.0	0.464820348010792	-0.028660238904079777	0.02506174144913464	0.022422454548319842	8.621782174516891e-77	0.20118115640890127	0.6769585283805745
null	33	diagonal	0.5	0.0	0.5115655751887248	0.01728155002858181	0.024669749475255954	0.022079504510736106	1.621352468599459e-95	0.4338053812808443	0.0993945596762612
null	34	diagonal	0.5	0.0	0.4471130642588496	-0.020622076778627336	0.024764680847160624	0.022161227907437728	7.276347804972177e-73	0.352087646211185	0.7928769901793983
null	35	diagonal	0.5	0.0	0.4839803913784061	0.005469894129645149	0.024679608919804658	0.022074950522507717	1.2569702167822761e-85	0.8042989206331429	0.9728063553396427
null	36	diagonal	0.5	0.0	0.4530874160377179	0.03247849786887454	0.026587989769653538	0.023762282840137892	4.073119701200942e-65	0.1716852361727992	0.7000527297839545
null	37	diagonal	0.5	0.0	0.5280731733557841	-0.008079567651097127	0.026134334817663706	0.02337350714710904	8.650756751209444e-91	0.7295892071375529	0.8206538379491009
null	38	diagonal	0.5	0.0	0.5349805468986272	-0.02553569282349823	0.02498586001676166	0.022348615649570438	1.0477466583451409e-101	0.2532016465675325	0.9981313984052493
null	39	diagonal	0.5	0.0	0.4941125440202013	-0.011450509976985934	0.02413917612536241	0.021579783108753827	4.042130961944263e-93	0.5956870969224919	0.9054413803504497
null	40	diagonal	0.5	0.0	0.4989170416212662	-0.0021094204361101067	0.025129353800011047	0.02247627288600041	1.0186081052336401e-87	0.9252275271447944	0.34876817848123925
null	41	diagonal	0.5	0.0	0.5039637306638376	-0.00898051413979073	0.02539087440387433	0.022694697048442763	1.1416811664811218e-87	0.6923191214958915	0.7259792786263939
null	42	diagonal	0.5	0.0	0.5780960247620118	-0.010056552458717552	0.024965398842372404	0.022327777181061374	1.2681099110902918e-118	0.6524181181992358	0.9971897262308189
null	43	diagonal	0.5	0.0	0.49931272762379003	0.011918191883617512	0.025280667824074496	0.02261026135602335	7.899960935558592e-87	0.5981142231391426	0.8570842803233085
null	44	diagonal	0.5	0.0	0.556312165831472	-0.003497801482862225	0.025629791435749495	0.02290605678143171	1.813037633735932e-104	0.878633255941482	0.7289166402044499
null	45	diagonal	0.5	0.0	0.5266853362435772	0.009142265659226241	0.023859151885415375	0.021332882601879863	5.5242292792399214e-108	0.6682487322052308	0.9728175642150357
null	46	diagonal	0.5	0.0	0.44961897869871037	0.03617302446661873	0.026440624323947386	0.02363894065221625	7.559218337170035e-65	0.12595972105204917	0.7668885950406551
null	47	diagonal	0.5	0.0	0.5564242911145605	0.022578442589436892	0.024864133554952716	0.022240861336915947	6.362240211678158e-111	0.31002078292003765	0.7527383537181477
null	48	diagonal	0.5	0.0	0.500641771350714	-0.024915142364284475	0.024900745719932355	0.022253849204351514	6.606068919542286e-90	0.26288937461161177	0.86235827455355
null	49	diagonal	0.5	0.0	0.4069635188914228	0.00030774444413108416	0.025328577746055323	0.022668714013566665	4.320617453064689e-58	0.9891684637084606	0.9450644190300244
null	50	diagonal	0.5	0.0	0.46453343159693866	-0.012579940500826205	0.023768326175264937	0.021253366801500733	4.6198567655199046e-85	0.5539152633936468	0.9059715643035319
null	51	diagonal	0.5	0.0	0.5603855202982314	-0.010554536332822143	0.02461869623762904	0.02200258210828743	1.076703285756149e-114	0.631444034596428	0.7653970080009351
null	52	diagonal	0.5	0.0	0.5434560749745632	-0.008962100140661358	0.024416267093948514	0.02182893092479751	9.446754777053863e-110	0.6813947201554433	0.7838813187979985
null	53	diagonal	0.5	0.0	0.503041247905201	0.005961494222410966	0.02454762638010617	0.021969976505885013	2.513667263608736e-93	0.7861239158354687	0.11025437580473928
null	54	diagonal	0.5	0.0	0.4866743915202794	0.0002450515852912233	0.024735833841003425	0.02212088300971782	3.5406204339944315e-86	0.9911613439008985	0.9328725556929596
null	55	diagonal	0.5	0.0	0.43957975158191825	0.012991048821449134	0.02388907895710362	0.021365314487753213	1.2928096069055357e-75	0.5431583682634628	0.914303226536654
null	56	diagonal	0.5	0.0	0.5271124652786312	-0.016903924502281505	0.025106518612013275	0.022454076174970902	7.279536522605049e-98	0.4515568320159593	0.007890335866128485
null	57	diagonal	0.5	0.0	0.49497723872617594	0.015821387527363482	0.024264500572623145	0.021704828520151605	1.6985341596081873e-92	0.46604203416635614	0.9928445095308333
null	58	diagonal	0.5	0.0	0.4787000264112121	-0.011230211649100116	0.0238772365600246	0.021372202823854727	2.085052878278065e-89	0.5992642999641167	0.8911605780587493
null	59	diagonal	0.5	0.0	0.4785085134754242	0.001419423436925726	0.024296250267499656	0.021728108854768793	2.391866535414925e-86	0.9479139652654747	0.7041236175525729
null	60	diagonal	0.5	0.0	0.4499950860491168	-0.0210594295410999	0.026366735303970427	0.023583880292463503	2.623034316943982e-65	0.37187932517866906	0.6263450194235306
null	61	diagonal	0.5	0.0	0.5003969014699446	0.007394559060455779	0.026418476762625775	0.023633268046174504	5.2222033640797964e-80	0.7543659769979567	0.07117023432943759
null	62	diagonal	0.5	0.0	0.4708403215455403	0.012831420774139589	0.02428379015975376	0.02171414950722246	9.543068884517654e-84	0.5545710762471029	0.1438152707691573
null	63	diagonal	0.5	0.0	0.47668449332842205	-0.00821695548270741	0.024608536349456173	0.022009835168656705	1.3639944192147185e-83	0.70890204910169	0.8350480634177436
null	64	diagonal	0.5	0.0	0.5151563720466291	0.0014543964607963721	0.024456242340908867	0.021893868170422093	1.687062356089529e-98	0.9470359664563515	0.5559551347731178
null	65	diagonal	0.5	0.0	0.45147693517538956	0.00265450893017662	0.025084677703355217	0.022436390532582316	2.0156016386015669e-72	0.9058199306697011	0.015461840326008953
null	66	diagonal	0.5	0.0	0.48684418138279417	-0.032057422709595114	0.025538657514004415	0.022839616031958318	5.122130781648172e-81	0.1604414176069097	0.9259227238592913
null	67	diagonal	0.5	0.0	0.5052740850162638	0.022595502140191216	0.02592026709209754	0.0231781702992218	1.2490478386951377e-84	0.3296290455148918	0.08106879970882681
null	68	diagonal	0.5	0.0	0.3845438429146081	-0.009196581612557606	0.02569071830836064	0.02298241336306935	1.1848257641383039e-50	0.689040626307722	0.08061574363847197
null	69	diagonal	0.5	0.0	0.5277470700168604	0.011514721418062342	0.024942092455132982	0.022308315587626477	2.285239618637921e-99	0.6057407476403613	0.9993587184776515
null	70	diagonal	0.5	0.0	0.5115764355187818	0.004917264638882563	0.023783012630962864	0.02127118497344749	1.2506901673359482e-102	0.8171825597354218	0.4664989698240675
null	71	diagonal	0.5	0.0	0.4802290147480568	-0.015338522741171012	0.025319866777035346	0.022668957147696643	3.227471493968174e-80	0.49864000453173646	0.8640438999308017
null	72	diagonal	0.5	0.0	0.5311910912710397	-0.014836592508990514	0.02472644233403267	0.022126945901913015	2.2591346754963983e-102	0.5025254183322706	0.583404702438567
null	73	diagonal	0.5	0.0	0.5019151648006391	-0.0077024744225745075	0.023745527251967536	0.021246609660038367	3.6153349112974276e-99	0.7169580832143445	0.994090931343168
null	74	diagonal	0.5	0.0	0.5101406530772638	-0.012251846628849948	0.024771540764334618	0.022168383761336376	3.117900586054728e-94	0.5804879791697215	0.4628849891759898
null	75	diagonal	0.5	0.0	0.5020923274586937	-0.0030166543912800705	0.025499853606823688	0.022799942678526197	2.62646888075974e-86	0.8947393070497537	0.8469172235594731
null	76	diagonal	0.5	0.0	0.5062137896750879	0.007281821975679753	0.025177398974531504	0.022534796281815143	6.554612740196117e-90	0.7465916410190423	0.41724725226346354
null	77	diagonal	0.5	0.0	0.5466234047498628	0.009300998489793169	0.024170225287947614	0.02160690477241737	3.045766893467771e-113	0.6668580196053668	0.10955033686413879
null	78	diagonal	0.5	0.0	0.5825239985757112	0.012076617884856193	0.02506511290716521	0.02242137160467998	1.7776782788897756e-119	0.5901485085585347	0.04497827891800308
null	79	diagonal	0.5	0.0	0.4686144320312978	-0.016780584242331826	0.024624636823395843	0.022017254269153554	9.568798740331193e-81	0.44596685459724517	0.41677282462757853
null	80	diagonal	0.5	0.0	0.6087570835549583	-0.005973947883276895	0.024270184054579418	0.02171355893493095	7.718971155244934e-139	0.7832200289847855	0.9955648647789752
null	81	diagonal	0.5	0.0	0.4540608385420448	0.02701942576070108	0.025627539271039324	0.022897987893088608	3.0622263398222394e-70	0.23800368801126015	0.30045465069563704
null	82	diagonal	0.5	0.0	0.4730166415850081	-0.028766460121311337	0.02561505081375272	0.02289371706084265	3.852283509658225e-76	0.20892675928357718	0.03624634153748327
null	83	diagonal	0.5	0.0	0.43465032389783187	0.017554571708234226	0.025262130598834604	0.022603173677838408	2.410323499873093e-66	0.437370074960333	0.7239740628176167
null	84	diagonal	0.5	0.0	0.4869763677510816	0.00010817063671640283	0.024246567000112042	0.021689447030060625	1.0115269333375194e-89	0.9960207688528575	0.8212212365995138
null	85	diagonal	0.5	0.0	0.45584895654082497	0.03269490040690216	0.02375919847987752	0.021253844079981078	4.825822164063682e-82	0.12397399121637569	0.9117865308222041
null	86	diagonal	0.5	0.0	0.44791059933298183	-0.019799763797142877	0.024547049691680384	0.021974441937614858	2.184930506823711e-74	0.3675691662455219	0.6779197688347254
null	87	diagonal	0.5	0.0	0.44184843874487945	-0.01021427609008471	0.02455456248285237	0.021957170858999342	2.1493951479396615e-72	0.6417947543063872	0.638978853417443
null	88	diagonal	0.5	0.0	0.5287126304658224	-0.010966455751356028	0.02463771224931537	0.022017617529170135	3.724010139743503e-102	0.6184301914845961	0.9936040707142741
null	89	diagonal	0.5	0.0	0.5938101197365091	0.013323985787623146	0.025342441595803015	0.022658312442454184	2.043612301769091e-121	0.5565056891897034	0.7075606335764586
null	90	diagonal	0.5	0.0	0.47900857155733567	-0.02044498656031403	0.025391045739798418	0.02270505980969918	2.202034188079761e-79	0.36787577461616844	0.9580281793272099
null	91	diagonal	0.5	0.0	0.5066624633661472	-0.0031816724448017306	0.024841845065943783	0.022216055155586827	1.8323863927943817e-92	0.8861203798942167	0.8862546029409026
null	92	diagonal	0.5	0.0	0.47780193994005193	0.008030295969323314	0.022948563899421143	0.020513000572147055	2.8187518234814444e-96	0.6954472786210496	0.83550009324569
null	93	diagonal	0.5	0.0	0.4953258254096805	-0.026118073949809296	0.025875153344920607	0.02315449718857323	1.1089206158824772e-81	0.25932354658579304	0.4329519686442057
null	94	diagonal	0.5	0.0	0.5497940703456535	0.025669699352426634	0.026505384877160608	0.023708882882089298	1.4259520836347718e-95	0.27893988380283147	0.6571630206983964
null	95	diagonal	0.5	0.0	0.49664274798705005	-0.0035804169615888995	0.024699742106923578	0.022084124906447795	6.382172367727378e-90	0.8712064135361386	0.28159852575471
null	96	diagonal	0.5	0.0	0.42552786609251914	-0.02489066995332929	0.026616029494440956	0.023810275525199865	1.557886043350954e-57	0.29584962487328914	0.21350229219060224
null	97	diagonal	0.5	0.0	0.4844517827718653	-0.009255415289896481	0.024915269727095773	0.022285452256652745	3.2778474657698526e-84	0.6779135327511191	0.8636606891852682
null	98	diagonal	0.5	0.0	0.42381523278042277	0.03507929581658306	0.025198948212107247	0.022551580565368684	1.7782182942771972e-63	0.11982373960385798	0.6361037507035778
null	99	diagonal	0.5	0.0	0.4545030619357258	-0.0070235711682406395	0.025113783073627105	0.022461769612294877	3.319309910872347e-73	0.7545161792323926	0.732080862747238
null	100	diagonal	0.5	0.0	0.548081750582483	0.02899066514945825	0.02659809249969391	0.023795379917362868	2.421857082101181e-94	0.22309795659997944	0.8965477478298078
null	101	diagonal	0.5	0.0	0.5213566085441467	-0.007845495818579566	0.024963405613573512	0.022324252863445075	7.355822402303233e-97	0.725262968980196	0.996046515911778
null	102	diagonal	0.5	0.0	0.4822902503401168	-0.014191214065845779	0.025321951089293367	0.022648319198948618	7.047234986321928e-81	0.5309279167564814	0.7767160157572347
null	103	diagonal	0.5	0.0	0.518601377891433	-0.01440637670469809	0.024518073202162323	0.021956183606821555	2.656118680537105e-99	0.5117326903122769	0.3661428916033714
null	104	diagonal	0.5	0.0	0.4829353322364051	0.00036159510597563	0.02426690194427567	0.021708176653372154	3.989835964896095e-88	0.9867101776521633	0.5557494768698321
null	105	diagonal	0.5	0.0	0.5816747166029965	-0.002160551593296058	0.023452465032556526	0.020983524938162447	8.470260210591524e-136	0.9179913941846145	0.5029707653077807
null	106	diagonal	0.5	0.0	0.3599329028995823	0.007858680028482218	0.024433522451946018	0.02185033542348546	4.06966988485289e-49	0.7191018057270651	0.5708903110002607
null	107	diagonal	0.5	0.0	0.5206152906005743	-0.013908004585643466	0.025573930964305675	0.022870753698053487	4.00314732974985e-92	0.5431124744093122	0.9756047601621708
null	108	diagonal	0.5	0.0	0.5194582651045819	0.017262963095016137	0.02425563077838983	0.021695313789948985	9.48147245259203e-102	0.4262063756127301	0.9966308111137597
null	109	diagonal	0.5	0.0	0.4774076181404728	0.003620299027935174	0.024482411463105834	0.021901211010738223	1.097301928259758e-84	0.8687068221219648	0.9823482242637243
null	110	diagonal	0.5	0.0	0.474501098877223	0.03265482423637037	0.025676471278668928	0.022971489075257083	2.9920082893095256e-76	0.15516067253256524	0.7839860581072212
null	111	diagonal	0.5	0.0	0.4964003923829247	0.013278269916105881	0.02551827359970745	0.022816573485041094	2.7625593135436924e-84	0.5605954897371141	0.9595813889016191
null	112	diagonal	0.5	0.0	0.5140512615208706	0.006080898458833509	0.024517140642034356	0.021941285130564217	1.3124376071824067e-97	0.7816694347702535	0.2871305087163681
null	113	diagonal	0.5	0.0	0.5296290675819033	0.014691759439391635	0.02478685126086853	0.02218469621873985	2.690322476231805e-101	0.5078126218363386	0.747504800638565
null	114	diagonal	0.5	0.0	0.4639465167588985	-0.004896408066154782	0.024819465058134562	0.022196533002523257	5.660760060856981e-78	0.8254090621631409	0.9926967986010523
null	115	diagonal	0.5	0.0	0.46248720215452344	0.008364488768682952	0.024946182455524286	0.022315043495384865	9.932748817310135e-77	0.7077822013990356	0.6494694855383172
null	116	diagonal	0.5	0.0	0.477220061398459	-0.010299043928473806	0.025331858112275552	0.022662451805491948	3.635783345740472e-79	0.649502028053131	0.9136515053544113
null	117	diagonal	0.5	0.0	0.49073536915500254	0.03683941155041057	0.0253558296352359	0.022668518396631608	1.88815689650461e-83	0.10413371295898255	0.10571727104193938
null	118	diagonal	0.5	0.0	0.48188903739624783	0.01954585794302607	0.025307374631300086	0.0226481347692108	7.73602856001934e-81	0.3881249007391778	0.011264261066400105
null	119	diagonal	0.5	0.0	0.46532251938372915	-0.004678531224117073	0.02672796040811391	0.023907793797746418	6.979614647744308e-68	0.8448523189930746	0.8448912714888784
null	120	diagonal	0.5	0.0	0.5187046235557773	-0.03695548403290498	0.025344624003432095	0.022670918878055165	4.32171535315194e-93	0.10308391349638504	0.6847243465610277
null	121	diagonal	0.5	0.0	0.4425732616587328	-0.005348603657534602	0.024783680142789283	0.022168088917147496	2.5294608546049936e-71	0.8093420554951076	0.8415856669351243
null	122	diagonal	0.5	0.0	0.5479883217170731	-0.001067305129582924	0.024434218242903885	0.02184979617258765	2.1421408394158915e-111	0.9610409295265738	0.8546305991675105
null	123	diagonal	0.5	0.0	0.48538719482232623	-0.015434067573753983	0.024346061878260543	0.021781982484260796	1.9441649555513682e-88	0.4785911236493298	0.9845779088812187
null	124	diagonal	0.5	0.0	0.4662022087712247	0.043693278131296386	0.0238580442216553	0.021341815791917365	4.9526210129246944e-85	0.040627816472365984	0.11681983429374837
null	125	diagonal	0.5	0.0	0.5105798953127959	-0.006302337641614097	0.02403712239204945	0.021502998417403177	3.9669804209994066e-100	0.7694525129127799	0.9287447456148531
null	126	diagonal	0.5	0.0	0.49876318394000585	0.0024119233949753266	0.025051850330265444	0.022397485479295872	3.384411610110454e-88	0.9142437916257443	0.09119073543974462
null	127	diagonal	0.5	0.0	0.5049924116096582	0.0011156221822920032	0.025521914246678157	0.02282747565345271	3.882222564012035e-87	0.9610213800302273	0.022352012175914232
null	128	diagonal	0.5	0.0	0.5848294149457066	-0.002979238696513265	0.024635586951136948	0.022028773717341563	1.4201724956574364e-124	0.8924197053379735	0.5315176910912875
null	129	diagonal	0.5	0.0	0.48116076683296677	-0.019502412445438284	0.024362570808648714	0.021774360137715155	8.021826802472654e-87	0.3704346487579474	0.22181871925516694
null	130	diagonal	0.5	0.0	0.4832754144140469	-0.0076359465197034385	0.024891485885327302	0.02225664265270391	5.731167176547283e-84	0.731533627206437	0.8730721742122711
null	131	diagonal	0.5	0.0	0.5151835929852481	-0.005320227738622299	0.02628660014945719	0.02350848018072084	1.5857695322119315e-85	0.8209595408921274	0.2566393717513087
null	132	diagonal	0.5	0.0	0.4639211486139324	-0.00045249291137002093	0.025294150193542773	0.02262778932089575	3.8924204253174474e-75	0.9840455891768536	0.7214662605827331
null	133	diagonal	0.5	0.0	0.5398234536500002	-0.013121306292536526	0.02417973341311159	0.0216135544974129	2.0916722972399088e-110	0.5437932281794836	0.7532192801660149
null	134	diagonal	0.5	0.0	0.4181375231455394	-0.024297614537616082	0.02539240733732963	0.022695810846284258	6.330333122640557e-61	0.2843596409939622	0.762822921624817
null	135	diagonal	0.5	0.0	0.5196005115132482	-0.01301335092174227	0.024228017878089012	0.021657395220266894	4.948163297033688e-102	0.5479243660546336	0.5766184608998057
null	136	diagonal	0.5	0.0	0.48834033212092803	-0.008193659032759844	0.02496732552725667	0.022336118834746874	3.4459615314803405e-85	0.7137424700394919	0.297258870268157
null	137	diagonal	0.5	0.0	0.48951538026309255	0.008184124459095972	0.024590518317017782	0.021993897312059085	3.5620663876225905e-88	0.7098117862796041	0.2215082186923295
null	138	diagonal	0.5	0.0	0.523328023307596	-0.014068977239965981	0.02382553579815407	0.02130670948484252	6.224973043943967e-107	0.5090566034438092	0.9608514795878964
null	139	diagonal	0.5	0.0	0.45919174781670785	0.008014776155054186	0.024700732910038128	0.022076218782338272	3.85683647627396e-77	0.7165673674494167	0.02682363701100953
null	140	diagonal	0.5	0.0	0.45032903629087123	-0.02563497988548736	0.02566536417108116	0.022945457917846922	6.362037500881037e-69	0.26390296524494805	0.49077416024176723
null	141	diagonal	0.5	0.0	0.4578363934483325	0.01772275311205044	0.0261676009379659	0.02340242700334376	1.5286362749869393e-68	0.4488677158014955	0.9355417358270014
null	142	diagonal	0.5	0.0	0.44216221102916137	-0.029348185211893987	0.02508656610162271	0.02243622586832347	1.57092046648752e-69	0.19084909551646956	0.9456894317622055
null	143	diagonal	0.5	0.0	0.46567877689330917	-0.004393197172026042	0.025128200867945684	0.02248446969588975	1.1372189244926226e-76	0.8450891542340939	0.976864879582114
null	144	diagonal	0.5	0.0	0.5660376057216424	0.010639200389980452	0.025863717108856064	0.023113913964874555	3.5791493251778256e-106	0.6453050683201569	0.9358906228831957
null	145	diagonal	0.5	0.0	0.5077743904468768	-0.0008692017745569298	0.02366053833839919	0.021155750552142433	3.6191930621008625e-102	0.9672274634058011	0.9697145511036901
null	146	diagonal	0.5	0.0	0.48497721110457775	0.0023112171931353002	0.02453229975667993	0.021953691026546658	5.513756684037865e-87	0.9161560684387723	0.6540078975158916
null	147	diagonal	0.5	0.0	0.4597054709131733	-0.046020624482840757	0.025620166658099557	0.0228990531553794	5.432758382430469e-72	0.04446111232954868	0.745308385670018
null	148	diagonal	0.5	0.0	0.440216485981747	-0.001480414290073759	0.02386731580079082	0.021354938196829498	5.791968111383415e-76	0.9447315526906037	0.5109128760577643
null	149	diagonal	0.5	0.0	0.5607105098949111	0.020940333868100132	0.025255269818080312	0.022585429207908476	3.305338048495115e-109	0.35384283955367674	0.6583890771005447
null	150	diagonal	0.5	0.0	0.5754023002256806	0.013940644797185932	0.02600965810412418	0.02329461412475861	1.913944144453249e-108	0.54954019940049	0.5722312783526126
null	151	diagonal	0.5	0.0	0.488741080399142	0.019748436724630985	0.0240146663616002	0.021454152229430392	4.477664080008651e-92	0.3573142209405666	0.5265153208867538
null	152	diagonal	0.5	0.0	0.4322162255205729	-0.02758675739042791	0.02538595211918505	0.022695567671627528	5.286209366753252e-65	0.22417049625321606	0.6061959505765622
null	153	diagonal	0.5	0.0	0.44047484926241326	-0.013419831481009293	0.025922025968472612	0.02316977301584013	9.364360270106778e-65	0.5624571732672943	0.8977553659230828
null	154	diagonal	0.5	0.0	0.46026159103194103	-0.013065848564971198	0.025543270439017326	0.022843098879126365	1.3847374586666974e-72	0.5673339562562557	0.6921723446007753
null	155	diagonal	0.5	0.0	0.5577593830704718	-0.00664833227554193	0.025521522562364906	0.02283105209803752	7.048265729711716e-106	0.7709007105306747	0.571085496390818
null	156	diagonal	0.5	0.0	0.48296121546780607	0.009240481831264137	0.02440323701581241	0.021814293346902623	3.568509576805788e-87	0.6718593218475992	0.34130775762378734
null	157	diagonal	0.5	0.0	0.5103507643617093	-0.0020217174625581564	0.02544223093426537	0.022777735124893155	1.6776581742413175e-89	0.9292738445703657	0.6669988669591064
null	158	diagonal	0.5	0.0	0.502341263899225	-0.0047699822620966194	0.024807932011133377	0.022192214118033682	3.6091195936751905e-91	0.8298145281926167	0.6116679333724458
null	159	diagonal	0.5	0.0	0.48017765557085956	-0.0022131254192470492	0.023632656055421322	0.021135408712316988	8.841904028210956e-92	0.9166045461043499	0.9267848048099431
null	160	diagonal	0.5	0.0	0.5142100144075321	0.005715342811365085	0.02467816507494455	0.02206089904797727	2.014989834839269e-96	0.7955803326456634	0.7884223731874475
null	161	diagonal	0.5	0.0	0.49843081182521853	-0.0368687634539914	0.02453733810829786	0.021966008827276392	9.837258421286129e-92	0.09326003015889031	0.4038554259082225
null	162	diagonal	0.5	0.0	0.476032697992939	0.024748912047453987	0.027315548081545578	0.02443133330245116	5.1323966104738215e-68	0.3110607198444566	0.8827625818920272
null	163	diagonal	0.5	0.0	0.4413678480002497	0.013756804392289466	0.024267710511921517	0.021691959745919472	6.48860071927748e-74	0.5259574212821252	0.8591908392120348
null	164	diagonal	0.5	0.0	0.47371179731122964	0.0037343762378745362	0.024040664287791075	0.02147449038389441	1.968719028026957e-86	0.8619454301514408	0.9777030005391165
null	165	diagonal	0.5	0.0	0.489320681498436	0.022300358939008363	0.0248193057425325	0.02219986209447751	1.592893365559932e-86	0.3151247056962466	0.6659786224293803
null	166	diagonal	0.5	0.0	0.5687806285346791	0.02312322031538025	0.02547015287854474	0.022791735492172484	1.836717161355961e-110	0.31032320706820904	0.7532997290457814
null	167	diagonal	0.5	0.0	0.4280452832209626	-0.012243343490133732	0.025482627222425995	0.022795420273375368	2.5440547086670397e-63	0.591200866034702	0.870769219644141
null	168	diagonal	0.5	0.0	0.469570249292116	0.005843721782741316	0.02459686487721773	0.0220096166457222	3.0196238346223997e-81	0.790618410787912	0.026126740110195806
null	169	diagonal	0.5	0.0	0.4718312014543002	-0.01110612924167685	0.024573579721329876	0.021972696210824042	3.647749918963921e-82	0.6132418513284459	0.9851843004196412
null	170	diagonal	0.5	0.0	0.5266612381515983	0.014428516265654875	0.024326633680047133	0.021749129460698048	6.134564025327583e-104	0.5070701730488476	0.8399572396254706
null	171	diagonal	0.5	0.0	0.5385285008158102	-0.008114832135174234	0.025477178181802257	0.022795756633457984	3.582429417954411e-99	0.7218555861677352	0.7824658168757851
null	172	diagonal	0.5	0.0	0.531582048827478	-0.0006509575446354601	0.02364206832439502	0.021150103431058047	5.874983669357987e-112	0.9754465983373244	0.7245716606696273
null	173	diagonal	0.5	0.0	0.44773795576601605	-0.027189444501777422	0.024841453280222327	0.02220782090246107	1.2667938120998793e-72	0.2208321257155478	0.6561576738967924
null	174	diagonal	0.5	0.0	0.5188105446819239	0.0021174555077705256	0.024419692900501506	0.021839367910226365	3.621999117555354e-100	0.922761418392663	0.47805328080057463
null	175	diagonal	0.5	0.0	0.46125007099593834	-0.030445126545867354	0.024473928038391508	0.021894709555449438	3.134089047332128e-79	0.1643697135616647	0.004819254161259768
null	176	diagonal	0.5	0.0	0.4725106091496189	-0.020095799430303256	0.02368648998916999	0.021169556701068015	1.5436645198747354e-88	0.3424791199914996	0.2547407374868217
null	177	diagonal	0.5	0.0	0.56366318585513	0.01680026291703861	0.024432523052033094	0.02183976680928757	9.223741784131053e-118	0.44174430725136105	0.07754470395845559
null	178	diagonal	0.5	0.0	0.4804976970422024	-0.014479317724749323	0.02471319242214878	0.022100981719685203	3.342868613553606e-84	0.5123752738218265	0.20580347615619016
null	179	diagonal	0.5	0.0	0.5254350258296495	0.0028672232933224526	0.023487129983678315	0.02100997072685469	7.510795303002868e-111	0.8914500180395596	0.7977834054311612
null	180	diagonal	0.5	0.0	0.5132421501486597	0.0039686015024196905	0.024295596810970457	0.021725935647560604	4.695794829215079e-99	0.8550596708482125	0.9613406108448251
null	181	diagonal	0.5	0.0	0.5250638172550594	0.0038695500610909563	0.02556799991730908	0.02288288473608427	1.0273102549402056e-93	0.8657161201075417	0.29093720108110804
null	182	diagonal	0.5	0.0	0.6173125399180382	-0.020578369497179463	0.026237870239336686	0.023462271333977918	2.1319821874010353e-122	0.3804413222452182	0.9834230962327317
null	183	diagonal	0.5	0.0	0.4868689904626176	0.003514472997564824	0.02487559498460627	0.022243888346251496	2.67145277264578e-85	0.8744589724275993	0.4749949431291755
null	184	diagonal	0.5	0.0	0.5223478859845224	0.0027231541413022978	0.02488927616855506	0.022270829071316105	8.646339680872655e-98	0.9026816388676014	0.23642946068628062
null	185	diagonal	0.5	0.0	0.4899136072322672	-0.0051986315643934855	0.025785756716075057	0.023056716712789277	1.7254329998838875e-80	0.8216125259209298	0.11255239273395938
null	186	diagonal	0.5	0.0	0.5191143234724903	-0.013183874755311815	0.024565509127326222	0.021979021357881205	4.054661891151444e-99	0.5486135219308637	0.6993961123671426
null	187	diagonal	0.5	0.0	0.49534989000492563	-0.007338259374536237	0.02528628237888916	0.0226287810145392	1.894194600219665e-85	0.7457194272042218	0.9596184032926754
null	188	diagonal	0.5	0.0	0.5352693937943233	0.004835476604482458	0.02524928436571141	0.022588471799641647	9.674484829643576e-100	0.8304937664826866	0.1523792808563995
null	189	diagonal	0.5	0.0	0.4671808946054869	-0.014736491960008532	0.024125905161348552	0.021578206335273905	1.54485801215997e-83	0.49464851340340615	0.9739576861471979
null	190	diagonal	0.5	0.0	0.5344881668177675	-0.007753838265109714	0.025723833554535686	0.02300953082593044	6.854264664717386e-96	0.7361291408004488	0.7704346388085772
null	191	diagonal	0.5	0.0	0.5035837936552866	-0.019543945158727326	0.024716541843933036	0.022113168638029028	2.8236573567778453e-92	0.37679620933642494	0.26711026653566233
null	192	diagonal	0.5	0.0	0.460759744100261	-0.0027649402621926123	0.026077372554758907	0.023319517174487898	7.274053941429055e-70	0.9056178990729203	0.5220939079362835
null	193	diagonal	0.5	0.0	0.5340813158293727	-0.017966094636096858	0.025209710022373103	0.022563419326468426	1.2982916053253285e-99	0.4258874622063188	0.9141137541633961
null	194	diagonal	0.5	0.0	0.4136960207017651	-0.018414183971141508	0.02469620900745792	0.02207937153067226	5.531126869837308e-63	0.4042812871876972	0.5442954246862182
null	195	diagonal	0.5	0.0	0.5265089103030428	0.02275760394638042	0.025539567033098783	0.022837877601279945	1.9958107441827628e-94	0.3190145200774535	0.92881407812674
null	196	diagonal	0.5	0.0	0.5513241688704281	0.006443411976433832	0.024128218417135996	0.021573492020014386	1.4692048161308795e-115	0.7651898291137282	0.7840413006065823
null	197	diagonal	0.5	0.0	0.5523340590373357	0.0017306489178394926	0.026362073126021904	0.023577306617041886	1.8050261365842981e-97	0.941485299424519	0.8501742823811789
null	198	diagonal	0.5	0.0	0.47733551640220817	-0.010537690359116303	0.025818503665798923	0.02309660625383502	2.5738633153060988e-76	0.6482144556639731	0.9995811974053083
null	199	diagonal	0.5	0.0	0.5493410377815436	0.006815494529310341	0.02484496323889932	0.02223504790772645	2.4903640780675076e-108	0.7592084926757015	0.9993662717092393
null	200	diagonal	0.5	0.0	0.498913212681935	0.007563348993435855	0.024987329035445798	0.022347915028326525	1.0742438771995772e-88	0.735034310972327	0.855851060495617
null	201	diagonal	0.5	0.0	0.47323399654396536	-0.03414031040918211	0.02528271713692271	0.02262386301261254	3.5524289258196946e-78	0.13128860431279912	0.37417341759479417
null	202	diagonal	0.5	0.0	0.5156208444346007	0.017780491199378495	0.02458639921785696	0.02197719307418404	1.1870826601568005e-97	0.41849049192300686	0.940756712817823
null	203	diagonal	0.5	0.0	0.452912998791667	0.004573407112746058	0.025227892068017985	0.02257340818946249	4.557545664892046e-72	0.8394464913966844	0.2289016925425994
null	204	diagonal	0.5	0.0	0.46408174978990235	-0.015709192299565918	0.02405375249040572	0.021510936933142346	6.087391044606544e-83	0.46521378703366634	0.8427065502244618
null	205	diagonal	0.5	0.0	0.47187112427993827	-0.008863423931653043	0.024484992660590642	0.021893189585547552	9.256587833142005e-83	0.6855889105336626	0.9068587837920213
null	206	diagonal	0.5	0.0	0.5114026651146077	-0.0007365037252001907	0.024244578470417874	0.021673839349213565	9.128192500431614e-99	0.9728921181518178	0.06510269746398362
null	207	diagonal	0.5	0.0	0.4689831163003398	0.01586084029610062	0.0233345548456613	0.020867575386803994	7.648165829580823e-90	0.4472121059157386	0.9514950705399189
null	208	diagonal	0.5	0.0	0.46480037042221783	-0.02578014287238964	0.023942970760544947	0.021407306386859042	6.01446962702315e-84	0.22848585148956382	0.29070328102967613
null	209	diagonal	0.5	0.0	0.524803775714002	-0.03752865000482131	0.02447370379868983	0.02188029297433636	5.242412205042791e-102	0.08631215428559179	0.6514244368942337
null	210	diagonal	0.5	0.0	0.4294404287283479	0.012741654272966016	0.02461461371836529	0.02201099934629657	3.6557424535906525e-68	0.5626723849443223	0.7873632225135744
null	211	diagonal	0.5	0.0	0.47350138413392073	0.007773375632619769	0.026723994287812913	0.023912113904355596	3.0340597156683775e-70	0.7451197136546098	0.5827959542299314
null	212	diagonal	0.5	0.0	0.465044600961368	0.009619489424852695	0.02472806666479376	0.022114773782507577	6.699856908436504e-79	0.663576776404716	0.8438399077168717
null	213	diagonal	0.5	0.0	0.511507914219651	-0.006618940874792627	0.024132006019021646	0.02157572346301982	1.0342662193593973e-99	0.7590129340258861	0.04148770159878939
null	214	diagonal	0.5	0.0	0.5323308110136843	0.01640390079833854	0.024620043923766946	0.022027333745112086	1.1190922467104135e-103	0.4564491089980542	0.9973428969789477
null	215	diagonal	0.5	0.0	0.4606452305730264	-0.005355482615655362	0.024996690264507473	0.022360085621874495	7.796605236401314e-76	0.8107095014412482	0.002037650308732587
null	216	diagonal	0.5	0.0	0.4909792768165196	-0.021849954205296312	0.025572337917221615	0.02287201980108114	3.727795604473601e-82	0.33941907381962144	0.8762373705790576
null	217	diagonal	0.5	0.0	0.5331524111480055	0.003423312446138108	0.025131477591061328	0.022472151979898547	7.01284214439241e-100	0.8789221182919571	0.9709944276811945
null	218	diagonal	0.5	0.0	0.40504057389689374	0.020819721929933477	0.023823523607245562	0.021317551072456642	7.976272735973226e-65	0.3287439509078432	0.18852185744491737
null	219	diagonal	0.5	0.0	0.47214891495120503	0.008671922907662187	0.02506479482970125	0.022423851843523836	3.7470972819983267e-79	0.6989578645658125	0.04825980843310059
null	220	diagonal	0.5	0.0	0.549431102158117	0.029921420187423404	0.025950794570989526	0.0232270461966995	1.7293119111829799e-99	0.19767126866002316	0.5181428381548253
null	221	diagonal	0.5	0.0	0.5201504345107087	0.013407529661211233	0.023797066536111796	0.02129088990181955	6.559261163921585e-106	0.5288707112513934	0.6269813416306143
null	222	diagonal	0.5	0.0	0.49719120044467946	-0.01127143938315142	0.025763161531544388	0.023048333517583324	5.525667164789057e-83	0.6248169917506305	0.9999262689349667
null	223	diagonal	0.5	0.0	0.5659659933704801	-0.005029750979065721	0.024394757494459393	0.021808320799263207	4.520277069824741e-119	0.8175987695149507	0.9085585441348323
null	224	diagonal	0.5	0.0	0.4923214978388742	-0.004204977753265202	0.024114856351735704	0.021575238743459065	1.2129958807832846e-92	0.8454725505603728	0.7334592164472209
null	225	diagonal	0.5	0.0	0.5386931593640426	-0.013064811118850043	0.02577937201464709	0.02307087030844677	5.787534169354544e-97	0.5711964223481648	0.876718760765163
null	226	diagonal	0.5	0.0	0.43380957626203026	-0.0007514040763134335	0.02520142343351697	0.022535271508409175	2.0962551964791249e-66	0.973400691558561	0.5405765635777645
null	227	diagonal	0.5	0.0	0.5636229172042665	0.0031041602851564435	0.024761352144459608	0.02215454532067508	1.086488165198377e-114	0.8885699791488478	0.6203229348248085
null	228	diagonal	0.5	0.0	0.481371359519739	-0.0003732540909907416	0.02486172468864396	0.02223323507838678	1.6166308642946687e-83	0.9866056520043244	0.9876059574637587
null	229	diagonal	0.5	0.0	0.48715574139258033	-0.007562266599543645	0.024769062190372025	0.022158755202305282	4.061626895369999e-86	0.7328952954028103	0.6340550872274548
null	230	diagonal	0.5	0.0	0.4883111407532214	0.015284539771496058	0.024497460185658137	0.02191093210365931	2.099941836330286e-88	0.48544241224864915	0.05473663986568176
null	231	diagonal	0.5	0.0	0.5413873404208521	0.009706956538189312	0.026523623143811428	0.023716038283995024	1.3212430045201086e-92	0.6823200703223526	0.9770033598851815
null	232	diagonal	0.5	0.0	0.5046065838078793	-0.02620896967460531	0.02477634791190899	0.022153251050008115	3.317908756894452e-92	0.23677920677618247	0.13100361058294352
null	233	diagonal	0.5	0.0	0.4501579831051459	-0.006386452653995757	0.023680097880409142	0.021191799564966304	1.410293884991791e-80	0.7631366848593151	0.009217062463180666
null	234	diagonal	0.5	0.0	0.5413646845871125	0.005941561608389232	0.025685701407766406	0.02298725204846461	1.3069880354025184e-98	0.7960426356333641	0.6379483675299813
null	235	diagonal	0.5	0.0	0.5671532244790444	-0.00043051140217905705	0.025076675876112113	0.022429011943527654	2.964512532758575e-113	0.9846860258111901	0.5806293257813284
null	236	diagonal	0.5	0.0	0.5265449845874203	0.009178514071776354	0.02555514235498393	0.02286788841362528	2.512935018772513e-94	0.688146777301101	0.031632538781853056
null	237	diagonal	0.5	0.0	0.501748064541507	0.018509930178805544	0.024973800138972	0.02234716228665071	8.850191890749542e-90	0.40750630682125344	0.14326098338788917
null	238	diagonal	0.5	0.0	0.5044536159134011	0.008106049307291438	0.02328976268332462	0.02082167346324791	4.904410199313033e-104	0.697048132394469	0.6524305609755092
null	239	diagonal	0.5	0.0	0.46533022115724676	0.017212903415399574	0.025318935541073156	0.0226359875177094	1.9442012831259936e-75	0.44700236341777605	0.9788374779772824
null	240	diagonal	0.5	0.0	0.5049013139536558	-0.02560331302129	0.02422362301035883	0.021656139062581146	1.7516425675963644e-96	0.23710024299891025	0.843503975968129
null	241	diagonal	0.5	0.0	0.5068535004590924	-0.016875999924472536	0.02421553847922738	0.021668672312977567	2.8003878183945936e-97	0.4360856308045867	0.5750015205864697
null	242	diagonal	0.5	0.0	0.4907279693929437	0.00872184116395338	0.02443824266800794	0.02186134334958549	1.0966460586432117e-89	0.6899213424336831	0.618738800356128
null	243	diagonal	0.5	0.0	0.5166832590309963	-0.0018566040508893166	0.024597744307413686	0.02198230266168913	5.864881147632098e-98	0.9326914724443524	0.0425088893813339
null	244	diagonal	0.5	0.0	0.44969259368662645	0.0056256505685044755	0.025085152364936653	0.02245437865246099	7.305873104700232e-72	0.8021721671466041	0.6882181193305061
null	245	diagonal	0.5	0.0	0.5162833394877445	-0.005164600473133649	0.025627121391622362	0.022917536499475893	2.9190699850208067e-90	0.8217024699318813	0.2451138615774939
null	246	diagonal	0.5	0.0	0.45173573543913886	0.03126544023305808	0.024211258883150944	0.02165177269251563	1.0855143961518555e-77	0.14873533166424138	0.9394246362874586
null	247	diagonal	0.5	0.0	0.4759663285459506	-0.008078881573307085	0.024068955282687862	0.021526382479823355	4.877264605517752e-87	0.7074363219068469	0.9663251889402994
null	248	diagonal	0.5	0.0	0.4461912844311447	-0.01159287086048474	0.025234378645815587	0.022567239056458535	5.783393859182726e-70	0.6074592682530341	0.47636662267175894
null	249	diagonal	0.5	0.0	0.5088221291619897	-0.00739303650939709	0.025152599583575908	0.02249680306842629	5.394976995268938e-91	0.7424383227491217	0.2780658238574758
null	250	diagonal	0.5	0.0	0.4913430905435296	-0.010266180518217448	0.022909061226179736	0.020502541688370443	4.814111705818011e-102	0.6165631190150385	0.9692342200714692
null	251	diagonal	0.5	0.0	0.49827309366842415	-0.01815102291752023	0.025209532656361805	0.022542748480834547	5.9286211736830215e-87	0.4207144672344385	0.8003290578539614
null	252	diagonal	0.5	0.0	0.4680982054051869	-0.009224802880100646	0.024660303998465007	0.02204743586013989	2.409576395578716e-80	0.6756495235734448	0.8737466510451402
null	253	diagonal	0.5	0.0	0.5598121402279852	-0.008281328128147025	0.025460831133048964	0.022759033434698882	3.819143593801127e-107	0.7159551326453047	0.9974274151954976
null	254	diagonal	0.5	0.0	0.4387875957241902	0.031021169692179565	0.02411841484336426	0.021565427492548715	5.858426636653942e-74	0.15030141142138675	0.9514586987204782
null	255	diagonal	0.5	0.0	0.4598682778868894	0.011062344738841759	0.025621327688323665	0.022928388263786386	4.916993595435479e-72	0.6294694641012102	0.9201132061466343
null	256	diagonal	0.5	0.0	0.4785873891741879	0.007342371081873794	0.024449007304539944	0.021861823958745207	2.5302830864516535e-85	0.7369813097266056	0.6670195834905671
null	257	diagonal	0.5	0.0	0.5457981434141524	0.00785748295559591	0.027671117928855796	0.024748258565503212	1.329427697854721e-86	0.7508669720552195	0.9926317986209047
null	258	diagonal	0.5	0.0	0.4738002885888953	-0.022758420580225328	0.023671626181651674	0.021175829835007664	4.032754156256789e-89	0.28249306966177873	0.2256942052418027
null	259	diagonal	0.5	0.0	0.4736189500867116	-0.006122232556618317	0.024807129990148568	0.022180732761560292	2.9400602382539714e-81	0.7825359357013177	0.37371431648339926
null	260	diagonal	0.5	0.0	0.4376106849178516	-0.0005967917496248833	0.025625492333003912	0.022921500855173853	2.195403617918074e-65	0.9792283614891606	0.8678551850141141
null	261	diagonal	0.5	0.0	0.4873206791030102	0.002311302691670465	0.02484745543278103	0.022221305152848175	1.2094253570609615e-85	0.917159100632794	0.9987924858641586
null	262	diagonal	0.5	0.0	0.5077667683450212	-0.006438444943044092	0.024448220614098234	0.02186515871829415	8.24415826771513e-96	0.7684053655314085	0.9101644493960301
null	263	diagonal	0.5	0.0	0.4416499245441528	0.03483340517651802	0.024353553116460227	0.021787522497688748	1.689211350424615e-73	0.10987000502154134	0.7299776850149089
null	264	diagonal	0.5	0.0	0.5296711634283111	-0.006593301779854465	0.02539261611510521	0.022720585766738112	1.256016859021998e-96	0.771670381158572	0.2598493696431098
null	265	diagonal	0.5	0.0	0.5234702764593049	-0.02243045393266645	0.024953844377963507	0.022314276795636644	1.0519565463430782e-97	0.31479747221457144	0.9194202438115116
null	266	diagonal	0.5	0.0	0.5312054078797195	0.013513134293128925	0.02592609014665101	0.023199225910020375	2.6865373016184065e-93	0.5602419815496651	0.5041963444979222
null	267	diagonal	0.5	0.0	0.49289163606346015	-0.013557829664541996	0.024043292054766855	0.021513340995367267	2.1453140824708456e-93	0.5285600243354287	0.0689788850117426
null	268	diagonal	0.5	0.0	0.5081544707039973	-0.015250114375185066	0.024035149672535398	0.02149104318546551	3.259660853328775e-99	0.47795019544286554	0.06865784877868292
null	269	diagonal	0.5	0.0	0.4902185788637575	-0.003840827082733018	0.024845966471516934	0.02221805677691649	1.1844577542678461e-86	0.862753910038172	0.9811489452102697
null	270	diagonal	0.5	0.0	0.49820504815878225	-0.005938334790466437	0.02498115250569679	0.022362718822411306	1.7159288171945784e-88	0.7905887317817123	0.883001697630904
null	271	diagonal	0.5	0.0	0.4846504455093863	-0.015805075660041672	0.025007423686908066	0.02237538028535109	1.132668327768243e-83	0.4799642326476966	0.6630113261708244
null	272	diagonal	0.5	0.0	0.5559100477204124	0.00033777230792578824	0.025511545244003078	0.022823007305508763	2.853401905278451e-105	0.9881920262265736	0.04831708644256412
null	273	diagonal	0.5	0.0	0.5264949766973306	-0.003265267111220465	0.0255548422346339	0.022840679504152236	2.603527197332244e-94	0.8863230316904929	0.9808919903482224
null	274	diagonal	0.5	0.0	0.3941859763646894	-0.013994135687545376	0.02407992280900228	0.021545465672766374	3.1371874583532956e-60	0.5160045779681202	0.6742602411500739
null	275	diagonal	0.5	0.0	0.47724073711785253	0.03970487828758982	0.024816514361499828	0.022191326929172802	2.0455912102173735e-82	0.07358147890718943	0.7581481508428468
null	276	diagonal	0.5	0.0	0.5092967526035084	0.0060949901829218155	0.025011006752986176	0.022388643656403244	3.56789763783318e-92	0.7854407211404106	0.9940912433853398
null	277	diagonal	0.5	0.0	0.5224989956482351	0.0012675146589149061	0.025072775647801207	0.022426955307487104	1.9062094583487098e-96	0.9549295828011316	0.7535743854263918
null	278	diagonal	0.5	0.0	0.5011959895610674	-0.027436637476205374	0.02537839143100483	0.022709946167173922	8.19409652941726e-87	0.22699607282169726	0.7343658590808162
null	279	diagonal	0.5	0.0	0.4535646887052964	-0.0331818135815228	0.026620818212436365	0.02382567174267343	4.293822705267497e-65	0.16371306117933718	0.9897257787136021
null	280	diagonal	0.5	0.0	0.4686317564931418	0.011677162607570754	0.025747455542886127	0.023021988062823642	5.059100367230226e-74	0.6120019925724094	0.116928745198988
null	281	diagonal	0.5	0.0	0.566496800817989	-0.022284615177604026	0.024463705208933307	0.02187849898652451	1.2467200553572205e-118	0.3084107897448367	0.9943555755796346
null	282	diagonal	0.5	0.0	0.47070970787412103	-0.01272114645721014	0.024008752917688125	0.021472097903690198	1.3808995245639446e-85	0.5535492290034821	0.4283084983991353
null	283	diagonal	0.5	0.0	0.4779493221494307	0.02759630994015941	0.02488799133055372	0.02226291429632673	3.425699973165693e-82	0.21513665578943617	0.11159821404840137
null	284	diagonal	0.5	0.0	0.5187814423931033	0.026753828157595323	0.026157190764248772	0.023386971608261874	1.538527191507962e-87	0.25263901809926226	0.9481130781126456
null	285	diagonal	0.5	0.0	0.4871486125330371	0.018763942104750193	0.02425008855126649	0.02168575206796053	9.29756021075582e-90	0.3868928543147893	0.5512625939659109
null	286	diagonal	0.5	0.0	0.5199793985742927	-0.013495674714813919	0.02387791135208701	0.021367885169805468	3.868448961730208e-105	0.5276568989862123	0.03594725948643973
null	287	diagonal	0.5	0.0	0.5003349468187984	0.013120336044651381	0.024776954395644497	0.022167316713984034	1.1152819718996894e-90	0.5539326201874389	0.4265435784012582
null	288	diagonal	0.5	0.0	0.5044477136616862	0.006470173548685221	0.0249829297332789	0.022354497525788185	1.1582046179959193e-90	0.7722485296099398	0.04660826553455603
null	289	diagonal	0.5	0.0	0.5024942115115508	0.0012655897597146429	0.0247057772878887	0.02209037907087477	5.793993535240975e-92	0.9543130342636953	0.4328735175269205
null	290	diagonal	0.5	0.0	0.5239860805235808	0.001418134058555897	0.024180394261318097	0.021610853313730274	3.9484066661660876e-104	0.9476792655053493	0.1985548627726172
null	291	diagonal	0.5	0.0	0.4972403435315301	-0.009089447431281822	0.024608201008927032	0.022009375120857676	8.619527808299248e-91	0.6796207445350484	0.035796920690119215
null	292	diagonal	0.5	0.0	0.4829414300270068	-0.00981844109555112	0.023554129271494258	0.021054929007897818	2.004673614698107e-93	0.6409828415626875	0.999806179748502
null	293	diagonal	0.5	0.0	0.4869830458515212	-0.019474601553872276	0.02394964905392821	0.021425442822341788	6.483890942538331e-92	0.36337786689353685	0.9992599480240593
null	294	diagonal	0.5	0.0	0.5078516875191296	-0.024167014387884156	0.025197545646173436	0.02254836167028643	2.442055904617611e-90	0.2838162418731297	0.018369080923236216
null	295	diagonal	0.5	0.0	0.516189080772017	-0.03486237111293599	0.023699686661489174	0.021199726903726228	3.5581191465644755e-105	0.10007860891516587	0.4665811304386723
null	296	diagonal	0.5	0.0	0.4939789252314661	0.01933524989260653	0.024871761452018186	0.022229630558390924	8.846852700066832e-88	0.3844117465754473	0.9052281146700675
null	297	diagonal	0.5	0.0	0.47257551191367425	0.0026389716750860742	0.02374183894594892	0.02123221031367182	3.700890924460688e-88	0.9010849094386264	0.9978037238633837
null	298	diagonal	0.5	0.0	0.5348176841411982	0.01903920920990946	0.024351785813387195	0.02179273130885683	6.628069213850308e-107	0.3823091504111597	0.3368885243754402
null	299	diagonal	0.5	0.0	0.5011621248114874	-0.0029407830790418974	0.0259229214747624	0.02318385342063055	2.8466129806149913e-83	0.8990621501954428	0.4091198690670464
null	300	diagonal	0.5	0.0	0.4483178210933855	0.012244892654365302	0.023989737020434082	0.021452644881940146	6.21093746610806e-78	0.5681439780335816	0.09661810679209358
null	301	diagonal	0.5	0.0	0.45510493556079595	0.006647073057349123	0.025384766197327775	0.022690045004638143	7.095362300065494e-72	0.7695595489187563	0.6955363093439548
null	302	diagonal	0.5	0.0	0.47884746716022014	0.014304904428338587	0.02349472553992787	0.02101362896108609	2.4625214933440745e-92	0.4960334117018795	0.37437771044927587
null	303	diagonal	0.5	0.0	0.507191408088267	0.0269663613988919	0.024309847095603358	0.021746441627621165	1.1465644069000627e-96	0.21496223358401328	0.2778154621610735
null	304	diagonal	0.5	0.0	0.518524807532712	0.01475320525368579	0.02459029492231751	0.021997727173582688	1.0566482251190165e-98	0.5024310804181299	0.6779739200971694
null	305	diagonal	0.5	0.0	0.5052181663563957	-0.01970412341266135	0.024810570799815742	0.02219474163349172	3.559477274221878e-92	0.37465726849043884	0.9526391030549319
null	306	diagonal	0.5	0.0	0.4658505876165454	-0.012336370926408392	0.0268576880401167	0.02401979082231342	2.14622819833185e-67	0.6075373170814027	0.35126523726528625
null	307	diagonal	0.5	0.0	0.5464271876097097	0.04003859218802638	0.02443647568616855	0.021857555623556606	9.410183522788109e-111	0.06698175650482316	0.8311374461252976
null	308	diagonal	0.5	0.0	0.5365446266212984	0.0070338169133699864	0.023702843381947673	0.021213250533820734	1.9037646757100385e-113	0.7402090117836795	0.3545611876460931
null	309	diagonal	0.5	0.0	0.48582792003641334	-0.01650977929953075	0.025260348868110433	0.022578038727822027	1.9661255742824202e-82	0.4646375957580781	0.24734655624751437
null	310	diagonal	0.5	0.0	0.46917377267677984	-0.008911875308171559	0.024012613944894897	0.02147475188365836	5.153914489427896e-85	0.6781469047835367	0.9130973273340369
null	311	diagonal	0.5	0.0	0.494118265141171	-0.015642561200252057	0.025338278471269175	0.022664793005731945	1.0794816752350004e-84	0.4900872587939156	0.9905343758258653
null	312	diagonal	0.5	0.0	0.4666893587364813	-0.0006892335066816084	0.024672802655595714	0.0220836054868029	8.560326347030559e-80	0.9751019140234044	0.9951988135774508
null	313	diagonal	0.5	0.0	0.4455617769048277	-0.02195223528568143	0.025401965182153503	0.022720823150646958	7.037397662453523e-69	0.33395785393428246	0.965102309483047
null	314	diagonal	0.5	0.0	0.4966549745893934	-0.008907580575152273	0.02434056497912097	0.021773073435635257	1.5278091494203079e-92	0.6824589884398056	0.3940489048422913
null	315	diagonal	0.5	0.0	0.4197183099059345	0.02582114143379065	0.02576983427219092	0.023065583837001472	1.216841320581342e-59	0.26294130372395474	0.2705148299003458
null	316	diagonal	0.5	0.0	0.47767590256121367	-0.008243841850047284	0.02593718802537503	0.023182375046654036	9.66146694563622e-76	0.7221340280944235	0.11992106523311227
null	317	diagonal	0.5	0.0	0.5391264107165302	-0.005382920168689644	0.024030091380467165	0.021500119019309358	1.7742209288374795e-111	0.802303551931355	0.7741120807673817
null	318	diagonal	0.5	0.0	0.5342083449268048	0.02302859560101272	0.024346962780193816	0.021790761659205876	1.04452032776107e-106	0.2906003881791921	0.871304740357864
null	319	diagonal	0.5	0.0	0.45276063440008396	-0.024956667086972664	0.024850155581517243	0.022220268404138214	3.6058639503261104e-74	0.26137431684291995	0.9912947056282654
null	320	diagonal	0.5	0.0	0.500503257133097	-0.004673114966799585	0.023688861437917118	0.021203041391269516	4.378258351432572e-99	0.8255609439501719	0.7266769568365838
null	321	diagonal	0.5	0.0	0.505666657495921	-0.018546006437037865	0.025195382790008422	0.022518956978437105	1.3550951053083724e-89	0.4101821852450294	0.215747038816548
null	322	diagonal	0.5	0.0	0.5584151243810428	-0.004187222464266985	0.02427669630118931	0.021700900236333056	4.440530099700649e-117	0.8469969078666653	0.10321479223879963
null	323	diagonal	0.5	0.0	0.5337025736928015	-0.011940167535798313	0.02597993825539334	0.023223377590135676	8.913088334033593e-94	0.6071510973358261	0.7411580179732021
null	324	diagonal	0.5	0.0	0.49187749968753225	0.016158159038314437	0.02440653985358274	0.021832017699824246	2.5068162931330153e-90	0.4592314611643245	0.22393228176528698
null	325	diagonal	0.5	0.0	0.4610889383080423	0.016347109713868605	0.0256302168739643	0.022910504568073274	2.331383347217142e-72	0.4755238663143131	0.5670022149974121
null	326	diagonal	0.5	0.0	0.4472057843515494	-0.010858102454982303	0.023969401117912268	0.02143717565349768	1.100314868448234e-77	0.6125000262951036	0.9328435185578462
null	327	diagonal	0.5	0.0	0.506734586462519	0.01046216014454647	0.024918939355817033	0.022306543840275556	6.263068624062475e-92	0.6390571042747502	0.9864442301086838
null	328	diagonal	0.5	0.0	0.45665918475621337	3.442166133509116e-05	0.024719387955886615	0.02212182185155058	3.3607106810354667e-76	0.9987584882819264	0.9916420494259423
null	329	diagonal	0.5	0.0	0.4723452174128088	-0.007668927996981236	0.024663366852908448	0.02203895185272932	9.36917249084714e-82	0.7278615578485303	0.005013935992017336
null	330	diagonal	0.5	0.0	0.5692813331708022	0.016143318775150007	0.024587607201587952	0.02199433513468867	1.3503352561276388e-118	0.46296323657277993	0.1997495998585354
null	331	diagonal	0.5	0.0	0.5243889936058926	0.021843881582703038	0.025140894190118595	0.022491698415321407	1.2892845118287704e-96	0.3314499316958476	0.29028460953768614
null	332	diagonal	0.5	0.0	0.4586731925027755	-0.011789360052966219	0.02444179185655791	0.021864710936284868	1.4343846879616229e-78	0.589751766040925	0.4790702005023282
null	333	diagonal	0.5	0.0	0.5278166371474579	-0.011660530925854803	0.02603808008087795	0.023269023870089153	2.3212910334141804e-91	0.6162879518399281	0.7872848719020644
null	334	diagonal	0.5	0.0	0.4612806467527568	0.016021377607940417	0.025984039632552677	0.023262282782739917	1.6496436240060914e-70	0.49099466584562734	0.8901233453128733
null	335	diagonal	0.5	0.0	0.42408426742382244	-0.035776153582422685	0.024317859721287978	0.021753320214645492	4.1577997874148874e-68	0.10004622586857322	0.00012160824199387442
null	336	diagonal	0.5	0.0	0.5159755516199398	-0.025653602946175465	0.02521617743133089	0.022551025782311006	4.689025461106344e-93	0.2552957714897332	0.8326224181947325
null	337	diagonal	0.5	0.0	0.3864866677332721	-0.013838322330904837	0.024195680086879494	0.021631909488049383	1.9589371599296305e-57	0.5223559373073873	0.4132038356659549
null	338	diagonal	0.5	0.0	0.47507317913232894	0.009873569212325985	0.025504583135360262	0.022799949021935603	1.94201980746092e-77	0.6649768117199792	0.12703079410463597
null	339	diagonal	0.5	0.0	0.522468394341066	0.025877386122813303	0.024027170044830674	0.021484167130466896	7.720170635283537e-105	0.22840165346813027	0.9022462784834037
null	340	diagonal	0.5	0.0	0.48611215388181467	0.0057436828558123645	0.025629429926677764	0.02293401772850254	3.199303425837465e-80	0.8022441507255729	0.24156439906016552
null	341	diagonal	0.5	0.0	0.48413839339273645	-0.004833985038328796	0.025154170233780204	0.02248954978480244	1.5002824976719456e-82	0.82981128286363	0.5261526653343093
null	342	diagonal	0.5	0.0	0.49991323451707514	0.009579349774890923	0.02470082649023649	0.022085697143445396	4.465730816292808e-91	0.6644805611610058	0.04737603409227704
null	343	diagonal	0.5	0.0	0.5313969242754952	-0.019740636472541522	0.025049088319137207	0.0224011755324569	7.058450876456595e-100	0.37819217182765447	0.978547560121604
null	344	diagonal	0.5	0.0	0.4824030180094098	0.0067258079574355045	0.025327034624121284	0.02264025239280862	6.963006758365556e-81	0.7664107685215861	0.565945039805714
null	345	diagonal	0.5	0.0	0.4960961371282044	-0.013292019065305777	0.025785020777750602	0.0230622580633321	1.7219276198525206e-82	0.5643760946610492	0.9743799987692133
null	346	diagonal	0.5	0.0	0.3704198209368937	0.004315527079732224	0.025695823595544044	0.022987176643710534	4.1304386150115223e-47	0.851083386905267	0.3375267490388516
null	347	diagonal	0.5	0.0	0.5014986088610344	-0.016427454549870185	0.02567857955164656	0.022956543415199634	6.122822024645742e-85	0.4742450439320429	0.9999786054697729
null	348	diagonal	0.5	0.0	0.5183996560339121	-0.004640774024320644	0.025968753315987164	0.023222716099419765	1.1686666783227059e-88	0.8416075206492188	0.17892683481349256
null	349	diagonal	0.5	0.0	0.48650254719235775	0.008550669920158807	0.02637856597375378	0.023583363124531815	5.924439114600014e-76	0.7169245414685984	0.2517191377282387
null	350	diagonal	0.5	0.0	0.46574522520159994	0.02149100739973208	0.025368332942536216	0.02269938346985387	2.780908798230869e-75	0.34375796526638835	0.6947842864611586
null	351	diagonal	0.5	0.0	0.47621279982370773	0.003163066664168999	0.025244726115999233	0.022586533095236352	2.2612543708417896e-79	0.8886266873285575	0.24814316617515894
null	352	diagonal	0.5	0.0	0.5286319887123878	0.01184264886352515	0.024588195355634307	0.021999359756283882	1.5763886543462873e-102	0.5903576044569476	0.9209211754851514
null	353	diagonal	0.5	0.0	0.4821597525419306	-0.013875358698067936	0.024532092683201646	0.02194362672514829	5.317449691353549e-86	0.5271788498452677	0.7584204920885593
null	354	diagonal	0.5	0.0	0.5408733448299377	-0.006856407277082833	0.025820389317370126	0.023113452589082872	1.9762433320316318e-97	0.7667402888030681	0.4051247135638185
null	355	diagonal	0.5	0.0	0.5093519184872987	-0.01269808108566931	0.024930502340635402	0.02231337380242011	8.889893020360654e-93	0.56930226635502	0.5657732926288347
null	356	diagonal	0.5	0.0	0.4659011931450036	-0.010556872975735258	0.023231539650247966	0.02076156641374276	1.8370612750137557e-89	0.6111156915153746	0.4547404605883194
null	357	diagonal	0.5	0.0	0.5021060204851384	0.0014699142548931991	0.025248161188015688	0.022605329552419753	5.291062698887656e-88	0.9481540001271398	0.8092342318819724
null	358	diagonal	0.5	0.0	0.461818744730126	0.01606461980007964	0.024574358396671606	0.021987712641079994	8.664298404246344e-79	0.4650124819534615	0.13385174611261622
null	359	diagonal	0.5	0.0	0.44339778634958915	0.0022247241845406245	0.02440493527593117	0.02182765015917921	9.189509677784126e-74	0.9188183537786113	0.9741184888841171
null	360	diagonal	0.5	0.0	0.5242470348986001	0.01504173597399284	0.02533216418765615	0.022677042014901817	3.8489039690376774e-95	0.5071369116346778	0.8510342688252097
null	361	diagonal	0.5	0.0	0.4655543494564707	0.004164572271259178	0.024616433391157832	0.02201271430780815	9.026180292204267e-80	0.8499443731179736	0.8896876463474805
null	362	diagonal	0.5	0.0	0.4469255019288258	-0.01063161222805439	0.024139426605096406	0.021598104191303508	1.582299511435984e-76	0.6225444074583797	0.9727129110110695
null	363	diagonal	0.5	0.0	0.524704585467412	-0.0038277939444627622	0.024826461413903565	0.022222638718434	3.800555462460003e-99	0.8632429569297687	0.9520168282214763
null	364	diagonal	0.5	0.0	0.453031073651073	-0.0159382720290996	0.025715913061893657	0.022998808902051998	1.8320083118277973e-69	0.4883068921550553	0.8695692996388573
null	365	diagonal	0.5	0.0	0.5395388986771891	-0.020262101007690218	0.026673106199191138	0.023866776415705164	5.570758238098754e-91	0.39589976157939677	0.786410461147733
null	366	diagonal	0.5	0.0	0.5244763868284101	-0.006769246049770203	0.025666451763940033	0.02296716066559486	8.284531195685661e-93	0.7681956604180171	0.8538366532348611
null	367	diagonal	0.5	0.0	0.49417246033367634	0.003162391550616721	0.02553770806953768	0.022865090658367233	2.0110271268006797e-83	0.8899981578821555	0.9629333326332564
null	368	diagonal	0.5	0.0	0.5469440558987217	0.010287665866020137	0.02448613122490157	0.02189528682433688	1.6192684292650324e-110	0.6384567930901804	0.2535326667792428
null	369	diagonal	0.5	0.0	0.5200504674960942	-0.004597406799040377	0.02440983103906427	0.021850537879586185	1.0211528308211189e-100	0.8333535772233959	0.33162891145564405
null	370	diagonal	0.5	0.0	0.5174336853850701	-0.00029695789387112104	0.024354022193598102	0.021778927633598403	3.5643440382173687e-100	0.9891210999386851	0.3811215629478144
null	371	diagonal	0.5	0.0	0.5005421109360498	-0.0399664614523449	0.024646741616022858	0.022037718938805923	1.0782201501227268e-91	0.06974733992596462	0.994042937743924
null	372	diagonal	0.5	0.0	0.4967414075305322	7.568305596359509e-05	0.025979788413987043	0.023241491434851706	1.7111301032471876e-81	0.9974017917346453	0.8911321732772366
null	373	diagonal	0.5	0.0	0.46429064121781266	0.03918684600622772	0.02473145430000371	0.022117172686515214	1.249168046589208e-78	0.07643046970966048	0.43381118707192146
null	374	diagonal	0.5	0.0	0.4553604624736831	-0.00361506968637092	0.02439927360888933	0.02181451887489509	9.92550533538548e-78	0.8683784741960217	0.3357782233736387
null	375	diagonal	0.5	0.0	0.5618035210217988	0.018346572970374737	0.024673041841643702	0.022083953193672155	9.108416977437491e-115	0.40610645994893707	0.3412279032394117
null	376	diagonal	0.5	0.0	0.5166769549554574	0.003664427092552833	0.02667790792019869	0.023866303250145368	1.459223248486036e-83	0.877972617597317	0.5404390392085314
null	377	diagonal	0.5	0.0	0.5142501705036346	-0.01245571767141406	0.02581602240930968	0.02307825581718925	2.7404789025764805e-88	0.5893924929823318	0.5865363231575004
null	378	diagonal	0.5	0.0	0.5057651450983103	-0.02521209628025184	0.026753896755267233	0.023936033520472612	1.050170696698061e-79	0.29219830915433365	0.9996036137716166
null	379	diagonal	0.5	0.0	0.4607296901636442	0.0028637323114262107	0.026243673992702075	0.023475758141586273	5.366898764872625e-69	0.9029094824495756	0.6947701527041343
null	380	diagonal	0.5	0.0	0.5130268099115889	0.01662637310763291	0.023746825135164667	0.021227202965362575	1.6465647463514219e-103	0.4334757165189638	0.3775635798957943
null	381	diagonal	0.5	0.0	0.463565494259195	0.010126404575189278	0.024537346838112477	0.021958566200913413	1.3211380354018583e-79	0.6446840726051625	0.9528530480012463
null	382	diagonal	0.5	0.0	0.5073892672073395	-0.028182016537412497	0.026538639399931074	0.02374318124816019	1.7581693836375613e-81	0.23524655326249522	0.9358309790821595
null	383	diagonal	0.5	0.0	0.5493379539296961	-0.009282371063759207	0.024432936566309262	0.021845740731745278	6.019956246609375e-112	0.6709057094074463	0.9881529501265475
null	384	diagonal	0.5	0.0	0.5245118396837375	-0.014979553426764448	0.023760001421466243	0.021265652935489477	5.446468046037598e-108	0.48118290093157656	0.9593168928926136
null	385	diagonal	0.5	0.0	0.48665081753481126	-0.005786375165322037	0.02539080622698455	0.02271368599967798	7.060558101922203e-82	0.7989140307735987	0.10014431260507883
null	386	diagonal	0.5	0.0	0.5265041555719144	0.0002606817732408775	0.024747680480866004	0.022139883651643804	1.9397167135935482e-100	0.9906056797915074	0.8549675390687813
null	387	diagonal	0.5	0.0	0.5627559042480564	-0.023717116402202806	0.024917308370397125	0.022292753809442664	6.094226188970652e-113	0.28737693721029955	0.9807059855383918
null	388	diagonal	0.5	0.0	0.5022999241416654	-0.010852833314118189	0.02612557293133321	0.023364869321478986	2.2268102085623233e-82	0.6422941116071996	0.6604583688292511
null	389	diagonal	0.5	0.0	0.479575545513262	0.0026340683595173276	0.025964674310384555	0.02322635453025021	3.580321026145179e-76	0.9097066215747928	0.645735115167385
null	390	diagonal	0.5	0.0	0.4569830525104546	0.001859847394352238	0.024107837636460096	0.021559130030729436	3.955863510054303e-80	0.931253952410642	0.8998745449566706
null	391	diagonal	0.5	0.0	0.4812302994876878	-0.009153415420387485	0.0243957467465874	0.021812967424374205	1.2900232761859012e-86	0.6747544325931207	0.6301134493116821
null	392	diagonal	0.5	0.0	0.4548707438601865	-0.011724438151395686	0.02290866117414748	0.02049843613088644	9.81055071257879e-88	0.5673440296736438	0.0030067449867612686
null	393	diagonal	0.5	0.0	0.5248178850268443	0.029958081110943207	0.02441853629125847	0.021837113499916017	1.8258634991249174e-102	0.17009820472573392	0.6916828065654927
null	394	diagonal	0.5	0.0	0.4540583057860463	-0.007809355095380145	0.02489221649628204	0.02227426312872111	2.4406449457379927e-74	0.7258885090035121	0.9236216337363261
null	395	diagonal	0.5	0.0	0.557969182360241	0.013139413196194627	0.02530459859851257	0.022617138966204677	9.529188292514435e-108	0.5612745603125157	0.39096614095698096
null	396	diagonal	0.5	0.0	0.5614720253433851	-0.008173454284943846	0.025761869126483386	0.023053799528030137	2.605342207833846e-105	0.7229355261107528	0.147946107251287
null	397	diagonal	0.5	0.0	0.47329760067564214	-0.0348691933750929	0.025263303359346942	0.022605560082356178	2.586320410007832e-78	0.12295088174595135	0.8512606779152784
null	398	diagonal	0.5	0.0	0.48256938816771966	0.012916529784196917	0.02462797540796257	0.022014613775423138	1.72747778096794e-85	0.5573882463374542	0.02506906195242174
null	399	diagonal	0.5	0.0	0.48788160445392104	0.010254297161717581	0.024879918741044425	0.02224825142527077	1.2840468766695664e-85	0.6448678337766692	0.9995625580629816
null	400	diagonal	0.5	0.0	0.5339312949080647	-0.008170524451881971	0.024848588078837684	0.022215077381741628	2.0427769247303495e-102	0.7130284450297399	0.5583825276432584
null	401	diagonal	0.5	0.0	0.47259512997856595	-0.003780704554335299	0.025660792851314097	0.022946672915888196	9.59563703989014e-76	0.8691325211775278	0.49912630894035154
null	402	diagonal	0.5	0.0	0.5225924400320742	-0.007368199307104104	0.025207969384053917	0.022554568462369244	1.8106764657641086e-95	0.7439074844318339	0.046257649308625144
null	403	diagonal	0.5	0.0	0.4994748075286649	0.001379346319902117	0.024110509090567292	0.021559962099711494	2.48171172366935e-95	0.9489883698249647	0.9506796220991091
null	404	diagonal	0.5	0.0	0.5272077481940337	0.006340384271125713	0.025776937333380278	0.0230521867158569	5.685026002719244e-93	0.7832818134635373	0.7730814744230017
null	405	diagonal	0.5	0.0	0.4782808120441063	0.011144982229323289	0.025725861395088433	0.02300575787332446	3.769204083339531e-77	0.6280713884587904	0.4447809071183265
null	406	diagonal	0.5	0.0	0.4392817966127652	-0.0023802286865338296	0.025945851410159104	0.02321341932484369	2.6711891957670823e-64	0.9183306404280653	0.0015948062557915438
null	407	diagonal	0.5	0.0	0.428415974649578	0.029860040640004044	0.02423708663229875	0.021682589099791892	6.413422843979974e-70	0.1684678289698964	0.2875354224573182
null	408	diagonal	0.5	0.0	0.4912612411026972	0.011327477799930546	0.02471228358831617	0.022087339283997615	6.156793376512239e-88	0.6080566993861211	0.3533463748015858
null	409	diagonal	0.5	0.0	0.5203686420312386	0.017072871836223358	0.02606466311441665	0.023292557968788315	1.1208632236435352e-88	0.4635734375730066	0.015623382490736065
null	410	diagonal	0.5	0.0	0.45908984295622723	0.006564578309205256	0.026232460405362017	0.023448125908825758	1.4119530743499276e-68	0.7795068527084937	0.25699906264484496
null	411	diagonal	0.5	0.0	0.5259913321920625	-0.008671772913397083	0.0251227002821664	0.02246810318212075	2.470449268981472e-97	0.6995268268855679	0.8464965010048209
null	412	diagonal	0.5	0.0	0.5295886815528044	0.0032221616813075896	0.024731529736196755	0.02214049413054237	1.0000609251873237e-101	0.8842904497821742	0.6645477130451611
null	413	diagonal	0.5	0.0	0.5006498638442591	0.039910894861954746	0.02423062973171811	0.021671337482705447	7.636641963357714e-95	0.06552719853750803	0.961814378056659
null	414	diagonal	0.5	0.0	0.5024570248863418	0.01936866397100155	0.024805891626760432	0.022180010440917722	3.1737360997146555e-91	0.38252756778104635	0.01689706172354237
null	415	diagonal	0.5	0.0	0.47503263559918496	-0.00419822495139764	0.0235376351344443	0.02105619892017805	1.4140248892469044e-90	0.8419640178045027	0.9043117395689475
null	416	diagonal	0.5	0.0	0.5359182995468729	0.01695899101887658	0.02432680560234411	0.021757649491801787	1.487389658436819e-107	0.43571492040554627	0.9724198498878158
null	417	diagonal	0.5	0.0	0.4485644575207137	0.010586668329884441	0.025681094230226527	0.022971110335210397	2.5684673480725463e-68	0.6448927288142199	0.21345358106676357
null	418	diagonal	0.5	0.0	0.49812167288888193	0.0018111055757096494	0.02372506609991265	0.021225000319221286	7.196951802803789e-98	0.931999929695845	0.6254947538364775
null	419	diagonal	0.5	0.0	0.5121617888469951	-0.04656780875478124	0.024908411081161843	0.022270640861075698	6.035104995746343e-94	0.03652847166903715	0.6362958599251737
null	420	diagonal	0.5	0.0	0.45805299630891355	0.0024233565893489605	0.023883507068585063	0.021350617154139922	5.582985303726514e-82	0.9096318779763859	0.22327428118849393
null	421	diagonal	0.5	0.0	0.4658315787989253	-0.01590578465761665	0.02517804050893115	0.022514214073943783	2.0079745313510834e-76	0.4798912682215279	0.3339785012248771
null	422	diagonal	0.5	0.0	0.44780973597807977	-0.007065487689539044	0.02406241606228209	0.021535614030760264	2.649326865719485e-77	0.7428482461447419	0.4906155972970416
null	423	diagonal	0.5	0.0	0.524829937941191	0.014639932244500007	0.02471651695230903	0.022104439564536678	4.636837461780905e-100	0.5077742831709959	0.5872159022391995
null	424	diagonal	0.5	0.0	0.5237818612686403	-0.007015306183466602	0.02434007393312376	0.021782372326455267	1.0265497504005074e-102	0.7474046198476111	0.3005134046261215
null	425	diagonal	0.5	0.0	0.5082933617961614	0.010271731011755107	0.023691622591165633	0.0211971632123161	4.140002717727733e-102	0.6279739801462006	0.832020125328828
null	426	diagonal	0.5	0.0	0.43943715478188167	0.01247794460386142	0.024362697253116888	0.021776403426125267	9.928654043183206e-73	0.5666426592533444	0.17277694823603623
null	427	diagonal	0.5	0.0	0.5065362886823127	-0.0008968356725964605	0.025534961479990938	0.022839120987388935	1.4280802888192443e-87	0.9686771007870875	0.48240812052554005
null	428	diagonal	0.5	0.0	0.5000254599259771	-0.0027366382366941257	0.025963969576894754	0.023229532361081096	1.1994584151639409e-82	0.9062193305196454	0.8993401216291569
null	429	diagonal	0.5	0.0	0.5148522122681516	-0.018851596201743637	0.025115596162261857	0.022468160384055275	2.1839972896538485e-93	0.40144908857829853	0.22070851064971958
null	430	diagonal	0.5	0.0	0.5045155006060094	0.0032626777308421145	0.02454632859456137	0.02194584028189916	7.145718389219568e-94	0.8818144065850777	0.8265413135170866
null	431	diagonal	0.5	0.0	0.5028614366754701	0.008508438797394699	0.02517077551098882	0.022522219571731596	8.560598176971613e-89	0.7055942075497991	0.9983232787746407
null	432	diagonal	0.5	0.0	0.4636425489151429	-0.007532555014196921	0.02446114584360262	0.021899373987824898	4.0735868394595326e-80	0.7308747768028703	0.7205333554164252
null	433	diagonal	0.5	0.0	0.5422833678809141	0.0022336467359824926	0.024214776172306794	0.021637556834688185	4.429932607317347e-111	0.9177803665731248	0.7675830379778236
null	434	diagonal	0.5	0.0	0.4677776880330366	0.005264893943473591	0.024047537859301433	0.021502560888942802	2.7915269639299834e-84	0.806572868900334	0.011452069768777511
null	435	diagonal	0.5	0.0	0.43983722909528405	0.012563408719873605	0.025149161966718358	0.02249950604620246	1.7335176234959948e-68	0.5765808447484455	0.07589479858850906
null	436	diagonal	0.5	0.0	0.552128970576435	0.002109354864386796	0.025899066615624244	0.023171112581390763	7.648810834793648e-101	0.9274657190858596	0.6783004859825407
null	437	diagonal	0.5	0.0	0.4992602498359071	0.00088623067131069	0.02466716876019018	0.022071751206586023	4.363326383057555e-91	0.967971738698207	0.7005007130642769
null	438	diagonal	0.5	0.0	0.48914551971402215	-0.011162964755363295	0.025571468245924323	0.022876602282451565	1.4603614366733007e-81	0.6255751425732391	0.5546994472183882
null	439	diagonal	0.5	0.0	0.4855660126719682	0.02464023291525866	0.024986989325002946	0.022364484177624138	4.078808294652412e-84	0.2705672138987931	0.17386424191971242
null	440	diagonal	0.5	0.0	0.4578016759592707	0.010572496211749641	0.025103563763575375	0.022453616351052967	2.647827835037313e-74	0.6377411462724234	0.6995435608564029
null	441	diagonal	0.5	0.0	0.487259808071948	-0.007331530947757824	0.024745859157544674	0.022127584890003587	2.5980497949630086e-86	0.7403952929824047	0.9872563750250136
null	442	diagonal	0.5	0.0	0.47604136800699737	0.006345167659804914	0.024406693209487077	0.021824132749047386	1.0045322812244842e-84	0.7712495002754236	0.32991843612421184
null	443	diagonal	0.5	0.0	0.4859386232442283	0.034802331291562516	0.02486876606782678	0.022242442772169607	5.006635812186444e-85	0.11765768674777277	0.13150070027532593
null	444	diagonal	0.5	0.0	0.45495167472340065	0.01447732378656439	0.026520642357265138	0.023691023616717162	5.804349767636481e-66	0.5411406657201959	0.07832239033558985
null	445	diagonal	0.5	0.0	0.5498434434437341	0.010630330519462477	0.02505797932363304	0.022419232482957258	1.0135118341602631e-106	0.6353849485213521	0.9321437671399332
null	446	diagonal	0.5	0.0	0.5115890430901473	0.0012003888193212239	0.02454018459211601	0.02195023218250742	1.6230916151869308e-96	0.9563879544129188	0.5708014930533711
null	447	diagonal	0.5	0.0	0.5214997951995024	-0.011750849183082895	0.024896737435544193	0.02228960171296	2.0189018761005463e-97	0.5980618374852557	0.9766973156515325
null	448	diagonal	0.5	0.0	0.5785364601863621	0.018977896181798782	0.024951684645465422	0.02231897233588731	6.264501614604865e-119	0.3951564735846865	0.13140661196507017
null	449	diagonal	0.5	0.0	0.5341246837473465	-0.027891799950220102	0.024345899311365174	0.021784007279391712	1.103002839847756e-106	0.20041164200191658	0.9364478316651941
null	450	diagonal	0.5	0.0	0.4840475538664736	0.020099265885180507	0.025059508394641935	0.022425425958958155	3.946083283381774e-83	0.3701078784977709	0.5987513734341696
null	451	diagonal	0.5	0.0	0.47673776221820563	0.004898458824081272	0.02417612256068807	0.021603668089771773	1.4706593495009287e-86	0.8206243693608745	0.5915193265492558
null	452	diagonal	0.5	0.0	0.45549456033254976	0.004855322059081077	0.025179245326260626	0.02250668131796606	3.815333824487356e-73	0.8291997495859376	0.8438118970703414
null	453	diagonal	0.5	0.0	0.5227332297855539	0.009698983797121238	0.026096918860752657	0.02334198165710394	2.9889814739965597e-89	0.6777636734217768	0.9799160177485856
null	454	diagonal	0.5	0.0	0.44374730845949206	-0.029118632287298517	0.02589869648999054	0.023167319854334477	8.281628518623262e-66	0.20879566431132973	0.9254612988233399
null	455	diagonal	0.5	0.0	0.44942460038481813	0.004479078186103327	0.02504209099099094	0.02239453451694199	5.086557140996266e-72	0.8414745994120159	0.9668779979932601
null	456	diagonal	0.5	0.0	0.5050415021951358	-0.013520369131237994	0.025544355586840845	0.022838387933207995	5.275069902232081e-87	0.5538493136898343	0.48396532760660105
null	457	diagonal	0.5	0.0	0.46923129056350016	0.006039168232687198	0.024438287470732005	0.021860742479880315	3.6540717474725384e-82	0.782351203780135	0.6455800663395758
null	458	diagonal	0.5	0.0	0.4336846955130516	-0.022368630338390812	0.025900155329756164	0.023169221566502148	6.212849480518645e-63	0.33432151280707634	0.04322054549152842
null	459	diagonal	0.5	0.0	0.48439015766186094	-0.005357971246232192	0.02625116379932275	0.02346934800034514	5.012017968766322e-76	0.8194157042317128	0.6748115567340128
null	460	diagonal	0.5	0.0	0.514606163255878	-0.015740183110628813	0.023614220620722125	0.02110484568256642	2.7502379333250516e-105	0.4557828237260845	0.22514037268706333
null	461	diagonal	0.5	0.0	0.46605697683991715	-0.004309706738258981	0.0265173883197308	0.02371898046198071	3.7937361479522777e-69	0.8558192251858384	0.3253498277920946
null	462	diagonal	0.5	0.0	0.43465882749744406	-0.01309738824930331	0.023968961997947607	0.02144775509125964	1.7105799006265713e-73	0.5414215392793731	0.8943377435787875
null	463	diagonal	0.5	0.0	0.47841105103217446	0.008286962537124251	0.024591093043201808	0.02199858430797618	2.6617599523581107e-84	0.7063933252430918	0.9326267556303062
null	464	diagonal	0.5	0.0	0.48454551358089887	0.008603201464447185	0.02493945323593724	0.022329268356503715	4.398998980810291e-84	0.7000239743004566	0.4034962150440242
null	465	diagonal	0.5	0.0	0.48240339271625726	-0.0005206623192710704	0.025723516279337305	0.023008578815203132	1.8160062616560508e-78	0.9819461698619866	0.5068280856721389
null	466	diagonal	0.5	0.0	0.5101767500188713	-0.007871146756713212	0.025024058914731105	0.022359692304284935	2.161207896762698e-92	0.7248203162119595	0.6496618795860772
null	467	diagonal	0.5	0.0	0.543936377739349	0.013781502256735068	0.024098740096897144	0.021543541585276136	8.32445929708326e-113	0.5223646762655959	0.7609965537146847
null	468	diagonal	0.5	0.0	0.5252716788780583	-0.004866641373172467	0.024711513483695532	0.0220966711588296	2.8917976169759426e-100	0.8256817605577106	0.5844432014285598
null	469	diagonal	0.5	0.0	0.476821729110726	0.00027020595137376783	0.024529048681823037	0.021965723963967218	3.606913765132966e-84	0.9901852668263872	0.9752068623509536
null	470	diagonal	0.5	0.0	0.48782138304360967	-0.03136397163220469	0.025341211893869557	0.022662557374459	1.40834937589954e-82	0.16637207143336674	0.024617536948140735
null	471	diagonal	0.5	0.0	0.4635612459578931	0.01947937494457458	0.024820668459144796	0.02219658543289691	7.701326289327614e-78	0.3801693510884711	0.8939821714713416
null	472	diagonal	0.5	0.0	0.4612068504794075	-0.0052302012489910945	0.025463431427299545	0.022786807049776515	2.5386806594346084e-73	0.8184588675239111	0.3086187391829698
null	473	diagonal	0.5	0.0	0.4810695918197724	0.03736314411288628	0.024551489138154737	0.021951168895581727	1.7289946858740203e-85	0.08873611559186817	0.9593436541232718
null	474	diagonal	0.5	0.0	0.4298950890662584	0.012012499507447155	0.02561280113591292	0.02290133197637255	3.1750680556007597e-63	0.5999080209983614	0.22006259194537012
null	475	diagonal	0.5	0.0	0.5072919768177935	-0.01670373289880599	0.024200065466302875	0.021637652816722783	1.4454304593379085e-97	0.44012907396986173	0.2639963875542296
null	476	diagonal	0.5	0.0	0.47923273465558613	-0.008077692822764751	0.02577180244763145	0.02303341229537328	3.5116752474654586e-77	0.7258174930824763	0.04351979101015006
null	477	diagonal	0.5	0.0	0.5450210024937292	-0.010285471977688853	0.024395636877435088	0.021795641115646643	1.4796031916206213e-110	0.636994600423214	0.36433495550343054
null	478	diagonal	0.5	0.0	0.4102159937752283	-0.004873617195861978	0.025965948151307733	0.02322173054198564	3.1998045965590347e-56	0.8337666969160378	0.08996383916257332
null	479	diagonal	0.5	0.0	0.5002469174428943	0.018324691403514982	0.024234668807231557	0.021688242124384267	1.1570018616701834e-94	0.3981590632615559	0.7237452452574752
null	480	diagonal	0.5	0.0	0.5106412606417473	0.003927912855792134	0.025243203733014762	0.02259163108865993	5.454839387340469e-91	0.8619709015234831	0.5327148204820112
null	481	diagonal	0.5	0.0	0.47769572810474703	0.0026872846563061347	0.023689912219947002	0.02118561596788179	2.0068132931292624e-90	0.8990632578905802	0.5423703038072383
null	482	diagonal	0.5	0.0	0.45640648273104634	0.014859277070009504	0.024802338896983977	0.022169086730218827	1.2718591673295297e-75	0.5026855926192317	0.9910101989316996
null	483	diagonal	0.5	0.0	0.4633842829489871	0.00034572012854971394	0.023953207476162548	0.021410265859496874	2.228859915400339e-83	0.9871167986431517	0.4985116377757611
null	484	diagonal	0.5	0.0	0.5210239293959185	-0.009341655064217544	0.025385428806028284	0.022698239170850485	1.3002141677245274e-93	0.6806629966658284	0.9999097178223134
null	485	diagonal	0.5	0.0	0.5025704590863461	-0.011988953037195273	0.026243797617375064	0.023463480693532435	9.666398451463484e-82	0.6093774861144986	0.8512231290046943
null	486	diagonal	0.5	0.0	0.5516042126627008	-0.0014170469397721162	0.024311828825520687	0.021732791890678657	5.7901637864396675e-114	0.9480122366375124	0.5752328232746429
null	487	diagonal	0.5	0.0	0.525000097875677	-0.01758570762724459	0.023976678373005534	0.021448187848447525	2.8186725708226888e-106	0.41226412147278224	0.9134240926984866
null	488	diagonal	0.5	0.0	0.4671805713862153	0.019570067701474524	0.024513116917300067	0.021922270177689895	5.596950886195122e-81	0.37201645481855494	0.2779018902621567
null	489	diagonal	0.5	0.0	0.5021792064246394	0.01762076590284509	0.025424917360214294	0.02273920733728849	7.793390095722498e-87	0.4383947464297998	0.8638223690637675
null	490	diagonal	0.5	0.0	0.4721427585445292	-0.017163950136318645	0.025433389648542127	0.022746127527104854	6.297007020694334e-77	0.4504963511759984	0.1518272665030548
null	491	diagonal	0.5	0.0	0.444895976461829	-0.008568035714058835	0.024458670206275037	0.021866971344197326	6.227533019194352e-74	0.6951871951003413	0.2955044818283862
null	492	diagonal	0.5	0.0	0.5991349096276356	-0.0018107152058708359	0.024167813008427644	0.021639830308294642	1.1318500804895376e-135	0.9333147461735138	0.011566730471978344
null	493	diagonal	0.5	0.0	0.514281829938877	-0.014265031936536804	0.02615895617174221	0.023386903887900618	4.7589044104607104e-86	0.5418895502225712	0.02246127580420727
null	494	diagonal	0.5	0.0	0.5820510850703903	-0.001818571749746381	0.02447725217877974	0.021888731046186116	5.474111882808781e-125	0.9337858952070472	0.9990896315855526
null	495	diagonal	0.5	0.0	0.526917728751559	0.02661167762982466	0.024230475978422334	0.021677943479507467	7.525030213207677e-105	0.2196000341243595	0.3747329299408465
null	496	diagonal	0.5	0.0	0.5117156735117501	0.009066930592200298	0.023954057267280598	0.02143115681974027	2.991733222885524e-101	0.6722424508670117	0.05836116226005044
null	497	diagonal	0.5	0.0	0.4871757220921965	-0.0005418444549338877	0.02502408969981462	0.022375872234596677	2.0404915838012283e-84	0.9806806603292159	0.9828089839321273
null	498	diagonal	0.5	0.0	0.5528168795614221	0.010535851296862849	0.024688971966343145	0.022064998967713478	4.789944755746593e-111	0.633012112709274	0.07314465116416456
null	499	diagonal	0.5	0.0	0.4533465706162595	-0.000576570540923206	0.026242800148054676	0.023464621142927793	7.246814254750067e-67	0.9803964257164738	0.9414975059128271
null	500	diagonal	0.5	0.0	0.4651770662558744	0.01984792460935543	0.024118846742409765	0.021583513754494382	6.924012740896828e-83	0.35778847868768576	0.6676829893346887
causal_gxe	1	environment	0.5	0.25	0.5040344691859338	0.2369531215568905	0.039673235907348295	0.01589415024052479	5.572007947633123e-37	2.9151890576572107e-50	0.9926797911645573
causal_gxe	2	environment	0.5	0.25	0.4749191518187991	0.24948286604549022	0.037524523286713136	0.015029142142190055	1.0333879525345583e-36	6.975999066648338e-62	0.9473515898425972
causal_gxe	3	environment	0.5	0.25	0.483923415593895	0.23881933074279443	0.040348680314358815	0.0161578283373669	3.84141684096582e-33	1.9596903369937177e-49	0.34560362025634883
causal_gxe	4	environment	0.5	0.25	0.5482049488644423	0.24999095727609344	0.038099284023767825	0.01526356381906926	6.079693019643249e-47	2.733542931359994e-60	0.051859956273370325
causal_gxe	5	environment	0.5	0.25	0.6396237597794029	0.258123882946818	0.038417123766064126	0.015395690891316647	3.0542542095327576e-62	4.328009625536248e-63	0.0617305751664268
causal_gxe	6	environment	0.5	0.25	0.49258485381518463	0.24216979541563335	0.03934113167196325	0.015763437412939684	5.7408754195637536e-36	2.9095245717922036e-53	0.41242598971051986
causal_gxe	7	environment	0.5	0.25	0.541721785301522	0.24061866794388037	0.04035399744612326	0.01617108978528185	4.3602901423737014e-41	4.474459017301393e-50	0.8666447690090048
causal_gxe	8	environment	0.5	0.25	0.5319053618848616	0.25861724302313277	0.03983637276578072	0.015956495462864508	1.1491851628431853e-40	4.452950657015566e-59	0.9888042795170444
causal_gxe	9	environment	0.5	0.25	0.4076570882312476	0.21184244422303253	0.040436494019555146	0.01619192453015323	6.675754334176842e-24	4.1069020504281385e-39	0.3604836817553489
causal_gxe	10	environment	0.5	0.25	0.48273985072154846	0.249110190248772	0.03911128185690783	0.015663369294353763	5.33192772067144e-35	5.944704176033894e-57	0.09287874177628141
causal_gxe	11	environment	0.5	0.25	0.5482616707758452	0.22986130909422284	0.03845660806153074	0.015403822244743496	4.076652125483399e-46	2.3580074434335483e-50	0.04677976031520149
causal_gxe	12	environment	0.5	0.25	0.5010073517650833	0.2489876588684265	0.038596537877108004	0.015471629061573698	1.5758042531179367e-38	2.848400106341644e-58	0.7894839252125034
causal_gxe	13	environment	0.5	0.25	0.45050379540184926	0.24010663184759848	0.039533723012366066	0.015834752004377357	4.40646254476654e-30	6.190801537809416e-52	0.7818736193325987
causal_gxe	14	environment	0.5	0.25	0.550173383664431	0.23470370630738452	0.039062217758010165	0.01565436379827246	4.727242807428351e-45	8.17538560636906e-51	0.6409791366549159
causal_gxe	15	environment	0.5	0.25	0.5132764383527978	0.2649800702068264	0.041067073764920546	0.016466854867744116	7.608205842980067e-36	2.916068360167471e-58	0.568508956318674
causal_gxe	16	environment	0.5	0.25	0.4861389397516951	0.2702183868421472	0.040071754593161854	0.01605392452523952	7.17349005080954e-34	1.4240624739568727e-63	0.9775897154752767
causal_gxe	17	environment	0.5	0.25	0.48379269683921905	0.2369448692400778	0.04159994599906264	0.01667601549373494	2.9129889124623107e-31	8.08881508654077e-46	0.8663316493675556
causal_gxe	18	environment	0.5	0.25	0.5671577515313553	0.24663375660639106	0.03899743842372206	0.015620988685201955	6.425917724880114e-48	3.7268031382532434e-56	0.48689739104290475
causal_gxe	19	environment	0.5	0.25	0.5057056492880854	0.23887352364026196	0.04002357902538228	0.016040022145676253	1.3506218587013744e-36	3.695831591345936e-50	0.7987470084175814
causal_gxe	20	environment	0.5	0.25	0.4419726291182753	0.23699345646971928	0.03783388663091603	0.01514501194511438	1.5768336607809651e-31	3.412959497999896e-55	0.7797140613364846
causal_gxe	21	environment	0.5	0.25	0.5010067739585934	0.26313456276958297	0.040751486375190014	0.01634115413216924	9.731985474725242e-35	2.4472869887981885e-58	0.6241875780719116
causal_gxe	22	environment	0.5	0.25	0.4300889886825922	0.2348639370407212	0.04081281642506577	0.016340058365077827	5.76601518899342e-26	7.588940401859846e-47	0.016283792266262996
causal_gxe	23	environment	0.5	0.25	0.5138520338546245	0.2404413625668568	0.03876250274844135	0.01553052186688975	4.1419935166089375e-40	4.5998025771882534e-54	0.948650736936524
causal_gxe	24	environment	0.5	0.25	0.4135103846665511	0.26616950984701043	0.04096389748121709	0.016414993587379096	5.842339129654295e-24	3.949253242015479e-59	0.8426271859107286
causal_gxe	25	environment	0.5	0.25	0.495630610163378	0.2514579915389114	0.03937796972074351	0.015766419650103187	2.5055456509075034e-36	2.8968220150896225e-57	0.3575042372997758
causal_gxe	26	environment	0.5	0.25	0.5307675754427703	0.23261344720871607	0.03839627968185248	0.015368713919653089	1.841322955078205e-43	9.443410077087414e-52	0.8932622613218276
causal_gxe	27	environment	0.5	0.25	0.5492901963524911	0.27737955592854835	0.03808287622421799	0.015262655484388767	3.6793122872907643e-47	8.331820093157202e-74	0.041584040659898035
causal_gxe	28	environment	0.5	0.25	0.5543959419113356	0.2519888563749353	0.03716617598726535	0.014904363343896831	2.5673447570848754e-50	3.991791499465317e-64	0.8657188535659417
causal_gxe	29	environment	0.5	0.25	0.5098307416734456	0.2725300569673649	0.0412251469703493	0.01652955385747318	3.9435150740515775e-35	4.5167222148110635e-61	0.34280846920323205
causal_gxe	30	environment	0.5	0.25	0.5420687513100491	0.25170304887682	0.040442685257531676	0.016192193255164754	5.776960620019729e-41	1.727863189416792e-54	0.6179567605532771
causal_gxe	31	environment	0.5	0.25	0.5497528399579129	0.2471332143305278	0.03810737769948338	0.015266149892459117	3.5295689851532036e-47	6.0977438888561824e-59	0.4824543278009224
causal_gxe	32	environment	0.5	0.25	0.5464840914988455	0.2636594467678076	0.04019803219473528	0.016116939976955656	4.299513607590073e-42	3.743128868306128e-60	0.9093996307548748
causal_gxe	33	environment	0.5	0.25	0.5393144808802685	0.2655447787772616	0.03956506474198564	0.015864050889707836	2.6168624031242727e-42	6.838095473354516e-63	0.5316186391761702
causal_gxe	34	environment	0.5	0.25	0.5206272332638983	0.25230803215963543	0.0386017252425302	0.015476333646024588	1.8616023096088413e-41	9.422677875681052e-60	0.3571218344883478
causal_gxe	35	environment	0.5	0.25	0.47159351701218355	0.26257410363454675	0.03970611503311794	0.015901101504931143	1.5567406612677145e-32	2.9604796530958697e-61	0.91548502023867
causal_gxe	36	environment	0.5	0.25	0.4892839389740183	0.2389163244609073	0.03948644782255779	0.015814728071874336	2.9169541379622166e-35	1.4516988642649565e-51	0.09440453472663954
causal_gxe	37	environment	0.5	0.25	0.4899812549829707	0.24439730092355338	0.04041714937035996	0.01619396167308464	7.968422389488164e-34	1.831528758144562e-51	0.39996690014280784
causal_gxe	38	environment	0.5	0.25	0.46753700156073846	0.2611031291369143	0.039768693203536404	0.01594098004840858	6.546000902942851e-32	2.685323779008665e-60	0.2460187195040539
causal_gxe	39	environment	0.5	0.25	0.46876264934389833	0.24632437655137593	0.038758645106338266	0.015534462955989965	1.1306200861928403e-33	1.2648347039900314e-56	0.8960304755450605
causal_gxe	40	environment	0.5	0.25	0.47413884225645775	0.2525825207714515	0.03828146628635175	0.015345648988875986	3.1274597805943864e-35	7.16275963013758e-61	0.819795066774847
causal_gxe	41	environment	0.5	0.25	0.4404716601982712	0.2500082668067419	0.03754080365935216	0.015029369388245714	8.619627115998295e-32	3.910482439791076e-62	0.4304333363860843
causal_gxe	42	environment	0.5	0.25	0.46001381734274294	0.27750280440838765	0.04120318127344712	0.016513271148349596	6.081756101065169e-29	2.2493591071236972e-63	0.48786732326893745
causal_gxe	43	environment	0.5	0.25	0.5243045836154157	0.2414792502490159	0.03855598695280911	0.015438780717666476	4.085861406909189e-42	3.821728586923656e-55	0.5265891987382866
causal_gxe	44	environment	0.5	0.25	0.5486834483498554	0.2681767136526644	0.03670112974208293	0.014719853897634517	1.5564988987916771e-50	3.667144852786195e-74	0.6545628738839863
causal_gxe	45	environment	0.5	0.25	0.45670900310911217	0.23909278044867885	0.04078465455761266	0.01635222609604654	4.1676063685608356e-29	2.0507524307239752e-48	0.24883800067083495
causal_gxe	46	environment	0.5	0.25	0.5214886291809441	0.23873982362155796	0.040430929977623806	0.016198761228877666	4.6037758993781315e-38	3.666757382314416e-49	0.9757793662820659
causal_gxe	47	environment	0.5	0.25	0.5245905971966185	0.23905345752467175	0.04019637835710657	0.01610139733058042	6.297189939320754e-39	7.302152724715252e-50	0.4944239015751582
causal_gxe	48	environment	0.5	0.25	0.5009977912173647	0.26194721728536235	0.03948139443004246	0.01580935359896032	6.764587519418324e-37	1.1650129771618877e-61	0.3407634549138734
causal_gxe	49	environment	0.5	0.25	0.43695986503260076	0.2330356639039478	0.040228408892037354	0.016121375506568395	1.749295723856182e-27	2.3288190284295846e-47	0.7618021719033035
causal_gxe	50	environment	0.5	0.25	0.44986924993565625	0.2646498941069357	0.03855635313116005	0.015445622009466331	1.8609426862002887e-31	8.234039681967127e-66	0.21755068670114708
causal_gxe	51	environment	0.5	0.25	0.4457629149740443	0.24248801546660168	0.040621741030241104	0.016273494387672255	5.12460196576079e-28	3.256776771196739e-50	0.665033825110416
causal_gxe	52	environment	0.5	0.25	0.4757222965528873	0.27271653334212	0.03957661318077489	0.015859375317427607	2.780001294065065e-33	2.8490451205058105e-66	0.013152381014637672
causal_gxe	53	environment	0.5	0.25	0.49315415509790955	0.24694518769169976	0.037923215775225	0.015195656959227755	1.1608145721643489e-38	2.1961697053949965e-59	0.7489292203315128
causal_gxe	54	environment	0.5	0.25	0.4884689894294406	0.2540186761171038	0.03722295981047207	0.01490151792525153	2.437997514892132e-39	3.7112097194864976e-65	0.2470503097802332
causal_gxe	55	environment	0.5	0.25	0.44379890828849494	0.24311670071215025	0.03873928588137595	0.015531873851672984	2.193084038829921e-30	3.1811602750415333e-55	0.44252084376759027
causal_gxe	56	environment	0.5	0.25	0.5378009089971113	0.23430078974036392	0.03840075023295831	0.015373992242593164	1.453648475365674e-44	1.916512137413257e-52	0.9118207352221931
causal_gxe	57	environment	0.5	0.25	0.4685234467085507	0.25896380252555307	0.03987309363848771	0.015985894226734236	7.031357877678688e-32	5.0822766787266145e-59	0.5789246217717698
causal_gxe	58	environment	0.5	0.25	0.4276333872488067	0.2575069787513335	0.03927388525920805	0.01573799873482749	1.3078786287983014e-27	3.5651493175294636e-60	0.3317697504530432
causal_gxe	59	environment	0.5	0.25	0.5577273276260073	0.283837433341289	0.04150734437939724	0.01664397554114961	3.678369258865808e-41	3.2942026649093387e-65	0.41772730336856334
causal_gxe	60	environment	0.5	0.25	0.490374111149534	0.23863475754533348	0.037818085386867796	0.015145853168507152	1.8910134590726525e-38	6.267941888043033e-56	0.8483095203516425
causal_gxe	61	environment	0.5	0.25	0.4954499919455351	0.2698869195034364	0.03825275518475759	0.01533057660269426	2.2888756324004196e-38	2.275645009977283e-69	0.6049795428808428
causal_gxe	62	environment	0.5	0.25	0.5027835245528822	0.22184000580103985	0.039020931236359906	0.015627535528443415	5.469683808277001e-38	9.774738834362823e-46	0.16351087646481555
causal_gxe	63	environment	0.5	0.25	0.503727342820241	0.2583797293323794	0.041408717523314605	0.016607498672701417	4.78817758048899e-34	1.4038351856001986e-54	0.6390466626836852
causal_gxe	64	environment	0.5	0.25	0.4961494931768574	0.2723899569059667	0.03868662183098228	0.01550126377659616	1.190416455414783e-37	4.028840366266687e-69	0.9833180282815673
causal_gxe	65	environment	0.5	0.25	0.5140660631620735	0.2490343063397121	0.04147437034788008	0.016617533262006445	2.788793339669476e-35	9.032680601708697e-51	0.49912454671346895
causal_gxe	66	environment	0.5	0.25	0.5144010699963669	0.2527366388693561	0.03907720040989563	0.015655067496674703	1.419347040294701e-39	1.2500135668915902e-58	0.9152028090316533
causal_gxe	67	environment	0.5	0.25	0.4678685920907312	0.23163210845370633	0.03923868989879761	0.015722757810513365	8.911181684016699e-33	3.999658068539902e-49	0.8026022411041894
causal_gxe	68	environment	0.5	0.25	0.4479550966231489	0.23548683102108492	0.041310605492279655	0.01653845961765133	2.1391842790251757e-27	5.266790715765117e-46	0.9004757530164331
causal_gxe	69	environment	0.5	0.25	0.43986474110607254	0.24319621665200383	0.03960605796409191	0.015877514776840202	1.1730152709533958e-28	5.885431891725562e-53	0.8187572854284346
causal_gxe	70	environment	0.5	0.25	0.4194156007501193	0.24834464490868308	0.03897131484147849	0.015613115497642075	5.193719698399796e-27	5.743364609279373e-57	0.030302008191454875
causal_gxe	71	environment	0.5	0.25	0.4587168697911097	0.25783139331057664	0.0373004817846794	0.014939681146823897	9.29819815505524e-35	9.715944647389191e-67	0.5541584674134157
causal_gxe	72	environment	0.5	0.25	0.5076933538329604	0.23494809560027843	0.03971119526974291	0.01590011222075356	1.9978456315421032e-37	2.076645425986425e-49	0.014711590672352923
causal_gxe	73	environment	0.5	0.25	0.4921245437483689	0.29936557920323414	0.038934295503872576	0.01560073086869345	1.272596170753807e-36	4.55579637585036e-82	0.6544002254081867
causal_gxe	74	environment	0.5	0.25	0.4638554464832631	0.2606175784407484	0.038807225728537245	0.01555776929369102	6.276548341126258e-33	5.512055875769252e-63	0.5326565465766808
causal_gxe	75	environment	0.5	0.25	0.5379399020357359	0.2476100764106772	0.03913256897625703	0.015679551693866492	5.337733075692562e-43	3.537030724832354e-56	0.9013102505523566
causal_gxe	76	environment	0.5	0.25	0.5346168858736996	0.2540196832796845	0.03914760921583433	0.015678388181424443	1.8480562769686657e-42	4.8892499434752365e-59	0.3896276152891751
causal_gxe	77	environment	0.5	0.25	0.3954798806789147	0.22831930190168542	0.039033274097525404	0.015636280022025394	3.989643957372618e-24	2.731505102259511e-48	0.9305437071805192
causal_gxe	78	environment	0.5	0.25	0.4165562961130673	0.23138793602141136	0.03992355803036677	0.01599638238303232	1.7370975190171773e-25	2.015564820891505e-47	0.10926316565498767
causal_gxe	79	environment	0.5	0.25	0.47796334299264226	0.23678458607820352	0.040680153945346305	0.01628503859946792	7.120603634733868e-32	6.758508399165248e-48	0.6166045638134574
causal_gxe	80	environment	0.5	0.25	0.48828266220206185	0.2279450371892734	0.03826421072463419	0.015328290278108888	2.713336424507037e-37	5.094570182161341e-50	0.6921799363102805
causal_gxe	81	environment	0.5	0.25	0.6072178836732233	0.25445136812424707	0.039007656025236495	0.015626178160055442	1.2269730110045229e-54	1.2892277293989392e-59	0.5582853825991679
causal_gxe	82	environment	0.5	0.25	0.49657203549159235	0.2288356277463438	0.03966487671869909	0.015887716897888215	5.863213812301105e-36	4.93273393542247e-47	0.45854274358053326
causal_gxe	83	environment	0.5	0.25	0.49177351291223015	0.24491662934586467	0.04030520763253202	0.016139136036641143	3.061261308348172e-34	5.152216747132503e-52	0.878140018056031
causal_gxe	84	environment	0.5	0.25	0.4918560996239512	0.24817452776611154	0.03923673901775583	0.015721548550384823	4.767343776356769e-36	3.9073673699048117e-56	0.6810455760652792
causal_gxe	85	environment	0.5	0.25	0.5397040353443805	0.24901114436719418	0.03792428268897037	0.01519956279350591	5.875527974466549e-46	2.538558035617994e-60	0.5207876671765045
causal_gxe	86	environment	0.5	0.25	0.4876527914840785	0.2500590854436388	0.03877480746405089	0.015529729074074707	2.842190992165605e-36	2.4714752218590405e-58	0.21846403332366748
causal_gxe	87	environment	0.5	0.25	0.46648049245712275	0.24028508827730125	0.03860978528799579	0.015479214799680186	1.3160372672904773e-33	2.4214414868467013e-54	0.762072954817516
causal_gxe	88	environment	0.5	0.25	0.5200743531656361	0.2555558143554126	0.04146018095046808	0.016625807860160515	4.290747244081326e-36	2.560602194146112e-53	0.6380368499076601
causal_gxe	89	environment	0.5	0.25	0.5045549607012715	0.23763576629556019	0.03803399656895862	0.015229601541539921	3.6504211861596415e-40	6.886226799138791e-55	0.4472225892461194
causal_gxe	90	environment	0.5	0.25	0.49553752184930266	0.24837569759374237	0.03987531957713628	0.015976612882617654	1.8609832536288763e-35	1.688174785778853e-54	0.38579302099611207
causal_gxe	91	environment	0.5	0.25	0.4483877493497058	0.2504416157083439	0.04022278170767925	0.01611244416675766	7.355829457536339e-29	1.7646641322929442e-54	0.1801756657228458
causal_gxe	92	environment	0.5	0.25	0.5550054293136122	0.24213286199508322	0.04013248648531843	0.01607938133010634	1.6959097743466228e-43	3.03169846702382e-51	0.09683729072636996
causal_gxe	93	environment	0.5	0.25	0.5764241901406136	0.2482836891552918	0.04020042963059784	0.01610328456336223	1.2527926267630811e-46	1.234955582834267e-53	0.8505316299751755
causal_gxe	94	environment	0.5	0.25	0.5138596052508558	0.21780290753021894	0.03876059541244726	0.015532186761339587	4.095450217793547e-40	1.13253254306072e-44	0.2971510873821192
causal_gxe	95	environment	0.5	0.25	0.5975435888481757	0.24499715983616768	0.037842283549935955	0.015158822483316193	3.6245833945192854e-56	9.345192835688981e-59	0.8878503559246573
causal_gxe	96	environment	0.5	0.25	0.44693220609835427	0.2509120344331344	0.03829871767861839	0.015340187906313382	1.821949033062445e-31	3.9085663401900063e-60	0.7417653629896952
causal_gxe	97	environment	0.5	0.25	0.4964800608387301	0.2611317418660196	0.03991263640515605	0.01600484268848718	1.6015990909377373e-35	7.620680681473728e-60	0.6457306298772754
causal_gxe	98	environment	0.5	0.25	0.4356731753372144	0.293206841070216	0.042219731879706686	0.016926085014005138	5.771162820351613e-25	3.166842137900896e-67	0.8484610948504996
causal_gxe	99	environment	0.5	0.25	0.429284786208552	0.2513568269136559	0.037983770304188515	0.015227616343197038	1.2856289369271556e-29	3.2866459556947336e-61	0.39688683738271896
causal_gxe	100	environment	0.5	0.25	0.47351106517320396	0.22031018669738073	0.040003921283423574	0.01602720609365341	2.524333775531891e-32	5.381435444759495e-43	0.9915431783815667
causal_gxe	101	environment	0.5	0.25	0.5373550389798419	0.24839653799224504	0.03772679225190277	0.015113829795776008	4.932186494928872e-46	1.0733735523738064e-60	0.47789009292088525
causal_gxe	102	environment	0.5	0.25	0.5350996107016316	0.2590362853024699	0.03703166962720001	0.014838008492903348	2.5147487590579834e-47	3.012437911439537e-68	0.9986756141855707
causal_gxe	103	environment	0.5	0.25	0.4883731375548825	0.23981289257256713	0.04029320192135617	0.016127669515102055	8.227113066537406e-34	5.187946913590673e-50	0.1983587529416815
causal_gxe	104	environment	0.5	0.25	0.4234466099107327	0.2592229333842528	0.038486175654834046	0.015430033445261818	3.714185042088911e-28	2.444786261297385e-63	0.5389875603320288
causal_gxe	105	environment	0.5	0.25	0.5096133573927094	0.24795490696142963	0.04122519865886576	0.016524892178270557	4.21177768327723e-35	6.81593039701311e-51	0.9183146050000253
causal_gxe	106	environment	0.5	0.25	0.48510863121381886	0.24490396058181033	0.038190638734433485	0.015296108022235615	5.742321810312022e-37	1.0730303048069591e-57	0.17288073757086622
causal_gxe	107	environment	0.5	0.25	0.515583971487542	0.2442483929181051	0.04007235458354885	0.016059636046825847	6.963666722924952e-38	3.0898180930263392e-52	0.32259380106421565
causal_gxe	108	environment	0.5	0.25	0.5106211740668479	0.2505332878130238	0.04083260755332806	0.016359981960770573	6.989668412881645e-36	6.185457924491194e-53	0.9689579296057752
causal_gxe	109	environment	0.5	0.25	0.5491347866054171	0.2387415045361728	0.040063122901054904	0.016044004655892088	9.252310995936834e-43	4.417273793156865e-50	0.7656233055023776
causal_gxe	110	environment	0.5	0.25	0.49000511299396166	0.2663083295723407	0.03924864105390731	0.01573128936031215	9.055317139666196e-36	2.769999287822385e-64	0.8278931457966381
causal_gxe	111	environment	0.5	0.25	0.45725233165566703	0.24416472004658296	0.039797057688457566	0.015948890640676214	1.4879681771008064e-30	6.637765510808253e-53	0.3094833668744988
causal_gxe	112	environment	0.5	0.25	0.46498199845014854	0.24874624027583198	0.03939386294381263	0.015786850170135376	3.747995493462516e-32	6.192565877311993e-56	0.9457120169459853
causal_gxe	113	environment	0.5	0.25	0.5062719673181034	0.2670716181432968	0.03967582016738394	0.015902195608840274	2.7344781861073053e-37	2.671294391146027e-63	0.631919267852752
causal_gxe	114	environment	0.5	0.25	0.5169250256201761	0.23560021985794866	0.04053661554910914	0.016236110323068046	3.0364627428253065e-37	1.0338832817609494e-47	0.08231945643911545
causal_gxe	115	environment	0.5	0.25	0.5666521999130826	0.2528459905504215	0.04079516014870781	0.01634024633652561	7.265046532084157e-44	5.212219472662711e-54	0.17646289968172132
causal_gxe	116	environment	0.5	0.25	0.4407996181876879	0.23769855329555273	0.03983855720929131	0.015941095960097084	1.861921548080884e-28	2.7930569282588475e-50	0.23762896125721653
causal_gxe	117	environment	0.5	0.25	0.5316019745755488	0.2334283707658851	0.03849444296772081	0.015419353523041503	2.223347544281877e-43	9.002763404277508e-52	0.9035757489168714
causal_gxe	118	environment	0.5	0.25	0.5273081290251541	0.24036046455599172	0.039099952582362874	0.015649000796727344	1.8868021688602947e-41	3.060344267961791e-53	0.031552176912616484
causal_gxe	119	environment	0.5	0.25	0.4443886932061216	0.24538838388706272	0.03922771737053033	0.015716506129605963	9.488363729149377e-30	5.898996512435248e-55	0.9748679061793358
causal_gxe	120	environment	0.5	0.25	0.5091546346197976	0.24831749706850953	0.03842126838485298	0.0153930643876345	4.399490658892445e-40	1.5256432733411291e-58	0.785619070976399
causal_gxe	121	environment	0.5	0.25	0.37529046740794825	0.2449992654282546	0.03841911618065078	0.015386350114609938	1.5397444476119183e-22	4.3772356456128154e-57	0.7407329867079084
causal_gxe	122	environment	0.5	0.25	0.5121049140769305	0.21718578026255794	0.038400828251314786	0.015369898903039312	1.4335167661124079e-40	2.4606476848747093e-45	0.8458855978476071
causal_gxe	123	environment	0.5	0.25	0.4869090425157159	0.23039698258414698	0.038911810936293256	0.01558458945846089	6.327054787318032e-36	1.8678826168337158e-49	0.7919726182260665
causal_gxe	124	environment	0.5	0.25	0.5161275866570669	0.25166054367769264	0.03863909998935878	0.015488468900278973	1.068850575011038e-40	2.298247580812797e-59	0.30811466411255173
causal_gxe	125	environment	0.5	0.25	0.4621405742981392	0.2684230212190202	0.03783853602151392	0.015171846512677481	2.6334612184679527e-34	4.817607933519117e-70	0.025204299047276536
causal_gxe	126	environment	0.5	0.25	0.4631091110728192	0.2408371642731632	0.03929155656860875	0.01573773319642442	4.5830302156838145e-32	7.2824574671745695e-53	0.727484039837807
causal_gxe	127	environment	0.5	0.25	0.4950781947308821	0.2484501381109298	0.03950624684300778	0.01581883507463411	5.01134035140757e-36	1.3765748598867844e-55	0.4065465715412458
causal_gxe	128	environment	0.5	0.25	0.447778262828984	0.25167437066372916	0.04051912756076055	0.016244929516111978	2.1670399131546164e-28	3.899066132587359e-54	0.9198405813314776
causal_gxe	129	environment	0.5	0.25	0.4650382303194713	0.24679541117147963	0.04114122775245653	0.016480011233051546	1.2614755608715827e-29	1.062630370626526e-50	0.7183997431452575
causal_gxe	130	environment	0.5	0.25	0.4932050449333352	0.2550717549972039	0.038274486181003896	0.015335474859419333	5.397107047386417e-38	4.033563076429566e-62	0.7865135148986311
causal_gxe	131	environment	0.5	0.25	0.5810217932744334	0.22577724318076017	0.03859205954858502	0.01545031001803462	3.178078117051954e-51	2.316593031696187e-48	0.23854446395755613
causal_gxe	132	environment	0.5	0.25	0.48379611002555967	0.25618965386202514	0.039419931580766676	0.01580088640950605	1.2666548938364048e-34	4.040157748513476e-59	0.608209488486076
causal_gxe	133	environment	0.5	0.25	0.5307655232417745	0.25385894675581494	0.03903700068647145	0.015646040009818618	4.202148381025717e-42	3.3503768736676306e-59	0.7357345363301242
causal_gxe	134	environment	0.5	0.25	0.4370412975160778	0.23015935360913467	0.038481631448874315	0.015412296493096127	6.834517137682293e-30	1.9954739571180084e-50	0.2960668644795253
causal_gxe	135	environment	0.5	0.25	0.4239890498490393	0.2480226765823172	0.04018127902283599	0.016093702181292396	4.9777311525069425e-26	1.3770978463636705e-53	0.8159387069834525
causal_gxe	136	environment	0.5	0.25	0.4576966891855145	0.26261753276778477	0.039691852915807256	0.015913341119953406	9.180075346940678e-31	3.4923100821824194e-61	0.7524092180737681
causal_gxe	137	environment	0.5	0.25	0.4936025428924647	0.25092402612945325	0.03857873241649035	0.01545906915467435	1.755737861785435e-37	3.019423680344048e-59	0.8507755401450828
causal_gxe	138	environment	0.5	0.25	0.5022942754182618	0.2661865135263881	0.039457208283318876	0.015804435532196095	4.023146675181153e-37	1.190575475165746e-63	0.12254994920110296
causal_gxe	139	environment	0.5	0.25	0.508711484921498	0.2559499779765803	0.03926531711447198	0.015721485920352222	2.1800567550125364e-38	1.3627455619929638e-59	0.4119762885129292
causal_gxe	140	environment	0.5	0.25	0.5313524924332309	0.2519606222437907	0.04119798097958849	0.016490272332703067	4.647126442775126e-38	1.049845962791364e-52	0.0019342508990679097
causal_gxe	141	environment	0.5	0.25	0.5138483577397581	0.27279418911841435	0.0400815285092906	0.01606127521500261	1.2657166892381824e-37	1.067956318394124e-64	0.4518466670797748
causal_gxe	142	environment	0.5	0.25	0.45817853456945146	0.25830273512628515	0.03954264008973051	0.015844344505697872	4.799274737578597e-31	9.470633644807209e-60	0.6819800178049824
causal_gxe	143	environment	0.5	0.25	0.45973534219898704	0.27587423382152	0.03982315298067241	0.015969943873004006	7.876784519504194e-31	7.309089904583813e-67	0.714881735312532
causal_gxe	144	environment	0.5	0.25	0.4639086832043498	0.2370464077448536	0.03933531979793355	0.015756293796551708	4.206813783865364e-32	3.7485320595859605e-51	0.13773706017557524
causal_gxe	145	environment	0.5	0.25	0.4936909273325824	0.25863887850678136	0.03989086593548744	0.015985532558359845	3.5230383844903217e-35	7.0295312939650635e-59	0.6261927956261126
causal_gxe	146	environment	0.5	0.25	0.47576586811519944	0.26096165694990725	0.040036743271182014	0.01603389462366468	1.4466545499635743e-32	1.4701068842813144e-59	0.8997312057431921
causal_gxe	147	environment	0.5	0.25	0.42661795398218816	0.23625799707723952	0.040031670162829276	0.016029612100262536	1.6171106121461438e-26	3.629291568697613e-49	0.48610615842236815
causal_gxe	148	environment	0.5	0.25	0.5294024674036639	0.264128145033105	0.0399890538727086	0.016031345477870086	5.245964382574032e-40	5.482134954004825e-61	0.24757953377813116
causal_gxe	149	environment	0.5	0.25	0.5468750840315086	0.29024601487156504	0.03850084231977344	0.015432288995279587	8.62369530430145e-46	6.529827477665799e-79	0.9049117455753991
causal_gxe	150	environment	0.5	0.25	0.5449700031631397	0.24613498313996468	0.03887543422124043	0.015582122792276968	1.203565945687725e-44	3.3157148528900344e-56	0.42347556907854
causal_gxe	151	environment	0.5	0.25	0.5030097810507318	0.2524124492142743	0.03776999750483337	0.015136993194514193	1.826295736496382e-40	1.9853259427083313e-62	0.5825055978229478
causal_gxe	152	environment	0.5	0.25	0.40867207473181777	0.25097782717900174	0.040516986750420404	0.016234148769981194	6.3429542374545945e-24	6.472917973049618e-54	0.3397408721329944
causal_gxe	153	environment	0.5	0.25	0.5040707648617065	0.26181471758836933	0.03867621472117214	0.015516782342587044	7.932396485752045e-39	7.108843812458771e-64	0.26803903062589673
causal_gxe	154	environment	0.5	0.25	0.5026395434037374	0.21363401473843924	0.03919075517427943	0.015692742806336833	1.1808052695491448e-37	3.3266108859762553e-42	0.8509355079776154
causal_gxe	155	environment	0.5	0.25	0.4928446264454463	0.22911269696425166	0.038555866296717825	0.015458567785883939	2.050687082199309e-37	1.0704655967740147e-49	0.5892233973956572
causal_gxe	156	environment	0.5	0.25	0.4887561120645821	0.2613871586675348	0.03879376787090809	0.015540462081350735	2.142979775498492e-36	1.748056210620303e-63	0.23013294229318076
causal_gxe	157	environment	0.5	0.25	0.5605887006531278	0.25389659073864623	0.03867217718707351	0.015478981524871057	1.285723112581534e-47	1.8302142309398553e-60	0.8965970110889058
causal_gxe	158	environment	0.5	0.25	0.508246447881348	0.24107160367983657	0.039956536126878536	0.016007092825497202	4.579616385758422e-37	2.9544790654628365e-51	0.133848925578796
causal_gxe	159	environment	0.5	0.25	0.5295907686941327	0.25745169080655195	0.04010978898356294	0.01606543949885799	8.371900081725386e-40	8.523250393789332e-58	0.31118116758689984
causal_gxe	160	environment	0.5	0.25	0.44506818677595095	0.257476205201363	0.0396705792317021	0.015902774588959105	3.2859830324370286e-29	5.870828522791437e-59	0.26941144527512517
causal_gxe	161	environment	0.5	0.25	0.5095001235570853	0.25547689002043866	0.03667568901030833	0.01469011418366809	7.079042452651697e-44	9.640748174256715e-68	0.8702264951567259
causal_gxe	162	environment	0.5	0.25	0.49459562449657957	0.27050380083929143	0.04049714749025058	0.016232608926918104	2.64618247281206e-34	2.3857216369756954e-62	0.6570377364928128
causal_gxe	163	environment	0.5	0.25	0.48988891518002564	0.23433889730427584	0.04028147218116261	0.016142954946586685	4.9747481520394425e-34	9.527754538245562e-48	0.3770961365806628
causal_gxe	164	environment	0.5	0.25	0.48328646143837156	0.21952097295058687	0.04033618295888294	0.016153102820169823	4.444139411416047e-33	4.589617518471125e-42	0.6467731837735197
causal_gxe	165	environment	0.5	0.25	0.5274220393479653	0.2765738536167782	0.03849329829308228	0.015419963714697693	9.923108995533752e-43	6.164317856374985e-72	0.6765972986465701
causal_gxe	166	environment	0.5	0.25	0.49427507910360524	0.22359427146228528	0.040678521460388625	0.016279122534175478	5.683261364402307e-34	6.262825999008901e-43	0.5562211854317863
causal_gxe	167	environment	0.5	0.25	0.47569141940924664	0.23916330467769303	0.036842645236440354	0.014773131797550581	3.8800213809753646e-38	6.022939258427149e-59	0.9462939312833107
causal_gxe	168	environment	0.5	0.25	0.4622200882420646	0.24157980816712168	0.04089521076785308	0.01638909000854843	1.274648696871344e-29	3.552981357222234e-49	0.28567985708256877
causal_gxe	169	environment	0.5	0.25	0.4633076941078917	0.23522727376819838	0.037842079804320396	0.01515630600949815	1.8271245107593188e-34	2.5368436389621192e-54	0.9755652546867852
causal_gxe	170	environment	0.5	0.25	0.5215980882231774	0.2517776189109258	0.039162825820374836	0.015692062546166747	1.802083887478161e-40	6.205598400896471e-58	0.7448787486441689
causal_gxe	171	environment	0.5	0.25	0.4878821803946927	0.2415055447084717	0.039628816061732706	0.01586850710071221	7.874603981385972e-35	2.638477596830813e-52	0.5133626039180249
causal_gxe	172	environment	0.5	0.25	0.5285067761252592	0.24712069353337485	0.039824559482562825	0.015958608654915867	3.41566030925869e-40	4.3736377578511125e-54	0.5859984390764345
causal_gxe	173	environment	0.5	0.25	0.4863424690699811	0.23674435373219613	0.038915736760799124	0.01559485282962678	7.720919497351463e-36	4.730342746927018e-52	0.971668010828241
causal_gxe	174	environment	0.5	0.25	0.5093373038296908	0.2648641910814598	0.03991618204890143	0.015986728698567685	2.7360023449986755e-37	1.1919509025825786e-61	0.44340845521153543
causal_gxe	175	environment	0.5	0.25	0.5045665947658551	0.24809359897716665	0.03875128527699614	0.015525521754051655	9.338302186454679e-39	1.7691907491451864e-57	0.7041082873145318
causal_gxe	176	environment	0.5	0.25	0.5123536836368706	0.2286749179572697	0.0391058728831075	0.015660174211205025	3.219351952376029e-39	2.71437513479282e-48	0.09510547961707655
causal_gxe	177	environment	0.5	0.25	0.5514810700425443	0.2284875760018173	0.03916203604361274	0.015678525568631745	4.898042737773376e-45	4.154422128355449e-48	0.6589917464424113
causal_gxe	178	environment	0.5	0.25	0.4908494887995474	0.2612803108161919	0.039921207803975046	0.015986240258648726	9.581349997712385e-35	4.7939024192234157e-60	0.16483426408501667
causal_gxe	179	environment	0.5	0.25	0.4666426840021283	0.24702817206337352	0.0376847470410778	0.01509548247309165	3.238442347516218e-35	3.435229380997948e-60	0.4803339798683811
causal_gxe	180	environment	0.5	0.25	0.5365501067062162	0.2629866812759906	0.03830071780435937	0.0153546787545938	1.37559878620863e-44	9.260695311290789e-66	0.8220033998792513
causal_gxe	181	environment	0.5	0.25	0.455822989576084	0.28147454034301245	0.03626098727809881	0.01453998164434659	3.063232051265963e-36	1.723142809741344e-83	0.28547413596496785
causal_gxe	182	environment	0.5	0.25	0.44610801539395784	0.26868115379713037	0.04151431426325811	0.0166278927012127	6.196528805372944e-27	9.900272119798725e-59	0.9566988184183406
causal_gxe	183	environment	0.5	0.25	0.4838972573355738	0.26119906459597286	0.03873597221606626	0.015531634970660145	8.235148270510233e-36	1.8249673834958008e-63	0.7545557270002198
causal_gxe	184	environment	0.5	0.25	0.5093293395329322	0.26333997093693806	0.038738441531209325	0.015519741001532328	1.7495554903093384e-39	1.4151938322656416e-64	0.15544471339891824
causal_gxe	185	environment	0.5	0.25	0.4920732068665973	0.23533506122067652	0.0402830476152214	0.01613453863922876	2.5725933081836437e-34	3.4587296242275707e-48	0.5618540572716865
causal_gxe	186	environment	0.5	0.25	0.5526638573556852	0.23766989825983348	0.03893082532474856	0.01560433425285193	9.692677490417904e-46	2.2013643792356715e-52	0.34539513811590855
causal_gxe	187	environment	0.5	0.25	0.4610675881394647	0.23871693673919	0.03884472870783739	0.015561479693449133	1.7047923871429922e-32	4.116279857561222e-53	0.12275890870597306
causal_gxe	188	environment	0.5	0.25	0.5096686627435904	0.24320558723816044	0.03875681886869711	0.015525598152600375	1.6921928928635078e-39	2.6320386770494094e-55	0.34361129583856703
causal_gxe	189	environment	0.5	0.25	0.5296075179830217	0.2534860177391713	0.04042120246055111	0.016184338464107516	3.197625251374621e-39	2.7326738521739157e-55	0.5635438829387176
causal_gxe	190	environment	0.5	0.25	0.45678532653198756	0.24183421436568098	0.038877610838044974	0.015573649977941289	7.119295299893151e-32	2.2279376592059167e-54	0.23145190876552552
causal_gxe	191	environment	0.5	0.25	0.5116936355663112	0.24403289952926	0.0397651619476243	0.01593431356517585	6.824305353438836e-38	6.077712228728579e-53	0.9926168920024896
causal_gxe	192	environment	0.5	0.25	0.5364795791670315	0.23709833052251467	0.039033318517092595	0.015629809072411405	5.522176306943706e-43	5.619762139221409e-52	0.6482519121745265
causal_gxe	193	environment	0.5	0.25	0.5450928647071445	0.2700696621569298	0.0391968690603711	0.015708835564642133	5.780829528561448e-44	3.037098337630403e-66	0.1932208613581651
causal_gxe	194	environment	0.5	0.25	0.5029889621926589	0.24681635060254775	0.03949392694754351	0.015830218173865953	3.73725069207696e-37	8.319857782265153e-55	0.9695498451396445
causal_gxe	195	environment	0.5	0.25	0.47843215101645614	0.25015134576886106	0.03867777962644537	0.015494592986929588	3.812892421145833e-35	1.242947612587847e-58	0.28773984475474057
causal_gxe	196	environment	0.5	0.25	0.4227101750032486	0.2340861094543033	0.038980912201807716	0.0156095345004717	2.1288238509209666e-27	7.756430593295455e-51	0.6437254455325597
causal_gxe	197	environment	0.5	0.25	0.4784420426563236	0.25475070425349505	0.039428778638154846	0.015794804547627585	6.947135210964112e-34	1.601895822679142e-58	0.6149659608288356
causal_gxe	198	environment	0.5	0.25	0.5388117163774928	0.24888188788169274	0.03749785795564483	0.0150254033863408	8.08366151719731e-47	1.2671669218183916e-61	0.4664736816226679
causal_gxe	199	environment	0.5	0.25	0.5171172301841384	0.253260882103328	0.04151591266015404	0.016624642555457498	1.299104119122896e-35	2.10112035788645e-52	0.6445799720736163
causal_gxe	200	environment	0.5	0.25	0.48652710518543285	0.26399314413531466	0.040032364949639784	0.016047907626865247	5.506625646533329e-34	8.343245426814184e-61	0.5173344648721967
causal_gxe	201	environment	0.5	0.25	0.4885293770795464	0.2521969938622597	0.039753935362618585	0.01592442768917966	1.0399958536660188e-34	1.725578894997033e-56	0.6363989661847849
causal_gxe	202	environment	0.5	0.25	0.46553529435967234	0.23714785673939476	0.03980494660276742	0.015952423431383075	1.3453094581395053e-31	5.483524760161723e-50	0.6824955599716281
causal_gxe	203	environment	0.5	0.25	0.43914595542346985	0.2555923593612219	0.03950147867773463	0.015822424966920278	1.0346499242919053e-28	1.0676848694943272e-58	0.6381915926758809
causal_gxe	204	environment	0.5	0.25	0.515668500378842	0.26189716516415895	0.040020500686668195	0.016044611074960868	5.459854506534019e-38	6.765638826562758e-60	0.30630143508453356
causal_gxe	205	environment	0.5	0.25	0.4083861981337293	0.24924078330556643	0.03895554010386124	0.015614012431898742	1.0298248968402749e-25	2.3269569817908655e-57	0.9510966685059562
causal_gxe	206	environment	0.5	0.25	0.4788241119126822	0.25166716900267005	0.039178800254289006	0.015701392230031065	2.3861005364866698e-34	8.102518962474174e-58	0.48940757549400027
causal_gxe	207	environment	0.5	0.25	0.4503657289577931	0.24563635574722525	0.03916814852291181	0.01570032304712603	1.3459460078095174e-30	3.5764692421821116e-55	0.20045415209473016
causal_gxe	208	environment	0.5	0.25	0.4849653378124234	0.2392179015546067	0.038017109748288584	0.015228691263719119	2.8679295913239025e-37	1.3254534777483404e-55	0.12495096947427278
causal_gxe	209	environment	0.5	0.25	0.44352786192426585	0.25841174307187215	0.038798397250608546	0.015547558684661907	2.9069336913339843e-30	4.933000448286779e-62	0.9252407152278598
causal_gxe	210	environment	0.5	0.25	0.49347862186950214	0.2213578479278694	0.03947684869383619	0.015818466122440897	7.422402424252692e-36	1.704702867521693e-44	0.7254107999841054
causal_gxe	211	environment	0.5	0.25	0.44094058482014903	0.22599334156306397	0.04040583243382152	0.01619590479160754	1.0012909057073294e-27	2.9855761381721144e-44	0.23044699606552332
causal_gxe	212	environment	0.5	0.25	0.5335545215042294	0.2454540889718918	0.03795827414807538	0.015212195188425174	7.043293884000532e-45	1.4398974391302451e-58	0.47912159092454853
causal_gxe	213	environment	0.5	0.25	0.4415162397373394	0.21354766827297433	0.04033687998416959	0.01615116807851045	6.966115972487867e-28	6.566494485041595e-40	0.4441236083718601
causal_gxe	214	environment	0.5	0.25	0.488129612140912	0.2419877258055525	0.03718259000120444	0.014899690931299852	2.278654622982835e-39	2.5815105920255664e-59	0.35271464582309975
causal_gxe	215	environment	0.5	0.25	0.53552467874011	0.26701464142389153	0.03913938638626325	0.015684626310528773	1.2917283375970476e-42	5.454179573215911e-65	0.4822202068440058
causal_gxe	216	environment	0.5	0.25	0.5588461775924666	0.24468968479437703	0.039238042792667606	0.01570746809005645	4.9939121192664595e-46	1.0284684222112376e-54	0.40443694003373126
causal_gxe	217	environment	0.5	0.25	0.5072690878301023	0.25171939479960137	0.03809905542560169	0.015269883545604256	1.9069710768314703e-40	4.726627615937456e-61	0.8573955072014605
causal_gxe	218	environment	0.5	0.25	0.4187113121967753	0.2465138680932196	0.04038769938706751	0.016182139824438037	3.492610619239023e-25	2.1128706087851274e-52	0.26761376512660934
causal_gxe	219	environment	0.5	0.25	0.4981889609938841	0.25972227751494203	0.03782508871751207	0.015155706566794607	1.2911786831464709e-39	7.86980405742049e-66	0.859243063182627
causal_gxe	220	environment	0.5	0.25	0.52073051759866	0.23457680335400177	0.038816242529940564	0.015541398669816388	4.921129060670336e-41	1.7823533598954737e-51	0.9941539902332559
causal_gxe	221	environment	0.5	0.25	0.43425337102630684	0.246943996482085	0.03874595114806014	0.015515559851981307	3.7373921698693734e-29	4.916024321881218e-57	0.7548526400966801
causal_gxe	222	environment	0.5	0.25	0.49340132923164565	0.2366525092658438	0.040070196389771315	0.016047678337284085	7.669857214825424e-35	3.2242183606786957e-49	0.6455200889672468
causal_gxe	223	environment	0.5	0.25	0.45642429953115693	0.24470923938734057	0.03996757046008985	0.016012025376280787	3.3274654066209805e-30	9.950625173363122e-53	0.9652767835453713
causal_gxe	224	environment	0.5	0.25	0.5843468891896113	0.23488407217284965	0.03849449668933758	0.015426846050677892	4.797001668419706e-52	2.3889741693116223e-52	0.5096615560561292
causal_gxe	225	environment	0.5	0.25	0.38503922292445075	0.2272319601689477	0.038072260484214124	0.015254355795140423	4.819254223932971e-24	3.4885567835776e-50	0.5759891563830726
causal_gxe	226	environment	0.5	0.25	0.4906525690733403	0.25221905883242524	0.0391076323529954	0.01566159994443974	4.1699552453433684e-36	2.379869727626949e-58	0.7773863406685924
causal_gxe	227	environment	0.5	0.25	0.47894053466963665	0.2700158199006065	0.04066554320874032	0.016284696705936668	5.095161716963799e-32	9.569624177743417e-62	0.658170206964687
causal_gxe	228	environment	0.5	0.25	0.5133177522826959	0.2698695080017289	0.0378733030617958	0.015175667850809187	7.548790285247382e-42	9.565014807239811e-71	0.7201405830816813
causal_gxe	229	environment	0.5	0.25	0.47631724258137476	0.2916603376814024	0.04101292327789053	0.016450898167323813	3.5054175555053e-31	2.4981002724755185e-70	0.7202822824857457
causal_gxe	230	environment	0.5	0.25	0.5042320078768993	0.25882775729908636	0.03977157481627393	0.015923487070892653	7.810422480014167e-37	2.076744775127012e-59	0.0494172910244003
causal_gxe	231	environment	0.5	0.25	0.502501096176412	0.24615166781387787	0.040227640108773666	0.01612774892217901	8.313662376135446e-36	1.3569345437328653e-52	0.4761800590515182
causal_gxe	232	environment	0.5	0.25	0.47213620336984835	0.24269918611907998	0.03868040382360694	0.015498043852758984	2.8844624216193526e-34	2.8394925522638524e-55	0.9911151410048042
causal_gxe	233	environment	0.5	0.25	0.5146776498089998	0.2503126734594488	0.03902244672594211	0.015635867606845703	1.0115787050626422e-39	1.1079236323317069e-57	0.38259296404974363
causal_gxe	234	environment	0.5	0.25	0.4653387302801474	0.24997753361889508	0.03714112268819827	0.014872647621590577	5.1853992110289694e-36	2.1371212445396255e-63	0.471047832833662
causal_gxe	235	environment	0.5	0.25	0.4521523319674973	0.2519795970100053	0.03839251519124198	0.015387450102024995	5.122779840403716e-32	2.854112100378989e-60	0.12391602589789227
causal_gxe	236	environment	0.5	0.25	0.5062851330706476	0.2890467815535794	0.03935986855920981	0.01577762322858416	7.27198305402475e-38	5.726453687295886e-75	0.10888444515359019
causal_gxe	237	environment	0.5	0.25	0.5704699292069044	0.25292806397236495	0.038297483037851535	0.015362723993154612	3.511943090454488e-50	6.682768370522567e-61	0.09827578254683089
causal_gxe	238	environment	0.5	0.25	0.5643021953890366	0.2393615604815933	0.03801404868807135	0.015239131950844385	7.543729791350194e-50	1.353659744899403e-55	0.3325316345543093
causal_gxe	239	environment	0.5	0.25	0.5205516316871426	0.23796745514724368	0.042036110849281466	0.01684403063237179	3.2127364453080744e-35	2.5637244825155143e-45	0.8171292024245813
causal_gxe	240	environment	0.5	0.25	0.5322475429949102	0.24111940497934783	0.03981639016054981	0.01595550985623858	9.357380795973635e-41	1.350132416257404e-51	0.6770554865634308
causal_gxe	241	environment	0.5	0.25	0.4560453967618454	0.2479862966682136	0.03650137666449923	0.014618402501116172	8.057992145228523e-36	1.5170958504388719e-64	0.4411690012825538
causal_gxe	242	environment	0.5	0.25	0.559631974224702	0.2529884788192392	0.03782035476386867	0.015147025030899607	1.5291137812753532e-49	1.2634276798844727e-62	0.8888988449775015
causal_gxe	243	environment	0.5	0.25	0.5177637466912479	0.2700751177815705	0.039891312955451806	0.015996149136868556	1.6021187124532328e-38	5.924968703579278e-64	0.37614948572739343
causal_gxe	244	environment	0.5	0.25	0.466731501013458	0.23245516398637117	0.04021222234571171	0.016105619447912167	3.810057486185206e-31	3.2002158780400894e-47	0.9273483552551461
causal_gxe	245	environment	0.5	0.25	0.4769678634221326	0.25633488779012464	0.03842709042093281	0.015399118459424082	2.2417253531865925e-35	3.2310883068401907e-62	0.7798082650152248
causal_gxe	246	environment	0.5	0.25	0.4685692351558091	0.25817853226786747	0.040942690751127386	0.016403212720285498	2.505017155734603e-30	8.10688732764966e-56	0.7846377975483347
causal_gxe	247	environment	0.5	0.25	0.5226638063941953	0.23429306751028048	0.03919981300500326	0.015700666657742637	1.4814685069626933e-40	2.353193641147809e-50	0.7506139669018302
causal_gxe	248	environment	0.5	0.25	0.467247082029451	0.26701374484634627	0.04198943531686157	0.016818599002741675	9.194765019228299e-29	9.277143264910988e-57	0.07109273817714011
causal_gxe	249	environment	0.5	0.25	0.46998038697076183	0.2558520819539448	0.04002516644117291	0.016039110551251214	7.751674549154191e-32	2.7696873322525185e-57	0.32531077084195703
causal_gxe	250	environment	0.5	0.25	0.5372753181663907	0.2549178250246046	0.03870197755867505	0.01550052467200046	8.101577481511303e-44	8.995692689660572e-61	0.18773862646409797
causal_gxe	251	environment	0.5	0.25	0.47890300507620825	0.2638663969062927	0.03954391984029175	0.01584607415905035	9.274381790332252e-34	2.9340695971300847e-62	0.5461811884339107
causal_gxe	252	environment	0.5	0.25	0.5583911081277947	0.2509194066549457	0.04049003543659326	0.016228843460910622	2.8941950005142027e-43	6.328428807469082e-54	0.12302425026276625
causal_gxe	253	environment	0.5	0.25	0.49568957027850236	0.24728658390531086	0.03930531538317129	0.01574793976918062	1.830418916145817e-36	1.4473517361416396e-55	0.6567153687008684
causal_gxe	254	environment	0.5	0.25	0.5208631889869169	0.27015632383049765	0.04231620974235173	0.016952404594736438	8.118790866863076e-35	3.555103573736804e-57	0.2140786369689786
causal_gxe	255	environment	0.5	0.25	0.4484708936318947	0.2684392192169515	0.03970773118286922	0.015913303106088104	1.400205708325992e-29	7.625894295530386e-64	0.49728571257024673
causal_gxe	256	environment	0.5	0.25	0.5236244354936348	0.23299928461384317	0.037888668474738624	0.015180089502454874	1.928549725557682e-43	3.5965498441470124e-53	0.05216117862753449
causal_gxe	257	environment	0.5	0.25	0.4563792692322723	0.24897596700428803	0.038713218542514055	0.01551273930160227	4.462752991386162e-32	5.7372161136524425e-58	0.5683514094561759
causal_gxe	258	environment	0.5	0.25	0.46210541165896346	0.22694370007452214	0.039550142802972435	0.01584029338605856	1.5380930205145078e-31	1.4841842169149725e-46	0.08636724345287423
causal_gxe	259	environment	0.5	0.25	0.5599323965775822	0.26764703651644794	0.03840960595300073	0.015393087139082171	3.8812945111808315e-48	1.0264446100863475e-67	0.4452985277996143
causal_gxe	260	environment	0.5	0.25	0.5572230402561468	0.23445294492008928	0.04047147624607991	0.01622327089029085	3.954606185266003e-43	2.4477079763588207e-47	0.727285843008132
causal_gxe	261	environment	0.5	0.25	0.4929588062045928	0.25744715021703274	0.037843996468445	0.015166690395696306	8.69654583634741e-39	1.2680648093639344e-64	0.5814586263038892
causal_gxe	262	environment	0.5	0.25	0.5718446541565912	0.28166431787820695	0.039072307226959806	0.015669088566056012	1.666260604107637e-48	3.015127294130903e-72	0.9676440312408735
causal_gxe	263	environment	0.5	0.25	0.5158898698895902	0.2667122772669002	0.03879041008077604	0.015557691738352466	2.3327769479600855e-40	7.036799025197431e-66	0.7143779515750017
causal_gxe	264	environment	0.5	0.25	0.4985793597211723	0.23799000235718	0.03973932863506316	0.015900617302777777	4.1681057184798977e-36	1.2002027315470951e-50	0.019497919552637178
causal_gxe	265	environment	0.5	0.25	0.4901963473377312	0.25422523910576034	0.03974096944498599	0.015926058801750798	5.884516989873784e-35	2.3190717649178372e-57	0.6753059276186311
causal_gxe	266	environment	0.5	0.25	0.48905089668176965	0.2516015715108592	0.038626517840553216	0.015474470601806147	9.72347953643508e-37	1.9242237848562235e-59	0.27134650605937355
causal_gxe	267	environment	0.5	0.25	0.5057886805276471	0.24171976996377006	0.037790101152334256	0.01514392836303556	7.484078971012879e-41	2.369777341491434e-57	0.7400971291992696
causal_gxe	268	environment	0.5	0.25	0.44718507020512926	0.25596916612311127	0.04106353486693908	0.016458328861281665	1.285310861782467e-27	1.528683242738469e-54	0.7137197298618497
causal_gxe	269	environment	0.5	0.25	0.5407478645995023	0.256986884182161	0.04052999983274727	0.01623823765426172	1.3202164570001223e-40	2.0579382276565195e-56	0.8388553832919644
causal_gxe	270	environment	0.5	0.25	0.4887426954058184	0.2390716882776176	0.039624297228203584	0.01589905227661987	5.911357570668695e-35	4.211074769094672e-51	0.10270368169685223
causal_gxe	271	environment	0.5	0.25	0.4458275780983141	0.2560224242311462	0.04032696272898869	0.016164337286242673	2.0659301895899873e-28	1.6820808778296991e-56	0.8919832054881336
causal_gxe	272	environment	0.5	0.25	0.4856044999797982	0.2513553508737086	0.039128972357963594	0.01567708717856023	2.2962780879733105e-35	7.480968656579793e-58	0.7484074257607402
causal_gxe	273	environment	0.5	0.25	0.5389801583393947	0.26809797591363627	0.03950092516699551	0.01584031394033622	2.1696305993731098e-42	2.9413804167638763e-64	0.009826159519127355
causal_gxe	274	environment	0.5	0.25	0.5084969604800171	0.24586753247498694	0.04013606540615265	0.016089298775953418	8.746088628222149e-37	1.0168083889300106e-52	0.20401377000892756
causal_gxe	275	environment	0.5	0.25	0.481538011658436	0.25022550315879843	0.038949297297466046	0.015592579202744237	4.133596313544828e-35	5.929318739842437e-58	0.2660613655397092
causal_gxe	276	environment	0.5	0.25	0.4487878206548766	0.2522821309480351	0.03975272825440199	0.015923306581199923	1.4790107904545528e-29	1.5570635581585228e-56	0.05770305071995727
causal_gxe	277	environment	0.5	0.25	0.5324200058580792	0.2519063090773156	0.03747606108027674	0.015010987493492126	8.297722375563605e-46	3.3352555935547383e-63	0.3844129917756696
causal_gxe	278	environment	0.5	0.25	0.4807900315177685	0.23801640124507142	0.037291637108114305	0.014943574565675672	4.947818712806811e-38	4.072183151010255e-57	0.5467400122392222
causal_gxe	279	environment	0.5	0.25	0.5306919475359451	0.22660926375091114	0.035952980313971185	0.014405456868826385	2.6245600243322517e-49	9.3038140853109e-56	0.10831128966107673
causal_gxe	280	environment	0.5	0.25	0.5276144065816563	0.2541983825724347	0.039325728887798	0.015746907990781364	4.839121889949788e-41	1.2772377860255379e-58	0.15782497252272065
causal_gxe	281	environment	0.5	0.25	0.5323196496114748	0.24218857575148933	0.04076636158216373	0.016329214251683478	5.7349522522437525e-39	9.150830030650347e-50	0.631895260661126
causal_gxe	282	environment	0.5	0.25	0.475384931170962	0.2443651114790204	0.04091396453720936	0.01639126512516104	3.2944985797991813e-31	2.9127842432004286e-50	0.756914562155149
causal_gxe	283	environment	0.5	0.25	0.5361730385984811	0.25882397372424315	0.038805134143617456	0.015539755618923524	2.0110508767131592e-43	2.7556072085887286e-62	0.02860958137100056
causal_gxe	284	environment	0.5	0.25	0.5227223176874964	0.2677714517363895	0.04026385353845802	0.016137960718816964	1.5393562695136656e-38	7.877358223829613e-62	0.9354341888947708
causal_gxe	285	environment	0.5	0.25	0.5042485022603008	0.2603538641015263	0.0377991846326549	0.015141761970626541	1.3510526392679227e-40	2.9235245865937685e-66	0.6900135767785016
causal_gxe	286	environment	0.5	0.25	0.549525219135308	0.2504554171102481	0.03816748367794524	0.015292794521921735	5.346915802747109e-47	2.7758523098232153e-60	0.7735400224801989
causal_gxe	287	environment	0.5	0.25	0.5141969702327772	0.24458233000604962	0.03928468902986116	0.015739698645707463	3.806267999633994e-39	1.8831866820150346e-54	0.7667862948304467
causal_gxe	288	environment	0.5	0.25	0.47362780567543333	0.25276172235786093	0.040053318694521	0.016054774891133248	2.9013449020483004e-32	7.586222501122418e-56	0.057320636360631505
causal_gxe	289	environment	0.5	0.25	0.4276584421485044	0.2819789572666127	0.04013974245480668	0.01608235447007966	1.6660018509694135e-26	7.960786813765741e-69	0.5850232440614963
causal_gxe	290	environment	0.5	0.25	0.48022541856327455	0.2633087453896386	0.041588548949695346	0.01667256176385886	7.639013697701503e-31	3.4798357635939836e-56	0.3489877451937731
causal_gxe	291	environment	0.5	0.25	0.5401387620557903	0.25197435925513423	0.039648830278454124	0.01589078479028124	2.920316396124894e-42	1.2649412894302426e-56	0.8858950637928982
causal_gxe	292	environment	0.5	0.25	0.5150980502829791	0.25833857527750986	0.039092711047163504	0.015653339020081272	1.201089749554918e-39	3.4487871850506055e-61	0.8496598987541739
causal_gxe	293	environment	0.5	0.25	0.4681592849748745	0.268325254389353	0.039727984151843254	0.015919870852724068	4.7132370730370947e-32	9.683605558751469e-64	0.5653528847970394
causal_gxe	294	environment	0.5	0.25	0.41363770834284996	0.26142891520970546	0.03823313772716663	0.015318539245618813	2.8034183867738173e-27	2.649903964383832e-65	0.46661130127158396
causal_gxe	295	environment	0.5	0.25	0.4927383468348109	0.23632786792621502	0.038221514100035284	0.015318400138540212	5.015962934727276e-38	1.0658194344034942e-53	0.24637477381956102
causal_gxe	296	environment	0.5	0.25	0.5206496940435801	0.24555689278660148	0.03808699286510087	0.015267801120651311	1.533674286814929e-42	3.340035856581331e-58	0.333510508751474
causal_gxe	297	environment	0.5	0.25	0.5281066346024998	0.2434605864733185	0.038884318282448774	0.015583323309795625	5.157288336683471e-42	5.06412996223604e-55	0.3463161598091359
causal_gxe	298	environment	0.5	0.25	0.4762705974408031	0.23950507189111594	0.0385672604888972	0.01545166372093281	4.926510039916218e-35	3.453984056252624e-54	0.2205283958325773
causal_gxe	299	environment	0.5	0.25	0.5100523652571457	0.2652288317727407	0.040583040191833716	0.01625118273265494	3.161677402539917e-36	7.045556616057592e-60	0.47554442480839837
causal_gxe	300	environment	0.5	0.25	0.4161356730211003	0.2481951473525497	0.03955313739313664	0.015844575679586238	6.918943009044389e-26	2.6508201203399304e-55	0.21950505699348738
causal_gxe	301	environment	0.5	0.25	0.573246731233063	0.23600592580369317	0.03878787055306492	0.015543427497016444	2.0005458793655437e-49	4.538268346312673e-52	0.4968032507716449
causal_gxe	302	environment	0.5	0.25	0.480628015707996	0.26284625370623627	0.04012410321346581	0.016074832552776093	4.6038173116440446e-33	4.2499713472951537e-60	0.8582110572990914
causal_gxe	303	environment	0.5	0.25	0.45486055664407066	0.23883457368011238	0.038676595107682406	0.015492038774770534	6.22787585942582e-32	1.2659503748936294e-53	0.4275865966399102
causal_gxe	304	environment	0.5	0.25	0.5806045764238944	0.2363569955669503	0.04263180533653782	0.017098693637719035	3.085664053042267e-42	1.8492453870912975e-43	0.8506932148831906
causal_gxe	305	environment	0.5	0.25	0.5281278769654886	0.25072078036376216	0.040590342408348315	0.016262053815031343	1.0570998817692e-38	1.2477726120333294e-53	0.4339495823116663
causal_gxe	306	environment	0.5	0.25	0.5093368521749908	0.24540104907969768	0.04125240453459047	0.01652568948925216	5.066235738990869e-35	6.991108999556519e-50	0.48505063901584144
causal_gxe	307	environment	0.5	0.25	0.5691566513188365	0.2475902555660983	0.03954360120548535	0.015843957020707806	5.714023993107136e-47	4.7826721139179856e-55	0.9826228379089792
causal_gxe	308	environment	0.5	0.25	0.5061931867324881	0.23720697698891283	0.04213604483196564	0.016882129873621834	3.025063963118223e-33	7.61975976017729e-45	0.3672016555030235
causal_gxe	309	environment	0.5	0.25	0.47591219283695463	0.22858869623329783	0.039503277724079834	0.015812639645825428	2.001396333411472e-33	2.29519904419637e-47	0.7167946153221422
causal_gxe	310	environment	0.5	0.25	0.4022234153628671	0.23315376869758028	0.03905809959442136	0.01563696240655972	7.188200094302297e-25	2.819485367848809e-50	0.04429986491796712
causal_gxe	311	environment	0.5	0.25	0.5377981823833977	0.2658622102343645	0.03872086552926625	0.015529407680767377	7.375069431926319e-44	1.054209244408978e-65	0.4587366761933405
causal_gxe	312	environment	0.5	0.25	0.5612254247893796	0.262786569004759	0.04085864774611638	0.016361213799246318	6.198430624215099e-43	4.7448902031887446e-58	0.7331355408909064
causal_gxe	313	environment	0.5	0.25	0.439336939178286	0.2541510467711047	0.03851677182614535	0.015438065604501892	3.885654906368877e-30	6.808555801358325e-61	0.4176500784291088
causal_gxe	314	environment	0.5	0.25	0.47647845668960853	0.28143775425186	0.041047291778126084	0.01646021961138083	3.7513133921929116e-31	1.5343795615695838e-65	0.31294898842177277
causal_gxe	315	environment	0.5	0.25	0.4684554706626507	0.25560003817657106	0.03966746195746546	0.01587991535502912	3.4835886442685874e-32	2.7299279752712644e-58	0.5815726075338014
causal_gxe	316	environment	0.5	0.25	0.45098479199027686	0.24018041032982568	0.03830028823846396	0.015335062735680893	5.253502333797546e-32	2.7435920069580637e-55	0.9224275206150018
causal_gxe	317	environment	0.5	0.25	0.45129887114338046	0.2588701445753946	0.038697351710342734	0.01550777771904087	1.9867955865078736e-31	1.4756487773611075e-62	0.5086643425078528
causal_gxe	318	environment	0.5	0.25	0.4715521195021201	0.2531704952937064	0.03963894741177451	0.015880267014420853	1.2388698035916994e-32	3.214550657756105e-57	0.9737446901660922
causal_gxe	319	environment	0.5	0.25	0.4855732211861014	0.26872290890262673	0.03909089863428038	0.015656676202792378	1.9942122851602325e-35	4.984363686037211e-66	0.8643146235838522
causal_gxe	320	environment	0.5	0.25	0.4580488763299763	0.2539358284462331	0.03994933112714941	0.01600585702508433	1.9606316660911806e-30	1.1039769742858143e-56	0.9312022336756851
causal_gxe	321	environment	0.5	0.25	0.4577840507181542	0.235220278810625	0.03937009734256104	0.015768851888118742	2.979866287852723e-31	2.5640137642160346e-50	0.4740985828380084
causal_gxe	322	environment	0.5	0.25	0.5607974575316723	0.2623285797580276	0.03892101157410847	0.015606344520694511	4.568488409560638e-47	2.0933114733814302e-63	0.3520425101586286
causal_gxe	323	environment	0.5	0.25	0.4522391789751421	0.256798745881269	0.03749707792812244	0.015019727550216687	1.70429930306932e-33	1.5509332854778322e-65	0.07057950980907224
causal_gxe	324	environment	0.5	0.25	0.46580747090009106	0.2614703629951815	0.039419016671729104	0.015796497554163874	3.195484546864728e-32	1.537779919871573e-61	0.9361332457010872
causal_gxe	325	environment	0.5	0.25	0.4584046920538745	0.26441876341819376	0.03855976564365884	0.015437728698485002	1.3637673923825703e-32	9.161769955753906e-66	0.34303696983713156
causal_gxe	326	environment	0.5	0.25	0.463147159392577	0.25997068117240346	0.0396193886823183	0.015878739699390174	1.435355917680175e-31	3.0185008117210025e-60	0.906614592662967
causal_gxe	327	environment	0.5	0.25	0.4905488973550647	0.22485970936219396	0.03781812976543792	0.015158228736578969	1.7807235491377867e-38	8.80895131738556e-50	0.8450486249453337
causal_gxe	328	environment	0.5	0.25	0.4947420737642998	0.2748558343113492	0.03694490083109618	0.014804359178416162	6.793519403428382e-41	6.069388537916799e-77	0.13199938681527454
causal_gxe	329	environment	0.5	0.25	0.4934529987349641	0.2334553311374517	0.03979457805461553	0.015942415679502143	2.613046781905946e-35	1.4788595672978382e-48	0.19256182026819324
causal_gxe	330	environment	0.5	0.25	0.45745896557341326	0.2402996521687941	0.04072067218401712	0.01631715427391753	2.77392982865136e-29	4.336917536304878e-49	0.6495957549311104
causal_gxe	331	environment	0.5	0.25	0.45400872056962355	0.22539810468227953	0.03812310241190284	0.015265799057396015	1.0622057211843707e-32	2.4666197563583407e-49	0.6368898764213808
causal_gxe	332	environment	0.5	0.25	0.4380167619277089	0.25935861667907345	0.03802596204253598	0.01523876759704041	1.0597088832506466e-30	5.871230433949892e-65	0.884807790223379
causal_gxe	333	environment	0.5	0.25	0.5527380792176368	0.2656457425190492	0.037148330381632254	0.01487788185069627	4.497301264788779e-50	2.6391124857119834e-71	0.172323397600443
causal_gxe	334	environment	0.5	0.25	0.505489606955818	0.2869949003078858	0.04110576381612657	0.01646128046585073	9.366109318336315e-35	4.5115256310258376e-68	0.37186093510619445
causal_gxe	335	environment	0.5	0.25	0.5294131069633731	0.24225949995870213	0.03638313360472022	0.014566279181675822	5.750625498089402e-48	4.119437059996026e-62	0.41533979535457277
causal_gxe	336	environment	0.5	0.25	0.44942399686765405	0.23719797574066706	0.039461256423478065	0.01580811107203698	4.744376802417208e-30	6.826845798562277e-51	0.6770211410309459
causal_gxe	337	environment	0.5	0.25	0.47274917721997384	0.24277482166453032	0.03849229384612571	0.01542322394395603	1.1364550387570385e-34	7.935672361468399e-56	0.8744788921514645
causal_gxe	338	environment	0.5	0.25	0.5427703893934568	0.25914809633516567	0.040567579540305834	0.016249251626528873	7.977520663342608e-41	2.9271294753431655e-57	0.775715112519527
causal_gxe	339	environment	0.5	0.25	0.5267249605421692	0.24552100115111158	0.03913766632246522	0.015685594404888002	2.753166692746902e-41	3.1870641037581226e-55	0.7306528484963004
causal_gxe	340	environment	0.5	0.25	0.5206739315772438	0.24892191222174995	0.03931533491162701	0.015744210697913225	4.917983763650869e-40	2.6388153424127047e-56	0.3802541829631879
causal_gxe	341	environment	0.5	0.25	0.4499736467271401	0.24468995008466965	0.040773469668498756	0.016322128826334693	2.563509491259684e-28	8.369722312463013e-51	0.6942418810095687
causal_gxe	342	environment	0.5	0.25	0.5278022955687491	0.28359028829000804	0.03890933434676634	0.01560052228034183	6.464364098573521e-42	7.673551236985706e-74	0.703215192443927
causal_gxe	343	environment	0.5	0.25	0.46964207270299746	0.26368183086243296	0.03758691047633861	0.015058572790264554	7.966597319004003e-36	1.1932489618920751e-68	0.634124152417296
causal_gxe	344	environment	0.5	0.25	0.46483327665350627	0.25102655149710973	0.03940026904590568	0.015781176481611127	4.010382201440995e-32	5.693011184429249e-57	0.11808755874693226
causal_gxe	345	environment	0.5	0.25	0.47789460387372507	0.2749608909794921	0.03977515539563542	0.015928917076012013	2.9672032098479273e-33	9.131074891935269e-67	0.6341553842539001
causal_gxe	346	environment	0.5	0.25	0.4926317981145455	0.2662089782643847	0.0391868363215387	0.01570807973789354	3.034611559910131e-36	2.016197535870754e-64	0.7699219446380148
causal_gxe	347	environment	0.5	0.25	0.49452586069795534	0.22636517711302784	0.04285967651480843	0.01715931936334287	8.462489170536767e-31	9.760463746967514e-40	0.7535218369680693
causal_gxe	348	environment	0.5	0.25	0.5439363512005231	0.2508728281633792	0.038282955834735365	0.015338230312900217	8.135796437799775e-46	3.938748198328036e-60	0.7061638861201491
causal_gxe	349	environment	0.5	0.25	0.4325409647035743	0.2418157855664403	0.039403841029348234	0.01577192395999654	4.9233353657451445e-28	4.670764168425694e-53	0.68152257338909
causal_gxe	350	environment	0.5	0.25	0.40323541470431823	0.2338129338718641	0.039269103098276886	0.01574048700538153	9.769583715459625e-25	6.530666181607756e-50	0.051677249355560895
causal_gxe	351	environment	0.5	0.25	0.45959192262309634	0.2375581929103523	0.03941272597007161	0.015791483171120998	2.016524074662279e-31	3.812278064166744e-51	0.9056808718193458
causal_gxe	352	environment	0.5	0.25	0.5365197477821408	0.26282355933173596	0.04058198507191181	0.01626563863780788	6.6695506463600396e-40	9.941092814580679e-59	0.2606473856207404
causal_gxe	353	environment	0.5	0.25	0.5110530688888462	0.24431261695101555	0.03898601625501473	0.015621715872995975	2.9387798336561e-39	3.93057818276588e-55	0.6323002841670587
causal_gxe	354	environment	0.5	0.25	0.48638818546634643	0.26771081513454786	0.03862216468093167	0.015487263908201281	2.2928052899991132e-36	6.010859663401893e-67	0.6510832586152261
causal_gxe	355	environment	0.5	0.25	0.5112257574138378	0.23451185907150013	0.039506578605076115	0.01582119609403375	2.666937867950208e-38	1.0459508104650198e-49	0.5555776618032068
causal_gxe	356	environment	0.5	0.25	0.42770925722158515	0.2413194187863397	0.03824057968333286	0.01531691068416006	4.845633802592705e-29	6.3361729599899215e-56	0.530883419419683
causal_gxe	357	environment	0.5	0.25	0.4900983442729804	0.28622107258988994	0.039875443043738364	0.015997360881422545	1.0158324188349128e-34	1.3670089973671565e-71	0.39274178480548394
causal_gxe	358	environment	0.5	0.25	0.4867152299744912	0.23049121267742237	0.03972209780094636	0.01591390014996321	1.6187589616515112e-34	1.5373376032110284e-47	0.20252538914610319
causal_gxe	359	environment	0.5	0.25	0.5109306215538899	0.24024886379705807	0.04019070711036825	0.016102571195577224	5.029682895444154e-37	2.446142780917959e-50	0.549394214720519
causal_gxe	360	environment	0.5	0.25	0.531757027739293	0.2388556684467672	0.03956714470862078	0.015844446372949676	3.555069084740152e-41	2.3637142700127646e-51	0.08981913876912992
causal_gxe	361	environment	0.5	0.25	0.4648600115908169	0.2596696061610446	0.038388598621706786	0.015379560831236243	9.4266864446454e-34	5.893614573407969e-64	0.6797193214180277
causal_gxe	362	environment	0.5	0.25	0.5240404139981931	0.2442663808224534	0.038256277710105424	0.01534250524736809	1.041371758411882e-42	4.538544876168051e-57	0.5475219941511774
causal_gxe	363	environment	0.5	0.25	0.5129135219719972	0.24646683040815862	0.041552200304331856	0.01664555445377828	5.258969254246838e-35	1.3246169850774567e-49	0.8064340090515186
causal_gxe	364	environment	0.5	0.25	0.41473464045230374	0.2672663708098341	0.03735266472764272	0.014972796898112395	1.2101201595795885e-28	2.883644883853361e-71	0.7570807521999952
causal_gxe	365	environment	0.5	0.25	0.5071448836451344	0.24867884785215613	0.03941984687640539	0.01579392849159077	7.064326411229969e-38	7.407535133776182e-56	0.35817219536630074
causal_gxe	366	environment	0.5	0.25	0.45628772214715535	0.23610684084060335	0.03756005191756749	0.015047955329789246	5.86291267930321e-34	1.762378846584088e-55	0.6319989054680212
causal_gxe	367	environment	0.5	0.25	0.4728105665779414	0.2736992814762948	0.04071372233384634	0.016324009663836393	3.537600082379783e-31	4.2782355363698474e-63	0.8442263400932678
causal_gxe	368	environment	0.5	0.25	0.46753602687298296	0.24986500681981047	0.040715594833252905	0.01630781885126312	1.6066165618194548e-30	5.4688788063398015e-53	0.9011235128135064
causal_gxe	369	environment	0.5	0.25	0.4936490608579056	0.24735613684153998	0.04079985954665863	0.016356694432582194	1.0653717420611535e-33	1.1487277688459093e-51	0.5410480542736393
causal_gxe	370	environment	0.5	0.25	0.4783415797829688	0.263293068433335	0.03780413260572723	0.015140316985045461	1.0746963180752749e-36	9.790018266433218e-68	0.08298246611391755
causal_gxe	371	environment	0.5	0.25	0.5081014307079792	0.2553297885349428	0.03796563201308493	0.015204934217299227	7.581759476046375e-41	2.766442474332332e-63	0.39281270538556673
causal_gxe	372	environment	0.5	0.25	0.5037797730746357	0.24024214033199504	0.037809915859889354	0.015148756908331236	1.6783997889515278e-40	1.2207387506285396e-56	0.08652381129123385
causal_gxe	373	environment	0.5	0.25	0.5310762286715366	0.22266983707618096	0.03924247368944864	0.015722303412001197	9.959268891076593e-42	1.5594830309668912e-45	0.6801573457523173
causal_gxe	374	environment	0.5	0.25	0.48100304150625794	0.2615840811059235	0.03905541680283235	0.015653933444991698	7.437049877454892e-35	1.10024792088414e-62	0.6738639207798272
causal_gxe	375	environment	0.5	0.25	0.5140288538581583	0.2529415218202015	0.041260207011330235	0.016532348017750297	1.2615048641627345e-35	7.669880935143118e-53	0.8830305803459823
causal_gxe	376	environment	0.5	0.25	0.5095661769732358	0.2639009974133251	0.04092619293154779	0.016400381332387966	1.3835149033656544e-35	2.943188771223748e-58	0.4741920827727168
causal_gxe	377	environment	0.5	0.25	0.4721879980282908	0.2570642842052327	0.03787807421361535	0.015165870238221763	1.144301334722585e-35	1.9185390414383766e-64	0.9392315176091418
causal_gxe	378	environment	0.5	0.25	0.45696477090047133	0.24902310199507582	0.039140986689444365	0.01569124922659288	1.7138718223359677e-31	1.0193232379968085e-56	0.5931306616710907
causal_gxe	379	environment	0.5	0.25	0.46622488851946986	0.23160030607684473	0.038746809152733416	0.015509375324717698	2.3949539368318427e-33	2.0124771511698992e-50	0.7999224023899901
causal_gxe	380	environment	0.5	0.25	0.4812827855960428	0.2392891551981711	0.03928198579250886	0.01572960087877045	1.6390865826455243e-34	2.914316684938662e-52	0.3557337291452885
causal_gxe	381	environment	0.5	0.25	0.423646163716188	0.24137985949094728	0.04067186154373851	0.016294128720229516	2.091475394791304e-25	1.1909444783637521e-49	0.07620675290739065
causal_gxe	382	environment	0.5	0.25	0.4993761107171679	0.2375846659655212	0.03931091089994055	0.01575152828691635	5.672819294792024e-37	2.0865029157730798e-51	0.1835564303128316
causal_gxe	383	environment	0.5	0.25	0.49656653483377144	0.23971244139264664	0.039836073958488045	0.01595731560527206	1.1551210261424788e-35	5.2611547126629736e-51	0.27088218599832026
causal_gxe	384	environment	0.5	0.25	0.5004914326713344	0.2532983274081927	0.03761082406122381	0.015075768794047624	2.104619671520019e-40	2.3720612602058163e-63	0.5228051363145448
causal_gxe	385	environment	0.5	0.25	0.41207033245282443	0.24866398235739823	0.03834212033607407	0.015351383880510591	6.108969966531499e-27	5.196905599647226e-59	0.9508326209397752
causal_gxe	386	environment	0.5	0.25	0.48458166977981965	0.25048482453342297	0.04010568549371726	0.0160737686162022	1.304977765215339e-33	9.431852355989602e-55	0.4844655654287788
causal_gxe	387	environment	0.5	0.25	0.4688098270817	0.2353776502504679	0.03901199835572504	0.01562671442723181	2.8904766586837835e-33	2.856997350642389e-51	0.17475668853548312
causal_gxe	388	environment	0.5	0.25	0.5510872502216343	0.2753632036099214	0.04395485645330097	0.01761791750452328	4.650161024271352e-36	4.567709173348774e-55	0.9672237154130788
causal_gxe	389	environment	0.5	0.25	0.49023847949770977	0.24645538197170822	0.03913174025867363	0.01567435339300312	5.253620323662949e-36	1.0442692345423784e-55	0.8092509478639712
causal_gxe	390	environment	0.5	0.25	0.45544516659372225	0.2461951890151222	0.03971079978806399	0.01590445954106458	1.8871865176427856e-30	4.761851433384265e-54	0.8154334365388053
causal_gxe	391	environment	0.5	0.25	0.5200389733960389	0.2363912235318648	0.04200590272927651	0.016823114434358227	3.3475668316870704e-35	7.53415759689866e-45	0.9601221102315126
causal_gxe	392	environment	0.5	0.25	0.5033033245411759	0.24672537367819408	0.039965943918860415	0.01601234176984251	2.298441265569365e-36	1.4361449471371244e-53	0.5715585509872004
causal_gxe	393	environment	0.5	0.25	0.49089126621302254	0.25232806370614336	0.038813950510813655	0.015565516846934817	1.1580147088525011e-36	4.236529614250346e-59	0.5605193741760165
causal_gxe	394	environment	0.5	0.25	0.5234004758574844	0.23793157928216077	0.038737436091362897	0.015522596498816238	1.337862269841243e-41	4.964554235804141e-53	0.4979164178680378
causal_gxe	395	environment	0.5	0.25	0.48877426650764305	0.2796245575617325	0.04058159608798028	0.016248244580029814	2.0799787274872994e-33	2.2527520265653469e-66	0.5825880534123106
causal_gxe	396	environment	0.5	0.25	0.46081579741321665	0.26812476047200956	0.03947110012619403	0.01581024650690629	1.715401825461034e-31	1.653460937351341e-64	0.9423522321399842
causal_gxe	397	environment	0.5	0.25	0.4750526110365661	0.25397581097918537	0.03875165571155293	0.015548443950493878	1.5053229880059284e-34	5.61048077863964e-60	0.5256621480631044
causal_gxe	398	environment	0.5	0.25	0.5103249654336027	0.24801783480963863	0.03939401265023045	0.01577651723012776	2.2192506648792988e-38	1.0911800149833843e-55	0.4563760282602705
causal_gxe	399	environment	0.5	0.25	0.47496959327808413	0.26185875907824907	0.03947793014664799	0.015816655021292307	2.4339101117928796e-33	1.4518500282859943e-61	0.428089585080934
causal_gxe	400	environment	0.5	0.25	0.5650122676077899	0.2249506967208914	0.0396042539570345	0.015863386080976847	3.541331299829441e-46	1.2098687243161243e-45	0.7450480098201281
causal_gxe	401	environment	0.5	0.25	0.49992111753349106	0.24875974498323244	0.03990672501547946	0.015979989576442515	5.297437157425485e-36	1.2208621996321529e-54	0.20274172654043143
causal_gxe	402	environment	0.5	0.25	0.5109819529804773	0.2233264894314563	0.03851787488860102	0.015426136949608085	3.6404292986141025e-40	1.6896025932059898e-47	0.7827135521005117
causal_gxe	403	environment	0.5	0.25	0.4370952401771091	0.25352027719922304	0.03679203275241408	0.01473502586344808	1.500796073888752e-32	2.423933577584743e-66	0.7715985624221506
causal_gxe	404	environment	0.5	0.25	0.4833354595764657	0.2331433908398468	0.037128056867521214	0.014876758793914436	9.658750300682753e-39	2.36354284018258e-55	0.5619640161203665
causal_gxe	405	environment	0.5	0.25	0.46588055585785054	0.2808180994124213	0.03910127312455838	0.01567050504302594	9.920389142415391e-33	8.207834093745574e-72	0.987417318857926
causal_gxe	406	environment	0.5	0.25	0.49591490504371083	0.24057705339440824	0.039792377122501596	0.015933601086905794	1.1947219741146615e-35	1.6509611952151607e-51	0.17802197861795852
causal_gxe	407	environment	0.5	0.25	0.4975388699551862	0.2566495990863559	0.04179695247101146	0.016756981160037897	1.1319807944148027e-32	5.980306538073293e-53	0.36867916247405497
causal_gxe	408	environment	0.5	0.25	0.5093490631681222	0.2689307660276796	0.038759453944297105	0.015544249495063443	1.909540433175409e-39	4.624464265538679e-67	0.5575243124446622
causal_gxe	409	environment	0.5	0.25	0.4906928863248632	0.2761629176198779	0.03982367631208669	0.015970340887175204	6.927357933958543e-35	5.3822547419067986e-67	0.3073320450032741
causal_gxe	410	environment	0.5	0.25	0.48995314312773725	0.2770699853510834	0.03888050970702535	0.015593343080071391	2.0713973406824123e-36	1.2400822215027964e-70	0.9895667462797234
causal_gxe	411	environment	0.5	0.25	0.5102887151622857	0.2323550046703458	0.038744779320631535	0.015517716084838783	1.2970905481769647e-39	1.0935733999979828e-50	0.9762054591138497
causal_gxe	412	environment	0.5	0.25	0.4593809250129534	0.22832665466859237	0.037915381216408146	0.015188949696230072	8.694903403249323e-34	4.5025896646531494e-51	0.6172118206662666
causal_gxe	413	environment	0.5	0.25	0.5008228912436358	0.2527049288818267	0.03986519186381229	0.015970775417010766	3.3767282194524237e-36	2.1609260137971327e-56	0.22635054242917238
causal_gxe	414	environment	0.5	0.25	0.49735263906748595	0.2469015278934602	0.04045266494949904	0.016200906169607843	9.673707582329658e-35	1.9192150774571775e-52	0.367336865418005
causal_gxe	415	environment	0.5	0.25	0.4974390983458007	0.26897649631395165	0.03927195498069813	0.015747287757797185	9.064456565321847e-37	2.0622102486069005e-65	0.2922339903897435
causal_gxe	416	environment	0.5	0.25	0.5270509685424294	0.28686416958084715	0.0408876996736859	0.016385603704289688	5.110554347838926e-38	1.2650688854981142e-68	0.6756746027805045
causal_gxe	417	environment	0.5	0.25	0.4909916712527612	0.2630367206453262	0.039261867490686816	0.015731980047313757	6.96068490413829e-36	9.391792894951269e-63	0.13026737063113963
causal_gxe	418	environment	0.5	0.25	0.5201057794052393	0.24614928138650458	0.03910946090569929	0.015670733990113594	2.3546403197723585e-40	1.3420851016531257e-55	0.8567074062334775
causal_gxe	419	environment	0.5	0.25	0.4910438886913723	0.27054259666081876	0.038160501242684164	0.015293573538435185	6.826975526513722e-38	5.011723252509649e-70	0.46449474396910206
causal_gxe	420	environment	0.5	0.25	0.5276930009267314	0.23287339390266037	0.04136165702073779	0.016564458080882492	2.812461555198451e-37	6.820484457939641e-45	0.4460984099164042
causal_gxe	421	environment	0.5	0.25	0.49506985034412326	0.2171908920910153	0.040390032596618435	0.01616933332094055	1.5366650322746995e-34	3.912187497074281e-41	0.7964689913730276
causal_gxe	422	environment	0.5	0.25	0.5498021604019843	0.24799502975237772	0.04014398107648574	0.01608540048909514	1.0763455434627694e-42	1.250407648878259e-53	0.872902361442446
causal_gxe	423	environment	0.5	0.25	0.49179115928305284	0.24304915313327013	0.038413787876103216	0.015372581783941991	1.588291217583463e-37	2.631103927702605e-56	0.12196028141782159
causal_gxe	424	environment	0.5	0.25	0.48263510485750294	0.24325531124328512	0.038426349545634335	0.015380058701839549	3.503149594247654e-36	2.4027716449436895e-56	0.13225372705884592
causal_gxe	425	environment	0.5	0.25	0.4932112872986285	0.2582078829534446	0.03839863438403821	0.015369405134405115	9.234577501596053e-38	2.435421347649758e-63	0.21020864669132097
causal_gxe	426	environment	0.5	0.25	0.4125652510484623	0.2602204221680177	0.03969600718022647	0.015903319240958433	2.6649836888745823e-25	3.5341748781807887e-60	0.0008887688068358195
causal_gxe	427	environment	0.5	0.25	0.5353865903567975	0.2525942211474997	0.03951931592901007	0.015847281120537904	8.20126761065283e-42	3.382384993194792e-57	0.4789829617504342
causal_gxe	428	environment	0.5	0.25	0.49454113620419354	0.2229388798648218	0.03985789075048209	0.01597007966197925	2.3764296167548924e-35	2.742596162933127e-44	0.383455751043307
causal_gxe	429	environment	0.5	0.25	0.5116437074637019	0.27471834071491474	0.038627815242599436	0.015476454738160814	4.792489699326541e-40	1.701337748446794e-70	0.9699382299402297
causal_gxe	430	environment	0.5	0.25	0.581110579592872	0.25175255253423257	0.03969844524050117	0.01590263008026909	1.6044504319829117e-48	1.9055208774427243e-56	0.09314633366620385
causal_gxe	431	environment	0.5	0.25	0.4967725231017126	0.24058185959059783	0.039630438805715235	0.01587288496225083	4.7960177356999405e-36	6.833630632708501e-52	0.2072811237698287
causal_gxe	432	environment	0.5	0.25	0.47721035385068217	0.2426835063695879	0.03792167937881728	0.015186832718205392	2.582567103815072e-36	1.7653345398060662e-57	0.4416186729853351
causal_gxe	433	environment	0.5	0.25	0.43486633792952806	0.24863230305948342	0.03860160694190253	0.015463447916072043	1.9424992028791873e-29	3.597899484317265e-58	0.8603145228488985
causal_gxe	434	environment	0.5	0.25	0.5506971198527953	0.25855284414986596	0.040889729851630974	0.016400660579311346	2.4177515656310943e-41	5.435928669830572e-56	0.4822673946565549
causal_gxe	435	environment	0.5	0.25	0.4567890514736027	0.26854271968502974	0.03979116187174439	0.015944388592899605	1.6693363107313545e-30	1.1917825896790547e-63	0.3879897932051497
causal_gxe	436	environment	0.5	0.25	0.5164453164047201	0.24080716306235508	0.038703415292926216	0.015503624191894714	1.289642484725421e-40	2.0967426346101612e-54	0.7230744591946507
causal_gxe	437	environment	0.5	0.25	0.4853398630041173	0.25131903212350193	0.03952202839305087	0.015834743710414097	1.156593968108138e-34	1.0003774917907879e-56	0.8448963302597974
causal_gxe	438	environment	0.5	0.25	0.47479926118964305	0.27993193607159844	0.03904646555221244	0.015649389256305955	5.085042945238817e-34	1.4699406113495736e-71	0.32236377757446805
causal_gxe	439	environment	0.5	0.25	0.48448833125147767	0.2577100146614061	0.03876639107159313	0.015537146471965893	7.690213583302512e-36	8.696696425669642e-62	0.5414118099200494
causal_gxe	440	environment	0.5	0.25	0.4894819462378744	0.22423063997344	0.0386184568494665	0.015465256343750901	8.154682252413684e-37	1.2294064474127927e-47	0.584632599435099
causal_gxe	441	environment	0.5	0.25	0.5077903251851574	0.26399230360948045	0.038640216265945236	0.015492728478822111	1.904193164445625e-39	4.164697836819589e-65	0.9090032931868558
causal_gxe	442	environment	0.5	0.25	0.5229255807348577	0.26257516007710013	0.03896313528091815	0.01562992739853142	4.553129252932847e-41	2.460581636482551e-63	0.40380772908897467
causal_gxe	443	environment	0.5	0.25	0.5956666047318298	0.24477858867916616	0.0377230751297101	0.01509534369604649	3.6164268852324597e-56	3.9185726975503806e-59	0.04789179378404546
causal_gxe	444	environment	0.5	0.25	0.5211972281160706	0.2626110145114718	0.04005417773327723	0.01604679339092292	1.0415064491792758e-38	3.382085900923363e-60	0.2734460267151207
causal_gxe	445	environment	0.5	0.25	0.5332717588955354	0.25295896400640583	0.04031923856399977	0.016160674054194184	6.191116642531065e-40	3.18176559233684e-55	0.052986676860336035
causal_gxe	446	environment	0.5	0.25	0.5392193332839404	0.2659005516360633	0.040061729453302136	0.016041913839154962	2.6996706257170005e-41	1.050260873310051e-61	0.3158283136555591
causal_gxe	447	environment	0.5	0.25	0.5262723575163563	0.2366559855139801	0.037293259052940675	0.014945742369754163	3.2159627449697774e-45	1.8033775569030246e-56	0.8248535963950351
causal_gxe	448	environment	0.5	0.25	0.6144916892936226	0.236218027111883	0.04135919232737075	0.016560489025091676	6.225983628246074e-50	3.670626718351357e-46	0.8695930729977261
causal_gxe	449	environment	0.5	0.25	0.44996387703114765	0.26396330780444177	0.0396024172458284	0.015885668569795446	6.46247819615223e-30	5.298435215949396e-62	0.09398427964444037
causal_gxe	450	environment	0.5	0.25	0.46277340803774064	0.2587351616193528	0.038696696772837574	0.015523252401834553	5.8266317698245846e-33	2.2551594639557003e-62	0.5952860465908968
causal_gxe	451	environment	0.5	0.25	0.4391767168079571	0.2499254933227955	0.038662689282964416	0.015479497018578432	6.676305672533715e-30	1.2199177001442687e-58	0.4556860186771354
causal_gxe	452	environment	0.5	0.25	0.49371544843729276	0.252075009470274	0.03869657335571731	0.015507817667810224	2.790486492028181e-37	2.068598392422358e-59	0.35065211073157854
causal_gxe	453	environment	0.5	0.25	0.554999352145614	0.24282649715475915	0.039084359352198866	0.01564323669449513	9.156394643555082e-46	2.4328468496007415e-54	0.6225976205976045
causal_gxe	454	environment	0.5	0.25	0.4719273660704238	0.22407822848579953	0.03871106906013221	0.015501007585338261	3.4705571115742693e-34	2.3070394403971116e-47	0.4321793432143093
causal_gxe	455	environment	0.5	0.25	0.45357774014748864	0.25360618854035233	0.039259064322558934	0.01573530313994544	7.091324015559747e-31	1.937299599117094e-58	0.540075453410823
causal_gxe	456	environment	0.5	0.25	0.4741817305168923	0.23929838826340014	0.038537043131451405	0.015443051908098348	8.559142986493472e-35	3.718386572048341e-54	0.39608209903592434
causal_gxe	457	environment	0.5	0.25	0.4655754347947032	0.2521966312912213	0.04041187385064888	0.016194896917373743	1.036942707884988e-30	1.1177224936400837e-54	0.30790734221005583
causal_gxe	458	environment	0.5	0.25	0.5362078198573628	0.2544814041312309	0.0374389725593117	0.015009925803825125	1.5904738453663612e-46	1.7915925585220158e-64	0.6521066857501683
causal_gxe	459	environment	0.5	0.25	0.4300920314175956	0.24878336599079978	0.03982913022745611	0.015961824145470767	3.501434210935501e-27	9.042306341154239e-55	0.7895560984978597
causal_gxe	460	environment	0.5	0.25	0.4655103911553087	0.23389746205751002	0.03792894715281255	0.015200905204338895	1.2613216227590714e-34	1.9986635220739246e-53	0.419073424263824
causal_gxe	461	environment	0.5	0.25	0.5578320528999808	0.27210878673633676	0.03907976856959286	0.01565326078684926	3.1694771153327626e-46	1.099883988906746e-67	0.1374338783057732
causal_gxe	462	environment	0.5	0.25	0.56202867921117	0.24486659564676383	0.03770956847350337	0.01511275577894946	3.097765090882344e-50	4.830506955881383e-59	0.30557239746593945
causal_gxe	463	environment	0.5	0.25	0.4103248527136669	0.21679914403136571	0.03810582906313564	0.015249863163791932	4.8729678049009836e-27	7.241998875534017e-46	0.6349527443090299
causal_gxe	464	environment	0.5	0.25	0.4797100779798533	0.2566663053625014	0.03627333765531702	0.01453032539903698	6.304838698091989e-40	7.915257729274877e-70	0.12265987362227354
causal_gxe	465	environment	0.5	0.25	0.5192029719657992	0.22506935870038308	0.03713287058027138	0.014886441283719284	1.9991842171358636e-44	1.2121670634979894e-51	0.9966201335061365
causal_gxe	466	environment	0.5	0.25	0.5793769936665693	0.2793582225066791	0.04079111949379393	0.01634650251300358	8.713876236461781e-46	1.768229000056378e-65	0.6691930942514493
causal_gxe	467	environment	0.5	0.25	0.46407669905092463	0.24393539089798494	0.03865078273090027	0.015492209553094138	3.268067039947404e-33	7.353510275247988e-56	0.3808834926386849
causal_gxe	468	environment	0.5	0.25	0.5239274261074368	0.24256968298732098	0.03830974228526663	0.015339106740372808	1.410801912258336e-42	2.4989613308224647e-56	0.6884697344595669
causal_gxe	469	environment	0.5	0.25	0.49128080656150036	0.24438913318686215	0.03849273170840224	0.015423331540090351	2.6401031132586328e-37	1.512124821536684e-56	0.45740599567654117
causal_gxe	470	environment	0.5	0.25	0.4613172286263058	0.23089779506727304	0.038772000581884215	0.015535392500088072	1.2091944528072561e-32	5.756248289452005e-50	0.25120214979779076
causal_gxe	471	environment	0.5	0.25	0.501761863197604	0.22592357087584175	0.039115398044942205	0.01567195180299842	1.146712884633324e-37	4.116994383571512e-47	0.3687384332315924
causal_gxe	472	environment	0.5	0.25	0.4827338400076903	0.25583051869920503	0.04032043374119416	0.016164544924900128	4.955166718061853e-33	2.0380128658913618e-56	0.9700143555939778
causal_gxe	473	environment	0.5	0.25	0.4986346696203358	0.22620041520181988	0.03942499976289028	0.01579581566626965	1.1523148792580781e-36	1.63476391326485e-46	0.7355370415820556
causal_gxe	474	environment	0.5	0.25	0.5065578581355749	0.23862623254102092	0.038432356993081784	0.015393208674495524	1.1362826251446755e-39	3.360178620195552e-54	0.10397307515406229
causal_gxe	475	environment	0.5	0.25	0.49501952285812745	0.2513501325052632	0.0416428696871418	0.016688431844353337	1.3785898751962551e-32	2.9083544447677045e-51	0.6230552923889395
causal_gxe	476	environment	0.5	0.25	0.4529411129548464	0.23577512010970558	0.03832100068111918	0.015364244079404687	3.089405355569369e-32	3.7843981897252767e-53	0.08197925174361022
causal_gxe	477	environment	0.5	0.25	0.5500932707392624	0.22447215299723583	0.03755502676296955	0.01504670728682734	1.394352480007276e-48	2.503618773745004e-50	0.2322764000651933
causal_gxe	478	environment	0.5	0.25	0.5302171267134915	0.24243910921333203	0.039367714025621864	0.015760561135854244	2.4025789326059036e-41	2.1402449855740735e-53	0.8514660158544435
causal_gxe	479	environment	0.5	0.25	0.506630904054877	0.25754262158874364	0.040029444026172395	0.016037999141591902	1.0304698727974366e-36	5.002609498173023e-58	0.7739031233503799
causal_gxe	480	environment	0.5	0.25	0.4926741403241996	0.28333818892545115	0.03837255739835334	0.01537501228464142	9.885109610639666e-38	7.762608694906089e-76	0.7915008070678673
causal_gxe	481	environment	0.5	0.25	0.5105239413598178	0.2576358143429421	0.03818987200193804	0.015305281541232129	9.295145082125955e-41	1.395240220028675e-63	0.2382225896938973
causal_gxe	482	environment	0.5	0.25	0.5159088099010222	0.2468293243022936	0.03816692804841384	0.015285559973321542	1.2385114536511282e-41	1.1754015360231512e-58	0.7451801793228143
causal_gxe	483	environment	0.5	0.25	0.4800322622400513	0.2491209212522396	0.04017394645307866	0.01610010618362188	6.583373739580601e-33	5.258623421569326e-54	0.6408436570240433
causal_gxe	484	environment	0.5	0.25	0.46474929200442044	0.2384467963915733	0.03973200873271475	0.015917000903576613	1.3188337612234086e-31	9.827213747682138e-51	0.2005507516149334
causal_gxe	485	environment	0.5	0.25	0.5093784379496115	0.24514418814967162	0.037372309700839136	0.014971319718858985	2.6617918251755887e-42	2.920676890472715e-60	0.5236989120927527
causal_gxe	486	environment	0.5	0.25	0.47281436348434114	0.23403289932016327	0.038550427243505506	0.015450773567866468	1.3990888024735956e-34	7.930236060452046e-52	0.3264788507819077
causal_gxe	487	environment	0.5	0.25	0.509827101226421	0.26091657040095595	0.03976667425710139	0.015939096461321047	1.2594924437380551e-37	3.152997256265809e-60	0.7592196740903572
causal_gxe	488	environment	0.5	0.25	0.48335650485188836	0.21230478450818843	0.04142547186891738	0.016599637723329532	1.8552260157290678e-31	1.8713738200820317e-37	0.396395047083667
causal_gxe	489	environment	0.5	0.25	0.45162554024280316	0.27183463260843926	0.03768973137043984	0.015096134262167596	4.37716409471094e-33	1.7198429862558766e-72	0.9132217191865057
causal_gxe	490	environment	0.5	0.25	0.48245645941766396	0.2889949290237789	0.03897583860881712	0.015616709358660358	3.4232017358563334e-35	1.8645984781465055e-76	0.39337337040246484
causal_gxe	491	environment	0.5	0.25	0.6053524162539624	0.25408804565323684	0.0394384962711089	0.015796009093943384	3.581539529654985e-53	3.2199675685604106e-58	0.33979691537033785
causal_gxe	492	environment	0.5	0.25	0.5271303126796234	0.23015115651117862	0.03954268645762885	0.015846087357828793	1.5352271258298153e-40	8.517626632504337e-48	0.30784438278790305
causal_gxe	493	environment	0.5	0.25	0.49467189374625753	0.23327684664513945	0.04031417353705228	0.016144901368204432	1.3057216176796197e-34	2.5454252185908765e-47	0.36243708103391953
causal_gxe	494	environment	0.5	0.25	0.5418406170147481	0.24605127334461754	0.03995021962770487	0.015997958977343497	6.646071930364335e-42	2.2237495100377437e-53	0.1788253201188534
causal_gxe	495	environment	0.5	0.25	0.5860000851819119	0.25160641659874633	0.039454951700805346	0.01581723195040031	6.713817999094332e-50	5.656679350694817e-57	0.048390501985106665
causal_gxe	496	environment	0.5	0.25	0.46480180154041445	0.2348032288500561	0.03857550680701249	0.015445585697267596	1.9597665162799897e-33	3.431788674673198e-52	0.8215273524247775
causal_gxe	497	environment	0.5	0.25	0.5311912079980067	0.26122879170017393	0.039314412636389795	0.01576159880176974	1.340213012859506e-41	1.0788369273983466e-61	0.10867144223824948
causal_gxe	498	environment	0.5	0.25	0.5192903573975297	0.24301083046230681	0.03954052228681855	0.015840645215880866	2.1271343641845317e-39	4.0707941461008024e-53	0.7253065439663426
causal_gxe	499	environment	0.5	0.25	0.38443356816372953	0.2598887161459568	0.03964133165527207	0.01588087489969445	3.080799762813071e-22	3.406619624988437e-60	0.8139191638612865
causal_gxe	500	environment	0.5	0.25	0.5589727918077562	0.22479401701789709	0.04078810040176782	0.01634012866131953	9.567183522371683e-43	4.611960793526808e-43	0.6681627273116347
causal_gxe	1	diagonal	0.5	0.25	0.5111553931474663	0.2776541568318901	0.02455077156598482	0.02200123822186484	2.8317361467567617e-96	1.6396028720555967e-36	0.09745031831467095
causal_gxe	2	diagonal	0.5	0.25	0.47515257074747413	0.2774381871460142	0.0257304190304903	0.02306187180991726	3.8370670177289775e-76	2.4665901161530212e-33	0.01333326536288465
causal_gxe	3	diagonal	0.5	0.25	0.5174377641775845	0.25968999509547963	0.025495970099263653	0.02282957885661778	1.4269008501831204e-91	5.560406965926272e-30	0.7495048843258787
causal_gxe	4	diagonal	0.5	0.25	0.4931043268353607	0.23922512745649738	0.0243337058852076	0.021783927236482876	2.659761409875308e-91	4.678956852908365e-28	0.45222911649643804
causal_gxe	5	diagonal	0.5	0.25	0.48508578266574887	0.22854402225166287	0.0261215968025347	0.023405616144307452	5.589406357935193e-77	1.5990663410127402e-22	0.5374902117852289
causal_gxe	6	diagonal	0.5	0.25	0.5147926492455696	0.23678825521290192	0.02471269809851107	0.022139131175036193	2.2621282039536264e-96	1.0688465197462534e-26	0.013953038329474171
causal_gxe	7	diagonal	0.5	0.25	0.5156079456272985	0.24567813080503395	0.02350480337481433	0.021069847395280315	1.170968790292578e-106	2.0362084766582765e-31	0.6110636018773221
causal_gxe	8	diagonal	0.5	0.25	0.4846499961939152	0.24126331959089337	0.024855267357352145	0.022258632778072725	1.1220202433578117e-84	2.2469540159469264e-27	0.9393558999570262
causal_gxe	9	diagonal	0.5	0.25	0.536571903814521	0.24868971209880766	0.024541276914992145	0.021974107588743037	5.713235429978456e-106	1.076193838805967e-29	0.9465745833558828
causal_gxe	10	diagonal	0.5	0.25	0.5623403376156237	0.2423677970458887	0.02540743530492622	0.02276993795552504	1.5243571961294397e-108	1.85569373469161e-26	0.8486326372493512
causal_gxe	11	diagonal	0.5	0.25	0.6082740908833555	0.2447687150803138	0.024904127858561574	0.0222946754773079	9.364458173543219e-132	4.83317299060594e-28	0.6399706574354942
causal_gxe	12	diagonal	0.5	0.25	0.5303215413442169	0.2501104633820775	0.024135818687207336	0.021603805581353466	5.2913737402353595e-107	5.3806222062116315e-31	0.9758526708275702
causal_gxe	13	diagonal	0.5	0.25	0.536683218616153	0.2590132984722074	0.024463784225078652	0.021914930291201826	1.1308462646396424e-106	3.1124409260771603e-32	0.8840312996203161
causal_gxe	14	diagonal	0.5	0.25	0.4183811320613011	0.2460484363381999	0.02614828486044943	0.02341072315303688	1.2710387130094268e-57	7.76324823333856e-26	0.5214002626926965
causal_gxe	15	diagonal	0.5	0.25	0.46183165105656393	0.25298320495729465	0.02584983442060929	0.023172103953144712	2.1723239912983636e-71	9.49973862757598e-28	0.021818409398130158
causal_gxe	16	diagonal	0.5	0.25	0.5131725461732517	0.2650026120451567	0.025354193213262478	0.02270961444664609	4.338912064236067e-91	1.8317715726339095e-31	0.943460728640558
causal_gxe	17	diagonal	0.5	0.25	0.5329093166402246	0.2471059938668122	0.025165755658929728	0.022551012988808312	1.5906937243240135e-99	6.106785397655855e-28	0.9931332025481038
causal_gxe	18	diagonal	0.5	0.25	0.4524113506298188	0.2468863515720045	0.02374446564166867	0.021271849245986112	6.164219450710588e-81	3.8305921279705497e-31	0.08736082537851704
causal_gxe	19	diagonal	0.5	0.25	0.48385824182626735	0.2633271130543073	0.026570407114223732	0.023808763606099004	4.266704257303267e-74	1.958967483724501e-28	0.38397948180881913
causal_gxe	20	diagonal	0.5	0.25	0.5008388372024496	0.2490861787896295	0.025942483876035028	0.023251784987583703	4.80623343267051e-83	8.8868212978152e-27	0.6318022925453047
causal_gxe	21	diagonal	0.5	0.25	0.500131660417356	0.2476935750719599	0.025970169130427847	0.023252519940912757	1.2112826079031334e-82	1.7004981945218893e-26	0.7704018654910854
causal_gxe	22	diagonal	0.5	0.25	0.537294063625103	0.23549084585678579	0.0256478507099353	0.022984846340343593	1.9204617596496078e-97	1.2400433237514153e-24	0.040721981681609565
causal_gxe	23	diagonal	0.5	0.25	0.44590030248918017	0.2370184017188033	0.02403006983123844	0.02151901877079136	7.30319576706288e-77	3.2581342013678358e-28	0.9923153468665971
causal_gxe	24	diagonal	0.5	0.25	0.454973525833129	0.21830166790130753	0.02604183861996109	0.023317506594633743	2.3883326227520987e-68	7.814072592417306e-21	0.5580897703372122
causal_gxe	25	diagonal	0.5	0.25	0.5205739536003581	0.2570537798279804	0.025017898326051953	0.02241915929353352	3.6584520771253197e-96	1.9592199648152938e-30	0.1523846505831779
causal_gxe	26	diagonal	0.5	0.25	0.4892781318099486	0.23405538801312306	0.025042719431684072	0.02242412796579592	5.245423405872038e-85	1.6687615962574859e-25	0.653108779992318
causal_gxe	27	diagonal	0.5	0.25	0.49866028532899526	0.2501774108090951	0.02513367240741526	0.022523959708421092	1.3358638523567097e-87	1.1577277582314966e-28	0.3449501327793536
causal_gxe	28	diagonal	0.5	0.25	0.528733861477802	0.2395236445008563	0.024550904792339418	0.02199558229403136	7.12815902589967e-103	1.2917094058044663e-27	0.34989286530711167
causal_gxe	29	diagonal	0.5	0.25	0.38409625763257504	0.21671191358850067	0.02563099993616427	0.02295866695006804	9.117976485124025e-51	3.755638051706324e-21	0.10557161482677051
causal_gxe	30	diagonal	0.5	0.25	0.4431002827561841	0.2670725695094272	0.02488380800220287	0.022298446236554068	6.2619198052775385e-71	4.679561780090447e-33	0.9888507156689388
causal_gxe	31	diagonal	0.5	0.25	0.43814188106389207	0.27764716012703206	0.025243818790935797	0.02262886204480888	1.7643830230440712e-67	1.3189800083291356e-34	0.8192614017759098
causal_gxe	32	diagonal	0.5	0.25	0.4407723536338999	0.24503443485394014	0.025623843153905257	0.02296911251899603	2.580815605237498e-66	1.4368966324067658e-26	0.8763167887306126
causal_gxe	33	diagonal	0.5	0.25	0.497185240322448	0.2635195770085366	0.024615431523867404	0.02206852537839418	1.0171243905585232e-90	7.237508275789236e-33	0.21224619003982537
causal_gxe	34	diagonal	0.5	0.25	0.5235924620339699	0.24969014285444208	0.025440447199344633	0.022782979782167583	4.0535312206048274e-94	5.982679542373657e-28	0.8384332752359845
causal_gxe	35	diagonal	0.5	0.25	0.5124299102898133	0.25987607851609296	0.025357171680809025	0.022724264800445593	8.244721375920226e-91	2.76140303538405e-30	0.5936100376868668
causal_gxe	36	diagonal	0.5	0.25	0.49115240025719353	0.2754006035396622	0.02509589669357546	0.022506316825764743	2.731372766287586e-85	1.981820089999531e-34	0.38031261787610593
causal_gxe	37	diagonal	0.5	0.25	0.4924017754700132	0.2810398647908105	0.0265096553978235	0.023761056220848287	5.1750358071917455e-77	2.8055716545920503e-32	0.9997569462164491
causal_gxe	38	diagonal	0.5	0.25	0.4495277569320418	0.22833024483200706	0.024099798991148592	0.021585955321850408	1.1992454755569065e-77	3.780356930498859e-26	0.7303038139433702
causal_gxe	39	diagonal	0.5	0.25	0.5073145389610931	0.24324749018849495	0.025253841203696253	0.022628910497829235	9.282655412236657e-90	5.9640361907497466e-27	0.017270867977562342
causal_gxe	40	diagonal	0.5	0.25	0.43477669165906135	0.2580860890131951	0.025608663370482166	0.022945702108614147	1.2006237022650269e-64	2.3774336118551944e-29	0.9983830474530611
causal_gxe	41	diagonal	0.5	0.25	0.4637722665219429	0.27226081577061134	0.025519274069525925	0.022864317713477397	8.382109226962718e-74	1.079480292124947e-32	0.6606007236288872
causal_gxe	42	diagonal	0.5	0.25	0.5160993415717691	0.2520997310661891	0.025123624692971563	0.022486469098460235	9.001855449261315e-94	3.593920807267665e-29	0.8463073401751624
causal_gxe	43	diagonal	0.5	0.25	0.5099888554658	0.25481579702781243	0.024602225423855116	0.022037458053659913	1.882027253677844e-95	6.356435177995741e-31	0.001281609394878856
causal_gxe	44	diagonal	0.5	0.25	0.44428433268804024	0.23410052224936503	0.02464731246286431	0.022070212953796627	1.2251778511787354e-72	2.762466003491491e-26	0.19219719383622583
causal_gxe	45	diagonal	0.5	0.25	0.5510856728401555	0.21822725464227638	0.024162838717122628	0.02162228699934394	3.893411177729584e-115	5.950976721394911e-24	0.9167708981947258
causal_gxe	46	diagonal	0.5	0.25	0.5086294974490867	0.2505493875246578	0.02628410558952486	0.023550350937965786	1.9907558726638302e-83	1.964741107000031e-26	0.9101641352179564
causal_gxe	47	diagonal	0.5	0.25	0.5192139822617113	0.23834668315542692	0.023650338059907818	0.021171219502507405	7.971677048399394e-107	2.1138035926910012e-29	0.8491331574337669
causal_gxe	48	diagonal	0.5	0.25	0.48047219406897274	0.210043343946553	0.02595257863942679	0.023249378279375163	1.6081116860924893e-76	1.6495899681575785e-19	0.9361844480980852
causal_gxe	49	diagonal	0.5	0.25	0.44167031554790515	0.2216408468600301	0.024766418404315534	0.022189279297299913	3.8878303258790125e-71	1.709008161306959e-23	0.110363254722104
causal_gxe	50	diagonal	0.5	0.25	0.4895824050639137	0.25864976533712847	0.02333181391623922	0.020899263848767023	9.286473151996368e-98	3.5237667747397223e-35	0.991866166941494
causal_gxe	51	diagonal	0.5	0.25	0.5932273040809399	0.24865463215294573	0.023376017804217653	0.020956376834367726	4.457134845838078e-142	1.7916334229142574e-32	0.994745169075392
causal_gxe	52	diagonal	0.5	0.25	0.45870426039926426	0.24263645091268685	0.02548666427176645	0.022825599694689596	2.026590158676799e-72	2.160793699219385e-26	0.031696382952323646
causal_gxe	53	diagonal	0.5	0.25	0.4342873448946139	0.25424979456847	0.02505613703067784	0.022433889853525426	2.6710271553531385e-67	8.976757645998787e-30	0.23869530858813912
causal_gxe	54	diagonal	0.5	0.25	0.4844771559668958	0.26211503072692216	0.02433862288755691	0.021791683236055428	3.6323344633546083e-88	2.5256502305557212e-33	0.916767266896166
causal_gxe	55	diagonal	0.5	0.25	0.5080012639560768	0.25351681609084087	0.024718484875042537	0.02214410608826175	7.466367140453686e-94	2.392474462475632e-30	0.9109544129921198
causal_gxe	56	diagonal	0.5	0.25	0.46425465081804623	0.24206092429623305	0.024669937542114353	0.022086578428015185	5.3131805283177765e-79	5.973724052498478e-28	0.929729371585957
causal_gxe	57	diagonal	0.5	0.25	0.4966438074706067	0.2674658980602097	0.024398186527199515	0.021852620311858254	4.127379780641348e-92	1.9112586402314648e-34	0.7456357521249308
causal_gxe	58	diagonal	0.5	0.25	0.5111047432945383	0.23761842506558967	0.02587684327693091	0.023170658708949375	7.797322586497811e-87	1.1220945967111568e-24	0.9966337769288112
causal_gxe	59	diagonal	0.5	0.25	0.5354414949181934	0.2647943997864661	0.024711560425783687	0.022152172062393678	4.143515835745887e-104	6.230114090840531e-33	0.921213835313268
causal_gxe	60	diagonal	0.5	0.25	0.5287634710813724	0.27821184397448445	0.0245058105905485	0.021976932468610745	2.950091105991597e-103	9.94240087551081e-37	0.5255293917423977
causal_gxe	61	diagonal	0.5	0.25	0.45390905431667034	0.23151557978346568	0.025747152151119446	0.023068171882505425	1.46291302551603e-69	1.0572268787628137e-23	0.6787857340151037
causal_gxe	62	diagonal	0.5	0.25	0.5206127345559961	0.233250571531104	0.0246631467642206	0.02208619794706282	6.584113760757761e-99	4.522074193333542e-26	0.19614277011506262
causal_gxe	63	diagonal	0.5	0.25	0.49587320986407385	0.2667490157106726	0.024227217509988682	0.021716638928540217	4.1866508931901455e-93	1.1155016090618612e-34	0.5861420997409027
causal_gxe	64	diagonal	0.5	0.25	0.5105659102785208	0.25685545444354024	0.024803826397904353	0.022234730424890232	3.8058339065739566e-94	7.212799370556036e-31	0.3088322831497572
causal_gxe	65	diagonal	0.5	0.25	0.5339234302604221	0.2399901609288879	0.025765940371071258	0.023079152464236186	2.1909563955523157e-95	2.516842115278298e-25	0.23932582793885745
causal_gxe	66	diagonal	0.5	0.25	0.5147796488415254	0.23576779183835003	0.024607778255739714	0.022034579999787373	3.566652386793971e-97	1.0188864785579163e-26	0.35453063478948743
causal_gxe	67	diagonal	0.5	0.25	0.4599004800859684	0.24406611461373173	0.0242421096919809	0.02170953861850782	2.9542448220795568e-80	2.525834245796256e-29	0.17201774420394236
causal_gxe	68	diagonal	0.5	0.25	0.5041099589542767	0.24005498814868356	0.024424538287631758	0.02188473496004342	1.213416545630611e-94	5.38286165604164e-28	0.5482250386378726
causal_gxe	69	diagonal	0.5	0.25	0.4411156465901199	0.23597691330158657	0.024561482530418295	0.02200118918295243	4.0333798816925725e-72	7.714813326725558e-27	0.9997602995273512
causal_gxe	70	diagonal	0.5	0.25	0.5007890813070642	0.25009619427651414	0.02513156308635974	0.02251646322600197	2.3880481757020386e-88	1.1565493233328383e-28	0.010194575505948003
causal_gxe	71	diagonal	0.5	0.25	0.49630834611172736	0.24675090921749654	0.02489025269735487	0.022305545155053147	1.835494685239341e-88	1.911060085083176e-28	0.2979368082790862
causal_gxe	72	diagonal	0.5	0.25	0.46875267184042213	0.25889614042385806	0.025183178442437792	0.0225535890709271	2.4872574485885497e-77	1.6791388234202185e-30	0.29094144219940393
causal_gxe	73	diagonal	0.5	0.25	0.4263917871835492	0.23778256558703434	0.024452289450412872	0.02190651675531442	4.268816342507565e-68	1.9000617496121607e-27	0.8168233113593916
causal_gxe	74	diagonal	0.5	0.25	0.44969974703435683	0.24339862089784292	0.025589889748780594	0.02291901781245024	3.9428535294755604e-69	2.407127700511095e-26	0.6786394246570392
causal_gxe	75	diagonal	0.5	0.25	0.4853987836152781	0.23937173731622202	0.02424132055129334	0.021713572778859224	3.429393401037793e-89	2.925577235807722e-28	0.6760542376808257
causal_gxe	76	diagonal	0.5	0.25	0.5233828999752989	0.22573477039328277	0.026381351528995622	0.023625781651711236	1.3682242280148804e-87	1.2406847436519817e-21	0.9256584201265996
causal_gxe	77	diagonal	0.5	0.25	0.4613434662471897	0.24467393795332007	0.02417400324510156	0.02166598639619582	3.411397644948372e-81	1.4210557173610146e-29	0.6447189352732835
causal_gxe	78	diagonal	0.5	0.25	0.4472325388862366	0.27786412631331797	0.024442254045648322	0.021916100633387742	8.660835781265509e-75	7.77683668936796e-37	0.31903141317701955
causal_gxe	79	diagonal	0.5	0.25	0.5423353456713566	0.21278915501507858	0.02492169098434921	0.02230828442194849	5.366832314005595e-105	1.4481391332497956e-21	0.4216738620082766
causal_gxe	80	diagonal	0.5	0.25	0.5636556227810877	0.2355322043800023	0.024675688358572843	0.02208302499169585	1.7331444640955095e-115	1.4719361083180234e-26	0.21591114972124342
causal_gxe	81	diagonal	0.5	0.25	0.4730501091391963	0.24472336629339453	0.02572454415929204	0.02306101017234913	1.6075163111794463e-75	2.6208717001838534e-26	0.02433542065167008
causal_gxe	82	diagonal	0.5	0.25	0.5183649171854097	0.2587891084735935	0.024951772385911727	0.02234815602043555	7.336162110208736e-96	5.211505573842325e-31	0.7951770025331835
causal_gxe	83	diagonal	0.5	0.25	0.47178288031666055	0.2600951096237478	0.02566409849589062	0.02298878540450764	1.7977867343623281e-75	1.1187103357465713e-29	0.6243140560919047
causal_gxe	84	diagonal	0.5	0.25	0.5033259877210383	0.23959445983840003	0.026062167493415084	0.02333201681327095	4.215408101807909e-83	9.729431957941956e-25	0.2817677973054499
causal_gxe	85	diagonal	0.5	0.25	0.49395607358504523	0.27284025101869847	0.025233778736389323	0.02259181721354256	2.5168471395284914e-85	1.3980978951050573e-33	0.9008471407528243
causal_gxe	86	diagonal	0.5	0.25	0.5021260252793494	0.2747830612480827	0.02599132553656943	0.023285350043842593	3.718918377936614e-83	3.871509333163298e-32	0.4862138623525402
causal_gxe	87	diagonal	0.5	0.25	0.49049487413891324	0.2543494152615792	0.02456443750793326	0.021992799115018336	1.0522482169524892e-88	6.19029089937821e-31	0.8298320492340614
causal_gxe	88	diagonal	0.5	0.25	0.5509656430685559	0.2344679509100891	0.02597796409078707	0.02325463642532516	7.893637004897672e-100	6.593553977384508e-24	0.049857591656566724
causal_gxe	89	diagonal	0.5	0.25	0.4657407113567168	0.2695778847232176	0.025374952005257842	0.02273003319556223	3.047201570972054e-75	1.910061331159024e-32	0.348645318753514
causal_gxe	90	diagonal	0.5	0.25	0.48392515540208164	0.2416920963964747	0.024238866367675086	0.021716352903115452	1.1137778857057238e-88	9.014217270243101e-29	0.7721086333800847
causal_gxe	91	diagonal	0.5	0.25	0.4323664623147204	0.23665853115396854	0.024000204270903165	0.021502883892820998	1.482700807046079e-72	3.5793487049550336e-28	0.015198332822525239
causal_gxe	92	diagonal	0.5	0.25	0.5688984005169325	0.22983958056516118	0.024945785338778358	0.022355426373552156	4.0537541459745822e-115	8.569534586632362e-25	0.10902469259638359
causal_gxe	93	diagonal	0.5	0.25	0.5846800796563452	0.2308931206907411	0.02482330469004393	0.02224307739461934	1.1510602826419676e-122	3.04341845771842e-25	0.9423365016705477
causal_gxe	94	diagonal	0.5	0.25	0.530694514803763	0.24513246494127747	0.023177274175210812	0.020746311655923153	4.9552531364866906e-116	3.237901268115191e-32	0.35732892593598375
causal_gxe	95	diagonal	0.5	0.25	0.5289445426401075	0.25106922870569537	0.026254783246595026	0.02352280275862852	2.8826023864918e-90	1.355142462553572e-26	0.8813010275593794
causal_gxe	96	diagonal	0.5	0.25	0.4592170680158681	0.22783537750267058	0.02456626738713201	0.02197813240548061	5.645501555713229e-78	3.5234505637558954e-25	0.8100462305252238
causal_gxe	97	diagonal	0.5	0.25	0.5256232234693817	0.23840239755385403	0.025605545720115336	0.022923761721968288	1.217796700124149e-93	2.484700009542436e-25	0.017649104927207306
causal_gxe	98	diagonal	0.5	0.25	0.48796214872271876	0.24797152811660533	0.0246134601496321	0.0220608701932611	1.8113707182276962e-87	2.584056465322868e-29	0.3778460954723233
causal_gxe	99	diagonal	0.5	0.25	0.5075452498144991	0.270555466963757	0.023552757781590935	0.021097125887511666	5.376298076851603e-103	1.1989387515333072e-37	0.6962332127679921
causal_gxe	100	diagonal	0.5	0.25	0.48281755341138627	0.22415059051714298	0.026397781271340282	0.02364478575933598	9.92677767628497e-75	2.5448705831049125e-21	0.8032087300616901
causal_gxe	101	diagonal	0.5	0.25	0.4909067912462829	0.25625916190620573	0.02459908234360069	0.022032911323865104	1.321279576031855e-88	2.8757841511046952e-31	0.43588528960252493
causal_gxe	102	diagonal	0.5	0.25	0.4743332667130454	0.2640057749878747	0.025681574025656885	0.023007369577465152	3.614909033140877e-76	1.765135904885885e-30	0.3344223712629472
causal_gxe	103	diagonal	0.5	0.25	0.5619378057034861	0.2749642281044745	0.024761410362409343	0.022184693933111586	5.123778533595643e-114	2.8051004042622063e-35	0.8136987457466096
causal_gxe	104	diagonal	0.5	0.25	0.5320888841811224	0.24894330576556492	0.023827758605371712	0.02133056774789891	1.8627882756028033e-110	1.7987223180878418e-31	0.9096527462741631
causal_gxe	105	diagonal	0.5	0.25	0.5423259798827137	0.26981089216632603	0.024127483353048883	0.021620460634761102	6.888202831732926e-112	9.668370401300808e-36	0.15582580561889206
causal_gxe	106	diagonal	0.5	0.25	0.4494580885416808	0.2538837015439804	0.025455671802814214	0.022802259896737738	9.069065469448755e-70	8.556069516543775e-29	0.592004289901493
causal_gxe	107	diagonal	0.5	0.25	0.46319806092232907	0.23534878616538188	0.02560028230332995	0.022915651207201466	3.5873851000008926e-73	9.59852239342291e-25	0.9266199624422568
causal_gxe	108	diagonal	0.5	0.25	0.4963448096203436	0.2488233103429987	0.025166191587107034	0.022548419528622653	1.3772624139143633e-86	2.5885976780463505e-28	0.6196392716934492
causal_gxe	109	diagonal	0.5	0.25	0.44893323359390286	0.25160140647351703	0.025570655319528054	0.02289932909743092	5.297301237425129e-69	4.399722903161644e-28	0.9893491124939572
causal_gxe	110	diagonal	0.5	0.25	0.5967117735676891	0.2296727494329835	0.0249584797919478	0.022355056225399884	2.5180480361485468e-126	9.242935102527708e-25	0.05180358693375452
causal_gxe	111	diagonal	0.5	0.25	0.5041845987187769	0.26736038914045135	0.0256557530073763	0.02296337952582618	5.56756542573028e-86	2.493817588964861e-31	0.4985218680636721
causal_gxe	112	diagonal	0.5	0.25	0.5637923799057436	0.2667866602148286	0.025511746270389768	0.022854477431915772	3.208247875783431e-108	1.7456558004774403e-31	0.9883816131449843
causal_gxe	113	diagonal	0.5	0.25	0.4657950552443482	0.25095924432776584	0.024227082125618322	0.021695434647385724	2.2335230805693106e-82	6.029886918579485e-31	0.8278934788527893
causal_gxe	114	diagonal	0.5	0.25	0.5106522430297568	0.26238389158361675	0.02431091568697181	0.02178197519424606	5.895901787108605e-98	2.037943899044078e-33	0.7631119262706355
causal_gxe	115	diagonal	0.5	0.25	0.43919681511857367	0.2801887910377493	0.025574091750040568	0.022896259868684796	4.1931088105693865e-66	1.964185878974727e-34	0.7421780614063089
causal_gxe	116	diagonal	0.5	0.25	0.49265367724023634	0.26096383990343097	0.02758352533262581	0.02470742108402144	2.397765011654704e-71	4.4625244296153067e-26	0.8390045795526244
causal_gxe	117	diagonal	0.5	0.25	0.464374189720254	0.25048276959114196	0.024869150247971893	0.022282559519546684	8.25704677182481e-78	2.558721985868722e-29	0.9062313599958616
causal_gxe	118	diagonal	0.5	0.25	0.4645802041992327	0.24763335550168009	0.02482306358453304	0.022245634981496943	3.6897003524758823e-78	8.787025342257849e-29	0.8994195549431113
causal_gxe	119	diagonal	0.5	0.25	0.4643965765671475	0.25257952282910523	0.024486751408648838	0.021922399612261067	3.306541885208749e-80	1.0277312309698053e-30	0.8000345068615717
causal_gxe	120	diagonal	0.5	0.25	0.4733846081579214	0.2612272711901734	0.02489774043154821	0.02230908708719441	1.3272355924135666e-80	1.1400889555832722e-31	0.8193689658881853
causal_gxe	121	diagonal	0.5	0.25	0.5095164651793299	0.2544207001234288	0.02552469481782757	0.022856786965824175	1.1859270920758057e-88	8.855703944824325e-29	0.08885913650138838
causal_gxe	122	diagonal	0.5	0.25	0.5115626418523151	0.22386131852129387	0.024718737882642006	0.022146623465679652	3.8154163762415314e-95	5.083682925625429e-24	0.984561086438604
causal_gxe	123	diagonal	0.5	0.25	0.47153772527147286	0.2395416681760899	0.02429225578636569	0.021763110114948282	6.2265348121120645e-84	3.5446370027883964e-28	0.39317375093053164
causal_gxe	124	diagonal	0.5	0.25	0.5444149141773881	0.24737757200795626	0.02429525756980953	0.021772748938079976	3.2682479866216656e-111	6.479722564241885e-30	0.2803368963643883
causal_gxe	125	diagonal	0.5	0.25	0.541447663906584	0.23040971188129195	0.02487483134515974	0.022257357313200422	4.780049101964353e-105	4.09535736061387e-25	0.1019161670577133
causal_gxe	126	diagonal	0.5	0.25	0.5208152264879373	0.27935025824952237	0.023303433244112187	0.020853447866687743	1.2267434475995891e-110	6.391507622498967e-41	0.8105720285417718
causal_gxe	127	diagonal	0.5	0.25	0.47837898091753805	0.2366535699083101	0.024326404367713047	0.021780679658330082	4.300841163483477e-86	1.6867204569713505e-27	0.7578155623862004
causal_gxe	128	diagonal	0.5	0.25	0.5505366626994109	0.25441164274010325	0.025310791933721898	0.02268177696488542	6.7495721824233085e-105	3.381483735357251e-29	0.8853685271346821
causal_gxe	129	diagonal	0.5	0.25	0.49317713158096954	0.26240647225037195	0.02616363700753129	0.023415434268061933	2.954231017260627e-79	3.7862344134282783e-29	0.9307453207029336
causal_gxe	130	diagonal	0.5	0.25	0.4855686862622602	0.2564486555103577	0.0239672163826542	0.021454639912581216	2.917167973365701e-91	6.257588522822423e-33	0.7658810920411206
causal_gxe	131	diagonal	0.5	0.25	0.49631012987975676	0.22951233310335503	0.0251037835864446	0.022490841316624915	5.362220452994046e-87	1.8890015759782885e-24	0.8947199188264777
causal_gxe	132	diagonal	0.5	0.25	0.4576845128181082	0.21706891703987646	0.023806649714679346	0.021320650990246857	2.2832977896543728e-82	2.4067991434108507e-24	0.24715954907984733
causal_gxe	133	diagonal	0.5	0.25	0.539861490403094	0.24881030292159942	0.02506729258268992	0.022457138321923354	7.087864529409898e-103	1.5803066024305616e-28	0.27077618887292815
causal_gxe	134	diagonal	0.5	0.25	0.5368796800833555	0.2531709629351916	0.02472349061396978	0.022137495652908408	1.4686443099845292e-104	2.753921812965988e-30	0.9834978099516208
causal_gxe	135	diagonal	0.5	0.25	0.47627344622391465	0.2573001128661486	0.02445891838260563	0.02191167272838115	1.8830136947578607e-84	7.707541527311963e-32	0.4702147700292038
causal_gxe	136	diagonal	0.5	0.25	0.4714366617192484	0.23426738682351825	0.02449137947125034	0.02194461100218192	1.4367623027915317e-82	1.326922144628855e-26	0.20484928022668505
causal_gxe	137	diagonal	0.5	0.25	0.581702821521161	0.2439151847586723	0.024826926058864024	0.0222548498428881	2.098480724256197e-121	5.943941407255387e-28	0.4218063045108961
causal_gxe	138	diagonal	0.5	0.25	0.537998897547423	0.22545414728736657	0.025810819103690083	0.023100417622805437	1.7303516804933894e-96	1.675787665001432e-22	0.3360500473700748
causal_gxe	139	diagonal	0.5	0.25	0.48040654550657935	0.24720570331464473	0.025349524705625008	0.022712283488802373	4.3077643656766725e-80	1.370528662698369e-27	0.7060319534237379
causal_gxe	140	diagonal	0.5	0.25	0.5330554512093243	0.24924474570476243	0.025612093819735574	0.022947902957976152	3.3247587452730887e-96	1.761646619327766e-27	0.22994857663697688
causal_gxe	141	diagonal	0.5	0.25	0.5130178176888492	0.2596417071132914	0.024730073390257307	0.022153357472054918	1.3689122068266014e-95	1.0043852086546707e-31	0.4216122302200065
causal_gxe	142	diagonal	0.5	0.25	0.3992926623874389	0.25366094345411266	0.024832631820352356	0.022234382046851676	3.560761232933573e-58	3.7921298000653684e-30	0.4305084258434882
causal_gxe	143	diagonal	0.5	0.25	0.5146234857997972	0.2543252034306617	0.024539146382064985	0.021982683555797463	1.1935896604599087e-97	5.893228994271872e-31	0.064212563393373
causal_gxe	144	diagonal	0.5	0.25	0.5007451869870457	0.2281652308308869	0.02490984621205997	0.022286721582882193	7.045241251351266e-90	1.3436447425227888e-24	0.19048259455956068
causal_gxe	145	diagonal	0.5	0.25	0.47610264720182127	0.25217797379787416	0.02520416944934408	0.022583460829498133	1.3827260522868075e-79	5.948578632265542e-29	0.7874505829207469
causal_gxe	146	diagonal	0.5	0.25	0.5228498217624279	0.2571815118966809	0.024297330967658206	0.021759641037279433	1.0377626356494425e-102	3.1063479269536805e-32	0.3377538514287224
causal_gxe	147	diagonal	0.5	0.25	0.4970671664145405	0.2240350546502858	0.025050235470797214	0.02243384650983952	1.2713885191047524e-87	1.7468287278734074e-23	0.01974685742301666
causal_gxe	148	diagonal	0.5	0.25	0.45313777135274336	0.25955045927467374	0.024824680327705306	0.022239782907286603	1.9400089562159417e-74	1.8025783596508415e-31	0.9399196188218643
causal_gxe	149	diagonal	0.5	0.25	0.5178745547008335	0.23163437649921415	0.02500872662569772	0.02240466876749617	2.948897081987685e-95	4.710511716087524e-25	0.29866729104772727
causal_gxe	150	diagonal	0.5	0.25	0.5052948701513467	0.23340931835469386	0.02436893232969379	0.02182106725353568	1.667341388073938e-95	1.056811919664729e-26	0.0030551566993196697
causal_gxe	151	diagonal	0.5	0.25	0.5147277400269314	0.23230430368826502	0.024106024802980113	0.02159346736705423	3.683675514331505e-101	5.428799105859896e-27	0.9461876064779801
causal_gxe	152	diagonal	0.5	0.25	0.5265108258126672	0.23729864398236067	0.025616936667972552	0.022933319602485593	7.200686565398816e-94	4.3031568289949535e-25	0.7698088574675521
causal_gxe	153	diagonal	0.5	0.25	0.4857775206401923	0.24016624499657768	0.02424366525306991	0.02170684005992467	2.6053732801708215e-89	1.873728582925382e-28	0.5379695396268946
causal_gxe	154	diagonal	0.5	0.25	0.46102579031528024	0.24082719564291957	0.02547272430866838	0.022818253264901986	3.256751733241447e-73	4.860348098367526e-26	0.381139571252783
causal_gxe	155	diagonal	0.5	0.25	0.49472795867645525	0.24586617564426785	0.025196757477955356	0.022563206328804056	7.831299510960213e-86	1.1941546997824819e-27	0.42264318107800614
causal_gxe	156	diagonal	0.5	0.25	0.44457099009501516	0.25877746440782723	0.024178188409897928	0.021657023817980254	1.6612355110343203e-75	6.579563844629825e-33	0.46792095993879035
causal_gxe	157	diagonal	0.5	0.25	0.5525376903429062	0.2504566864178192	0.024493334409728628	0.021945024225306562	1.1032665763867105e-112	3.604457662998232e-30	0.10048928635763354
causal_gxe	158	diagonal	0.5	0.25	0.5513816855708217	0.24200218053010356	0.025902813363806506	0.023191371294234073	1.5124268595779602e-100	1.7159653199483206e-25	0.9607066896126087
causal_gxe	159	diagonal	0.5	0.25	0.4965343410792368	0.26094358289860736	0.023950913116071813	0.02145906706907827	1.807168777177788e-95	5.072027116113759e-34	0.996237998781976
causal_gxe	160	diagonal	0.5	0.25	0.46817648614097096	0.23998834991187598	0.02575525382096645	0.023066797972676363	7.72321059516683e-74	2.3758935471390103e-25	0.495217374716265
causal_gxe	161	diagonal	0.5	0.25	0.5800082033195902	0.2522503517077541	0.025568993905746358	0.022865817652295443	6.4389733092056664e-114	2.685390662890894e-28	0.923539056188908
causal_gxe	162	diagonal	0.5	0.25	0.513664020730568	0.26141493088450646	0.025192001071951606	0.022568566535068165	2.052926856218675e-92	5.017224503930659e-31	0.38785171825359516
causal_gxe	163	diagonal	0.5	0.25	0.5650828517486028	0.23713269392397934	0.02771222582773302	0.024799515155201072	2.005727069480468e-92	1.1551484466519027e-21	0.34337640985425505
causal_gxe	164	diagonal	0.5	0.25	0.5069420741782062	0.2524013923743998	0.025868151330715048	0.023161219622660354	1.6352597921356147e-85	1.183551592004922e-27	0.9060599100173502
causal_gxe	165	diagonal	0.5	0.25	0.4777699988643138	0.2657951507093311	0.025008460960501005	0.022407602662608522	2.3237209650252498e-81	1.868484186066059e-32	0.4911606971056661
causal_gxe	166	diagonal	0.5	0.25	0.5183230869279026	0.2589518894590722	0.024137646568511226	0.021609674135824188	2.7465305848283487e-102	4.3547605473576524e-33	0.2459530845539431
causal_gxe	167	diagonal	0.5	0.25	0.47255878181405847	0.2362269943505721	0.02400834601423124	0.021493568211382916	3.0098832757779333e-86	4.241446654131687e-28	0.7993123529611278
causal_gxe	168	diagonal	0.5	0.25	0.5137192822225407	0.2444170280951578	0.02417866202659587	0.021655256564101947	3.528870463131084e-100	1.5260964933187414e-29	0.2964913271274524
causal_gxe	169	diagonal	0.5	0.25	0.4433248674826757	0.22854802331663335	0.024097218796678387	0.0215769619111073	1.3795875735994206e-75	3.238042319039497e-26	0.6043891900726163
causal_gxe	170	diagonal	0.5	0.25	0.5148331946729625	0.26618834983779194	0.024884973302590596	0.02229361891973642	4.395238293968732e-95	7.312296536343916e-33	0.9844607884797674
causal_gxe	171	diagonal	0.5	0.25	0.49252544878553745	0.2440694253720672	0.023639787549204108	0.021176362367865808	2.102767175800054e-96	9.80729744293898e-31	0.7344905153951191
causal_gxe	172	diagonal	0.5	0.25	0.4236218229850305	0.26868236065063034	0.025321453634975025	0.02267638322301539	7.955923074421552e-63	2.1893492163723963e-32	0.9098027668946715
causal_gxe	173	diagonal	0.5	0.25	0.4970097729653536	0.2664483511596281	0.02406000685740773	0.02153230154216084	8.429022642062351e-95	3.597711758039232e-35	0.0156727450959879
causal_gxe	174	diagonal	0.5	0.25	0.5362882500889742	0.26627299234247737	0.02404189213363773	0.021543790717249517	3.2020165970714993e-110	4.3221347334609294e-35	0.991907882505479
causal_gxe	175	diagonal	0.5	0.25	0.5309527917780388	0.2789563770378542	0.025170352882301083	0.022541813478089957	8.958678669737264e-99	3.5661139100214353e-35	0.10148622957122894
causal_gxe	176	diagonal	0.5	0.25	0.5049689930220533	0.2597021200435699	0.02597349041846225	0.0232691877196856	3.425748692515556e-84	6.343762948770367e-29	0.697022765017073
causal_gxe	177	diagonal	0.5	0.25	0.4899741723470562	0.26295577941293824	0.024774151333902043	0.02219124775685272	4.639268072015717e-87	2.164100150623623e-32	0.9982826455217557
causal_gxe	178	diagonal	0.5	0.25	0.456751226688579	0.24836372221463626	0.026316498911331327	0.02356546904807979	1.7743608377107865e-67	5.691651465156768e-26	0.38591638494479413
causal_gxe	179	diagonal	0.5	0.25	0.4514180085974776	0.2565926730144424	0.02606639790843418	0.023349718755819072	3.4408141042043564e-67	4.311473475505442e-28	0.982238917653892
causal_gxe	180	diagonal	0.5	0.25	0.4555103614362423	0.256635758389905	0.024703079238558502	0.02213250186728605	6.342221206793401e-76	4.347039982865008e-31	0.8456096616207932
causal_gxe	181	diagonal	0.5	0.25	0.5431498002360241	0.25394453624032315	0.02445753311680432	0.02190279082277096	2.882615326499537e-109	4.411551203354731e-31	0.8943706329927698
causal_gxe	182	diagonal	0.5	0.25	0.4667244352427527	0.25324180417777575	0.02494415775586089	0.022332503132013685	4.0447744461763024e-78	8.351887572134382e-30	0.0999171195741507
causal_gxe	183	diagonal	0.5	0.25	0.46783023971789484	0.21234543976306505	0.025677097168207746	0.022986208489276856	3.5980817501192176e-74	2.5126537799295918e-20	0.9851910271730226
causal_gxe	184	diagonal	0.5	0.25	0.4694651437235425	0.22417655323341537	0.025330454828640932	0.02268339433901147	1.105807827177295e-76	4.940800949582761e-23	0.06065520908025686
causal_gxe	185	diagonal	0.5	0.25	0.5038934966146031	0.2552072851331772	0.024200995756632405	0.02169240644590168	2.781988125012643e-96	5.925167991894434e-32	0.37356019843563176
causal_gxe	186	diagonal	0.5	0.25	0.5156334684225315	0.21185622128104178	0.02428850104429541	0.02173314510208465	5.096939035690351e-100	1.8800836083489643e-22	0.8663849499488175
causal_gxe	187	diagonal	0.5	0.25	0.5233113740918719	0.24902518490509454	0.024639085630246325	0.02205396942580166	4.1600575684510205e-100	1.4434063211163725e-29	0.8422898950109676
causal_gxe	188	diagonal	0.5	0.25	0.4752695353399956	0.24639670931086385	0.024402603233626974	0.021849677077963904	1.7484288878506936e-84	1.7064647195394028e-29	0.9791394985643764
causal_gxe	189	diagonal	0.5	0.25	0.4711962081070005	0.2719851299980923	0.024739084816462708	0.022164044556770002	7.006973976262996e-81	1.2891174328078858e-34	0.5625317055798356
causal_gxe	190	diagonal	0.5	0.25	0.5404550413151147	0.2710796152393428	0.02537348103029248	0.022731978880612985	1.135311164302399e-100	8.764850381263686e-33	0.5702871981559788
causal_gxe	191	diagonal	0.5	0.25	0.4326643118449103	0.24569316368188496	0.025832679412667304	0.023126927792895532	5.785789816633393e-63	2.3125167192148045e-26	0.8110461898597798
causal_gxe	192	diagonal	0.5	0.25	0.4192952760644634	0.2465799812320507	0.025693833237262244	0.023020601567802824	7.242061690522759e-60	9.011264519869516e-27	0.7769709984503416
causal_gxe	193	diagonal	0.5	0.25	0.5409666306313007	0.24079756329363716	0.026060944771093986	0.023316389022301383	1.0433424214653239e-95	5.297974818772493e-25	0.544131647345275
causal_gxe	194	diagonal	0.5	0.25	0.5492218038064774	0.272719799605375	0.024357868560371882	0.02182011637666607	1.4041640659538464e-112	7.602600487936281e-36	0.7993973401092749
causal_gxe	195	diagonal	0.5	0.25	0.557049397079135	0.24705638134441538	0.0261588606357275	0.023438240611704853	1.2667166308630915e-100	5.605654405301639e-26	0.055622390270471334
causal_gxe	196	diagonal	0.5	0.25	0.45370462895570074	0.2697066521727803	0.025413954834805505	0.022768922735290697	2.759930971582811e-71	2.273721957948807e-32	0.9977727184437889
causal_gxe	197	diagonal	0.5	0.25	0.5824783985204713	0.2576807304262852	0.02413516277442639	0.021623600295318752	1.0990108886724262e-128	9.69359637665467e-33	0.6889134301414188
causal_gxe	198	diagonal	0.5	0.25	0.515269982531273	0.28208417049178913	0.025837276869969162	0.023156977872468478	1.727862927507499e-88	3.905697459613688e-34	0.07290357717211722
causal_gxe	199	diagonal	0.5	0.25	0.5917772549835718	0.25509700633078575	0.024525940530843532	0.021960539700968767	1.2519301272002912e-128	3.4115169172969687e-31	0.7630884348146516
causal_gxe	200	diagonal	0.5	0.25	0.5504032182116947	0.24577212535637566	0.024838203160364322	0.022237974341397626	8.440383649911653e-109	2.1459613029261307e-28	0.5693398180381062
causal_gxe	201	diagonal	0.5	0.25	0.5117567451053124	0.2523169580657852	0.02492242738382413	0.022310818151073067	1.0702768099936134e-93	1.1819494709500535e-29	0.957990017861022
causal_gxe	202	diagonal	0.5	0.25	0.47402907283648554	0.2479492679044763	0.024768561488498143	0.022188564066238526	1.210734713634984e-81	5.426853232348116e-29	0.6345287904546972
causal_gxe	203	diagonal	0.5	0.25	0.5371184598201161	0.2552504780640544	0.02494908439189158	0.02234562477050991	8.406291599168909e-103	3.2155449753564e-30	0.26152732871369333
causal_gxe	204	diagonal	0.5	0.25	0.4937671993931379	0.2608271043878598	0.0254027900549402	0.022746690110456835	3.7171633292763257e-84	1.9414712273925742e-30	0.9873132150916705
causal_gxe	205	diagonal	0.5	0.25	0.4635653437115121	0.24128310288033689	0.025614631675879965	0.02292436854544714	3.323906961234332e-73	6.613499486721059e-26	0.39754415212957445
causal_gxe	206	diagonal	0.5	0.25	0.5028462954195382	0.2526995960710726	0.026054450616445842	0.023330511221583316	5.3893084747308455e-83	2.4467641396483136e-27	0.07133881519667996
causal_gxe	207	diagonal	0.5	0.25	0.35796560832570595	0.27432568837438925	0.026195825145846372	0.023462796070956613	1.643332752584564e-42	1.4014226651035162e-31	0.23165706128443514
causal_gxe	208	diagonal	0.5	0.25	0.475637641398927	0.27016690035204566	0.024557644274052673	0.021997899812357207	1.4314487735910858e-83	1.1388686837382642e-34	0.6500348706014819
causal_gxe	209	diagonal	0.5	0.25	0.46862963642073485	0.2565407124282537	0.024477634262955256	0.021928737042589377	1.0609431010517596e-81	1.2921274405511568e-31	0.04506731443407447
causal_gxe	210	diagonal	0.5	0.25	0.47191499726067593	0.23667703068043697	0.02434104470636865	0.02178688590785583	9.81700983362303e-84	1.7244290014747204e-27	0.9241868948457066
causal_gxe	211	diagonal	0.5	0.25	0.4919805136029299	0.23780485013497563	0.024363935264683813	0.0218236458270386	1.1284298756738284e-90	1.1956594377019347e-27	0.4273816264025886
causal_gxe	212	diagonal	0.5	0.25	0.4937004195312005	0.2211284091978826	0.024391907425429408	0.021821273048265862	4.322064146000995e-91	3.918821285270525e-24	0.10384521411238078
causal_gxe	213	diagonal	0.5	0.25	0.5327916641050585	0.27097278068461395	0.024822207371121306	0.022234064803160203	3.356639439245241e-102	3.6334591188622376e-34	0.9513997153154792
causal_gxe	214	diagonal	0.5	0.25	0.5369022686848443	0.25822703764456206	0.0235449249080605	0.02108918450361449	4.251005433896095e-115	1.7972719726194117e-34	0.766484915228524
causal_gxe	215	diagonal	0.5	0.25	0.5412276053515381	0.2392923322295251	0.02512385163566925	0.022495352193961433	6.241370966376611e-103	1.995960161099673e-26	0.18003930982968544
causal_gxe	216	diagonal	0.5	0.25	0.5311031311812173	0.24963959910454894	0.023870713597281986	0.021389901230056865	1.1494588413340757e-109	1.7949419525754347e-31	0.7561532155153947
causal_gxe	217	diagonal	0.5	0.25	0.5117040321422438	0.23671991137224263	0.024699839882026425	0.022125916161877767	2.4390806468024264e-95	1.0314704055901588e-26	0.42546891733373204
causal_gxe	218	diagonal	0.5	0.25	0.6050060968056776	0.26408136774624563	0.025250875854492236	0.02260746882096231	7.302684906944287e-127	1.5911690189213134e-31	0.9812296896130814
causal_gxe	219	diagonal	0.5	0.25	0.5041133244633428	0.2507188281596775	0.024548906147442307	0.021981534588843502	1.046794897566922e-93	3.907882642276362e-30	0.1099278460143005
causal_gxe	220	diagonal	0.5	0.25	0.5591884584926315	0.22996509611000387	0.024336330639859457	0.02180606850376987	7.823345701971237e-117	5.304997636820252e-26	0.9746744028544414
causal_gxe	221	diagonal	0.5	0.25	0.5325084380115479	0.2716379307924041	0.023379399690686083	0.020951992802607487	7.7835289164530335e-115	1.9379119206126343e-38	0.22465723126378748
causal_gxe	222	diagonal	0.5	0.25	0.481851566811318	0.23164951897648137	0.02652180779929772	0.023751823765728073	9.22958657585331e-74	1.7924592342176066e-22	0.2985917879154263
causal_gxe	223	diagonal	0.5	0.25	0.5747199555922952	0.2593500853289722	0.0250874607616335	0.022502494705100372	3.809342781004367e-116	9.826329231435388e-31	0.9950881436718988
causal_gxe	224	diagonal	0.5	0.25	0.4830282297401023	0.2620740294718015	0.02400206460052417	0.021494552829290768	4.507910320944456e-90	3.4047379888429265e-34	0.0462073158873187
causal_gxe	225	diagonal	0.5	0.25	0.5137107095055915	0.25263027761519674	0.02567877001265121	0.023002379452852707	4.955028838334439e-89	4.624233804832733e-28	0.9003929927110716
causal_gxe	226	diagonal	0.5	0.25	0.5089790861393041	0.24004973513165825	0.023548289510287767	0.02109225003889083	1.3187149585511978e-103	5.203289102628888e-30	0.9558928340060107
causal_gxe	227	diagonal	0.5	0.25	0.49158628195353354	0.2637513452629127	0.02415069162470391	0.021631492191349577	4.196214176251125e-92	3.3899494002446276e-34	0.8308248538621242
causal_gxe	228	diagonal	0.5	0.25	0.459290343078755	0.2530285960090013	0.02474980765093924	0.022168813234180927	7.115448497592756e-77	3.5712835800507114e-30	0.9864053745831712
causal_gxe	229	diagonal	0.5	0.25	0.4301890981898081	0.24134256958720676	0.025693593184815355	0.023013071015202998	6.364272215450302e-63	9.892127160970112e-26	0.838608539594091
causal_gxe	230	diagonal	0.5	0.25	0.4732091801495773	0.21427747330486605	0.024278993291995076	0.02175601833346615	1.3224054226873792e-84	6.915184913319257e-23	0.9901258041613457
causal_gxe	231	diagonal	0.5	0.25	0.4215801030978444	0.2432034876031795	0.024847415341812513	0.022247086422425517	1.4470141102971558e-64	8.110898108761096e-28	0.35210578853997493
causal_gxe	232	diagonal	0.5	0.25	0.5789595456362792	0.25763191440191147	0.02545929473508034	0.022813196412105163	1.777968200407802e-114	1.4192589756824682e-29	0.994471133272636
causal_gxe	233	diagonal	0.5	0.25	0.520211023783206	0.24433999305805523	0.024803988381031	0.022193899785771697	1.1602840040978976e-97	3.4455192979871814e-28	0.6948752448220942
causal_gxe	234	diagonal	0.5	0.25	0.4940281853237514	0.23397724594170702	0.024215809498199566	0.021676824851866134	1.636295762510757e-92	3.6788402289982705e-27	0.6945193282589273
causal_gxe	235	diagonal	0.5	0.25	0.4228456685417991	0.23861275693559067	0.024986053550513504	0.022378693828324383	3.0313608842409466e-64	1.524484520910954e-26	0.06494866844153944
causal_gxe	236	diagonal	0.5	0.25	0.5268905413467746	0.2451151893429961	0.024991256467977195	0.022376796843022653	1.1393972690713201e-98	6.358430100251161e-28	0.11626698628991797
causal_gxe	237	diagonal	0.5	0.25	0.5065289064918529	0.24564153126804072	0.025144141865877403	0.022529630228818525	2.976695650026426e-90	1.114657043983084e-27	0.709223995501482
causal_gxe	238	diagonal	0.5	0.25	0.4630571267752073	0.22832382702869825	0.02599148800148033	0.023278521014420624	5.33647902863334e-71	1.0365185966253064e-22	0.061993838695600476
causal_gxe	239	diagonal	0.5	0.25	0.5472376269883334	0.24775829709898872	0.02451077781947503	0.021944247199649283	2.0473668502863775e-110	1.4644733326925526e-29	0.5795891804300157
causal_gxe	240	diagonal	0.5	0.25	0.4906476219601243	0.26618434468194124	0.023877229734105904	0.021391134693136617	7.894345435113173e-94	1.5137408083100623e-35	0.8236568518997823
causal_gxe	241	diagonal	0.5	0.25	0.4569838155004912	0.24878376331670507	0.02544207978888186	0.022803004035621733	3.884949408022699e-72	1.0310755606226498e-27	0.9264448803102574
causal_gxe	242	diagonal	0.5	0.25	0.500380065822462	0.23464360156568614	0.02488456903011883	0.022311751548667335	6.274703207051185e-90	7.244632167122732e-26	0.8779877704145804
causal_gxe	243	diagonal	0.5	0.25	0.5423058245556645	0.2574202016614675	0.024473560835211763	0.02193975695257694	8.572247025583678e-109	8.629516597232129e-32	0.32689576076866317
causal_gxe	244	diagonal	0.5	0.25	0.5020560314989377	0.24068582249646295	0.02416374515722893	0.021654163390089617	6.953741329338867e-96	1.0606180563225678e-28	0.45200918516396194
causal_gxe	245	diagonal	0.5	0.25	0.5691799423781849	0.22940693778397941	0.02520693005482877	0.022562058696258533	6.769387195751839e-113	2.760186929382124e-24	0.2953106081753222
causal_gxe	246	diagonal	0.5	0.25	0.5154024097774652	0.26397300664116347	0.02424453174718375	0.02171652931586069	2.7506068440136855e-100	5.370115507223404e-34	0.7746901007395495
causal_gxe	247	diagonal	0.5	0.25	0.5086563881506079	0.2513107513059975	0.024172866453083204	0.021665517676497593	2.6814604807291803e-98	4.14139977795221e-31	0.9353370375728717
causal_gxe	248	diagonal	0.5	0.25	0.5482706190296283	0.24723633906097045	0.024069706343536508	0.021565372107210386	7.499627898145159e-115	1.988911125323591e-30	0.02012265537448079
causal_gxe	249	diagonal	0.5	0.25	0.48848302124687604	0.23783212948453294	0.025638459236309533	0.02296188860953085	6.234581694809686e-81	3.861747388765081e-25	0.9965526134353102
causal_gxe	250	diagonal	0.5	0.25	0.47140774410581504	0.27446682720024446	0.02490075155532682	0.022314567976097474	6.278980323011851e-80	9.069275380833076e-35	0.8443023628622304
causal_gxe	251	diagonal	0.5	0.25	0.46580123043576116	0.2677583563673937	0.025309392246670018	0.022671830814115692	1.2137934636426392e-75	3.4582857757472697e-32	0.044613121263686155
causal_gxe	252	diagonal	0.5	0.25	0.44907039435353674	0.23609497287755754	0.026338255477766883	0.02360647411388909	3.488214558322866e-65	1.5043880248410222e-23	0.5140309785644599
causal_gxe	253	diagonal	0.5	0.25	0.5160569021317006	0.2569910396204007	0.025223706748631284	0.022594826479422597	4.974620235471199e-93	5.6416919981271764e-30	0.44151937246477735
causal_gxe	254	diagonal	0.5	0.25	0.48002889679907523	0.2513831895576463	0.024847732786367756	0.022254436477299265	3.7307581725951644e-83	1.3753753135042594e-29	0.20817563146893445
causal_gxe	255	diagonal	0.5	0.25	0.4786819248861988	0.23768036883967153	0.02396732350429939	0.021466555485248763	9.598471187663319e-89	1.7129142688462512e-28	0.22012746038780207
causal_gxe	256	diagonal	0.5	0.25	0.49615733448499366	0.22599100650485338	0.02438688644830413	0.02184212760105495	5.114920853948255e-92	4.33767581427665e-25	0.4353578048855733
causal_gxe	257	diagonal	0.5	0.25	0.38628127942317403	0.25548830277967083	0.02584645475943234	0.023149656739671377	1.673058671569081e-50	2.55117818021958e-28	0.9462003145113341
causal_gxe	258	diagonal	0.5	0.25	0.5080775710269432	0.25660639316145606	0.025268217837170058	0.02264044251326039	6.359984710225685e-90	8.906048499656523e-30	0.48011765290195746
causal_gxe	259	diagonal	0.5	0.25	0.5241733799167363	0.23643486612158898	0.024095498828407492	0.02159421927010195	6.3317560828338395e-105	6.719348586849305e-28	0.9427344696291793
causal_gxe	260	diagonal	0.5	0.25	0.5041065811023089	0.23059566095523165	0.023446478015358718	0.0209991113547103	1.5464647815726367e-102	4.705757062901453e-28	0.6720400344341637
causal_gxe	261	diagonal	0.5	0.25	0.5313536229163852	0.23370556251321714	0.025668676160123863	0.0230084965354319	3.430195895990618e-95	3.072869671072163e-24	0.32708297321937474
causal_gxe	262	diagonal	0.5	0.25	0.4773798726017436	0.24794692506487873	0.024897715132720172	0.022292918545617033	6.145236083935216e-82	9.779859813001077e-29	0.5856130827539159
causal_gxe	263	diagonal	0.5	0.25	0.47355615704305487	0.23546111917305204	0.026186388573697473	0.02344085634886489	4.2558173813753026e-73	9.674319199572353e-24	0.7754655344519813
causal_gxe	264	diagonal	0.5	0.25	0.44654632490810187	0.2592609245038756	0.02582647800611411	0.023137905049990967	5.5707762346577825e-67	3.852224332669223e-29	0.9407635130061416
causal_gxe	265	diagonal	0.5	0.25	0.49433498945849286	0.24240543299842718	0.02338177522383704	0.020943219328056657	3.2766844999297095e-99	5.5551311245994164e-31	0.9702579498918904
causal_gxe	266	diagonal	0.5	0.25	0.5213037601480124	0.2461453910567286	0.024378332542370533	0.021835411045668246	1.886941581584288e-101	1.7886937663578546e-29	0.3912851398983177
causal_gxe	267	diagonal	0.5	0.25	0.509218856886184	0.2528328691330232	0.024628392243187965	0.022063260199564932	5.6867452931029164e-95	2.10844841604458e-30	0.33577110829223095
causal_gxe	268	diagonal	0.5	0.25	0.4999935338113237	0.2342423374914817	0.02568732689858668	0.023006785310934752	2.192006453993126e-84	2.399691473463362e-24	0.7939209436341016
causal_gxe	269	diagonal	0.5	0.25	0.47623161899804795	0.2608120987563821	0.0239411629438617	0.021456783048676625	4.797182199873962e-88	5.381118789436579e-34	0.9630296962734315
causal_gxe	270	diagonal	0.5	0.25	0.5468250312869443	0.23428854534557386	0.025430273021292738	0.022785962675102994	1.4620572447624612e-102	8.481960040525254e-25	0.5439972991907006
causal_gxe	271	diagonal	0.5	0.25	0.5288988393111919	0.2321842903173801	0.025179900063865168	0.022567001202860783	5.927895008165616e-98	7.926864779469553e-25	0.9531231614204186
causal_gxe	272	diagonal	0.5	0.25	0.531470545574791	0.2595632122625991	0.025798260079860028	0.0231309462970135	2.6870736796683603e-94	3.199092149566163e-29	0.9915698516997428
causal_gxe	273	diagonal	0.5	0.25	0.5037566079212186	0.2623759794496211	0.025995723027040823	0.02330796958804593	1.1734636759268223e-83	2.141085540659793e-29	0.9967119521831969
causal_gxe	274	diagonal	0.5	0.25	0.5701676514213796	0.23661001648468516	0.024729454872344084	0.022149672932609048	1.2741893612326446e-117	1.2314743148251504e-26	0.986459341143059
causal_gxe	275	diagonal	0.5	0.25	0.43060995255480705	0.23615362724107547	0.024873136448837103	0.022278463745950224	3.802615494564503e-67	2.97706965892755e-26	0.8324276888252862
causal_gxe	276	diagonal	0.5	0.25	0.4799278061131575	0.2498682917020151	0.024173963870830328	0.021646270209143278	1.0363456319351174e-87	7.985085169182157e-31	0.8728499880512925
causal_gxe	277	diagonal	0.5	0.25	0.5375955984174173	0.243343000649783	0.024180363257879055	0.02165182755167843	1.6572532967027542e-109	2.625964977822098e-29	0.536072183951664
causal_gxe	278	diagonal	0.5	0.25	0.5127824959439179	0.2553036165883827	0.023697040323365136	0.02122610881738452	7.700044158777392e-104	2.538020654559218e-33	7.119244986041661e-05
causal_gxe	279	diagonal	0.5	0.25	0.5653552048504352	0.24309551174134097	0.024040108360549383	0.02154708472441942	2.7224299469516335e-122	1.609318887622632e-29	0.19322618233773775
causal_gxe	280	diagonal	0.5	0.25	0.4519475711680133	0.2760144841828977	0.02434632624718832	0.021830518418634766	6.369929548740825e-77	1.2149863925168743e-36	0.968633789291058
causal_gxe	281	diagonal	0.5	0.25	0.4547918030462996	0.29007619944226154	0.025319726820292113	0.02267762738453674	3.869337340715922e-72	1.8339458953239261e-37	0.8650239378615837
causal_gxe	282	diagonal	0.5	0.25	0.49434519730954196	0.24306739947260309	0.024803442800744223	0.022212985071608585	2.2130755754959345e-88	7.211671430846148e-28	0.47745879576260364
causal_gxe	283	diagonal	0.5	0.25	0.5438761026654341	0.24275925377861007	0.023275242772615615	0.020859620700326972	9.225648146321552e-121	2.6488190162075044e-31	0.9982608687442027
causal_gxe	284	diagonal	0.5	0.25	0.5053592587440315	0.25514006514138204	0.02530903613643476	0.022665232373334395	1.0551850977552539e-88	2.1418058804173939e-29	0.32180412717190054
causal_gxe	285	diagonal	0.5	0.25	0.5395510500903286	0.2522456507875121	0.025499192510517372	0.022833702410123943	2.2543588009389713e-99	2.2647090083081534e-28	0.5436757189521835
causal_gxe	286	diagonal	0.5	0.25	0.4664089268271829	0.247484315047002	0.024233480157645988	0.02170899013536726	1.5111800019789673e-82	4.177149786962917e-30	0.8276295190303518
causal_gxe	287	diagonal	0.5	0.25	0.5614156276313909	0.24757303607430542	0.024603234423830844	0.022026004184343233	2.9855768512401064e-115	2.592824483948218e-29	0.9039899775527697
causal_gxe	288	diagonal	0.5	0.25	0.5057146014897594	0.24678133596176155	0.02470944984125719	0.02215223530695125	4.287794171174436e-93	7.989894735142184e-29	0.350348928212126
causal_gxe	289	diagonal	0.5	0.25	0.5424300647358506	0.2706757686750205	0.024447732255312857	0.021911481953657014	4.551642461076473e-109	4.6842242289448467e-35	0.8571761798508373
causal_gxe	290	diagonal	0.5	0.25	0.5204390142338943	0.2542926634514431	0.02462646238010509	0.022059198081148753	3.9288959195902455e-99	9.562280520254344e-31	0.8627382495893872
causal_gxe	291	diagonal	0.5	0.25	0.4937753311147153	0.25755506532656014	0.024414804160333953	0.021844202919650276	5.968434670164124e-91	4.367039691391262e-32	0.6441445779813073
causal_gxe	292	diagonal	0.5	0.25	0.44166978735698736	0.2393587537120858	0.025923067135205854	0.023231882353191555	4.312666156456419e-65	6.827702763932048e-25	0.010317191980123106
causal_gxe	293	diagonal	0.5	0.25	0.49922124954323577	0.25227022475193456	0.02439346614224699	0.021858718175250955	4.383646774559128e-93	8.20208770362185e-31	0.2676278096893422
causal_gxe	294	diagonal	0.5	0.25	0.4451729020215352	0.2782390556335516	0.025140899606153466	0.022534930007078163	3.695078403474413e-70	5.055427263498041e-35	0.9462063541414999
causal_gxe	295	diagonal	0.5	0.25	0.5763320251175253	0.229966944824743	0.02443274409345127	0.02187932992768359	5.056766722577693e-123	7.712378177244217e-26	0.9579228649596018
causal_gxe	296	diagonal	0.5	0.25	0.5249532817128163	0.27560043849186616	0.025223814856262433	0.02258079595735487	3.3831627867366676e-96	2.920185859552868e-34	0.959521059335653
causal_gxe	297	diagonal	0.5	0.25	0.46443155233814315	0.23726128916864597	0.024753954270841518	0.022183659937856915	1.5472733587961518e-78	1.0705223535576273e-26	0.6028210577046242
causal_gxe	298	diagonal	0.5	0.25	0.5608513991703178	0.2657286931957001	0.024667131906441125	0.0220962252506377	1.939032311001292e-114	2.5950072459484077e-33	0.44475304630070917
causal_gxe	299	diagonal	0.5	0.25	0.5671927282862476	0.23544100441419077	0.025120546060018064	0.02250559753263569	6.996477773361646e-113	1.2986397488603844e-25	0.5469329766000237
causal_gxe	300	diagonal	0.5	0.25	0.5394815616694767	0.2602238884786317	0.024425184943881014	0.021878500486962656	4.2051862151283974e-108	1.2709721735975736e-32	0.8249122964382964
causal_gxe	301	diagonal	0.5	0.25	0.49958507590205525	0.2522120501844347	0.025511228040164143	0.022860838538523054	2.1613803062072076e-85	2.6637570807005765e-28	0.05523071217974656
causal_gxe	302	diagonal	0.5	0.25	0.5051552137902388	0.25671328824782347	0.025308904130769482	0.022643398263127036	1.2373643265692947e-88	8.582339917507049e-30	0.0035560867514715247
causal_gxe	303	diagonal	0.5	0.25	0.5299853726683389	0.263666784784162	0.02356794041032448	0.021094717930124924	5.494395287942205e-112	7.542038605032442e-36	0.4759038311230864
causal_gxe	304	diagonal	0.5	0.25	0.5236381814068122	0.23823623371710537	0.025353660560947774	0.022738575853454252	9.10682073209092e-95	1.0996995250431709e-25	0.21399728894067363
causal_gxe	305	diagonal	0.5	0.25	0.4861055925431024	0.22968836923392935	0.02456616393314345	0.021999076931734335	3.8069433169405134e-87	1.6141292145215062e-25	0.7352956312742951
causal_gxe	306	diagonal	0.5	0.25	0.540617893296155	0.28114039245428923	0.02439092327157143	0.021847920542678527	7.5242693961831465e-109	6.808933879774001e-38	0.2215620691852145
causal_gxe	307	diagonal	0.5	0.25	0.5432554906754031	0.26337104933892025	0.0247426881044784	0.022162354773072185	7.555441869992099e-107	1.438345230855386e-32	0.31180382609672413
causal_gxe	308	diagonal	0.5	0.25	0.47486842319634986	0.27551827817510616	0.02485210385574382	0.022265355923272993	2.175463143798257e-81	3.600023516337622e-35	0.01791933138364515
causal_gxe	309	diagonal	0.5	0.25	0.46485724763991454	0.22970983247430196	0.02362652444387053	0.021141197281278435	3.5159419693611066e-86	1.6828534844909966e-27	0.9131472386839523
causal_gxe	310	diagonal	0.5	0.25	0.5725907962328952	0.2774482921881435	0.0249965353739787	0.022407767819765712	3.974341503986985e-116	3.2794288975170044e-35	0.3315397947360693
causal_gxe	311	diagonal	0.5	0.25	0.4770865910723092	0.25335095566729054	0.02474649216581001	0.022179780097245985	8.068499139144857e-83	3.2240747245850986e-30	0.41118126801942345
causal_gxe	312	diagonal	0.5	0.25	0.45804576428632027	0.2571498662201409	0.02622748157510039	0.023501242881341255	2.677606325464329e-68	7.260583714146728e-28	0.975988491620644
causal_gxe	313	diagonal	0.5	0.25	0.5049672149120106	0.22309320833055418	0.025233067535526912	0.022584240457589187	4.318713118841772e-89	5.1718416465302263e-23	0.9110242565639585
causal_gxe	314	diagonal	0.5	0.25	0.45740428394029076	0.257223438995036	0.024196854777247343	0.021664931514926433	1.0681209647688173e-79	1.6388537769496173e-32	0.4111497992263541
causal_gxe	315	diagonal	0.5	0.25	0.4694012600221907	0.24240812350017668	0.024780052518011873	0.02218863298198721	5.072156487235586e-80	8.765745946513726e-28	0.023501172193397833
causal_gxe	316	diagonal	0.5	0.25	0.4902471412886641	0.2528202784711216	0.023416412148393767	0.020968807438787505	2.514709887541963e-97	1.7822002231424317e-33	0.9528555155160788
causal_gxe	317	diagonal	0.5	0.25	0.5127460881701393	0.220200532593094	0.02406137723354153	0.021543994977649052	9.184690559358953e-101	1.5973390847618337e-24	0.882912964856378
causal_gxe	318	diagonal	0.5	0.25	0.5307216973040436	0.24575696689295318	0.02566538367868917	0.022980620215700995	5.4094236048831114e-95	1.0847180957420779e-26	0.8439287285647262
causal_gxe	319	diagonal	0.5	0.25	0.49664656840480526	0.23783663234962324	0.023977756353050404	0.021474281634252787	2.6554060415877487e-95	1.6510897957576924e-28	0.6769047898705417
causal_gxe	320	diagonal	0.5	0.25	0.5286348802487371	0.23178960514724287	0.025119382742166685	0.022506523058583333	2.5465792793285495e-98	7.136465154335563e-25	0.49384474650707605
causal_gxe	321	diagonal	0.5	0.25	0.5200898905146849	0.24944279223285518	0.024209633106298083	0.021669909040652156	2.2565964770033346e-102	1.1609481910249974e-30	0.9977367262147118
causal_gxe	322	diagonal	0.5	0.25	0.48588687978413986	0.24160506561044928	0.02646572513583778	0.02370206378265134	2.7919877842361665e-75	2.1216858825331614e-24	0.3261586318256033
causal_gxe	323	diagonal	0.5	0.25	0.4989969011223513	0.26040626631231134	0.024420738768558745	0.021879706322384132	8.454351700760743e-93	1.1592462035617063e-32	0.5993484689896477
causal_gxe	324	diagonal	0.5	0.25	0.4831806128366423	0.2414826371634488	0.024146477383772735	0.021637306924976736	4.470686878402532e-89	6.365010924870959e-29	0.8031176803904054
causal_gxe	325	diagonal	0.5	0.25	0.4935138047532446	0.24485715426228535	0.024729379485725102	0.02214574309693911	1.314069104648628e-88	2.0361799071135787e-28	0.9989870418553956
causal_gxe	326	diagonal	0.5	0.25	0.5553160526451096	0.22026353481440308	0.025752056886068284	0.023051501987115655	3.91710761204702e-103	1.2325127401001287e-21	0.20886748423996243
causal_gxe	327	diagonal	0.5	0.25	0.5191247055613626	0.24245347958752153	0.024788590902876974	0.022192169284585037	2.2156230325001006e-97	8.736546282992267e-28	0.6249926293303704
causal_gxe	328	diagonal	0.5	0.25	0.443395909867294	0.27407261884163614	0.02441443452118566	0.021871878794516835	1.0467306902027793e-73	5.0635158659595645e-36	0.679292538339915
causal_gxe	329	diagonal	0.5	0.25	0.5229720630397344	0.2482116099722398	0.025401161790860452	0.022765456073053993	3.4790713065721163e-94	1.1152711829061792e-27	0.28203074796893474
causal_gxe	330	diagonal	0.5	0.25	0.4732580409108128	0.24489518857677256	0.024985795365519075	0.02237668154727595	5.2309298554290725e-80	7.082948479462461e-28	0.2603047716361939
causal_gxe	331	diagonal	0.5	0.25	0.5345158088008906	0.22622910965940699	0.024916942737547725	0.02233528305827812	4.383589961870601e-102	4.117656646645254e-24	0.7777462729074642
causal_gxe	332	diagonal	0.5	0.25	0.48461785153678605	0.23751109636496873	0.02419329294358261	0.02166996500272789	2.9517048391994148e-89	5.924868527378751e-28	0.643959211950524
causal_gxe	333	diagonal	0.5	0.25	0.4362779105904324	0.21924666144579033	0.023477068226533525	0.02102050869726481	4.398988173282984e-77	1.806388960434108e-25	0.27249371605148387
causal_gxe	334	diagonal	0.5	0.25	0.4436096139119512	0.22987895086919155	0.023757893122647804	0.021258372829560397	8.351326985900108e-78	2.968792237859938e-27	0.3944513725976081
causal_gxe	335	diagonal	0.5	0.25	0.5609017482861239	0.2425407500398883	0.024817230385109176	0.02223361003861267	4.2076970481009766e-113	1.0469330206411963e-27	0.9543128610932156
causal_gxe	336	diagonal	0.5	0.25	0.4857108067895611	0.2546865793172667	0.024168046444566275	0.021653800499336785	7.802793683438701e-90	6.144759973735724e-32	0.7272214204127909
causal_gxe	337	diagonal	0.5	0.25	0.5415428671627495	0.252031620700602	0.024839291413223673	0.022241867481763513	2.2275579071663494e-105	9.172092076270077e-30	0.36771522195672457
causal_gxe	338	diagonal	0.5	0.25	0.48462773896572037	0.2586814873180948	0.02390029331152605	0.021420950486212977	2.0501529088353794e-91	1.4126669570162395e-33	0.014281773136136766
causal_gxe	339	diagonal	0.5	0.25	0.580194011610584	0.2408370314872517	0.025811951238002444	0.02313339592220059	6.85599243739671e-112	2.213663476540605e-25	0.46102451340841766
causal_gxe	340	diagonal	0.5	0.25	0.5149648652536652	0.2685421805851045	0.024956764512593613	0.022359213871718717	1.351431426235234e-94	3.134820712450241e-33	0.9490029880912331
causal_gxe	341	diagonal	0.5	0.25	0.49675947227482065	0.26237783052048474	0.026097856031882326	0.02337560203701932	8.834237574946613e-81	3.093716564539275e-29	0.7671581677738271
causal_gxe	342	diagonal	0.5	0.25	0.4406749037529725	0.2362980023179304	0.024783996288950262	0.022216219292820027	9.986345704617e-71	2.0202811287078921e-26	0.8788686010962901
causal_gxe	343	diagonal	0.5	0.25	0.47298882913406237	0.2385533207017069	0.023944963012551834	0.021443396749677105	7.534314761438595e-87	9.502764938180671e-29	0.759357908894816
causal_gxe	344	diagonal	0.5	0.25	0.49260427755351727	0.22631162360590681	0.026064106312253227	0.02333341886529305	1.1466219622722193e-79	3.043664813252818e-22	0.9997646971006485
causal_gxe	345	diagonal	0.5	0.25	0.4170690561521418	0.261945222008681	0.024921257609756994	0.022332315837417245	7.22795739300727e-63	9.006850913140712e-32	0.4271986983258793
causal_gxe	346	diagonal	0.5	0.25	0.48121527956155635	0.22302441756225197	0.023999912720102812	0.02149290885007364	1.9898678709182455e-89	3.16689704235064e-25	0.9245579026574434
causal_gxe	347	diagonal	0.5	0.25	0.47999826324481293	0.23883763193008345	0.02384768617039668	0.021342753074696755	4.22427703553475e-90	4.5349451466749766e-29	0.9896006448703282
causal_gxe	348	diagonal	0.5	0.25	0.500972635344865	0.2634241590145164	0.026043723820468413	0.023326608724675228	1.855502463821373e-82	1.423264368179071e-29	0.04168671064994977
causal_gxe	349	diagonal	0.5	0.25	0.47434699412555675	0.2495909460803386	0.02362434890317936	0.021160765596000802	1.1324641019136992e-89	4.142666969363343e-32	0.9626719366225823
causal_gxe	350	diagonal	0.5	0.25	0.45759615016555893	0.25862079383069686	0.024303152003151498	0.02176915679267057	4.3962331943870896e-79	1.50102249282675e-32	0.15077636502108535
causal_gxe	351	diagonal	0.5	0.25	0.5482811497658375	0.25325242477856097	0.024169820628142234	0.02166111569188226	6.3675863061980094e-114	1.4076214763565014e-31	0.6781356109486503
causal_gxe	352	diagonal	0.5	0.25	0.5674955565214963	0.26151635257832434	0.02480025611253207	0.022221631332191637	6.917029228665907e-116	5.66913358591394e-32	0.7297338992839091
causal_gxe	353	diagonal	0.5	0.25	0.48227343674696693	0.24847881095837987	0.02437906472848347	0.02183712209685664	4.231361749527464e-87	5.33686279803035e-30	0.8477376291665372
causal_gxe	354	diagonal	0.5	0.25	0.5089347045109548	0.24665207001047437	0.024791222929904492	0.02220179078132073	1.1901539083698044e-93	1.1271674948971503e-28	0.6072270846448715
causal_gxe	355	diagonal	0.5	0.25	0.5267374898878342	0.2592080084411298	0.02523185661125494	0.022619618178080156	8.869977983207545e-97	2.1088985134259665e-30	0.0011444387866276432
causal_gxe	356	diagonal	0.5	0.25	0.49858208108977975	0.24693030313586287	0.024512309035162636	0.021954418214275944	5.68492739204949e-92	2.3849752527680175e-29	0.8350688486969037
causal_gxe	357	diagonal	0.5	0.25	0.5214306512656445	0.24003670315333173	0.02555660087097998	0.022893837895027115	1.5735024785189675e-92	1.0148862340289126e-25	0.5561979717528444
causal_gxe	358	diagonal	0.5	0.25	0.5183845192696932	0.22345883054705182	0.02369176238565176	0.0212082216787037	3.995912976174976e-106	5.868780360578171e-26	0.5939085099966421
causal_gxe	359	diagonal	0.5	0.25	0.5023051547839895	0.2525922515418002	0.02558107993433239	0.02290119265444538	7.645610673915846e-86	2.7491797111718523e-28	0.7603381803168032
causal_gxe	360	diagonal	0.5	0.25	0.5432186785704667	0.237273902404536	0.02488057023673435	0.022293142986057776	1.1265323385229184e-105	1.8725650626448304e-26	0.9554449504373375
causal_gxe	361	diagonal	0.5	0.25	0.4694758652532249	0.22480305474352053	0.023052196322895648	0.020637382929477963	3.364804572470402e-92	1.2446839402156901e-27	0.5981468046424134
causal_gxe	362	diagonal	0.5	0.25	0.5170753845373876	0.24293890884440306	0.02607043562198778	0.023329519739120615	1.5215177061805116e-87	2.1545786488349135e-25	0.12066151545926299
causal_gxe	363	diagonal	0.5	0.25	0.5001970205851382	0.2257104105304487	0.024426610863459684	0.021869548181763593	3.4143946550272504e-93	5.677056050565414e-25	0.9880585591711271
causal_gxe	364	diagonal	0.5	0.25	0.49442706018137933	0.26523331430598596	0.02507401197773478	0.02246688752186245	1.4899287999318938e-86	3.6551953351504717e-32	0.20835721073956187
causal_gxe	365	diagonal	0.5	0.25	0.3841449786139484	0.26999319956754353	0.02461555645102075	0.022050866862436846	6.649124246800961e-55	1.8065188175873947e-34	0.6253456406011995
causal_gxe	366	diagonal	0.5	0.25	0.4493844082502121	0.22984946522075217	0.025675348053604122	0.02299111960710458	1.3696372679036167e-68	1.565850057691916e-23	0.2352928317362869
causal_gxe	367	diagonal	0.5	0.25	0.528948476770415	0.23539941151235172	0.025419247619768458	0.022743586772861837	3.589403784305155e-96	4.178542872984557e-25	0.9023698038975205
causal_gxe	368	diagonal	0.5	0.25	0.4938574894004306	0.25290650873811665	0.024916096065116047	0.022322300020121692	1.9686921262231153e-87	9.345058822353821e-30	0.8228830367655525
causal_gxe	369	diagonal	0.5	0.25	0.4726240575970207	0.27430267566357786	0.025481835016107096	0.022825153997364837	8.545151761899631e-77	2.8732847299060338e-33	0.9990551548316673
causal_gxe	370	diagonal	0.5	0.25	0.5010894298875535	0.22864978577447725	0.026425030773399857	0.023659757161595213	3.469967616609006e-80	4.284522010717311e-22	0.9597788980416091
causal_gxe	371	diagonal	0.5	0.25	0.5808857854014922	0.27410658228500034	0.024968603537581138	0.022354038109103004	1.0111872723866554e-119	1.4477002407790977e-34	0.22696410536867515
causal_gxe	372	diagonal	0.5	0.25	0.5212227962961068	0.2631674610462372	0.024998807166516656	0.02241667065417372	1.5272011718345262e-96	7.966493852510425e-32	0.8653083568000154
causal_gxe	373	diagonal	0.5	0.25	0.49940695891217196	0.26195879004146083	0.023780415012862394	0.021297871986126593	6.453503826428449e-98	9.083963777565597e-35	0.0006922261662786034
causal_gxe	374	diagonal	0.5	0.25	0.5291199987952541	0.26582886965321073	0.025284587183016988	0.022637392057330438	3.0671382539406775e-97	7.679720644074089e-32	0.9957243883938656
causal_gxe	375	diagonal	0.5	0.25	0.4709775515171641	0.2562226068032609	0.024502360362719182	0.021958762187056443	2.435530398694932e-82	1.849677024425517e-31	0.13970735350640698
causal_gxe	376	diagonal	0.5	0.25	0.4492680447193442	0.2682711643155612	0.025071269648702054	0.02244845201596894	8.286746844888358e-72	6.450333624426191e-33	0.06754179095583884
causal_gxe	377	diagonal	0.5	0.25	0.5039345945489395	0.22565878773705494	0.02683817524668068	0.024024004329493222	1.1695476449722054e-78	5.828483258829515e-21	0.31844891386976093
causal_gxe	378	diagonal	0.5	0.25	0.4322760003233972	0.2501441444749096	0.025544685765149417	0.022876050640903197	3.079193000122882e-64	7.861292151514025e-28	0.8657378516351442
causal_gxe	379	diagonal	0.5	0.25	0.5172152627579265	0.2632261835632076	0.0246714441724037	0.022084290827677443	1.3945882623548366e-97	9.405263356399972e-33	0.033331090729844866
causal_gxe	380	diagonal	0.5	0.25	0.4240125541837675	0.25802218261832044	0.02564100441398838	0.02296513190158042	2.003176688223996e-61	2.7328852489535877e-29	0.45514081547183016
causal_gxe	381	diagonal	0.5	0.25	0.5212537469950773	0.26624329340640873	0.02475671561324041	0.022187169858838698	2.0559059832478214e-98	3.558278992526765e-33	0.9959945993079212
causal_gxe	382	diagonal	0.5	0.25	0.5404292212397653	0.239482282674829	0.024832562524990158	0.022259627563608744	5.21146290100852e-105	5.398789305332639e-27	0.29180270651370843
causal_gxe	383	diagonal	0.5	0.25	0.5252733283598242	0.22673013986923155	0.026097340233406832	0.02339229723971222	4.241361802081386e-90	3.2444631529944516e-22	0.9992790112052211
causal_gxe	384	diagonal	0.5	0.25	0.47358441926686623	0.2172235834868505	0.024780769360339454	0.022187920307229544	2.0464881078292032e-81	1.2408311220834086e-22	0.237392107396078
causal_gxe	385	diagonal	0.5	0.25	0.394080427066739	0.24993668711591874	0.023986557441531112	0.02148131997192979	1.1816931207188897e-60	2.733619675005517e-31	0.9899218701992962
causal_gxe	386	diagonal	0.5	0.25	0.5286032509522147	0.2513896446120375	0.024196747348318202	0.02166686113078761	8.476226762451401e-106	4.002374324884965e-31	0.8423811169572525
causal_gxe	387	diagonal	0.5	0.25	0.4307170564932192	0.24935384682106207	0.023985568327351405	0.02148641690807746	4.2046488471191733e-72	3.878471678901237e-31	0.995491302756708
causal_gxe	388	diagonal	0.5	0.25	0.442566122848551	0.2598215271689078	0.024240845331237694	0.021711391225622677	1.818827063493808e-74	5.286880261836012e-33	0.6621893580400174
causal_gxe	389	diagonal	0.5	0.25	0.46989686902609046	0.25467820843908684	0.024483302629638198	0.02193951285247655	4.2720357037862933e-82	3.744232757195562e-31	0.6745142725197748
causal_gxe	390	diagonal	0.5	0.25	0.4564638210296145	0.24464997099433722	0.024332265754926658	0.021785497543193845	1.6158005698820554e-78	2.906546177075344e-29	0.9991481067401213
causal_gxe	391	diagonal	0.5	0.25	0.45246344047019327	0.2514063388512544	0.023618641011543685	0.021161146790640007	8.45336228561154e-82	1.493578842503046e-32	0.48457346725945344
causal_gxe	392	diagonal	0.5	0.25	0.5265307045632541	0.25548648209067504	0.02394142322208619	0.02144566357318592	3.400728067518201e-107	1.0102419933795657e-32	0.9526000448481665
causal_gxe	393	diagonal	0.5	0.25	0.4932931314633736	0.23054850128775706	0.02516076357195244	0.022525214931308872	1.3837225242725134e-85	1.3800982103800426e-24	0.999745575492086
causal_gxe	394	diagonal	0.5	0.25	0.4362870754001081	0.23462117513814307	0.0264584117818788	0.02369461950350652	4.3624827134951276e-61	4.085400991540666e-23	0.5541880757659382
causal_gxe	395	diagonal	0.5	0.25	0.512493941258279	0.22871902872448274	0.02565112546878533	0.022974769330882164	8.322804842430076e-89	2.392777794742898e-23	0.9757678207132519
causal_gxe	396	diagonal	0.5	0.25	0.5039819802915618	0.2315705439696365	0.02639343455229424	0.023646385713938185	2.7798903077546484e-81	1.2058649253656814e-22	0.41393636196174355
causal_gxe	397	diagonal	0.5	0.25	0.43946723002969784	0.24816369792501017	0.024061973100939698	0.02155506505151127	1.601983015513127e-74	1.1344717160250724e-30	0.26707995239398763
causal_gxe	398	diagonal	0.5	0.25	0.5382818069766456	0.2454262135098303	0.025410298247172523	0.022765852941532532	1.3526382329822622e-99	4.25782516315098e-27	0.5243089797525536
causal_gxe	399	diagonal	0.5	0.25	0.479094812053895	0.2632688574725079	0.024793842270056047	0.022204911903655478	3.4314916096092e-83	1.9952053801620534e-32	0.49170809319628866
causal_gxe	400	diagonal	0.5	0.25	0.47392419508077827	0.2523995114994448	0.024143682334058274	0.021609410246315252	8.686038486731711e-86	1.6115510882993555e-31	0.6011264635173243
causal_gxe	401	diagonal	0.5	0.25	0.47553981300957804	0.2515013421101349	0.024815172318478036	0.022239347155819687	7.501132536247478e-82	1.18640217092749e-29	0.8762329056150528
causal_gxe	402	diagonal	0.5	0.25	0.5288146285972747	0.2527500946771103	0.02483183764400307	0.022246862674821028	1.240848522922176e-100	6.52745262453783e-30	0.3767856061150144
causal_gxe	403	diagonal	0.5	0.25	0.4481520058593011	0.23940843350730598	0.025246329279669497	0.02261771469601871	1.687857658943428e-70	3.4979339387209394e-26	0.999935101864668
causal_gxe	404	diagonal	0.5	0.25	0.5040020474474214	0.23519856164149291	0.025368178183540643	0.022723766301657917	7.779550044085092e-88	4.170301871203611e-25	0.655192902550976
causal_gxe	405	diagonal	0.5	0.25	0.4777343844275467	0.23031079241493913	0.024385275808648462	0.021830995498221636	1.8416682287804282e-85	5.0951117852705664e-26	0.5268579173772127
causal_gxe	406	diagonal	0.5	0.25	0.5740504712901472	0.26649194661528697	0.02496315219763909	0.022361994895840384	5.121579955266981e-117	9.631215635054153e-33	0.4914451953497418
causal_gxe	407	diagonal	0.5	0.25	0.5455305012753799	0.2450302753476681	0.02466656456442892	0.02209911514706095	2.20793846795746e-108	1.4380167965521396e-28	0.24899846232972989
causal_gxe	408	diagonal	0.5	0.25	0.4825513654899507	0.22587803212549912	0.024940156693203566	0.02234744424997735	2.103935588213385e-83	5.114447536378543e-24	1.375613979283901e-06
causal_gxe	409	diagonal	0.5	0.25	0.4770762666747443	0.25393086039215707	0.02402041475176329	0.02150653997728311	8.803194360895131e-88	3.5852488308041116e-32	0.6325918780821317
causal_gxe	410	diagonal	0.5	0.25	0.47677432755822824	0.22972940479856094	0.024974518410976965	0.022374807768406627	3.0325544894653464e-81	9.891004170726044e-25	0.8459368890372436
causal_gxe	411	diagonal	0.5	0.25	0.5242159816162363	0.22965094199585848	0.025716446791536163	0.02302880304873291	2.2971916612796025e-92	2.0143617587985843e-23	0.671993133263857
causal_gxe	412	diagonal	0.5	0.25	0.44511781392115507	0.2296937398353552	0.02470868542241066	0.022129362485679028	1.4957902877030217e-72	3.070867674329402e-25	0.18979526960090312
causal_gxe	413	diagonal	0.5	0.25	0.4593651062759319	0.21618697496818304	0.024763115011778428	0.022170824675137504	8.09828069225088e-77	1.8271977571723818e-22	0.4284818025074781
causal_gxe	414	diagonal	0.5	0.25	0.5269764029391939	0.23845054698418153	0.02507464458879333	0.02244015971350339	4.6526609829885265e-98	2.2542952048787237e-26	0.023844366601260165
causal_gxe	415	diagonal	0.5	0.25	0.47734250328576583	0.24567210191718764	0.025848203621501573	0.023159704421205504	3.796441802831181e-76	2.7430631551354484e-26	0.48176453601381936
causal_gxe	416	diagonal	0.5	0.25	0.5391813905778451	0.2570099331293425	0.024032751117892555	0.021518696801536556	1.782025752107416e-111	7.015148268308486e-33	0.7057729354228073
causal_gxe	417	diagonal	0.5	0.25	0.45422760664773665	0.2371238450214398	0.025943163822224297	0.023204366516271772	1.2325928025394503e-68	1.631280890820907e-24	0.5159730640323861
causal_gxe	418	diagonal	0.5	0.25	0.4626103877829382	0.24476425512525754	0.024245505763063023	0.021715910639807132	3.6846989860617785e-81	1.820824866702493e-29	0.9302253773571196
causal_gxe	419	diagonal	0.5	0.25	0.5693298011229008	0.2493561687981883	0.024726392149847603	0.02214563142406125	2.6079958419965022e-117	2.0714481717267925e-29	0.7246935265993021
causal_gxe	420	diagonal	0.5	0.25	0.4892534961873776	0.23202645815315256	0.02419665751740725	0.0216663164920521	6.544295965202236e-91	9.226771375441361e-27	0.6322728356015098
causal_gxe	421	diagonal	0.5	0.25	0.45959653254343436	0.24320662069695279	0.02409138685883208	0.02156685114124811	3.9053151889746062e-81	1.7070831998525857e-29	0.7936114988207863
causal_gxe	422	diagonal	0.5	0.25	0.5014398095531931	0.25062684480479047	0.02421598793131375	0.021682431103377624	2.997074658724252e-95	6.6491861304761625e-31	0.8178845392946155
causal_gxe	423	diagonal	0.5	0.25	0.5938706502809841	0.2611439940771199	0.02569603430361548	0.023013524749268863	3.5582366963958484e-118	7.638856313780577e-30	0.5534056745139178
causal_gxe	424	diagonal	0.5	0.25	0.4516308048761163	0.2506880807525263	0.024505716941846396	0.0219548734852204	7.602922725711478e-76	3.3866323656340545e-30	0.9220128478463414
causal_gxe	425	diagonal	0.5	0.25	0.4899904924552459	0.2673629990082667	0.025795261990060468	0.023103299109768462	1.862774357906084e-80	5.68010080897389e-31	0.6467855552225605
causal_gxe	426	diagonal	0.5	0.25	0.5301572199020025	0.26478911359231955	0.025181051710503166	0.022565655713073063	2.1099123373877375e-98	8.516324137464827e-32	0.982742539338319
causal_gxe	427	diagonal	0.5	0.25	0.4989984250418651	0.2578348442301797	0.023868869105796754	0.021383058621954696	4.739249074797098e-97	1.762127658812298e-33	0.856217241035282
causal_gxe	428	diagonal	0.5	0.25	0.5202940510864856	0.24921072828383786	0.023805654800266595	0.021317444307773617	6.830893436955671e-106	1.4261222232858894e-31	0.09743553168875395
causal_gxe	429	diagonal	0.5	0.25	0.4120657543038681	0.2637147164362983	0.025099601646798086	0.022485113095560044	1.4400867867176032e-60	9.115050031109794e-32	0.6684333638288356
causal_gxe	430	diagonal	0.5	0.25	0.4844633334677791	0.2406630059428208	0.024803015854534694	0.022206261004929163	5.819544940285724e-85	2.283353749849591e-27	0.08195859283168441
causal_gxe	431	diagonal	0.5	0.25	0.47790946110647675	0.226769183408866	0.024549982943176136	0.02198836850491706	2.1001105766380336e-84	6.145803840546655e-25	0.7493208390022534
causal_gxe	432	diagonal	0.5	0.25	0.5289411342504218	0.25826316315887793	0.024277473460918745	0.02174204093035439	3.0603129703570413e-105	1.530620298715083e-32	0.5024481754428021
causal_gxe	433	diagonal	0.5	0.25	0.5176994829780148	0.2838804243085629	0.02537396430002773	0.022751449945645447	1.5796517713758448e-92	9.909125322537968e-36	0.3024060557316245
causal_gxe	434	diagonal	0.5	0.25	0.48788361443023615	0.2392416980984989	0.024101080910779428	0.021588025803873537	4.076007943037045e-91	1.53153432415819e-28	0.0717328365888504
causal_gxe	435	diagonal	0.5	0.25	0.5337620473443595	0.22351912289770606	0.02420068095043474	0.021664826615609596	8.428876973622598e-108	5.895099991786414e-25	0.3744848336281705
causal_gxe	436	diagonal	0.5	0.25	0.43919270902988417	0.247078569050161	0.02374456995683596	0.0212763113846462	2.2010694453883944e-76	3.5460460580439614e-31	0.5313777197519448
causal_gxe	437	diagonal	0.5	0.25	0.5832828435678502	0.23463870409361862	0.025780806240724194	0.023077892895070597	2.4767727471611327e-113	2.7763682894779476e-24	0.9284341478639313
causal_gxe	438	diagonal	0.5	0.25	0.5645768328415336	0.260087723817225	0.026073494530826122	0.0233743097361135	5.65977017044157e-104	9.26240308271164e-29	0.538416016690299
causal_gxe	439	diagonal	0.5	0.25	0.48611047033281357	0.25743831021236036	0.02463008693231078	0.022067364247537594	1.0489465490342939e-86	1.901111545203725e-31	0.17539506379277778
causal_gxe	440	diagonal	0.5	0.25	0.5547301525909613	0.24648455486653806	0.026378609448201	0.023639355618918858	3.520105135980618e-98	1.869396349788088e-25	0.6868396817848658
causal_gxe	441	diagonal	0.5	0.25	0.5006853232150618	0.2651085376843693	0.02590758614559138	0.023217085788369108	3.2577202162945657e-83	3.3730744591322245e-30	0.8272406853118565
causal_gxe	442	diagonal	0.5	0.25	0.5223235223754056	0.23459914961514505	0.02519710818573633	0.022567969937130332	1.8771966628360115e-95	2.6066804618109096e-25	0.7000795355338763
causal_gxe	443	diagonal	0.5	0.25	0.5176473010263309	0.2467894976164692	0.02496678815661423	0.022361008627129347	1.729877401738522e-95	2.544824861543797e-28	0.7640061913607318
causal_gxe	444	diagonal	0.5	0.25	0.5675357043134505	0.25716679258378433	0.025206712194275085	0.02258112285587261	2.94201139542982e-112	4.7672666843039624e-30	0.10376878718885232
causal_gxe	445	diagonal	0.5	0.25	0.5410551491081889	0.23910666609142361	0.024725619116778102	0.022146735297161987	3.8244262174935756e-106	3.576740073305463e-27	0.6643846355552694
causal_gxe	446	diagonal	0.5	0.25	0.45294911760520207	0.2462835785543769	0.0249956876908416	0.022374645075729477	2.1724637058359643e-73	3.5255582834347353e-28	0.9381918074015273
causal_gxe	447	diagonal	0.5	0.25	0.436088465373018	0.23844595356287016	0.02450267017346788	0.021927301559330117	7.377676515597066e-71	1.5267932386349544e-27	0.05057112533842018
causal_gxe	448	diagonal	0.5	0.25	0.5143963455653912	0.2319292535144751	0.02496028952351432	0.022345164637714087	2.2983476568445264e-94	3.0772430755252827e-25	0.905141361475731
causal_gxe	449	diagonal	0.5	0.25	0.5110881488372988	0.2744532381073358	0.023203531145551046	0.02078877698976993	1.6118448706063194e-107	8.54468637220568e-40	0.35598840478209226
causal_gxe	450	diagonal	0.5	0.25	0.41370181536403744	0.2493787969714303	0.02472431915791008	0.02214517889994624	7.587037636339482e-63	2.0422283032572978e-29	0.40358486549831074
causal_gxe	451	diagonal	0.5	0.25	0.4796769169088156	0.2632198694544123	0.024598377973449884	0.02203024462781309	1.0903910314700114e-84	6.641551282854423e-33	0.90684033600375
causal_gxe	452	diagonal	0.5	0.25	0.5138009702365709	0.26035722142807427	0.02411829556160694	0.021607250255205962	1.0564117092621067e-100	1.9505773542398135e-33	0.427492143743471
causal_gxe	453	diagonal	0.5	0.25	0.5276347303709318	0.23457909337763244	0.024165560214272963	0.021639818231194128	1.0994273391255512e-105	2.2208215357721736e-27	0.8604598892813216
causal_gxe	454	diagonal	0.5	0.25	0.4411609122652584	0.2636399256102443	0.025344586613558054	0.022710332734837926	7.363274251589625e-68	3.717555004418083e-31	0.8359177310216462
causal_gxe	455	diagonal	0.5	0.25	0.5183006158900475	0.25560261134390505	0.025602797202826724	0.022931819441484147	4.0201170004563085e-91	7.473132099814706e-29	0.6442897162567341
causal_gxe	456	diagonal	0.5	0.25	0.48331930605317897	0.25372566668207297	0.025549130821827415	0.02288703414851685	8.223408731007107e-80	1.4670149822507033e-28	0.6404797811853354
causal_gxe	457	diagonal	0.5	0.25	0.4442010225853471	0.2466727480699959	0.02476307814926432	0.02216341780523557	5.952043305827575e-72	8.991233299425844e-29	0.43258505945650266
causal_gxe	458	diagonal	0.5	0.25	0.5410318661569545	0.2381863189991067	0.024177298229401303	0.021630492624639893	6.4934911816493696e-111	3.359856007477012e-28	0.7518678085494036
causal_gxe	459	diagonal	0.5	0.25	0.46307782949138326	0.2587550381411945	0.02630079103507613	0.023539490318678986	2.1770963411463762e-69	4.158112680067277e-28	0.35233871630164043
causal_gxe	460	diagonal	0.5	0.25	0.4916355738225511	0.23952428458420255	0.024477317044154255	0.021925560265521594	9.911474477617353e-90	8.809014211097545e-28	0.8361864456600783
causal_gxe	461	diagonal	0.5	0.25	0.5018569350973938	0.24291496709763746	0.02510972740670628	0.022484069226608693	7.210613443109112e-89	3.299939853827853e-27	0.4203664038322115
causal_gxe	462	diagonal	0.5	0.25	0.49948632356492456	0.24051897170017486	0.0246354739446938	0.022051872173932313	2.1342371939257804e-91	1.0676272033757255e-27	0.2956533733043285
causal_gxe	463	diagonal	0.5	0.25	0.4419399382503812	0.21520583071203944	0.02579494812291838	0.0230997157656895	8.4474664293319e-66	1.2037240386694816e-20	0.2741278057585783
causal_gxe	464	diagonal	0.5	0.25	0.5254499552591853	0.2316306671145413	0.024614514459051946	0.022053463850844435	4.1437532927915994e-101	8.355168638763336e-26	0.7304542410992011
causal_gxe	465	diagonal	0.5	0.25	0.5593264360007382	0.2382802337382163	0.025405382101683933	0.022748505348305224	2.0208598669081667e-107	1.1308055104539735e-25	0.3576792182929664
causal_gxe	466	diagonal	0.5	0.25	0.477463200769664	0.2531828868358109	0.024651068060611757	0.022088432872211287	1.4133991149113685e-83	2.041684943640618e-30	0.703229328460036
causal_gxe	467	diagonal	0.5	0.25	0.5055203059185436	0.2565441427803522	0.023949827426911614	0.021458240611231544	6.7909562596621515e-99	6.076170963650518e-33	0.859099161916987
causal_gxe	468	diagonal	0.5	0.25	0.5124092412831435	0.275704582855539	0.02451103898312509	0.02194310793150099	4.797438088387034e-97	3.30883777599658e-36	0.9294338519744988
causal_gxe	469	diagonal	0.5	0.25	0.5153030364713291	0.26374485140363557	0.024609701705356028	0.022046419141826975	2.362690034410415e-97	5.541196892250612e-33	0.1471127110786111
causal_gxe	470	diagonal	0.5	0.25	0.47708440611598396	0.2712219582417652	0.024025585566797757	0.021517844508728085	9.520752347312111e-88	1.993995711446169e-36	0.871790557011648
causal_gxe	471	diagonal	0.5	0.25	0.5275736284996975	0.25936964065479584	0.026366218873626644	0.023626638618815716	4.556167046370114e-89	4.8842185832160845e-28	0.8627357314205213
causal_gxe	472	diagonal	0.5	0.25	0.49076559040544343	0.2755134544922411	0.024593364139858763	0.02202518832080045	1.3507154503117337e-88	6.664385240755931e-36	0.27189117409199615
causal_gxe	473	diagonal	0.5	0.25	0.47697843174003074	0.22171268325087765	0.024336817319245547	0.021798846993264287	1.5754612630702886e-85	2.67578536869906e-24	0.4027566242537669
causal_gxe	474	diagonal	0.5	0.25	0.5165741330154703	0.24892219672531202	0.023660140531193127	0.021195796677347983	1.1253303154481338e-105	7.586643436475862e-32	0.18484466444314535
causal_gxe	475	diagonal	0.5	0.25	0.5150305431579679	0.2384134972957429	0.02520331605659529	0.022574321289058952	8.164100762074479e-93	4.505257560993597e-26	0.5855258035108184
causal_gxe	476	diagonal	0.5	0.25	0.5072698034512417	0.2505168365383336	0.026027046317299345	0.023316745880073604	1.3321368693257771e-84	6.31930363940095e-27	0.8859777226313891
causal_gxe	477	diagonal	0.5	0.25	0.5767547144087588	0.23954362429307763	0.024394655054262013	0.02184357939689325	1.4042192488654634e-123	5.548652974639048e-28	0.5756619709113777
causal_gxe	478	diagonal	0.5	0.25	0.46453419971996196	0.23073267502524006	0.024187314627921057	0.021640733244278815	3.316521974556603e-82	1.5332823072816523e-26	0.15386476891714013
causal_gxe	479	diagonal	0.5	0.25	0.5510589045555184	0.24347603449604985	0.025472519272347463	0.0228295751642374	8.69931781486193e-104	1.4849590252971752e-26	0.8671542631127022
causal_gxe	480	diagonal	0.5	0.25	0.5668946434890262	0.23968771514871842	0.02383251748173327	0.02136085615578022	4.596109988558821e-125	3.2203064821935017e-29	0.3115751007003253
causal_gxe	481	diagonal	0.5	0.25	0.4324498745985259	0.24231832394140562	0.0244991690593515	0.021947636415808335	9.888931700866798e-70	2.4300162613747656e-28	0.9986950793620065
causal_gxe	482	diagonal	0.5	0.25	0.58826086169038	0.25025474316449414	0.024749570281745188	0.022197193849420475	7.069231484550625e-125	1.7604832439314873e-29	0.8618825272441546
causal_gxe	483	diagonal	0.5	0.25	0.519811714123761	0.2698496842186881	0.02570647568972666	0.02300849065816729	6.39192816955607e-91	9.131072929452702e-32	0.6414260540295996
causal_gxe	484	diagonal	0.5	0.25	0.468118704372911	0.2588204300114442	0.026118652731669623	0.023387258927280368	7.832360616757184e-72	1.8192249512393428e-28	0.86087242212781
causal_gxe	485	diagonal	0.5	0.25	0.5312302095531394	0.22232940126770198	0.024809384275395193	0.022226276099558594	1.022461813363985e-101	1.4785146280986162e-23	0.22918834845050207
causal_gxe	486	diagonal	0.5	0.25	0.5125052454755721	0.2566686443927409	0.024148288189225958	0.021628087998399496	5.82503379713409e-100	1.7486738404292625e-32	0.4907891594406609
causal_gxe	487	diagonal	0.5	0.25	0.5124886127278168	0.21672164097782115	0.02555875795069184	0.022885723122695916	1.962854115814667e-89	2.8056536294562984e-21	0.8445834103769256
causal_gxe	488	diagonal	0.5	0.25	0.46377648450746045	0.24855102636992002	0.02518828509790111	0.022563770991819727	1.0451058300181643e-75	3.2177578069640937e-28	0.9964142212804338
causal_gxe	489	diagonal	0.5	0.25	0.49702898306619736	0.2507814056835515	0.024332445155012792	0.021785888538373894	9.70388996605309e-93	1.1587435271030943e-30	0.6873252629426728
causal_gxe	490	diagonal	0.5	0.25	0.5167766525116443	0.2529876709104696	0.024932615683434065	0.02232476873195367	1.980145435799058e-95	9.094254444477823e-30	0.14681884277842022
causal_gxe	491	diagonal	0.5	0.25	0.45347579657855996	0.2658289836883584	0.02462697601262912	0.022068075776837857	1.0185274361288681e-75	2.0393467206146658e-33	0.6343443538470882
causal_gxe	492	diagonal	0.5	0.25	0.4879505430769108	0.22629966654779818	0.024380135740625766	0.02185271878379461	4.1367742337722595e-89	3.9439228081213444e-25	0.989039487440844
causal_gxe	493	diagonal	0.5	0.25	0.5205249150308587	0.20637664538979142	0.02489986017662116	0.022308379722999896	4.849096303307416e-97	2.222319323759075e-20	0.24329829576408263
causal_gxe	494	diagonal	0.5	0.25	0.4822506771408321	0.2579298765417088	0.02483804828286328	0.022241989883308864	5.67409630848143e-84	4.2913346934266805e-31	0.38438548395270045
causal_gxe	495	diagonal	0.5	0.25	0.4996594196718643	0.2228529740529922	0.02378442044619493	0.021304676757874015	5.560130141259722e-98	1.314607383499871e-25	0.8225649891418183
causal_gxe	496	diagonal	0.5	0.25	0.48597795990507126	0.23975231496039803	0.023694226525939454	0.02121706019732941	1.7387441064418844e-93	1.3125076923591994e-29	0.5709627591518307
causal_gxe	497	diagonal	0.5	0.25	0.43966402007718236	0.24459042622701907	0.02372384396695306	0.02124361747026835	1.1275043963808702e-76	1.1267998766667398e-30	0.888739763394872
causal_gxe	498	diagonal	0.5	0.25	0.5464814651198144	0.2590248781685875	0.025217635425680358	0.02258533273224292	3.886001989570365e-104	1.894386024205819e-30	0.9736049358628368
causal_gxe	499	diagonal	0.5	0.25	0.5050906204017406	0.2748176135911414	0.02583538681646361	0.02315619870814283	4.097733838078757e-85	1.7358110220421137e-32	0.23094426602305224
causal_gxe	500	diagonal	0.5	0.25	0.5171499396425661	0.22932582769585802	0.024917891387596466	0.022316911917989464	1.1242652121770445e-95	9.051799029198192e-25	0.9991232905907768
directional_pleiotropy	1	environment	0.5	0.0	0.6826462325331176	0.0021815065922134082	0.040148137579343636	0.016073834766730938	7.77761821020774e-65	0.8920443214497895	0.8657022049126333
directional_pleiotropy	2	environment	0.5	0.0	0.7546726636435133	0.010550153166574884	0.039973464680230775	0.016003760858549782	1.6867803054919062e-79	0.5097483300256318	0.7060207754580485
directional_pleiotropy	3	environment	0.5	0.0	0.7596081425236189	0.01742453050341064	0.04049617645773263	0.01618679017884984	1.6803633303642018e-78	0.2817188649834533	0.2739710921792489
directional_pleiotropy	4	environment	0.5	0.0	0.7524393497844896	-0.001302443627122662	0.03943869682693864	0.01578097753060795	3.7953061425434735e-81	0.9342232702273245	0.6595648266185757
directional_pleiotropy	5	environment	0.5	0.0	0.7682085899954645	-0.013217744357879712	0.03804280408643653	0.015198351173199292	1.1218919460389758e-90	0.384473783233408	0.8729172230468208
directional_pleiotropy	6	environment	0.5	0.0	0.7142703980995181	-0.01976592906397607	0.03798201472386525	0.015177600044300948	6.8090124418133e-79	0.19281068783768146	0.6100227356981894
directional_pleiotropy	7	environment	0.5	0.0	0.7285296464344249	-0.01358369548194807	0.03951361139950173	0.0157947589751068	6.578885586139471e-76	0.3897819661091716	0.7488110248190749
directional_pleiotropy	8	environment	0.5	0.0	0.715604905198394	-0.010615677341853896	0.0410985126259166	0.01645086340473199	6.697339901959628e-68	0.5187353453731828	0.21188895881229394
directional_pleiotropy	9	environment	0.5	0.0	0.7261534680167784	0.011001060018180938	0.04121463757696365	0.016467362407217828	1.766371022147077e-69	0.5041001818972698	0.45232090861908614
directional_pleiotropy	10	environment	0.5	0.0	0.6899318853984093	0.0033430085891020486	0.039290805190730756	0.015722799761938546	5.020399303933224e-69	0.8316220356070427	0.6933819902748869
directional_pleiotropy	11	environment	0.5	0.0	0.7578989974009077	0.006027922997132862	0.03902591266422095	0.015606539608967088	5.188002984908678e-84	0.6993164106649736	0.6384525863297249
directional_pleiotropy	12	environment	0.5	0.0	0.7172190981167063	-0.01490944262398663	0.03965855751243713	0.015860028697338387	4.195010824267269e-73	0.34718471371997983	0.6870977388787197
directional_pleiotropy	13	environment	0.5	0.0	0.7363216414127255	-0.008013754290855284	0.03996256143385147	0.01599447350540202	8.235361625838638e-76	0.6163481075602956	0.6559066371078696
directional_pleiotropy	14	environment	0.5	0.0	0.7367543029594676	-0.015074619196453568	0.038639224071419204	0.015442613603204697	4.700465534726943e-81	0.32898012850281116	0.844097992112259
directional_pleiotropy	15	environment	0.5	0.0	0.7907442085645743	0.019280084311435016	0.03912251750461084	0.015658589450933205	7.677778707122459e-91	0.21821872550793248	0.21950256183455608
directional_pleiotropy	16	environment	0.5	0.0	0.7138242202798005	-0.007006427711604642	0.04015654920515385	0.01606256648436716	1.0837914399106764e-70	0.6626945090082134	0.9093630230702371
directional_pleiotropy	17	environment	0.5	0.0	0.7344083408479606	0.012940151909621663	0.038874145692652275	0.0155426165570732	1.3285155104779396e-79	0.40509325030573085	0.33295133864572457
directional_pleiotropy	18	environment	0.5	0.0	0.7640802150263093	-0.01225821197329794	0.039189679132330596	0.015672629446853215	1.1646913730132974e-84	0.4341314922712707	0.9498112024624552
directional_pleiotropy	19	environment	0.5	0.0	0.7209196864380741	-0.012993801331818041	0.04088585332927942	0.01636946891954787	1.38703745590071e-69	0.4273219423162233	0.5902152871627531
directional_pleiotropy	20	environment	0.5	0.0	0.6912638874920012	0.007706073334968599	0.0403702465549189	0.016149457556470674	9.981037061739597e-66	0.6332394549390897	0.3785022000283916
directional_pleiotropy	21	environment	0.5	0.0	0.7647452958477919	-0.02954455284983448	0.04154401606491319	0.016625189057191875	1.131777079141497e-75	0.07555248699128389	0.6819442121777038
directional_pleiotropy	22	environment	0.5	0.0	0.7218415539292162	-0.009385234605447376	0.040791912037721964	0.016322891758118914	4.52548766819286e-70	0.5653090369867079	0.687455916126957
directional_pleiotropy	23	environment	0.5	0.0	0.6374974817909405	-0.010865222902120964	0.03853940234896205	0.015412360803070938	1.8453586236740283e-61	0.4808300806520419	0.5518790628942538
directional_pleiotropy	24	environment	0.5	0.0	0.7338271886800385	0.005292160186501739	0.03964946751044028	0.015870943159510615	1.784174931475143e-76	0.7387949022837237	0.9627974538314347
directional_pleiotropy	25	environment	0.5	0.0	0.7846787208622984	-0.04323426749235512	0.0403444687907018	0.01611433721518529	2.9443234877739213e-84	0.007297175018413592	0.7381588095730659
directional_pleiotropy	26	environment	0.5	0.0	0.7368012778166333	0.01759142271889287	0.03776068458859699	0.015097114091159916	8.615497420313586e-85	0.24393093202264582	0.5613886154047453
directional_pleiotropy	27	environment	0.5	0.0	0.7488156699806203	-0.00990719873386691	0.04108909234013187	0.01645454666132312	3.3171561975092838e-74	0.5471109648072416	0.5646469223477065
directional_pleiotropy	28	environment	0.5	0.0	0.694000760166854	0.020196628218005944	0.03997345547980802	0.01596116002008656	1.6133621496319914e-67	0.20574197553886028	0.6013725582133743
directional_pleiotropy	29	environment	0.5	0.0	0.6374398444441304	0.025248599799677838	0.041499294058352225	0.01659873148362391	3.0237108332413187e-53	0.1282306731481666	0.09013124051666054
directional_pleiotropy	30	environment	0.5	0.0	0.7587056487317814	-0.009229785695878043	0.03895156364571261	0.015577081104173315	1.6814465247487955e-84	0.5535001286308346	0.30707599059838103
directional_pleiotropy	31	environment	0.5	0.0	0.7891256026513124	-0.003107157732120768	0.040169288319818114	0.016070431060284662	6.379879749978643e-86	0.8466878000064957	0.8558091760227678
directional_pleiotropy	32	environment	0.5	0.0	0.7337711091409027	0.019034476327375198	0.038254743764100596	0.015320956916466353	5.316059246728444e-82	0.2140957684288423	0.5833958996554132
directional_pleiotropy	33	environment	0.5	0.0	0.7281091849833	-0.013819828441312484	0.04062696104765094	0.016247882383191758	7.967459439863456e-72	0.39501280485761125	0.2442486309665607
directional_pleiotropy	34	environment	0.5	0.0	0.729411353102462	-0.0037747811738000326	0.040395526360621305	0.016169875098355196	6.983157279977658e-73	0.8154156485281471	0.9582856214578925
directional_pleiotropy	35	environment	0.5	0.0	0.6985686429266564	-0.014184496896816105	0.04019023937691565	0.01607570390303371	1.138353263296307e-67	0.37758421748340754	0.8278669098285787
directional_pleiotropy	36	environment	0.5	0.0	0.7130323211266708	-0.00047009063179009815	0.04149913404085543	0.01659058172771678	3.630792087712057e-66	0.9773951341628296	0.5292452129173799
directional_pleiotropy	37	environment	0.5	0.0	0.6626468955400753	0.0225734996632873	0.03939034616681196	0.015754564679955698	1.667619899885848e-63	0.15190848045331315	0.8675948011166279
directional_pleiotropy	38	environment	0.5	0.0	0.704709546262841	-0.001206555387643409	0.03800936330596604	0.015199678413518977	9.745824998008108e-77	0.9367301189211814	0.16124112708842694
directional_pleiotropy	39	environment	0.5	0.0	0.7256281365485362	-0.005985567792166764	0.03948888209003234	0.01578963362135316	2.063795064197293e-75	0.7046268831074949	0.4774484224800893
directional_pleiotropy	40	environment	0.5	0.0	0.7152847290080402	-0.01348298844863606	0.039330044149921965	0.015719926556358094	6.575264976899168e-74	0.3910578785944245	0.7363204144424682
directional_pleiotropy	41	environment	0.5	0.0	0.7456904558827148	0.0008648909337984263	0.03964158987411224	0.015866314007408792	6.158831832390336e-79	0.9565279298529024	0.6687698754015275
directional_pleiotropy	42	environment	0.5	0.0	0.7091668100958262	0.012325761392520068	0.04043264654909707	0.01618051443073167	7.160383713065042e-69	0.446199837147511	0.6850375258395811
directional_pleiotropy	43	environment	0.5	0.0	0.7420376233976893	0.0014936751110384379	0.03833010997761938	0.015355222945360915	1.7074113173216485e-83	0.9225082262001602	0.6527252903162412
directional_pleiotropy	44	environment	0.5	0.0	0.7108848077128059	-0.007591385797224926	0.04077314899068988	0.01631816986773696	4.466092894143533e-68	0.6417806396827589	0.5545761078692029
directional_pleiotropy	45	environment	0.5	0.0	0.793106249692345	-0.011247845847456299	0.03949964125081013	0.015810759239314402	1.1304466329491279e-89	0.47683358866334125	0.9205739110984122
directional_pleiotropy	46	environment	0.5	0.0	0.7040339844266269	0.003436570216085817	0.04205790256400187	0.01682182066648698	6.739894406884298e-63	0.8381250040269786	0.4925332758027579
directional_pleiotropy	47	environment	0.5	0.0	0.6555355136528233	0.00318642683204701	0.03888411155341369	0.015539230116371506	9.056131347698568e-64	0.8375276457276503	0.3060414963524776
directional_pleiotropy	48	environment	0.5	0.0	0.7612944220061848	0.005500028364302987	0.038467286992757706	0.015388707178968404	3.5805572714247045e-87	0.7207872977578783	0.7242210303084042
directional_pleiotropy	49	environment	0.5	0.0	0.7062872254100206	0.009035543044480364	0.040181730626395316	0.016082788259031974	3.675289635577113e-69	0.5742424372154231	0.8528421371289587
directional_pleiotropy	50	environment	0.5	0.0	0.727463426300373	-0.03039506511251724	0.03918457344787794	0.015675275408424182	6.163375913862202e-77	0.05249585341514703	0.5221822038702513
directional_pleiotropy	51	environment	0.5	0.0	0.7175784416767457	-0.02014709400367653	0.038708050165740505	0.015491547136425256	1.0152223898213172e-76	0.19342220642886424	0.6849244791820248
directional_pleiotropy	52	environment	0.5	0.0	0.7212680308996445	-0.01656292268330998	0.04254512518207846	0.01700983853485033	1.8284090786226503e-64	0.33019258528623874	0.8425816531094746
directional_pleiotropy	53	environment	0.5	0.0	0.680129047119282	0.017563572205851544	0.04140327019283365	0.01656915934309732	1.2269554227724871e-60	0.2891373699033458	0.8552976779715177
directional_pleiotropy	54	environment	0.5	0.0	0.6737356912002318	0.022093184905329702	0.03912276647619232	0.015641102054880496	1.8456166607699682e-66	0.15780037803980304	0.3429433221069458
directional_pleiotropy	55	environment	0.5	0.0	0.7915781162030834	0.020090915874780832	0.04075764704712047	0.01629906784395589	5.070051729400576e-84	0.21770935320977525	0.31686522105800874
directional_pleiotropy	56	environment	0.5	0.0	0.7060725348036854	-0.009884907874545584	0.04082093848139571	0.016323617866123262	4.970570106555003e-67	0.5448078725208115	0.8225365065822086
directional_pleiotropy	57	environment	0.5	0.0	0.6647577020266437	0.0022465898840867116	0.04074862358156215	0.016312567256927445	7.896625150848534e-60	0.8904605920563995	0.17960953372997698
directional_pleiotropy	58	environment	0.5	0.0	0.7187864465963122	-0.011648865399282915	0.04010708315219949	0.016028888965273082	7.987408478028158e-72	0.46738407382435937	0.169159339680513
directional_pleiotropy	59	environment	0.5	0.0	0.6892947110773152	0.011851944644035241	0.03872683260648233	0.015494485230613673	7.208088457551676e-71	0.44432291170168275	0.8463815672476392
directional_pleiotropy	60	environment	0.5	0.0	0.7198077055183721	-0.0023215309262765247	0.041068427005801864	0.01642319499233922	8.909790022096525e-69	0.8875880495122006	0.7540459144811048
directional_pleiotropy	61	environment	0.5	0.0	0.6800723687327576	0.005523725651551504	0.03706442720020169	0.014819086041658465	3.4007297881252374e-75	0.7093389730701711	0.5740072953480486
directional_pleiotropy	62	environment	0.5	0.0	0.711742164177844	0.02046353233663488	0.040051616789523264	0.016023372274364067	1.1935878666969924e-70	0.20156510303146422	0.6267639782960907
directional_pleiotropy	63	environment	0.5	0.0	0.7156948898350485	-0.01274812965193458	0.03841064470640104	0.015363848914396721	1.7442153522105887e-77	0.4066810283842662	0.5704540579489983
directional_pleiotropy	64	environment	0.5	0.0	0.7901647924242235	0.01640197906780491	0.042247010665536225	0.01688140096922237	4.640419463742177e-78	0.3312492910881438	0.3535625358593948
directional_pleiotropy	65	environment	0.5	0.0	0.7294388034725264	-0.015438540310448246	0.04026154998127515	0.016113899380502818	2.3187722490020375e-73	0.3380181769517876	0.6448072635554811
directional_pleiotropy	66	environment	0.5	0.0	0.7059219247811691	0.0036385350881753494	0.04074030661464223	0.016280241865491867	2.9245251506089235e-67	0.823151113884652	0.2063847239296586
directional_pleiotropy	67	environment	0.5	0.0	0.7352673729932308	0.021761252861028695	0.03910366648466892	0.015629311087215082	7.132454778099048e-79	0.1638206675617854	0.3540974847396781
directional_pleiotropy	68	environment	0.5	0.0	0.653163444122156	-0.021736880196133956	0.03873467177592607	0.01548260552341868	8.491831823731333e-64	0.16033227398240382	0.12246965504274843
directional_pleiotropy	69	environment	0.5	0.0	0.7419078334710721	-0.008740410958110041	0.03929480914106953	0.01573278964275198	1.6484252304829912e-79	0.5785159268208184	0.976346391266453
directional_pleiotropy	70	environment	0.5	0.0	0.6635674124397954	0.021715793516956808	0.03908258866868512	0.01564541073234649	1.1828558464560386e-64	0.1651377570614885	0.6330404765981326
directional_pleiotropy	71	environment	0.5	0.0	0.7312072788811099	0.010941757426936767	0.04143843330201211	0.016597728144255815	1.099405220992092e-69	0.5097466498920712	0.6494749530264836
directional_pleiotropy	72	environment	0.5	0.0	0.6917750504186396	-0.006485727293633252	0.039475565376796654	0.015795823865945465	9.376021400856744e-69	0.6813676273449845	0.007760313678834291
directional_pleiotropy	73	environment	0.5	0.0	0.6840406692565387	-0.009939196048615961	0.039266160602336696	0.015708356007585893	5.755509137735896e-68	0.5269079817125876	0.43429928287128844
directional_pleiotropy	74	environment	0.5	0.0	0.6817931209591025	-0.02251757480611983	0.039089480288889915	0.015649614654427	3.96964129327544e-68	0.1501907310505322	0.9997710995936832
directional_pleiotropy	75	environment	0.5	0.0	0.6635789221093072	-0.00348675907781213	0.038895227589337146	0.015574141534937472	2.91160291133465e-65	0.822849665631318	0.5397738228219859
directional_pleiotropy	76	environment	0.5	0.0	0.689248178541016	-0.0015230111490274032	0.03813061854850402	0.01526709306576241	4.9274885923948685e-73	0.920536635903354	0.29801837984264323
directional_pleiotropy	77	environment	0.5	0.0	0.7300800157080022	-0.011188086865037012	0.03957011158503754	0.015820546859819075	5.1866464645906266e-76	0.47945020576578884	0.7407860095175255
directional_pleiotropy	78	environment	0.5	0.0	0.7230857071674113	0.006647964726066302	0.0402056359408621	0.016092244473728378	2.568430683968898e-72	0.6795215792411832	0.9280199504495144
directional_pleiotropy	79	environment	0.5	0.0	0.7259559644092178	-0.0005654262816927157	0.04036846289751732	0.0161729223239586	2.636028019867439e-72	0.9721106054236004	0.056075677514195475
directional_pleiotropy	80	environment	0.5	0.0	0.6573025080608288	-0.00393262205190808	0.03743377994014894	0.014984548690392145	5.069558551768737e-69	0.7929782714558237	0.9446230255200442
directional_pleiotropy	81	environment	0.5	0.0	0.6741301060179349	-0.013574899369726046	0.039449578178651676	0.01578026122949365	1.8107940390597164e-65	0.38965370524213694	0.41268736871084705
directional_pleiotropy	82	environment	0.5	0.0	0.7694983185191997	-0.013547477490976206	0.04524000302766683	0.01809400140988819	7.013515687725115e-65	0.4540214301466413	0.5301419530927798
directional_pleiotropy	83	environment	0.5	0.0	0.7125584587782476	0.043810854352556695	0.039718235421553956	0.015893417015382525	5.710954926773714e-72	0.005841630304228722	0.6658411209447345
directional_pleiotropy	84	environment	0.5	0.0	0.7062411537524221	-0.013814573537670242	0.03911001925605539	0.015656941584382397	6.849076958200581e-73	0.3775989208916246	0.46495848959964675
directional_pleiotropy	85	environment	0.5	0.0	0.7880943086154435	0.020401941127715068	0.03981579383507669	0.015923118070583518	3.386187391209012e-87	0.20009603185883507	0.09608712038792201
directional_pleiotropy	86	environment	0.5	0.0	0.7582326565773644	0.014179147517345043	0.03978413079547975	0.01589162236891637	5.5671100804081005e-81	0.37226409148303724	0.0662116372205824
directional_pleiotropy	87	environment	0.5	0.0	0.6992147213434015	-0.009007433146889452	0.03873483340044899	0.01550812422041794	7.703308241271652e-73	0.5613615813717401	0.7378271044355694
directional_pleiotropy	88	environment	0.5	0.0	0.7110565123942496	-0.02340606256002108	0.040241162760238355	0.016098049353096874	7.154907789419537e-70	0.14595493821896155	0.6412865558878357
directional_pleiotropy	89	environment	0.5	0.0	0.6622498941771141	0.007431152448832642	0.038335350852324895	0.015334557581699082	7.235364383041456e-67	0.6279589179358946	0.565864190484843
directional_pleiotropy	90	environment	0.5	0.0	0.6652037457804707	0.001171158451878622	0.03807963679565577	0.015227295526804444	2.478555395075874e-68	0.9386937236982968	0.19687336686184026
directional_pleiotropy	91	environment	0.5	0.0	0.7280699970755273	-0.0035755034934949357	0.038966397432862294	0.015568127073653478	6.612157532060992e-78	0.8183496185438015	0.14952779706018526
directional_pleiotropy	92	environment	0.5	0.0	0.7627131869038886	-0.010886196099479377	0.03985795188783765	0.015953506691092485	1.2715034505100335e-81	0.49500495160660296	0.8768802447099441
directional_pleiotropy	93	environment	0.5	0.0	0.7051242377632209	-0.001285862735397635	0.040152374159692514	0.016063919916532877	4.882408784857225e-69	0.9362001655164218	0.33213629438700437
directional_pleiotropy	94	environment	0.5	0.0	0.6870520694881258	0.01756943749627662	0.03862872343728491	0.015461986675267577	9.066330830074685e-71	0.2558315168381017	0.846469024998116
directional_pleiotropy	95	environment	0.5	0.0	0.69195456845108	-0.002906191395605848	0.03953879039875179	0.015826118504788628	1.4164118450247285e-68	0.8543016816019952	0.6095842027230091
directional_pleiotropy	96	environment	0.5	0.0	0.7314376004252718	0.005964295031248308	0.0382890268965546	0.015315770963355464	2.381115486954645e-81	0.6969641513801595	0.27603062534900397
directional_pleiotropy	97	environment	0.5	0.0	0.7246214124864384	-0.008361879302030233	0.04006983252505839	0.016036005234353546	4.2630354264412835e-73	0.6020574812684355	0.7112497217259448
directional_pleiotropy	98	environment	0.5	0.0	0.7180708450990531	-0.000213111744325759	0.03982788825223431	0.015954930714079423	1.1463607190705296e-72	0.9893428860618644	0.5588298771896507
directional_pleiotropy	99	environment	0.5	0.0	0.8198188102084064	-0.0034040895451080064	0.04089876462863577	0.016351016438885205	2.2284498911109735e-89	0.8350819804940892	0.8048094606640327
directional_pleiotropy	100	environment	0.5	0.0	0.7452054900407178	0.01586402217728732	0.040711049226282846	0.016272944829391622	7.584229349991579e-75	0.3296242473734662	0.8606763111306953
directional_pleiotropy	101	environment	0.5	0.0	0.643502649663615	-0.00017570410304033435	0.03887609142363806	0.015565768629110702	1.5318719151305194e-61	0.9909937878826865	0.4285471738991876
directional_pleiotropy	102	environment	0.5	0.0	0.7450372029028107	0.02140258949452677	0.037434597126346725	0.014973673682055117	3.8813510587579887e-88	0.1529042561253754	0.018337641031173555
directional_pleiotropy	103	environment	0.5	0.0	0.7323077965491626	-0.001452920133019668	0.04127570528047058	0.016500030983590305	1.9922864823090475e-70	0.9298324850808031	0.42852686611238733
directional_pleiotropy	104	environment	0.5	0.0	0.7290800781520415	0.005987824736213002	0.03896173923876017	0.015587442854878963	3.8996256704013376e-78	0.7008716220532517	0.7026624061751958
directional_pleiotropy	105	environment	0.5	0.0	0.6999134227539497	-0.003746505919449133	0.0405194197254304	0.016212943889772558	7.444584864346629e-67	0.8172517493564431	0.363030262582489
directional_pleiotropy	106	environment	0.5	0.0	0.764539194656853	-0.031124440316978932	0.04091426617156765	0.016366568539264086	6.391442318907292e-78	0.05720929151955705	0.4713747516911628
directional_pleiotropy	107	environment	0.5	0.0	0.632416298740578	-0.009889686076555713	0.037471902050281294	0.014986244037156801	6.634600056581798e-64	0.5093067143366652	0.08758492536854058
directional_pleiotropy	108	environment	0.5	0.0	0.7125858940108802	-0.00371103596603421	0.03942807491523352	0.01578511161604219	5.195239365656209e-73	0.8141332710591832	0.46451911528511014
directional_pleiotropy	109	environment	0.5	0.0	0.7188802686073996	0.0016220467653852199	0.039073972614086745	0.01562657471101483	1.364760845200506e-75	0.9173276444265678	0.24843080707948242
directional_pleiotropy	110	environment	0.5	0.0	0.7284636637798279	-0.011026183453087804	0.04093903884809561	0.01636808707026256	7.885108629772955e-71	0.5005407880653989	0.9173175962308416
directional_pleiotropy	111	environment	0.5	0.0	0.7546990357766559	0.0028818726914113524	0.03772216932840097	0.015084937321582618	4.8074258582400446e-89	0.8484918519089985	0.6047407645824163
directional_pleiotropy	112	environment	0.5	0.0	0.7400894650601222	-0.015110153983828836	0.03803072957009777	0.015217418743617586	2.3837826498504137e-84	0.32073374370457286	0.9422513732927699
directional_pleiotropy	113	environment	0.5	0.0	0.7421652021354399	-0.005855626867292012	0.039709889125560345	0.015874547343415014	6.006991453254365e-78	0.7122254430241712	0.9905062057124474
directional_pleiotropy	114	environment	0.5	0.0	0.697851072133461	0.01918870644166605	0.040757187926780916	0.016299580288322058	1.0144138455655994e-65	0.2390951118092811	0.3964383544387962
directional_pleiotropy	115	environment	0.5	0.0	0.6981296872541796	0.0031680548624168988	0.038414270721275644	0.0153773022105595	8.33712017543442e-74	0.8367741172263156	0.9333058024124348
directional_pleiotropy	116	environment	0.5	0.0	0.7269919773954745	-0.02229184624299259	0.039834201746943534	0.015912707903469773	2.0522418657665793e-74	0.16124898315460331	0.09497812782856352
directional_pleiotropy	117	environment	0.5	0.0	0.6695050752405397	-0.012879943259414687	0.039147911810651886	0.015663980792678594	1.4355575494733038e-65	0.410926088539159	0.3086867089585636
directional_pleiotropy	118	environment	0.5	0.0	0.6957568807244668	0.016259847497404802	0.03941977214226549	0.015761798883359407	1.01852120828843e-69	0.3022602608696292	0.0015062369500971197
directional_pleiotropy	119	environment	0.5	0.0	0.6896034304075039	-0.01654948279473562	0.0405497336384576	0.01621654997785824	7.367346860482059e-65	0.30747696286977266	0.996375927727065
directional_pleiotropy	120	environment	0.5	0.0	0.6944991615301087	-0.007232469030396435	0.0389815806512699	0.015597300728516172	5.301961488697189e-71	0.6428626658344321	0.6656891729602403
directional_pleiotropy	121	environment	0.5	0.0	0.7289802567097956	-0.026167541557741748	0.03968424813359495	0.015886467431046786	2.3047635963352896e-75	0.09952532012738781	0.6618735780173153
directional_pleiotropy	122	environment	0.5	0.0	0.6746502865667472	-0.02112859785550236	0.03898163637354235	0.015601271044595065	4.1747033705663834e-67	0.17564484637694858	0.8028487881154642
directional_pleiotropy	123	environment	0.5	0.0	0.6495838534024335	0.022093667091171314	0.03733791757195034	0.014943487218831661	8.628654276221957e-68	0.13927898653658627	0.3874302843808348
directional_pleiotropy	124	environment	0.5	0.0	0.7441526647431018	0.0022722416680608535	0.03741546735350137	0.014968695652974233	5.077187005657009e-88	0.8793450157894825	0.2047293677342872
directional_pleiotropy	125	environment	0.5	0.0	0.7150127694080652	0.00591929277186774	0.04082020366997323	0.016326455950981898	1.0788555414139624e-68	0.7169348352929183	0.46800863871718384
directional_pleiotropy	126	environment	0.5	0.0	0.7459814087081955	-0.00200121984973164	0.037292751381438484	0.014929519270149676	5.145450492496428e-89	0.893367391110712	0.7287521263534448
directional_pleiotropy	127	environment	0.5	0.0	0.7360671880546413	-0.008654331088645446	0.03846851205022413	0.015376712721279683	1.308808821790845e-81	0.5735570332777707	0.0485515317107709
directional_pleiotropy	128	environment	0.5	0.0	0.7910018146867498	0.010044658005273039	0.03883804593581341	0.015526516909314702	3.3036863149981086e-92	0.5176735628058582	0.9751820553912115
directional_pleiotropy	129	environment	0.5	0.0	0.6883922760516497	-0.015447738973265387	0.03853928610714771	0.015428759917824818	2.327496529535451e-71	0.3167155733043949	0.7677049554501857
directional_pleiotropy	130	environment	0.5	0.0	0.6632841656164548	-0.005607697948322362	0.04035950777493015	0.016146642463371913	1.0849888799281154e-60	0.7283673920266576	0.3841669736012227
directional_pleiotropy	131	environment	0.5	0.0	0.7383086926033919	-0.0017758887415128919	0.04126316303724517	0.016521864215314437	1.3447495444841148e-71	0.914402488138991	0.5520799925981892
directional_pleiotropy	132	environment	0.5	0.0	0.7558825245337605	-0.011987645208629143	0.042483801592299295	0.01700116337673781	8.11511613715384e-71	0.48074343455497764	0.9267392402470598
directional_pleiotropy	133	environment	0.5	0.0	0.7012048140208482	0.0026905936930190846	0.040168810334961474	0.016080267270983092	3.074720323107491e-68	0.8671161460263689	0.9162927557802616
directional_pleiotropy	134	environment	0.5	0.0	0.7188465208128492	-0.02199839316723338	0.03940283538154153	0.015767048812686018	2.3294991181419204e-74	0.16295158560037018	0.14073687915330685
directional_pleiotropy	135	environment	0.5	0.0	0.7344563350825549	-0.009291315920922564	0.03874274075113624	0.015510022273643927	3.8464500837636085e-80	0.5491379485213881	0.7173623631517397
directional_pleiotropy	136	environment	0.5	0.0	0.7837277984291057	0.003748036692644345	0.04076350660107608	0.016290082756425725	2.2336134430426864e-82	0.8180289163465402	0.5434088047195412
directional_pleiotropy	137	environment	0.5	0.0	0.6809477635875376	-0.013423385843607373	0.03984783868935832	0.0159374181486524	1.801449762474508e-65	0.39964468169564593	0.5174769344841283
directional_pleiotropy	138	environment	0.5	0.0	0.7255350723394621	-0.0022143714078487605	0.0405574049569421	0.016208576869939786	1.4343126896836186e-71	0.891333330606938	0.8100861454090627
directional_pleiotropy	139	environment	0.5	0.0	0.7021488726185666	-0.016577064248589533	0.03956292029946656	0.0158176643566006	1.7971771912512162e-70	0.29463417943210796	0.9521658798042458
directional_pleiotropy	140	environment	0.5	0.0	0.7568901573898011	0.017323082106052674	0.04103143344136048	0.01641066564464893	5.553785929803637e-76	0.2911514618174954	0.6001953136501789
directional_pleiotropy	141	environment	0.5	0.0	0.7162876766141266	-0.01784298222318224	0.04071644022699469	0.016286905441767027	2.831873187748976e-69	0.2732794368833781	0.6391201741325334
directional_pleiotropy	142	environment	0.5	0.0	0.6438516732001733	0.0029861063677305098	0.03824984030736477	0.015307405605158773	1.4032191203600792e-63	0.8453335064955949	0.49840226012209726
directional_pleiotropy	143	environment	0.5	0.0	0.7595482195828888	0.0060739021332823565	0.04295432115223906	0.017182998756658747	5.7003625716432954e-70	0.7237261887711283	0.8736374604218101
directional_pleiotropy	144	environment	0.5	0.0	0.6930691209634622	-0.0038176557959630633	0.038244715945412705	0.015285491340137422	2.13849052039517e-73	0.8027754098669415	0.1603836373804261
directional_pleiotropy	145	environment	0.5	0.0	0.7122680036726381	-0.0012517901624765294	0.04114900046662222	0.01646213048141429	3.98967879558846e-67	0.9393868031908477	0.15069909666225284
directional_pleiotropy	146	environment	0.5	0.0	0.7112198681126287	-0.01071646208823451	0.04090968607472308	0.016378277021355057	1.0696018327641498e-67	0.5129124329288757	0.19219093902681028
directional_pleiotropy	147	environment	0.5	0.0	0.6374334655683553	0.008590455987147317	0.039311096717834136	0.015726144960827807	3.9441857435359723e-59	0.5848919460158277	0.9871126650668635
directional_pleiotropy	148	environment	0.5	0.0	0.7008054315859711	-0.03095331808538817	0.03821758431557094	0.015273102562261656	4.1737671477673937e-75	0.04269765119996835	0.13478385549489721
directional_pleiotropy	149	environment	0.5	0.0	0.7591648999897572	-0.003258404543193266	0.040393752503992006	0.016149715107619533	8.437312344317419e-79	0.8401025130800426	0.45221979799556816
directional_pleiotropy	150	environment	0.5	0.0	0.7061756135634585	0.009444346282343212	0.038597539927085776	0.015438434813569333	8.92629094175882e-75	0.5407081565149803	0.8766498373931899
directional_pleiotropy	151	environment	0.5	0.0	0.7506162823373872	0.0023383799671069377	0.03779782400357056	0.015109192757851182	9.264756724733675e-88	0.8770062846185239	0.19459068642914068
directional_pleiotropy	152	environment	0.5	0.0	0.7010545479189098	0.014673377287152685	0.039199299188076416	0.015701767801033405	1.5612353418618848e-71	0.3500435641402544	0.3884038941182177
directional_pleiotropy	153	environment	0.5	0.0	0.7119511853612029	0.009218412612504487	0.03702458191968707	0.014810016038318765	2.1106496630591912e-82	0.533649645560158	0.5826106091332007
directional_pleiotropy	154	environment	0.5	0.0	0.7223878087408575	-0.00024009292255969147	0.03841772148135143	0.015361867035209652	7.068749101971028e-79	0.9875302502673796	0.31604598506402504
directional_pleiotropy	155	environment	0.5	0.0	0.7653911945380799	0.01323120545900392	0.039879314043214674	0.015950264912912276	4.260310852693623e-82	0.4068051992948051	0.7540884237214703
directional_pleiotropy	156	environment	0.5	0.0	0.7705271949454819	-0.0048437280222609165	0.03988084035804203	0.01594834063666673	3.5948710367285445e-83	0.7613460923442793	0.8438017036008351
directional_pleiotropy	157	environment	0.5	0.0	0.6954026462306443	-0.02940040155211776	0.041096133048840126	0.016433851472059488	3.1309207507171654e-64	0.07361245120643597	0.4417073405988286
directional_pleiotropy	158	environment	0.5	0.0	0.7613385502629452	0.019556720470121122	0.03913469760428272	0.015640585306431528	2.679334403356854e-84	0.21115970680558188	0.8924420515954427
directional_pleiotropy	159	environment	0.5	0.0	0.7100960854193248	0.026027115513916173	0.04010166375194976	0.016018891358681116	3.676870540575506e-70	0.10421022630126427	0.5027935871205419
directional_pleiotropy	160	environment	0.5	0.0	0.7034997740095175	0.029460241516480266	0.03793720086041315	0.015172184014803441	9.152468610800443e-77	0.05217014100129177	0.4581532141142891
directional_pleiotropy	161	environment	0.5	0.0	0.7652285570738079	-0.026503236036352677	0.03990275721998989	0.01595680293249104	5.723957861366413e-82	0.09672620541029808	0.8623660729087809
directional_pleiotropy	162	environment	0.5	0.0	0.6932229773832768	0.010192939773646643	0.04045776002183389	0.01617391593213823	8.207312833880841e-66	0.5285581595306817	0.8184400177335647
directional_pleiotropy	163	environment	0.5	0.0	0.7382083153236089	0.03870623040256485	0.038287715647128025	0.01531277409109464	7.82362505170291e-83	0.011480960597795426	0.14876686646160214
directional_pleiotropy	164	environment	0.5	0.0	0.6851566191098182	0.0006602954617274132	0.040118115502398126	0.016057193767766778	2.146206733386291e-65	0.9671990560149839	0.4259958691789224
directional_pleiotropy	165	environment	0.5	0.0	0.7061897603894934	0.005694853896305831	0.03804632998616489	0.01522145175197146	6.607253361812795e-77	0.7083050510359826	0.6418239838878469
directional_pleiotropy	166	environment	0.5	0.0	0.7046455671548166	-0.0009344551126770503	0.03958451366997215	0.015816293739136924	6.936687214982615e-71	0.9528869543466334	0.24375154197739138
directional_pleiotropy	167	environment	0.5	0.0	0.6900203365487857	0.013201460548840954	0.039816124535540606	0.015913907621300672	2.7848831212088272e-67	0.40679046687329556	0.8071268319561619
directional_pleiotropy	168	environment	0.5	0.0	0.6665738728035523	0.0006074057443427119	0.04028979291527878	0.016109728342168457	1.754589062851983e-61	0.969923461686537	0.21206311821921625
directional_pleiotropy	169	environment	0.5	0.0	0.762920256197726	-0.002811967453133209	0.03954691543482786	0.015822924444336296	6.328056280929454e-83	0.8589469814007624	0.6137555363749565
directional_pleiotropy	170	environment	0.5	0.0	0.7942304137515654	0.002429273664778924	0.04052311240693632	0.016216442635943577	1.5632698741091786e-85	0.8809199495524483	0.6158877658904756
directional_pleiotropy	171	environment	0.5	0.0	0.7274238915360857	0.0345975253942087	0.03900986769103179	0.015604062588379439	1.331243126022458e-77	0.026608561666438494	0.21993240721592883
directional_pleiotropy	172	environment	0.5	0.0	0.7618088694769325	-0.0009721281034673673	0.03991234591420447	0.015954141762770383	3.235426511345753e-81	0.9514128484347683	0.2681672365306943
directional_pleiotropy	173	environment	0.5	0.0	0.7205540495879671	0.009145645558733168	0.038616783223410917	0.015467034437287416	1.0652909618185792e-77	0.5543199451797134	0.07770398345211532
directional_pleiotropy	174	environment	0.5	0.0	0.6671917194369104	-0.008836804638302817	0.039332079598407926	0.01572723530154004	1.5415285912573044e-64	0.5741984020356599	0.9993541000170472
directional_pleiotropy	175	environment	0.5	0.0	0.7306298816401137	0.009255300324398417	0.038973530307423065	0.01558880315707948	2.055062677361727e-78	0.5527030036954482	0.45446379981785384
directional_pleiotropy	176	environment	0.5	0.0	0.7421835370282769	0.007044074233309453	0.040509965903939515	0.016209885029961967	5.625781904875934e-75	0.6638860179270292	0.37790216772582613
directional_pleiotropy	177	environment	0.5	0.0	0.7057232943353724	0.009121048518665761	0.0390185073710615	0.015606426523790965	4.0429598287579075e-73	0.5589230890114213	0.955318027481862
directional_pleiotropy	178	environment	0.5	0.0	0.7064751750481226	-0.008894938082606553	0.04062348803981434	0.01626366203355222	9.68634931846786e-68	0.5844330169719694	0.9743604751362261
directional_pleiotropy	179	environment	0.5	0.0	0.6499832859864023	-0.017120203824479548	0.0392178220978523	0.015691097695020292	1.0802457859904424e-61	0.27523877734800606	0.7395837237299816
directional_pleiotropy	180	environment	0.5	0.0	0.7238227211333466	0.0017022056988896521	0.0408865727853201	0.016373543626947547	3.962226802197866e-70	0.9172005052642693	0.40088778216109944
directional_pleiotropy	181	environment	0.5	0.0	0.689649349622534	-0.011854259722262615	0.038736736844338274	0.015500916814077866	6.6391595985062735e-71	0.44442297811460935	0.9104791272244699
directional_pleiotropy	182	environment	0.5	0.0	0.6396998862462209	0.001228310663545013	0.041534247523949804	0.01660678002303087	1.5931166214210118e-53	0.9410387054623862	0.5329657380142121
directional_pleiotropy	183	environment	0.5	0.0	0.6983252287790185	-0.004443110785928079	0.039797696164720696	0.015914393490757486	6.284324492695725e-69	0.7801004029741809	0.6063670378531325
directional_pleiotropy	184	environment	0.5	0.0	0.7242597502097522	0.010082449681893467	0.039816561631127366	0.015921003165592768	6.203974916200627e-74	0.526550942802567	0.43024602989251526
directional_pleiotropy	185	environment	0.5	0.0	0.6612677585609553	-0.011846074120001897	0.040368429591642496	0.01615003673589003	2.622080861898997e-60	0.46325269072377045	0.8085052005094706
directional_pleiotropy	186	environment	0.5	0.0	0.6553542681135036	0.0007745913393792461	0.04101334513689665	0.016406586491048106	1.7885258184031717e-57	0.962344089761434	0.3892590676019245
directional_pleiotropy	187	environment	0.5	0.0	0.7330180782971807	-0.01688328310851548	0.041205293543579435	0.01650060385933427	8.536605066588898e-71	0.30621715362517465	0.8818614839728148
directional_pleiotropy	188	environment	0.5	0.0	0.7056304303129137	-0.03832687784321143	0.04028487257719952	0.01612425433381374	1.0813997974904468e-68	0.017455481259937195	0.3715017718155126
directional_pleiotropy	189	environment	0.5	0.0	0.7739403814186399	0.0062832472023960665	0.03976234492505687	0.01590976750206247	2.211178672559323e-84	0.6928944227732781	0.17048098272038012
directional_pleiotropy	190	environment	0.5	0.0	0.7425621884632999	0.007126358770557319	0.04005053919647958	0.016021512152762832	9.707961158241663e-77	0.6564647380323878	0.24002546975959083
directional_pleiotropy	191	environment	0.5	0.0	0.7303997246690529	0.005683446969739784	0.037698815461823236	0.015093262208660264	1.2642362215865654e-83	0.7065041566883936	0.6512234179774234
directional_pleiotropy	192	environment	0.5	0.0	0.7342812346502168	0.009513687279947124	0.04102128848578418	0.01639579493830995	1.1791310622145737e-71	0.5617449187195236	0.7623580044887165
directional_pleiotropy	193	environment	0.5	0.0	0.7659185393650245	-0.010863087235615361	0.03980093643869079	0.015947726630829023	1.5931529574372607e-82	0.49576494840762586	0.6817905832264539
directional_pleiotropy	194	environment	0.5	0.0	0.6889670883574613	-0.025320638709952808	0.04131355684152815	0.01652054616951745	1.941503622918422e-62	0.125355793600389	0.9179878209316438
directional_pleiotropy	195	environment	0.5	0.0	0.789761721151166	-0.025253413200989755	0.03974398465480289	0.015889469395942303	7.221668651796094e-88	0.1119887095443513	0.4676467152313205
directional_pleiotropy	196	environment	0.5	0.0	0.7716163070398906	0.01384455130803659	0.03988987126203174	0.01597333118229595	2.3049602910917264e-83	0.3860904452356608	0.8203473574544045
directional_pleiotropy	197	environment	0.5	0.0	0.67200015578401	-0.0004833701618725786	0.04002970343772136	0.016021858111526035	3.010795084270206e-63	0.9759319369624189	0.6625125661149682
directional_pleiotropy	198	environment	0.5	0.0	0.7066876097591139	-0.015277460174000994	0.037976591656167714	0.015197657488782044	2.7415917928287096e-77	0.31477600992913524	0.5644123247114585
directional_pleiotropy	199	environment	0.5	0.0	0.7566412695885263	-0.014498114345349717	0.03904436999588223	0.015626487789784566	1.1605625479498052e-83	0.3535160063156436	0.31286707911524314
directional_pleiotropy	200	environment	0.5	0.0	0.7456731619745602	-0.016085134381571622	0.04143460853254101	0.016598128745348006	2.0795803533830124e-72	0.3324986696913652	0.3844764309624699
directional_pleiotropy	201	environment	0.5	0.0	0.7274832506711318	-0.028758675826965754	0.03890045704077841	0.015565594045211038	4.844922492419762e-78	0.06466316628530713	0.9454413117120899
directional_pleiotropy	202	environment	0.5	0.0	0.6959549191509272	0.008511850327051885	0.04024540159520858	0.01610042437344023	5.331675410036697e-67	0.5970327122341338	0.6996425396466236
directional_pleiotropy	203	environment	0.5	0.0	0.6969197280475121	-0.005787171868087255	0.03987039825137301	0.015944084938538237	2.0483109196809363e-68	0.7166297611782328	0.4185375225899993
directional_pleiotropy	204	environment	0.5	0.0	0.7286341637525255	0.00029959254540484455	0.04015230489060255	0.016046833651279645	1.362062192703185e-73	0.9851044520308124	0.8129974302805488
directional_pleiotropy	205	environment	0.5	0.0	0.7874573943002409	0.010150245526725438	0.03911991703455573	0.015651480072533575	4.085486351362343e-90	0.5166508411910553	0.5942050034060388
directional_pleiotropy	206	environment	0.5	0.0	0.7037134234401993	0.0067421229282422805	0.04035702906159601	0.016140831658205648	4.306932385910668e-68	0.6761620532440946	0.890880491747134
directional_pleiotropy	207	environment	0.5	0.0	0.7042696512568664	-0.006618647074849895	0.04060370235596223	0.016242205729056772	2.1532268224169405e-67	0.683643134213847	0.29313979239699717
directional_pleiotropy	208	environment	0.5	0.0	0.7570688921174339	-0.000930822961907865	0.04137510700436656	0.0165447498775136	8.633212422376081e-75	0.9551339453978501	0.1006686058239384
directional_pleiotropy	209	environment	0.5	0.0	0.7407295054268671	-0.03284865146965858	0.04196697655783244	0.01677591343200568	1.0122654851224252e-69	0.05022013035637527	0.5642868401150708
directional_pleiotropy	210	environment	0.5	0.0	0.7175939102723395	-0.013219650956528793	0.03941225741338388	0.015761502908437947	4.51027618818481e-74	0.4016206393530616	0.41506474376298946
directional_pleiotropy	211	environment	0.5	0.0	0.7337902314338521	-0.008469769909873661	0.03999422367826538	0.01600294956476525	3.4625764836986484e-75	0.5966229834792184	0.8846150345045074
directional_pleiotropy	212	environment	0.5	0.0	0.6744425255150358	-0.004496488810446242	0.036605130652092796	0.014638598533076768	8.308404603324181e-76	0.7587165526826397	0.6375157907164609
directional_pleiotropy	213	environment	0.5	0.0	0.6639532205776753	-0.0027295627749582803	0.03790928707385795	0.01516470394107066	1.1152101951822293e-68	0.8571569134098921	0.5247173267355867
directional_pleiotropy	214	environment	0.5	0.0	0.7782080956203259	-0.009714938922304508	0.039535348900887245	0.015805718324669888	2.9655998700698174e-86	0.5387878025965984	0.6205777488506043
directional_pleiotropy	215	environment	0.5	0.0	0.7258528909690846	0.006574296643663935	0.039498621729938475	0.01579914023386239	2.020174240482503e-75	0.677324121865548	0.6643907464325232
directional_pleiotropy	216	environment	0.5	0.0	0.7438064385787956	0.02306345530025383	0.04306571883614961	0.017220181634881798	7.720881507687251e-67	0.18046422207463939	0.8651297210112845
directional_pleiotropy	217	environment	0.5	0.0	0.7236876806815328	0.008772575412738412	0.039626201564142045	0.015851686247809835	1.6350514386945909e-74	0.5799786451009519	0.6219972972684076
directional_pleiotropy	218	environment	0.5	0.0	0.7699256774579426	0.006938549963535079	0.0415824656364654	0.016608686618451707	1.5446999288726848e-76	0.6761179745473678	0.6291476896257385
directional_pleiotropy	219	environment	0.5	0.0	0.6377973610839316	-0.010693686887113188	0.041353881427736223	0.01654492234124307	1.1480487733225417e-53	0.518057553309509	0.20042281045753396
directional_pleiotropy	220	environment	0.5	0.0	0.6688487504574488	0.0027011213002550057	0.04077275007081537	0.01631328462951828	1.7814497188697822e-60	0.8684890492986465	0.4012174223311488
directional_pleiotropy	221	environment	0.5	0.0	0.7365040679502068	-0.0414855318228156	0.042029900257495895	0.016815219761570382	9.508272788765625e-69	0.013619640495581568	0.7283124579717578
directional_pleiotropy	222	environment	0.5	0.0	0.7358495654421362	-0.01700984636320061	0.0412891539706347	0.016500863930575475	4.7818835252238534e-71	0.3026131343295492	0.12016418423226172
directional_pleiotropy	223	environment	0.5	0.0	0.6815041604094524	-0.0017598340026782177	0.038627961889323104	0.015443249994605435	1.1565481652925506e-69	0.909273545375102	0.8139629859893786
directional_pleiotropy	224	environment	0.5	0.0	0.76138927506198	-0.0016395668035177524	0.040213123833634803	0.01607587827447562	6.0011250069440094e-80	0.9187652061068821	0.6460377582961334
directional_pleiotropy	225	environment	0.5	0.0	0.7762896365580888	-0.029178578653397562	0.04112597991533864	0.01644693903008411	1.8005126492136867e-79	0.0760459660487648	0.6081339779241381
directional_pleiotropy	226	environment	0.5	0.0	0.6994563338280041	0.006308005434044789	0.03953519752984008	0.015824352420792765	4.833746708799693e-70	0.6901684690990234	0.8133576057811378
directional_pleiotropy	227	environment	0.5	0.0	0.6404553216365672	-0.003933954782801031	0.04049875494806357	0.016195817920019465	2.483528245997582e-56	0.808083314718379	0.7731038017727299
directional_pleiotropy	228	environment	0.5	0.0	0.6181752698923225	0.024541637449491966	0.037353830668575096	0.014941118428529476	1.622979700582237e-61	0.10047464048540368	0.7378787322648318
directional_pleiotropy	229	environment	0.5	0.0	0.6550992811486533	0.00986336110455342	0.03987655326469872	0.015950820882819572	1.2020876448967824e-60	0.5363375836766782	0.8989517190613351
directional_pleiotropy	230	environment	0.5	0.0	0.6690318396188639	0.008392264395338606	0.037995850872630986	0.015194046099771751	2.1378009762970828e-69	0.5807161076496643	0.09158863887857227
directional_pleiotropy	231	environment	0.5	0.0	0.7491295459005997	-0.01224440098416486	0.04033548719247154	0.01614998815792946	5.3677993424620274e-77	0.4483505354490728	0.9890617621274433
directional_pleiotropy	232	environment	0.5	0.0	0.7018083298659353	0.010879864639202147	0.039121280339259976	0.01566395674197118	5.81848998764087e-72	0.4873188071345871	0.09562155133619452
directional_pleiotropy	233	environment	0.5	0.0	0.7321516765157866	-0.01149999574314404	0.04013677061989314	0.016053818598445554	2.4208825600913816e-74	0.47378130554207865	0.47335485513650866
directional_pleiotropy	234	environment	0.5	0.0	0.7155829286742561	-0.0031138411298957795	0.04100581347854862	0.016406214119271383	3.3963659792670756e-68	0.8494686410669605	0.3284469606209236
directional_pleiotropy	235	environment	0.5	0.0	0.6738847671224598	-0.002008240738442209	0.03839342657091598	0.015355864223152181	5.733386924929433e-69	0.8959493027796163	0.65578020939459
directional_pleiotropy	236	environment	0.5	0.0	0.6814864314485859	-0.002832456656196712	0.04151593669113392	0.016610123322259217	1.4924272828712235e-60	0.8645965471551273	0.5288472676129247
directional_pleiotropy	237	environment	0.5	0.0	0.7877478913299873	-0.012362865852819831	0.04137796003299796	0.016539844695305155	8.284092667262131e-81	0.4547861750950213	0.5061378830996346
directional_pleiotropy	238	environment	0.5	0.0	0.6954472625199911	-0.03035128699675111	0.038268409219068336	0.015311138442929436	8.463478865503107e-74	0.0474455479360976	0.8896834761900175
directional_pleiotropy	239	environment	0.5	0.0	0.6331506042161766	0.03253003557426634	0.03847461413687573	0.015372642149139594	7.555520895766269e-61	0.03433637251798841	0.5739373436624333
directional_pleiotropy	240	environment	0.5	0.0	0.7016362356365592	-0.0008790741530939348	0.03826730616350204	0.015305394804894477	4.3393544725629855e-75	0.9541982249140384	0.23435832095585826
directional_pleiotropy	241	environment	0.5	0.0	0.7964355355895789	-0.002898656342500372	0.04051606129802753	0.01621426454227426	5.008775945036163e-86	0.858116739497767	0.5438302204484299
directional_pleiotropy	242	environment	0.5	0.0	0.7519887426546639	-0.020031234357650016	0.040621006869018164	0.01623774073611121	1.6429602039388872e-76	0.21734378766421658	0.18782234919696872
directional_pleiotropy	243	environment	0.5	0.0	0.6833520534995946	-0.007378685469077908	0.038662363709805615	0.01546462295636796	6.549718006364565e-70	0.6332672548768836	0.244899067880857
directional_pleiotropy	244	environment	0.5	0.0	0.7475122321840949	-0.002092042890247858	0.03904403288194044	0.01561291446915225	1.0579617633314117e-81	0.8934070136096623	0.23947069565243911
directional_pleiotropy	245	environment	0.5	0.0	0.7474681967436908	-0.007518745690130385	0.03914478893147917	0.015653413178285423	2.7806793217031073e-81	0.6309954063090175	0.152272903269683
directional_pleiotropy	246	environment	0.5	0.0	0.7159353649439575	0.011349249615695799	0.03759583776512503	0.015039229581231068	7.518316668830024e-81	0.4504632043026693	0.2054384756924323
directional_pleiotropy	247	environment	0.5	0.0	0.7781064875613837	0.008499828293851612	0.040061304218533246	0.016027872511328006	4.942415036848584e-84	0.5958932420126336	0.41164183976475655
directional_pleiotropy	248	environment	0.5	0.0	0.6311253167069985	-0.0038667661179735066	0.03840259357293131	0.01535887458693858	1.0841244624341873e-60	0.8012257791458606	0.5453721319929417
directional_pleiotropy	249	environment	0.5	0.0	0.7196683082550824	0.02190205112823864	0.0395037246480552	0.015819885424214534	3.7330346021495e-74	0.16621663138309095	0.15799000220865209
directional_pleiotropy	250	environment	0.5	0.0	0.6700936057002131	0.025541591888403586	0.038264947231364685	0.015315903764932077	1.1615893285092617e-68	0.0953849025392878	0.45055952583190856
directional_pleiotropy	251	environment	0.5	0.0	0.6713070452970679	0.008723039245848576	0.03863823106815846	0.015460276448152645	1.2947471938110862e-67	0.5726025666310501	0.12734218799367486
directional_pleiotropy	252	environment	0.5	0.0	0.8083510377591615	0.019943940051167515	0.039116157588958006	0.01566229582526133	7.096685522361625e-95	0.20288581717297072	0.8688694941588838
directional_pleiotropy	253	environment	0.5	0.0	0.7924380607293356	3.044365707677288e-05	0.04117077222778454	0.016472328572550394	1.4788986620507878e-82	0.9985253748417754	0.21326373945472724
directional_pleiotropy	254	environment	0.5	0.0	0.7114533293371246	0.002905813645473632	0.03782659441099698	0.01513722121043388	6.459510103521548e-79	0.8477697779552745	0.43706672023658577
directional_pleiotropy	255	environment	0.5	0.0	0.7173113906005312	-0.006478863703950502	0.042796119171601046	0.01711323119162254	4.695995830005727e-63	0.7049938461661122	0.2617440236148689
directional_pleiotropy	256	environment	0.5	0.0	0.6842395316374904	0.025754000237968235	0.0403487218384189	0.016142737997064165	1.6754707452862617e-64	0.11062453215804391	0.3322957014694698
directional_pleiotropy	257	environment	0.5	0.0	0.6579344177332977	-0.01150177476157127	0.04013080160552183	0.0160630746260736	2.0850024670956887e-60	0.4739677725231092	0.5431901007375106
directional_pleiotropy	258	environment	0.5	0.0	0.7159526127891768	0.013590970278813046	0.040048638277865235	0.01600895250835536	1.7792197753215498e-71	0.3959032042376391	0.18218582028546063
directional_pleiotropy	259	environment	0.5	0.0	0.6990658002059064	0.013894428131756696	0.040510964477062046	0.01620873734792442	1.0049040110083945e-66	0.3913241873464859	0.7558701368097783
directional_pleiotropy	260	environment	0.5	0.0	0.6926987639472063	-0.016408373165672452	0.03903138557199037	0.015625583590172205	1.8108500693395287e-70	0.29367367339479433	0.7808674697185685
directional_pleiotropy	261	environment	0.5	0.0	0.6873068374546274	0.0025806393789417465	0.03899460264731232	0.015606074879448822	1.5644404013536813e-69	0.8686596855900431	0.4861331594662333
directional_pleiotropy	262	environment	0.5	0.0	0.7891135433900901	0.00985400165502272	0.0389945148743953	0.015604740870555628	4.669389080145549e-91	0.5277300779308074	0.9160452433267603
directional_pleiotropy	263	environment	0.5	0.0	0.6414603540295261	0.009713783314843174	0.03817088822630026	0.015272033928000727	2.244536179327328e-63	0.5247435714392931	0.8675573852471031
directional_pleiotropy	264	environment	0.5	0.0	0.7532614158100553	0.011410800279586474	0.03848793835646593	0.015393053491285556	2.7132680140533417e-85	0.45851432915990187	0.6697562323650479
directional_pleiotropy	265	environment	0.5	0.0	0.7057929610836171	-0.0015974431139601554	0.04023514042699459	0.016108467803883003	6.883100401262672e-69	0.9210049519378389	0.8153746011456046
directional_pleiotropy	266	environment	0.5	0.0	0.7559942032636088	0.04636663213969072	0.04317506691431426	0.017286428795802597	1.2025365998648752e-68	0.007312741528533965	0.30365653774094137
directional_pleiotropy	267	environment	0.5	0.0	0.7067716136467953	-0.009280873518663461	0.03763282352194464	0.015053650317298082	1.0859245292053476e-78	0.5375515065015906	0.5130487549849063
directional_pleiotropy	268	environment	0.5	0.0	0.7014306149218603	-0.01381129118426191	0.03758810264717876	0.015031664775494709	1.0283909996140921e-77	0.35819331581627567	0.5186569432403951
directional_pleiotropy	269	environment	0.5	0.0	0.6602983122423002	-0.0057773044256663715	0.03775554080356845	0.015091677618524204	1.7445478378128573e-68	0.7018577319018401	0.47907347069038153
directional_pleiotropy	270	environment	0.5	0.0	0.7561549270997606	0.022775620270758627	0.040194775649998224	0.016073268207895706	5.991762279594161e-79	0.15648657965362725	0.9923731025506779
directional_pleiotropy	271	environment	0.5	0.0	0.6871916706952672	-0.017899411862137903	0.0414255082244249	0.016586249601178975	8.424526669483966e-62	0.2805111745849864	0.11945114294184545
directional_pleiotropy	272	environment	0.5	0.0	0.766420316013261	0.02306807164269084	0.04082135375307162	0.01630249839920183	1.2098147304034742e-78	0.15706784124377263	0.6729945906138575
directional_pleiotropy	273	environment	0.5	0.0	0.6828767825210448	-0.03249984237870061	0.04010285370371926	0.01605140865900401	5.0798041597256905e-65	0.042894624469300716	0.40578718733508834
directional_pleiotropy	274	environment	0.5	0.0	0.6782196748998547	-0.0008100540221586326	0.04063410193149178	0.01623807344455504	1.5265571297816386e-62	0.9602131606569164	0.6270903523152821
directional_pleiotropy	275	environment	0.5	0.0	0.7618513413934584	-0.028246470508953507	0.040583687135522836	0.016230467245847226	1.2712561930924646e-78	0.08179999229910838	0.7135615291708381
directional_pleiotropy	276	environment	0.5	0.0	0.7647585325792262	0.004627986914103405	0.038887545503708584	0.0155578347075183	4.226120865330334e-86	0.7661078152445246	0.9247276931198103
directional_pleiotropy	277	environment	0.5	0.0	0.7693767725858748	-0.013670127129297447	0.03894780466003511	0.015566891569372939	7.403967629566609e-87	0.3798601852806702	0.9344316429724974
directional_pleiotropy	278	environment	0.5	0.0	0.7136034476859675	0.009584570026937333	0.04101715233634468	0.01641159676572296	8.590695549301893e-68	0.5592122149280966	0.2995026368972648
directional_pleiotropy	279	environment	0.5	0.0	0.7081444509530735	0.004349391118105039	0.03944880710589319	0.015792446161990326	4.715735397571079e-72	0.783001577338216	0.06881172768033536
directional_pleiotropy	280	environment	0.5	0.0	0.742648998549408	0.0011814867108664187	0.03993881303874857	0.015986750345232115	3.5489843671701256e-77	0.9410866777824342	0.5397599187647896
directional_pleiotropy	281	environment	0.5	0.0	0.8023761976037799	-0.025837545885324466	0.04278804599537389	0.01711590630979295	1.8524017062247081e-78	0.1311548639175422	0.9407044464412538
directional_pleiotropy	282	environment	0.5	0.0	0.8058741455547265	-0.015536016703684371	0.03978350867623035	0.01590180336572992	3.1140122058856684e-91	0.3285705591003211	0.6758249996806824
directional_pleiotropy	283	environment	0.5	0.0	0.7375340194447626	0.012987317258241076	0.038243925223769425	0.015288572105481764	7.179286377873246e-83	0.39561494470848363	0.574275716787528
directional_pleiotropy	284	environment	0.5	0.0	0.6825744886422781	0.024317133403450205	0.040072131553870204	0.016013146471259523	4.623213510142493e-65	0.1288699876095091	0.6174326992487863
directional_pleiotropy	285	environment	0.5	0.0	0.7300230375577236	-0.00833281380202685	0.040022751392054856	0.015992817169780536	2.475455412632125e-74	0.6023425506258386	0.3704902257107226
directional_pleiotropy	286	environment	0.5	0.0	0.7185534301970229	0.028485290805109195	0.04037973509026277	0.016156091804353935	7.740262219211557e-71	0.07787855958549587	0.7218661422512288
directional_pleiotropy	287	environment	0.5	0.0	0.7060619131391417	-0.0184232073422367	0.03993834100851664	0.015986742207661938	6.108328284251769e-70	0.24915454117669078	0.48756852467542855
directional_pleiotropy	288	environment	0.5	0.0	0.7108234858620652	0.0022279272779958926	0.041059283738060864	0.01642351049011644	3.810816416347311e-67	0.8920942179224605	0.8546564037236293
directional_pleiotropy	289	environment	0.5	0.0	0.7043628846420241	0.018175151676499864	0.03976527845368331	0.015902967828948143	3.3277382010269536e-70	0.2530892581128107	0.7981819892522559
directional_pleiotropy	290	environment	0.5	0.0	0.7537749274656628	0.014471938369793127	0.0399126312617821	0.015979201622997295	1.4975911433230796e-79	0.365108728975596	0.9160436158151108
directional_pleiotropy	291	environment	0.5	0.0	0.735949801411009	-0.03238998553757877	0.03948380291963223	0.015808281246347648	1.5429318394110529e-77	0.04046943145817882	0.5500115614492002
directional_pleiotropy	292	environment	0.5	0.0	0.6593039298192891	0.013345696818182888	0.03841077063890837	0.01537081647238062	4.891864045612682e-66	0.38525800692473505	0.6275066811445494
directional_pleiotropy	293	environment	0.5	0.0	0.7029966411731271	0.006716582267690829	0.038108438215384	0.015234236739297633	5.484690291728964e-76	0.6592945519601234	0.41043210670546865
directional_pleiotropy	294	environment	0.5	0.0	0.7069073871737588	0.005067928661516053	0.038377441562500135	0.01534717251771753	9.102610861698394e-76	0.7412344569473235	0.9129101763508648
directional_pleiotropy	295	environment	0.5	0.0	0.746732107860648	-0.009163097774075467	0.03853880300377183	0.01541833748785002	1.2278371085359164e-83	0.552312354534568	0.25421212863090864
directional_pleiotropy	296	environment	0.5	0.0	0.7536696804288369	0.015858493348778143	0.04163769990990286	0.016658878516219555	3.1489535405503673e-73	0.34112008886769896	0.19746786582581588
directional_pleiotropy	297	environment	0.5	0.0	0.6945408880871377	0.012704562475631016	0.04019916000394393	0.016087410409475294	6.949863156875405e-67	0.42969084640687877	0.036426241286186864
directional_pleiotropy	298	environment	0.5	0.0	0.7620170302699647	-0.002296352175879767	0.038987160557746835	0.01558614376616196	4.520334595628071e-85	0.8828692443668169	0.1512960255214845
directional_pleiotropy	299	environment	0.5	0.0	0.7275578831358391	0.0012165744120921022	0.03984795389772349	0.015940717954343427	1.775773052810006e-74	0.9391655717030014	0.48477711799718176
directional_pleiotropy	300	environment	0.5	0.0	0.6504107703656611	0.007838786676393227	0.039547814162523134	0.01581470668416386	8.931630377421871e-61	0.6201312269788162	0.3297101010426916
directional_pleiotropy	301	environment	0.5	0.0	0.7978164612692196	0.00242689230848748	0.03957238740373896	0.015833484216885334	2.157516831591022e-90	0.878180667000434	0.6534090113377286
directional_pleiotropy	302	environment	0.5	0.0	0.6967492825928694	-0.04244656485140864	0.040327845721803306	0.01613135640853522	6.994736436135274e-67	0.008505694846206521	0.6091223693183172
directional_pleiotropy	303	environment	0.5	0.0	0.6584935124537457	0.010557505820850367	0.039148304051459776	0.01566551635690821	1.7273497307618452e-63	0.5003540168613407	0.41181727731579876
directional_pleiotropy	304	environment	0.5	0.0	0.7186059475696223	-0.02892796433852128	0.03896662822165401	0.015592047770745819	6.094143093342868e-76	0.06355304938952078	0.5144143321091008
directional_pleiotropy	305	environment	0.5	0.0	0.7154004140039547	0.0027840804182207948	0.03845450116856763	0.015376819160734526	2.992367183295345e-77	0.8563228525039839	0.43702930277875146
directional_pleiotropy	306	environment	0.5	0.0	0.7668232238203754	-0.0009352531976960694	0.039373061142638076	0.015758401528538638	1.760323218302728e-84	0.9526737379903337	0.1834427151353231
directional_pleiotropy	307	environment	0.5	0.0	0.7421954528314189	-0.00431726742034126	0.041158096749089705	0.01644952858873142	1.0771015733394608e-72	0.7929703747338992	0.8003941067530416
directional_pleiotropy	308	environment	0.5	0.0	0.6837805126036678	-0.007233576151321691	0.042052153358503326	0.016817995650802484	1.8881976245683598e-59	0.6671161432871846	0.06860165778547057
directional_pleiotropy	309	environment	0.5	0.0	0.6478756492972028	0.0010565201575169077	0.04134545240100415	0.016549048017296897	2.4328101098393056e-55	0.9490962357350298	0.6970388270368613
directional_pleiotropy	310	environment	0.5	0.0	0.7481292113102624	-0.0006837071000289008	0.03857759188513532	0.015422158757839134	8.86948404564508e-84	0.9646391463762571	0.357116595461021
directional_pleiotropy	311	environment	0.5	0.0	0.7114729340957512	-0.029074659916579825	0.03927243891633616	0.01570750009085338	2.36826705895639e-73	0.06416884559782624	0.9323802297755222
directional_pleiotropy	312	environment	0.5	0.0	0.699195477828183	0.0015061989458537964	0.041358042979157676	0.016542113135688763	4.0697219158742857e-64	0.9274509622627259	0.9887039091076583
directional_pleiotropy	313	environment	0.5	0.0	0.6629017944212986	0.01695193598054016	0.038418431099916384	0.015374756653804254	1.0300320896943102e-66	0.2702085599108757	0.8422363994824709
directional_pleiotropy	314	environment	0.5	0.0	0.7136616373871179	0.005713157935741776	0.03902742677285917	0.015613383602002122	1.0667655428158507e-74	0.7144291399147114	0.22136815095529006
directional_pleiotropy	315	environment	0.5	0.0	0.6633616970634749	0.007190773305474782	0.040406784182946874	0.016161329014422385	1.4433112202490724e-60	0.6563652803319956	0.38560133896414156
directional_pleiotropy	316	environment	0.5	0.0	0.6487670839326125	-0.000329038890020322	0.041678389769431765	0.016644783017923444	1.2385922446706148e-54	0.9842282142199129	0.4465268574115114
directional_pleiotropy	317	environment	0.5	0.0	0.6905360735549937	-0.01587171831908842	0.041354940416613535	0.016536056066828304	1.3601195410557791e-62	0.3371433494565431	0.728869728427889
directional_pleiotropy	318	environment	0.5	0.0	0.7513950828685176	0.01316845936412963	0.04159432590825943	0.016650797068305453	6.029022559220835e-73	0.4290253421489213	0.9603222140094354
directional_pleiotropy	319	environment	0.5	0.0	0.6888134594452785	0.014088038714985712	0.03952002093719159	0.015805651999451328	4.929119694818582e-68	0.37275260278814903	0.703277267040889
directional_pleiotropy	320	environment	0.5	0.0	0.7467241360385456	0.021470340185401147	0.03985282900628063	0.01594992171715948	2.4698100165276586e-78	0.1782672247908879	0.6466192200728873
directional_pleiotropy	321	environment	0.5	0.0	0.6755412480490561	0.03704563780182994	0.040183354794501976	0.0160723060024727	2.0112278144526969e-63	0.021170154225061088	0.7371192033244811
directional_pleiotropy	322	environment	0.5	0.0	0.6645946010688808	-0.0020127409914811145	0.037924318001054336	0.015165172985236201	9.359451121756668e-69	0.894413822054779	0.33563717544836846
directional_pleiotropy	323	environment	0.5	0.0	0.7123469954133825	0.013404733912239184	0.04185110820751924	0.016734306392426818	5.739899465812123e-65	0.42311246358339405	0.3312611379588663
directional_pleiotropy	324	environment	0.5	0.0	0.6705997412758516	-0.0005389552850946689	0.038603546938412045	0.015449519724911716	1.3574217517333255e-67	0.9721715040777769	0.2445540115503923
directional_pleiotropy	325	environment	0.5	0.0	0.6664870831652203	0.0034054577760741643	0.0386024544312225	0.015437787355074275	8.569764666023007e-67	0.8254098589313914	0.282310243743825
directional_pleiotropy	326	environment	0.5	0.0	0.6954271193604643	-0.010939870943377158	0.0375791780023117	0.015022748294591106	1.8592211531780853e-76	0.46647871375555544	0.8568515177152475
directional_pleiotropy	327	environment	0.5	0.0	0.7276787089601867	-0.006866272599114241	0.04132656997261399	0.016543826884943158	2.1382681861662176e-69	0.6781160421999188	0.07269029170966612
directional_pleiotropy	328	environment	0.5	0.0	0.7805671962215998	0.015831551612527715	0.041313045003661175	0.01653267915438997	1.2787251789252485e-79	0.33826883026276533	0.0753965353679638
directional_pleiotropy	329	environment	0.5	0.0	0.7377132038784148	0.00014319009156689595	0.037658624573389164	0.015067390996105887	1.9008930466468584e-85	0.9924175695926163	0.6638382719611119
directional_pleiotropy	330	environment	0.5	0.0	0.689364076499967	0.0019115985008480248	0.040393510528727465	0.01616129694402574	2.6485093846713294e-65	0.9058438281746447	0.46615747953670916
directional_pleiotropy	331	environment	0.5	0.0	0.7563632003360177	0.025075134425949053	0.039311096783948576	0.015742290434098465	1.6972784022044268e-82	0.11119345888853463	0.38541370257672264
directional_pleiotropy	332	environment	0.5	0.0	0.6825464060412463	-0.03379960389177294	0.04085903073661971	0.016355284306335774	1.2071123079688734e-62	0.03877316775664986	0.6234388630936522
directional_pleiotropy	333	environment	0.5	0.0	0.7227011396450791	-0.0028022181322492805	0.04160895054913229	0.01663975909157902	1.419539392657538e-67	0.8662646983737327	0.8706790185087201
directional_pleiotropy	334	environment	0.5	0.0	0.729177797196859	-0.0035768686546425186	0.03920024305322587	0.015681398065755466	3.1326421540863453e-77	0.819571387512398	0.7648026606185692
directional_pleiotropy	335	environment	0.5	0.0	0.7205489720077635	0.015705049338673154	0.039291622990889834	0.015696572061182433	4.0798435181725613e-75	0.3170492152626741	0.5130128880683141
directional_pleiotropy	336	environment	0.5	0.0	0.6816379994770843	0.01656875756721157	0.04016532725338851	0.016073924563263106	1.3506416212542558e-64	0.3026417345881959	0.8329631478174554
directional_pleiotropy	337	environment	0.5	0.0	0.7539858139210234	0.003670796392681465	0.04000894265990339	0.016005242785864314	3.203384770030444e-79	0.8185971878977185	0.07095609079683833
directional_pleiotropy	338	environment	0.5	0.0	0.7513592039971211	0.0106883946515774	0.03840302215466437	0.015373668147377608	3.067642926455697e-85	0.4869046799928093	0.11623530382269251
directional_pleiotropy	339	environment	0.5	0.0	0.7304456608908378	-0.004473700562669001	0.039597299441118526	0.015845980202392532	5.5268912606578416e-76	0.7776950821155049	0.7290687481640238
directional_pleiotropy	340	environment	0.5	0.0	0.7111559411586676	0.00011170210217249291	0.042200399644621765	0.016889421577767485	1.0163711859312304e-63	0.9947230440911775	0.5483870308880163
directional_pleiotropy	341	environment	0.5	0.0	0.7799464278335876	-0.0009271797961781997	0.042397083134283274	0.016986679050587126	1.4083243554911419e-75	0.9564708751981641	0.5578671690777682
directional_pleiotropy	342	environment	0.5	0.0	0.6853959932722471	-0.0019964077586095983	0.03849907581976288	0.015395087891834058	6.70775713300148e-71	0.8968210065335532	0.6202584236029782
directional_pleiotropy	343	environment	0.5	0.0	0.7064698043702745	0.0060525364241900935	0.03847190189880056	0.015392949622665826	2.585730504020772e-75	0.694170395970541	0.41584763613260267
directional_pleiotropy	344	environment	0.5	0.0	0.7535879368287166	0.007493539429490217	0.040784387670802044	0.01632969883139001	3.1416535686567616e-76	0.6463129872701094	0.667398974762784
directional_pleiotropy	345	environment	0.5	0.0	0.6353076469932041	0.003704092525325971	0.040832344167598754	0.016331145364034037	1.383898676888276e-54	0.8205702758554242	0.4360786488955712
directional_pleiotropy	346	environment	0.5	0.0	0.6890339272346953	0.0015056571802596285	0.0384770881914137	0.015390251046184357	1.0279887041493385e-71	0.9220657929065663	0.5030324100111353
directional_pleiotropy	347	environment	0.5	0.0	0.7645845665137379	0.003662615001700175	0.03858854162798772	0.015442506728216948	2.2646549385259317e-87	0.8125190976894606	0.19548948976571023
directional_pleiotropy	348	environment	0.5	0.0	0.738120202914685	0.0010554641871316462	0.04042477952284066	0.01618880502183354	1.7514568227495682e-74	0.9480170185780983	0.8608816541990642
directional_pleiotropy	349	environment	0.5	0.0	0.6928599224944794	0.008771914410812248	0.03793145700670641	0.015165976706591021	1.540664011179192e-74	0.5629979445028241	0.724482889824094
directional_pleiotropy	350	environment	0.5	0.0	0.6998180525909647	-0.013113893543193556	0.040909921375473085	0.01636949287459753	1.3315924801606678e-65	0.42306340198069803	0.7358664927498139
directional_pleiotropy	351	environment	0.5	0.0	0.6321777229209137	0.006276109162339289	0.03901334900277633	0.015614920635949478	4.714449741541633e-59	0.6877353497183831	0.9417080893959031
directional_pleiotropy	352	environment	0.5	0.0	0.616024845320576	-0.009575655807733556	0.04158962958534667	0.016643806684573076	1.2257207049192875e-49	0.5650691715576285	0.6315432658009605
directional_pleiotropy	353	environment	0.5	0.0	0.759956287531316	-0.020358490267580777	0.04023917800484136	0.0160873849258162	1.487530959980206e-79	0.20569427185747452	0.5815432201690861
directional_pleiotropy	354	environment	0.5	0.0	0.7009840258425365	0.01820196013857315	0.03750735956774883	0.015002959640671562	6.057024847828459e-78	0.22504395034678648	0.2878712532113305
directional_pleiotropy	355	environment	0.5	0.0	0.7003727812762169	-0.02770794806847346	0.036751327419076676	0.014701727634016708	5.739576616931959e-81	0.05947400951888512	0.3238910157265325
directional_pleiotropy	356	environment	0.5	0.0	0.7770124929345622	0.012152740499892302	0.039580632179284654	0.015837182344720195	8.383123982316687e-86	0.44287049688186253	0.8906884623007718
directional_pleiotropy	357	environment	0.5	0.0	0.7635116248906029	-0.0142793488057785	0.04079555060055067	0.016338975068084988	3.6970669870009656e-78	0.38214876532950015	0.1463628269062559
directional_pleiotropy	358	environment	0.5	0.0	0.7007327444975465	-0.025310170524578773	0.03881013053314209	0.01554452862195344	7.153132284898183e-73	0.10347472565641003	0.5625819461407757
directional_pleiotropy	359	environment	0.5	0.0	0.6933745392533385	-0.03070806935359387	0.038579537554751644	0.0154366221902718	3.193974850655999e-72	0.046668122339428644	0.9586921750488151
directional_pleiotropy	360	environment	0.5	0.0	0.6878752448773929	-0.01911073256135016	0.039130239358169325	0.015649951572097965	3.5604814592721274e-69	0.22203420953425568	0.7883563547440613
directional_pleiotropy	361	environment	0.5	0.0	0.6537057084875915	-0.00411247141270769	0.038884847239847545	0.015570127974676076	2.0162245583869368e-63	0.7916830382426148	0.6735426118974763
directional_pleiotropy	362	environment	0.5	0.0	0.7308522909592765	-0.00673650682963974	0.03972413219643681	0.015896996615792476	1.3581642516398338e-75	0.6717410570327065	0.9393600014636322
directional_pleiotropy	363	environment	0.5	0.0	0.6918465754412825	0.019324987015827955	0.04067388053703173	0.016269325537083747	6.970808900351081e-65	0.234905380506431	0.6495157017412617
directional_pleiotropy	364	environment	0.5	0.0	0.6808063918259184	0.0050878422455487415	0.03869331340406893	0.015473697568771946	2.693575308450078e-69	0.7423024428361289	0.894434085918175
directional_pleiotropy	365	environment	0.5	0.0	0.7222267845223769	-0.004440024081457616	0.038613450460027406	0.01544543979158762	4.590872604931415e-78	0.7737562611562936	0.7308410070196345
directional_pleiotropy	366	environment	0.5	0.0	0.7447637486529087	-0.01356778881862061	0.038402104630022235	0.015363267087145265	8.70162818802409e-84	0.37716509605454995	0.9956704826769243
directional_pleiotropy	367	environment	0.5	0.0	0.6781566355088032	0.0003987733382646427	0.03822434088113385	0.015280776735868631	2.0055773458122874e-70	0.9791804444897622	0.20429602771626573
directional_pleiotropy	368	environment	0.5	0.0	0.7408709472163136	0.021788368503952583	0.03980658626914822	0.015934632208955406	2.5796326238413894e-77	0.17151269398816257	0.7600988072213793
directional_pleiotropy	369	environment	0.5	0.0	0.6423349597790146	-0.005569373563570955	0.039831115148137364	0.015937880276271212	1.662774039965318e-58	0.7267570921038633	0.9142453828909622
directional_pleiotropy	370	environment	0.5	0.0	0.7334714015221445	0.016950731119671106	0.04136500616700586	0.016548956244197575	2.387552487988732e-70	0.3057040056394117	0.6764420271109923
directional_pleiotropy	371	environment	0.5	0.0	0.6707991511789062	-0.015781611771291792	0.038963333723856776	0.015592435886196273	2.0086750228011027e-66	0.3114746847252466	0.9883068065091972
directional_pleiotropy	372	environment	0.5	0.0	0.6392855312797031	-0.016911514775897557	0.041000024745353976	0.016396115860473646	8.209625805708909e-55	0.30233724615210156	0.9626753072273438
directional_pleiotropy	373	environment	0.5	0.0	0.6704561688388321	0.004822010445095449	0.04041750286228827	0.016164438431573187	8.473570999165065e-62	0.7654667229613737	0.1861367965210881
directional_pleiotropy	374	environment	0.5	0.0	0.6814589802496265	0.0038575097580380332	0.03856195777903916	0.015417832266530854	6.916183117857155e-70	0.8024342839819648	0.5166487836608429
directional_pleiotropy	375	environment	0.5	0.0	0.7003894727549499	-0.0069517547208668325	0.038640993493761135	0.015451758079258285	2.0030984806462037e-73	0.6527821387411427	0.2909953412659405
directional_pleiotropy	376	environment	0.5	0.0	0.6600866206384964	-0.012068201598425114	0.03956954836571729	0.015836018313785786	1.781320764012348e-62	0.44601645091077813	0.07844629221652547
directional_pleiotropy	377	environment	0.5	0.0	0.7082113492242442	0.009159608699842205	0.038279522341636445	0.015329106958046772	2.0249112759453007e-76	0.5501532607125692	0.7580004072243397
directional_pleiotropy	378	environment	0.5	0.0	0.7580339917850967	-0.003083497454591817	0.03892478012538135	0.015565603555251701	1.812824237672504e-84	0.8429692681262438	0.4342769864256187
directional_pleiotropy	379	environment	0.5	0.0	0.7166430097715255	0.01204206906128773	0.03955580146526327	0.015813259991017375	2.3287987584909204e-73	0.44634822493152254	0.9539797148169136
directional_pleiotropy	380	environment	0.5	0.0	0.7585918255888928	0.015540361619188047	0.04114135979239959	0.016458994653736687	6.43073489322908e-76	0.34507431964050395	0.49385526155409865
directional_pleiotropy	381	environment	0.5	0.0	0.7064506544643402	0.029018683931379123	0.04049964163174777	0.016215606125714294	3.8652066209070585e-68	0.07352582633824935	0.13681134990945873
directional_pleiotropy	382	environment	0.5	0.0	0.7620796779017602	0.008423503100024382	0.0401171496375976	0.01606548743422689	1.828024318761444e-80	0.6000539658296433	0.12127390133086663
directional_pleiotropy	383	environment	0.5	0.0	0.6639829742340839	0.006260490079808133	0.03961413428138811	0.015856116691069524	4.685536223266495e-63	0.6929674442296991	0.817664579067256
directional_pleiotropy	384	environment	0.5	0.0	0.7393614199987647	0.0014827150216862412	0.039474715960561325	0.01579152951497363	2.819173133123639e-78	0.9251941071311023	0.854145826597623
directional_pleiotropy	385	environment	0.5	0.0	0.694833398082003	0.0038428511126077244	0.040097973038252514	0.016036472946328553	2.8724767878297558e-67	0.8106156020403192	0.9277172160389129
directional_pleiotropy	386	environment	0.5	0.0	0.6616650573166799	-0.006066871149317783	0.04098605613194061	0.01639459640161577	1.258469313895983e-58	0.7113429294441007	0.8114889139661583
directional_pleiotropy	387	environment	0.5	0.0	0.7488854921447082	0.0022109110778235665	0.03940147474904994	0.01576364235015228	1.5057719317728776e-80	0.8884594488301467	0.7663974262770851
directional_pleiotropy	388	environment	0.5	0.0	0.7283902521271745	-0.020200740920506326	0.040337163392881084	0.016147251337660904	6.881237917043886e-73	0.21092251387872815	0.8155902245072296
directional_pleiotropy	389	environment	0.5	0.0	0.6452643932370422	0.004652353140961962	0.038727652596970696	0.015496148811519787	2.4929427039908354e-62	0.7640044607465828	0.6063822932735332
directional_pleiotropy	390	environment	0.5	0.0	0.7031589598143563	-0.007299799797262532	0.03905228424916116	0.01561266887627288	1.7615051284725805e-72	0.6401020087296136	0.34614455643527825
directional_pleiotropy	391	environment	0.5	0.0	0.7021173713148258	-0.005279759033385115	0.038265784789869736	0.015306388391072514	3.3974091785921722e-75	0.7301407837846798	0.8293197364418975
directional_pleiotropy	392	environment	0.5	0.0	0.7388022092174472	8.990915845477707e-05	0.0406672437649163	0.016264258130580776	9.419400257095302e-74	0.9955892999568604	0.6497331083941087
directional_pleiotropy	393	environment	0.5	0.0	0.7026335031024409	0.026320340528543373	0.03998658570743421	0.01600777205675548	4.0560979537337157e-69	0.10013023111356217	0.011372090936539377
directional_pleiotropy	394	environment	0.5	0.0	0.6799499928086391	0.008185398562603393	0.03928048015029915	0.01571092690827418	3.945624572176903e-67	0.6023665211412886	0.07268847610924713
directional_pleiotropy	395	environment	0.5	0.0	0.6681138479975355	0.015704012573496903	0.03891410250843768	0.015564335650922472	4.5363713524803896e-66	0.31298702425936936	0.9986768995221246
directional_pleiotropy	396	environment	0.5	0.0	0.7623512969649009	-0.034214553217468274	0.040111019887266924	0.016054288320612557	1.5202861777889834e-80	0.03307444408633239	0.6604077217682787
directional_pleiotropy	397	environment	0.5	0.0	0.686024646163316	0.014125835870200868	0.0415250113914733	0.016604215437541883	2.6011027789571595e-61	0.394914948163265	0.5291376308350294
directional_pleiotropy	398	environment	0.5	0.0	0.7209527367644257	0.009977255771032378	0.037783717225806625	0.015123980367851106	3.629427819914717e-81	0.5094478129227504	0.3437355897847869
directional_pleiotropy	399	environment	0.5	0.0	0.7726526215584323	-0.00553877626061027	0.0406315871257686	0.01627068502007405	1.2557749713529484e-80	0.7335444397360622	0.3848456978863115
directional_pleiotropy	400	environment	0.5	0.0	0.6637898899986749	0.0014850847660917224	0.03981590659953393	0.015939304500821882	2.1131514255303274e-62	0.9257675220844911	0.4491930760254688
directional_pleiotropy	401	environment	0.5	0.0	0.7892957975489111	-0.002365734644394684	0.03903260527619321	0.015614517129336487	6.339488514779914e-91	0.8795744760854554	0.9245648511999338
directional_pleiotropy	402	environment	0.5	0.0	0.7760608995077053	0.03048239385814239	0.03924880115042054	0.01569704305632601	5.100505796910852e-87	0.052146847464933	0.9925958887072734
directional_pleiotropy	403	environment	0.5	0.0	0.7192268994674004	0.004107989941996802	0.0405052348319807	0.016219347415796222	1.538045865926086e-70	0.80005405919387	0.9889707961561708
directional_pleiotropy	404	environment	0.5	0.0	0.7615060285115334	-0.015017341894658623	0.04296802892221269	0.017181254465167176	2.805391405428683e-70	0.3820889195373311	0.4370252644753605
directional_pleiotropy	405	environment	0.5	0.0	0.7202473825934442	0.008476686590278594	0.03857433953940301	0.01542148382751198	8.417716988518137e-78	0.582547535341771	0.013493771339755576
directional_pleiotropy	406	environment	0.5	0.0	0.7083432008158589	-0.024750140706337874	0.040387695323642274	0.016157708819624368	7.271003750916758e-69	0.12557542695281082	0.20695464945704078
directional_pleiotropy	407	environment	0.5	0.0	0.6823228094312785	0.02311455183248491	0.03869913076997507	0.015463084212743842	1.4123057355637744e-69	0.1349610151593385	0.1832422320475258
directional_pleiotropy	408	environment	0.5	0.0	0.7492216308768714	0.024420404060144816	0.03928404404832619	0.01571999297031313	4.322516324724486e-81	0.12031291713508128	0.10487321764429756
directional_pleiotropy	409	environment	0.5	0.0	0.7102670998111701	0.02578558312967579	0.03955645372751287	0.015835401570748003	4.3243999488903127e-72	0.10345059969821412	0.008271883912214319
directional_pleiotropy	410	environment	0.5	0.0	0.7531622391848795	0.006683020790805882	0.04005787506644345	0.016035081139510066	7.292503508478788e-79	0.676842997024474	0.18486107564365645
directional_pleiotropy	411	environment	0.5	0.0	0.6925024699067447	0.01710759926171922	0.037254352251752706	0.014896505302071646	3.981691063144405e-77	0.250790937732956	0.7782359935368963
directional_pleiotropy	412	environment	0.5	0.0	0.7822287957595863	0.00397253373760244	0.04118697983809803	0.016476945040615705	1.9809744673106283e-80	0.8094803273701664	0.8879248956127769
directional_pleiotropy	413	environment	0.5	0.0	0.7185201498187518	0.02541916083396189	0.03948049062926298	0.015821840811786815	5.220246414643324e-74	0.10814503679548074	0.06347298900962431
directional_pleiotropy	414	environment	0.5	0.0	0.727720868234358	0.004470843017514048	0.04002183082774883	0.01603913791790428	7.0250780348815815e-74	0.7804398787499366	0.3997240357855901
directional_pleiotropy	415	environment	0.5	0.0	0.7039062606604469	0.007956667067174766	0.0413260526706579	0.016523956534817474	4.6752755118920825e-65	0.6301447534911722	0.006506338364607213
directional_pleiotropy	416	environment	0.5	0.0	0.7290584279425407	0.0016114890954616737	0.03961013615208429	0.015836749512380788	1.1790862929860383e-75	0.9189501100206316	0.8477847163197263
directional_pleiotropy	417	environment	0.5	0.0	0.7569543643056142	0.012013903474268197	0.039915835159397256	0.01597329443284214	3.399424102197152e-80	0.4519762900311475	0.8014475197447939
directional_pleiotropy	418	environment	0.5	0.0	0.7109461510451219	-0.006040769813212886	0.038127277507583324	0.015271438699931479	1.3443169163200888e-77	0.6924296736979534	0.04815443378600189
directional_pleiotropy	419	environment	0.5	0.0	0.7843403468951047	-0.007603377417556918	0.04107382918546938	0.01646110915093389	2.7328699928574976e-81	0.6441534217236629	0.5017850760796336
directional_pleiotropy	420	environment	0.5	0.0	0.7284642712050605	0.016124430035709108	0.04141328871838267	0.016572444691262227	2.9331182230543294e-69	0.330570056154459	0.45167452014875803
directional_pleiotropy	421	environment	0.5	0.0	0.7381839129586674	-0.027704405095705546	0.04073746594042427	0.016297480940831627	2.1952560117323527e-73	0.08914607487832307	0.7098797450262024
directional_pleiotropy	422	environment	0.5	0.0	0.74504183826506	-0.004802160122506597	0.040643409516382185	0.01625930823003176	4.666318369053395e-75	0.7677277725203855	0.5896973928625207
directional_pleiotropy	423	environment	0.5	0.0	0.7040640785548651	0.004069350031237852	0.03796532824222536	0.015185327499021467	8.962941156251549e-77	0.7887154248401689	0.6550162596755749
directional_pleiotropy	424	environment	0.5	0.0	0.7141344987666006	-0.0028820117725978484	0.03815495055877019	0.015259449050085198	3.619355041621765e-78	0.8501967804215738	0.8489980608026543
directional_pleiotropy	425	environment	0.5	0.0	0.7163778335268857	0.04170768976743671	0.039420598444472384	0.015776147233359294	8.494950540345436e-74	0.008200085997869455	0.19252907737720082
directional_pleiotropy	426	environment	0.5	0.0	0.6749843314188766	-0.0054193179941914036	0.03815688585293775	0.015249898427332252	5.033177592115685e-70	0.7223143072225182	0.4241687779465993
directional_pleiotropy	427	environment	0.5	0.0	0.6702372147018867	0.011272994488066368	0.03924856541957555	0.01571049926173939	2.211658530546201e-65	0.4730377117897596	0.2757775348432573
directional_pleiotropy	428	environment	0.5	0.0	0.722535052723924	-0.024742633511936236	0.040421902186810216	0.016162589191882265	1.8520435617265417e-71	0.12580442180200108	0.5937811409240555
directional_pleiotropy	429	environment	0.5	0.0	0.7112493498670485	0.0011917926830284481	0.04095883039618324	0.016386288436837995	1.5194770385069386e-67	0.942020104709077	0.9743472358930717
directional_pleiotropy	430	environment	0.5	0.0	0.7119855524618258	-0.003835246779208454	0.03865703810521871	0.015460334086351687	9.421095956558219e-76	0.8040801615745378	0.03774605693204297
directional_pleiotropy	431	environment	0.5	0.0	0.7039790240154529	0.004675959213210535	0.03850238773776222	0.01538066673906751	1.109080198202476e-74	0.7611161753500432	0.6089697457171844
directional_pleiotropy	432	environment	0.5	0.0	0.6999235053803955	-0.011381125150429995	0.039431523476374054	0.0157686714094437	1.7127064969181145e-70	0.4704448196490232	0.2740135635712926
directional_pleiotropy	433	environment	0.5	0.0	0.6910086321015835	0.007648393503498538	0.04024413222448666	0.016077068470857853	4.422125507434501e-66	0.6342645417326441	0.31932630388290495
directional_pleiotropy	434	environment	0.5	0.0	0.708789778184786	0.002744484772190137	0.03900179856800343	0.015609590501808185	8.40546207081131e-74	0.8604350259862177	0.2679071213954989
directional_pleiotropy	435	environment	0.5	0.0	0.6997838883112287	-0.0237906600884728	0.039053943704759495	0.015617339962299425	8.474178594650696e-72	0.1276714001727784	0.9955125985054852
directional_pleiotropy	436	environment	0.5	0.0	0.7239979882400065	0.01668011781764778	0.03813097779143595	0.015248010873880129	2.179006823932745e-80	0.27398967038797195	0.6733633060720188
directional_pleiotropy	437	environment	0.5	0.0	0.6993005160476169	0.0017629415822540645	0.040839887531643485	0.016345060895826966	1.0002399943329186e-65	0.9141085277674235	0.8013725770639949
directional_pleiotropy	438	environment	0.5	0.0	0.6874489690213434	0.01748505078376308	0.03785759638450201	0.015144086784823513	1.0936612028717683e-73	0.2482627024427509	0.09686014546326265
directional_pleiotropy	439	environment	0.5	0.0	0.7808326565689965	-0.026841225133124747	0.04102817502549077	0.01642096214629822	9.332173869234559e-81	0.10213905432027251	0.7781136480170739
directional_pleiotropy	440	environment	0.5	0.0	0.681662538233007	0.006422520027087528	0.03977374055080435	0.015915089873141497	7.659193488800905e-66	0.6865443295293983	0.3037613212242139
directional_pleiotropy	441	environment	0.5	0.0	0.6975178036236316	0.027546682422139163	0.040793263924501846	0.016323675871262436	1.5136775657374316e-65	0.09150160784592497	0.5539872061316198
directional_pleiotropy	442	environment	0.5	0.0	0.6681809518942908	0.0024082354613426562	0.039809039464418675	0.015916577099643146	3.1606623386150717e-63	0.879736227283863	0.48570609902275785
directional_pleiotropy	443	environment	0.5	0.0	0.6596099550659156	-0.006515980837274907	0.03870425308672621	0.015471722778214313	3.986558088072034e-65	0.673642494928438	0.47781582936284206
directional_pleiotropy	444	environment	0.5	0.0	0.7203664626214846	0.0006062706171088482	0.04007538475460336	0.016026846063516568	3.042960122902615e-72	0.969824467142472	0.935172153524112
directional_pleiotropy	445	environment	0.5	0.0	0.7338819956157056	-0.004603863635006783	0.038612837001343984	0.015452702997783037	1.5163821890097186e-80	0.7657546230677181	0.4716189405831718
directional_pleiotropy	446	environment	0.5	0.0	0.7520656272695356	-0.025211943132721543	0.03814890946116762	0.015251862778387538	1.6368366509264997e-86	0.09832267123232936	0.7575357731645935
directional_pleiotropy	447	environment	0.5	0.0	0.7764143464474749	0.007070727334336906	0.0381325655824359	0.015246783012281974	3.7149593375560685e-92	0.642825379499519	0.7682494396930082
directional_pleiotropy	448	environment	0.5	0.0	0.6776125576540248	-0.012845039268823725	0.03640553963807437	0.014560385542885594	2.5258400564201668e-77	0.37767359543373125	0.7336086462536693
directional_pleiotropy	449	environment	0.5	0.0	0.777543157078593	0.023905959404410204	0.042797959094585766	0.017111274603481764	9.291056516813977e-74	0.1623870573594003	0.6755459470231966
directional_pleiotropy	450	environment	0.5	0.0	0.6991737452316621	-0.007524015179344293	0.03944222722257866	0.015786472809308404	2.617050619750823e-70	0.6336387615707291	0.662364962181096
directional_pleiotropy	451	environment	0.5	0.0	0.7372254941908624	-0.014826106295875503	0.04103666719684811	0.016420678632213293	3.6599380791116595e-72	0.36658299309393066	0.9311922435411576
directional_pleiotropy	452	environment	0.5	0.0	0.6972351603901173	0.005638424992757273	0.03755844043792626	0.01501654005997451	6.283786427397163e-77	0.7073027983690561	0.861774004430345
directional_pleiotropy	453	environment	0.5	0.0	0.655949499999847	0.007909867696146686	0.038516090210548165	0.015405396920899947	4.875907825791666e-65	0.6076380918412312	0.41527158395396074
directional_pleiotropy	454	environment	0.5	0.0	0.6969912295634602	0.03134130461462389	0.04059478261911768	0.016246276795262547	4.494431256850068e-66	0.05371377317684631	0.1622039433513447
directional_pleiotropy	455	environment	0.5	0.0	0.6565056326019926	0.003767418042789267	0.041468036943759105	0.016596324921897006	1.8835091967602998e-56	0.8204212924283671	0.4039820599266737
directional_pleiotropy	456	environment	0.5	0.0	0.7351573809683135	0.014673786569655609	0.04078279084582614	0.016326157190570668	1.2142373697975138e-72	0.36876453579820306	0.938332980439499
directional_pleiotropy	457	environment	0.5	0.0	0.777836347440841	0.013605895128873658	0.040713794997259	0.016277843597949825	2.295038416116236e-81	0.4032372352849755	0.742513844366142
directional_pleiotropy	458	environment	0.5	0.0	0.7849825937706857	0.03014148523097631	0.03878858332151199	0.015520559493169085	4.5813634134079377e-91	0.05213274265665496	0.9469209310466414
directional_pleiotropy	459	environment	0.5	0.0	0.7173036373870696	0.02494288329143679	0.04016168612085514	0.01607030155703187	2.399289422374361e-71	0.12063579337490021	0.7112562620764469
directional_pleiotropy	460	environment	0.5	0.0	0.6874185657150155	-0.003109300819305286	0.03949372274752069	0.015784444866708786	7.459914162696787e-68	0.8438391795293935	0.6229000223548418
directional_pleiotropy	461	environment	0.5	0.0	0.7365726232471279	-0.0020300523526576107	0.03931417750978152	0.01572404386800182	2.5401736397361923e-78	0.8972745823473649	0.3862331935810002
directional_pleiotropy	462	environment	0.5	0.0	0.7540140988064005	0.0045881165014588264	0.03926316489377091	0.015697186217441685	3.419407002905362e-82	0.7700655886801093	0.40584887720456075
directional_pleiotropy	463	environment	0.5	0.0	0.7511824925275782	0.005530209885608759	0.03996618794250759	0.015985166508595577	8.227912582205579e-79	0.7293736372832187	0.9862437108565877
directional_pleiotropy	464	environment	0.5	0.0	0.6869971684495194	0.0005629103005649781	0.04000180083401173	0.016005298597759076	4.146396053931722e-66	0.9719439872222894	0.95073328614821
directional_pleiotropy	465	environment	0.5	0.0	0.7686355656381718	-0.0020071757923285447	0.038026396138724605	0.015211541530287892	7.491246066877146e-91	0.895023169939841	0.09214980927533636
directional_pleiotropy	466	environment	0.5	0.0	0.6860772172206078	-0.004776052355102048	0.040461401441985144	0.016193801657581133	1.727815108606691e-64	0.7680466732099922	0.12429075100054829
directional_pleiotropy	467	environment	0.5	0.0	0.697565970818213	-0.021190806831711477	0.03997511853913401	0.015991273442617533	3.4420977922925406e-68	0.1851220101227789	0.677866928188815
directional_pleiotropy	468	environment	0.5	0.0	0.779661896104446	0.011627282549001715	0.04014561260482304	0.016059364228901626	5.143222076783507e-84	0.4690541577254551	0.8741470378425535
directional_pleiotropy	469	environment	0.5	0.0	0.653315663383848	-0.02473135240311385	0.03899257494514105	0.015595087644766276	5.217170147961094e-63	0.11277504753052453	0.47553330271409683
directional_pleiotropy	470	environment	0.5	0.0	0.7602682701076268	0.008222148377062125	0.04070260747547177	0.016281476589813926	7.391429323332517e-78	0.6135587195371448	0.7557944628762108
directional_pleiotropy	471	environment	0.5	0.0	0.7720498803773185	0.010923045841524207	0.03864559677238043	0.015472905015842617	8.611171637410377e-89	0.48022130006764985	0.6972250455452793
directional_pleiotropy	472	environment	0.5	0.0	0.7502661893815828	0.007812906947121766	0.04206046709213279	0.016819570505088477	3.5957838831095236e-71	0.6422803417778686	0.7202471715287955
directional_pleiotropy	473	environment	0.5	0.0	0.6888136799682548	0.0025343253451614875	0.03930728103093857	0.015714999097129433	9.427884219128729e-69	0.8718823822292818	0.10441447165131235
directional_pleiotropy	474	environment	0.5	0.0	0.6827795327407896	0.009824987676232064	0.03881822398022839	0.0155327649718285	2.9832304176042925e-69	0.5270385993719109	0.026910015162245483
directional_pleiotropy	475	environment	0.5	0.0	0.7987209034657038	0.021793411169793487	0.03951079009053309	0.015785771665267786	7.186534426036477e-91	0.16741026986979357	0.7544775622384455
directional_pleiotropy	476	environment	0.5	0.0	0.748486581561233	0.004848165170870411	0.03775274153679229	0.015090170109412973	1.7754754296211965e-87	0.7479984464651228	0.519861788226398
directional_pleiotropy	477	environment	0.5	0.0	0.7432975050195468	-0.01674561243167219	0.036489440647595385	0.01459126577951507	3.073681449137689e-92	0.25111460094543775	0.3472167542669951
directional_pleiotropy	478	environment	0.5	0.0	0.7214833051014343	0.024160207280389083	0.039834048200394295	0.01595952524844144	2.5521411277269194e-73	0.13006579565026746	0.3569760099200325
directional_pleiotropy	479	environment	0.5	0.0	0.668997439240502	0.017933444354455794	0.036442698740056734	0.014576753325777347	2.8745666362186926e-75	0.21859339402063577	0.2719613306936303
directional_pleiotropy	480	environment	0.5	0.0	0.7799404933025597	-0.039380723637412005	0.03904658695227406	0.015615391487869733	9.15894820318488e-89	0.01167171936959592	0.3028315725189832
directional_pleiotropy	481	environment	0.5	0.0	0.7576802520445012	0.01037938557044708	0.0420092991132135	0.01680115028053195	1.0161663939618373e-72	0.5367215087509305	0.23834957309662053
directional_pleiotropy	482	environment	0.5	0.0	0.6912062280687196	0.024873400657563136	0.0398197643877729	0.01593746190352342	1.704936907306511e-67	0.11859745634842919	0.3637705793973449
directional_pleiotropy	483	environment	0.5	0.0	0.7437438283208884	-0.0012900004570508205	0.0399157070078105	0.0159566589784175	1.7397057023352856e-77	0.9355659997471069	0.9708102428754752
directional_pleiotropy	484	environment	0.5	0.0	0.7031852799731527	0.004791999658235582	0.03826205678280585	0.015294046904106	1.966096179672919e-75	0.7540341353335807	0.9382402339796231
directional_pleiotropy	485	environment	0.5	0.0	0.7019897164915696	-0.011791143444003217	0.03782852494514254	0.01514096733147591	7.138930238701372e-77	0.436122516109801	0.19968064898756638
directional_pleiotropy	486	environment	0.5	0.0	0.7413052522986652	0.01105470622723484	0.0414473772014785	0.016578190151357097	1.5309484098552636e-71	0.5048856721434745	0.7342471685775609
directional_pleiotropy	487	environment	0.5	0.0	0.7129420240886513	-0.012413779484409868	0.038746169828267875	0.015471024718509701	1.3058505287950175e-75	0.4223279953378583	0.44542184832149345
directional_pleiotropy	488	environment	0.5	0.0	0.6832093027833425	-0.017435189606001232	0.03871198144610182	0.015481562923829418	1.0445196609449593e-69	0.2600848796696922	0.02746016881365656
directional_pleiotropy	489	environment	0.5	0.0	0.6940222991153671	-0.0029788003933877826	0.04018804560484052	0.016091607350003874	8.000865652975355e-67	0.853138714841758	0.22152919956034878
directional_pleiotropy	490	environment	0.5	0.0	0.7589346527985085	0.010009826970915351	0.039845741433405704	0.01594561112494834	6.9817039224408665e-81	0.5301689748645432	0.5679710648716952
directional_pleiotropy	491	environment	0.5	0.0	0.7072528297912379	-0.010704371947051422	0.03827121403325739	0.015306400856905076	2.990662325454056e-76	0.48433983723062457	0.6803558716930243
directional_pleiotropy	492	environment	0.5	0.0	0.6541020492912736	-0.011133750989517268	0.03778070843740002	0.01510899115585458	3.7453821025992015e-67	0.46118576406398004	0.7876827446202153
directional_pleiotropy	493	environment	0.5	0.0	0.6934934097314023	0.004759776536693729	0.03806097217749551	0.01521239549836237	3.5430713347365325e-74	0.7543657281195433	0.608300335934843
directional_pleiotropy	494	environment	0.5	0.0	0.7089319658344604	0.008699264693967859	0.03929850892966019	0.015713976419371393	9.511746740305155e-73	0.5798523059375575	0.8418010817191218
directional_pleiotropy	495	environment	0.5	0.0	0.6505108338378411	-0.0056806547491296405	0.0391835534558365	0.015687517459403902	6.782446908971179e-62	0.7172675541433983	0.962979315055072
directional_pleiotropy	496	environment	0.5	0.0	0.6938542186952185	0.009092244051050188	0.03710805930907551	0.014839040313843232	5.119635693307601e-78	0.5400584978750269	0.688922763977788
directional_pleiotropy	497	environment	0.5	0.0	0.7675161951910496	-0.007292195203175075	0.04063920636430029	0.016252621690605228	1.484082523323349e-79	0.6536638946663668	0.5748955131661698
directional_pleiotropy	498	environment	0.5	0.0	0.7587589578196685	0.004060196538979797	0.03735502739413603	0.014952012529709086	1.0051875943078853e-91	0.7859692046443907	0.6645600647297212
directional_pleiotropy	499	environment	0.5	0.0	0.732873842529788	0.0019932340925583464	0.03851805787803034	0.015411454947003954	1.0239097028011974e-80	0.8970929082814905	0.8070290950167484
directional_pleiotropy	500	environment	0.5	0.0	0.6870927540638558	0.006278169775769809	0.040457595237805316	0.016193305321755933	1.0966543065006736e-64	0.6982368993331066	0.12831195456648284
directional_pleiotropy	1	diagonal	0.5	0.0	0.7227904310745422	0.009195098148376421	0.025804896575673655	0.023061520957433575	1.2337946590565222e-172	0.6900992574686378	0.727762982265204
directional_pleiotropy	2	diagonal	0.5	0.0	0.7196935672757984	0.010827186834880839	0.024921457951403596	0.022284358607985694	2.2255051869850423e-183	0.6270629824474558	0.5140077221614456
directional_pleiotropy	3	diagonal	0.5	0.0	0.7215983236962668	-0.01895481541097798	0.02462441781867998	0.022016541651974458	9.174931426398764e-189	0.38927374045300767	0.8428472961483512
directional_pleiotropy	4	diagonal	0.5	0.0	0.755476382585775	0.023929484456004714	0.025204545214919084	0.022526682876756424	2.1538059404147992e-197	0.2881118192541847	0.6737222467954943
directional_pleiotropy	5	diagonal	0.5	0.0	0.7637801188718814	0.011415440949667113	0.024304509211161316	0.021747852416152208	9.089481747782234e-217	0.5996529262621174	0.7741935246439517
directional_pleiotropy	6	diagonal	0.5	0.0	0.7236099949126651	-0.02080780897374632	0.024221692786157427	0.021681754417287296	4.225265866518909e-196	0.3372101877585938	0.040830690316139964
directional_pleiotropy	7	diagonal	0.5	0.0	0.6689492109571242	0.007649449776892009	0.02595187437110064	0.02319581346871145	1.6257609948966496e-146	0.7415683371548472	0.559464186804772
directional_pleiotropy	8	diagonal	0.5	0.0	0.6641698604540307	-0.04535333749038111	0.023571467833320328	0.021091111032154317	1.1237199410652648e-174	0.03152728952142005	0.49543641392390647
directional_pleiotropy	9	diagonal	0.5	0.0	0.7302125620117684	0.0038876921295031295	0.02602347973979431	0.023275111911701205	3.0367809505101297e-173	0.8673447473103718	0.994376223583744
directional_pleiotropy	10	diagonal	0.5	0.0	0.7397494403444933	0.026342651095304377	0.02518224000741576	0.022527624959924476	1.1179430580588888e-189	0.24226313131667204	0.5616993585297825
directional_pleiotropy	11	diagonal	0.5	0.0	0.6868687668841725	-0.008999426232162124	0.024152269051912145	0.021587315274191894	6.647136185441853e-178	0.6767625831530953	0.9765654321041296
directional_pleiotropy	12	diagonal	0.5	0.0	0.720279903374835	-0.013594144106637856	0.025379756395196018	0.022705484509707698	3.560645129384129e-177	0.5493620729961621	0.7405909642739776
directional_pleiotropy	13	diagonal	0.5	0.0	0.7813218170846442	-0.0008707887822626599	0.024627629487501693	0.02201512509904964	6.933471537504315e-221	0.9684486099888874	0.9616866491429872
directional_pleiotropy	14	diagonal	0.5	0.0	0.7065368183750061	0.0019187505777105893	0.02410767046022093	0.021547204207767574	8.310065376519728e-189	0.9290432048101218	0.04818360305069831
directional_pleiotropy	15	diagonal	0.5	0.0	0.7685497891297441	0.0038224945733107544	0.02477855224100624	0.02215886495634023	3.2064802283249356e-211	0.8630412554804279	0.9345115232542979
directional_pleiotropy	16	diagonal	0.5	0.0	0.6629329232499865	0.0014481622661590204	0.024052098152591378	0.021513175665492774	3.1453558942922754e-167	0.9463308303784864	0.8870367897235315
directional_pleiotropy	17	diagonal	0.5	0.0	0.7499899627797078	-0.011395681673913081	0.02506059687465588	0.0224251700826115	8.750960332016503e-197	0.6113377866393832	0.8469299976494019
directional_pleiotropy	18	diagonal	0.5	0.0	0.7533055498511243	-0.013425834309152649	0.02521365650024894	0.022523366114200475	3.929512702188925e-196	0.5511186335622553	0.2153360945914536
directional_pleiotropy	19	diagonal	0.5	0.0	0.793289273233442	-0.0018403504631774128	0.0250897433431035	0.022448018937972852	2.084287564903417e-219	0.9346604258708541	0.7503105711034144
directional_pleiotropy	20	diagonal	0.5	0.0	0.7505317425338716	0.005114796337993477	0.02505283325469104	0.02240432858753066	3.465728217227271e-197	0.8194169063948709	0.9973505795289549
directional_pleiotropy	21	diagonal	0.5	0.0	0.7445699957139666	0.02650871590985222	0.025125936390750545	0.022469897724809503	5.530446846889823e-193	0.23810224494590637	0.5388267630198337
directional_pleiotropy	22	diagonal	0.5	0.0	0.6823492844260443	0.003175160564826961	0.025005332390504637	0.022398828269158132	5.863708062674979e-164	0.8872730127050051	0.20120334780701565
directional_pleiotropy	23	diagonal	0.5	0.0	0.7452563809670015	-0.017948508842114182	0.025711599740997806	0.02298180814509556	1.0104512897972604e-184	0.43480974545305984	0.016247847460359302
directional_pleiotropy	24	diagonal	0.5	0.0	0.6859658613553699	0.003686844282346763	0.02474673332649344	0.02213423184080579	4.070136066738096e-169	0.867710345584475	0.5578508259749025
directional_pleiotropy	25	diagonal	0.5	0.0	0.6591710317096223	-0.004547044304342445	0.02469481198618656	0.022089797772228876	5.722201336491384e-157	0.8369130539743608	0.03382812078924006
directional_pleiotropy	26	diagonal	0.5	0.0	0.7288050969280556	0.020774755720614393	0.02525064526991096	0.0225750294797149	3.4974500629655555e-183	0.3574401676150706	0.017541217745051536
directional_pleiotropy	27	diagonal	0.5	0.0	0.6425613784169136	-0.013170469293685871	0.024759651041475608	0.022153828816076027	1.7281678509600037e-148	0.5521771971318742	0.8266448177653153
directional_pleiotropy	28	diagonal	0.5	0.0	0.6990025697935174	-0.009695800739106857	0.025574331732333956	0.022874401373759946	1.758354525862091e-164	0.6716597239708237	0.6136343593065371
directional_pleiotropy	29	diagonal	0.5	0.0	0.6614137080213114	0.008260563120023413	0.024349451068642447	0.021780348145027932	1.759120377662932e-162	0.7044897449725047	0.29699916246772734
directional_pleiotropy	30	diagonal	0.5	0.0	0.7575003257684007	-0.024453433867392616	0.0265926832567469	0.023801189767770372	1.782170416551617e-178	0.3042303420249096	0.9455813518895272
directional_pleiotropy	31	diagonal	0.5	0.0	0.720663046759047	-0.011933442271877289	0.02570076297825665	0.022979135225342333	5.211226672810578e-173	0.6035401037999226	0.8879588321093991
directional_pleiotropy	32	diagonal	0.5	0.0	0.7116172500066309	-0.009066762693953888	0.024225033057211933	0.021657279138465876	1.1363232389996633e-189	0.6754738733585969	0.9292956924009402
directional_pleiotropy	33	diagonal	0.5	0.0	0.7376100407745014	0.012080356271897182	0.023695626890611565	0.021211964967502446	9.904394196162924e-213	0.5690123218836762	0.9718469446774847
directional_pleiotropy	34	diagonal	0.5	0.0	0.6795641690983377	0.0038663188901265286	0.025248808740273417	0.022585100222906756	1.4778550661243227e-159	0.864075220327363	0.6533847433074846
directional_pleiotropy	35	diagonal	0.5	0.0	0.7121384842098104	-0.005349970920303292	0.025056780529666634	0.02239818278644032	1.1130451831194152e-177	0.81121618653305	0.6833760591111258
directional_pleiotropy	36	diagonal	0.5	0.0	0.734720680255437	-0.01805558139318712	0.02584398832965579	0.023120832489118885	8.842407102237594e-178	0.43484799932846263	0.22987288065931458
directional_pleiotropy	37	diagonal	0.5	0.0	0.7386523510578654	-0.014558818823699977	0.026566314034036188	0.02375169220279717	3.870249540970172e-170	0.5399033017050593	0.988296095498748
directional_pleiotropy	38	diagonal	0.5	0.0	0.6867832330352973	0.006801353643085729	0.024491640157847393	0.02190716188068631	5.066130029780116e-173	0.7562092236914831	0.5693160184061019
directional_pleiotropy	39	diagonal	0.5	0.0	0.7317419162109	-0.00813832845129521	0.023974541262248284	0.021450688998286838	1.346243950936576e-204	0.7043930296208718	0.9886022782579259
directional_pleiotropy	40	diagonal	0.5	0.0	0.6494983763247199	-0.00775424585950266	0.023840468770330418	0.02132852420990838	1.9830339015571727e-163	0.7161849341841405	0.18556933444937476
directional_pleiotropy	41	diagonal	0.5	0.0	0.7146723348622092	0.00204025340362344	0.025987350330633454	0.023253269363029468	1.7184539418188614e-166	0.9300829320175785	0.006124890463365142
directional_pleiotropy	42	diagonal	0.5	0.0	0.6205203326515886	0.001939210960100064	0.02485163652925227	0.022213664870646854	1.3282127264088792e-137	0.9304345562627317	0.005606413565031532
directional_pleiotropy	43	diagonal	0.5	0.0	0.753336853185795	9.105535775213558e-06	0.02573716357186268	0.023007834969752665	2.470837888318518e-188	0.9996842307747434	0.3489062540316741
directional_pleiotropy	44	diagonal	0.5	0.0	0.7411160056843196	-0.008570700815739393	0.027288815677546024	0.02439724612213959	2.0241728353987937e-162	0.7253648859997828	0.015478566310491304
directional_pleiotropy	45	diagonal	0.5	0.0	0.7249255431515009	-0.007692325626134844	0.024936057826043544	0.02232047745491718	8.261578817508524e-186	0.7303718929944412	0.7786030667899159
directional_pleiotropy	46	diagonal	0.5	0.0	0.6713431017848177	0.003419505858503003	0.024374517283942364	0.021788201259918656	5.393615784623403e-167	0.8752897638449967	0.12165667549299755
directional_pleiotropy	47	diagonal	0.5	0.0	0.7225939574717581	0.03664417337299298	0.02618157593544945	0.02342083253718264	1.1334968712879175e-167	0.11767734213059111	0.8992436435262366
directional_pleiotropy	48	diagonal	0.5	0.0	0.685067071233377	-0.024211088378579913	0.02636342064226263	0.02358238243996703	7.220103308525443e-149	0.3045805981512899	0.9969289525038967
directional_pleiotropy	49	diagonal	0.5	0.0	0.7376673113820595	0.030905758012805137	0.0248444543730676	0.022231535339502447	9.907568691780621e-194	0.16447528731689273	0.04571606996606089
directional_pleiotropy	50	diagonal	0.5	0.0	0.7231505440849376	0.005910386905161693	0.024774438202031155	0.022162268177349443	2.644893458925136e-187	0.7897102303248633	0.16609797744707597
directional_pleiotropy	51	diagonal	0.5	0.0	0.7499911168923443	0.003637144714148571	0.024923172298371335	0.022285509442800056	6.1435569631728065e-199	0.8703556819111397	0.9499231345527281
directional_pleiotropy	52	diagonal	0.5	0.0	0.654882211005608	0.027668133355604207	0.025393465201183595	0.02273353274188073	1.166042288094869e-146	0.22358038416884138	0.6893668022165188
directional_pleiotropy	53	diagonal	0.5	0.0	0.754334113820038	-0.00065622871598303	0.025115643590775963	0.022465486322683727	3.486942484771407e-198	0.9766966847332762	0.6389586437358704
directional_pleiotropy	54	diagonal	0.5	0.0	0.6776651095362102	-0.027670492075423	0.02524620401794136	0.022571577898333674	1.0386258392213002e-158	0.22023639668917377	0.2717216999587742
directional_pleiotropy	55	diagonal	0.5	0.0	0.7172072433096573	0.013348015922647227	0.02545560533053039	0.022784767505857333	1.189970500264483e-174	0.5579893019993963	0.34896460692857256
directional_pleiotropy	56	diagonal	0.5	0.0	0.7442375580660759	0.01948635405442612	0.026489050133937292	0.023699015951812202	1.0948873105541754e-173	0.4109385123332552	0.1746250393195707
directional_pleiotropy	57	diagonal	0.5	0.0	0.7201867238484108	0.0012067201121552487	0.02514821053463665	0.022496285900904522	2.281574945938708e-180	0.9572213021515168	0.1209519353569888
directional_pleiotropy	58	diagonal	0.5	0.0	0.6972451691812218	0.0018561351311536262	0.02567590361360826	0.022965879853603124	2.1730174635484416e-162	0.935583969293689	0.35713621488745567
directional_pleiotropy	59	diagonal	0.5	0.0	0.6709953619508167	0.015968526094620624	0.02529068876813882	0.022609818150426557	4.219347763417993e-155	0.4800232757090488	0.5991903953594223
directional_pleiotropy	60	diagonal	0.5	0.0	0.7635417835671838	-0.010620229899926678	0.02433534661406038	0.021758465121263674	4.323535948682432e-216	0.6254815151792918	0.7724176037339661
directional_pleiotropy	61	diagonal	0.5	0.0	0.7710713001378628	0.027276220192322995	0.025093829795821074	0.022418030061250465	2.4416881754608792e-207	0.22371493227492495	0.8907246534912594
directional_pleiotropy	62	diagonal	0.5	0.0	0.7000082819415455	0.01704386765677536	0.024710028346060325	0.022114997527623022	1.5225088950689407e-176	0.4408890864580615	0.0902638915669529
directional_pleiotropy	63	diagonal	0.5	0.0	0.691410104177054	0.0008285022492840215	0.024925424371844092	0.02230528306293147	2.3553915120863375e-169	0.9703703746285491	0.13396338880909622
directional_pleiotropy	64	diagonal	0.5	0.0	0.7101967775736645	0.010581758335067712	0.024657463071668037	0.022054428106738203	1.995306203758885e-182	0.6313682028369959	0.991885689446874
directional_pleiotropy	65	diagonal	0.5	0.0	0.8024654095852393	0.005098312409477146	0.026624162424753586	0.023831164659089167	1.4290123217830804e-199	0.8305980012770061	0.0007277670739976353
directional_pleiotropy	66	diagonal	0.5	0.0	0.7208372249760058	0.04344187815355667	0.026732520871566832	0.023892837732611784	3.824980675491919e-160	0.0690340778326843	0.6333385842112969
directional_pleiotropy	67	diagonal	0.5	0.0	0.7244847198275957	0.008684648907856734	0.02361852897188934	0.021127932324279786	1.2487867720367583e-206	0.6810354441919206	0.9993519600675921
directional_pleiotropy	68	diagonal	0.5	0.0	0.6753527163842306	-0.011883999838745758	0.02551636591580573	0.022819042335857898	2.298965303173161e-154	0.6025109090279573	0.9908491349902078
directional_pleiotropy	69	diagonal	0.5	0.0	0.7041903469137119	-0.028556979632224595	0.026085867921146758	0.023338375714734905	1.687696276987689e-160	0.22110084532354457	0.6335910375438408
directional_pleiotropy	70	diagonal	0.5	0.0	0.6815783702443359	-0.001948535992039388	0.024399527184120317	0.021814803125085686	1.029107792877806e-171	0.9288262236909083	0.6174655196356887
directional_pleiotropy	71	diagonal	0.5	0.0	0.7393234345473162	-0.002866146386365014	0.023854519400884937	0.021331174282449048	6.695459887195015e-211	0.8931145810361314	0.6810379948075337
directional_pleiotropy	72	diagonal	0.5	0.0	0.7294239226516359	-0.004227314023838933	0.024755390020070676	0.022121250236472975	8.027905650595868e-191	0.8484492626830837	0.1562088421379154
directional_pleiotropy	73	diagonal	0.5	0.0	0.7595329463643512	-0.031025316611933924	0.02594638259823824	0.023200248706081558	2.2774183042044525e-188	0.1811300188717443	0.9483632395629535
directional_pleiotropy	74	diagonal	0.5	0.0	0.7137473946343477	0.03414638745778297	0.023742667444989072	0.02123217775125922	1.5306528174894512e-198	0.10778314223396157	0.5800873876471511
directional_pleiotropy	75	diagonal	0.5	0.0	0.751524279843341	0.005556875983912549	0.025876649701680486	0.023186328715635418	1.9102165277001374e-185	0.8105924943022921	0.8373082878675048
directional_pleiotropy	76	diagonal	0.5	0.0	0.7589711905988081	-0.004586845113513461	0.025437195374388814	0.02275460088888552	1.2921121314750356e-195	0.84024602111408	0.177933120585339
directional_pleiotropy	77	diagonal	0.5	0.0	0.6723943494182432	-0.012409160824428927	0.02563596274441893	0.022927376242074728	1.2556069605148642e-151	0.5883437421175776	0.9055249618452681
directional_pleiotropy	78	diagonal	0.5	0.0	0.7021079037151601	-0.0034122915240877754	0.02623981907558325	0.023500946234437346	1.0141992567679114e-157	0.8845545069154558	0.46909470988005764
directional_pleiotropy	79	diagonal	0.5	0.0	0.6785172109313975	-0.022490770488088244	0.023216877142293972	0.020769890475504007	9.287694605726663e-188	0.2788729864341397	0.5425582702736289
directional_pleiotropy	80	diagonal	0.5	0.0	0.7546905815459353	0.00367270420032343	0.026484845146296405	0.023709392573131132	1.343915385514313e-178	0.8768961870695039	0.342241484506513
directional_pleiotropy	81	diagonal	0.5	0.0	0.6965445547679484	0.009864025351163661	0.02444239664464203	0.021859578925156886	1.2619322714638305e-178	0.6518129913349254	0.8417929279476427
directional_pleiotropy	82	diagonal	0.5	0.0	0.7432942523037929	0.020920943133887093	0.02492896685878142	0.022313908831249677	2.3884077759599034e-195	0.34846332341482633	0.257027611814187
directional_pleiotropy	83	diagonal	0.5	0.0	0.7732086718958386	-0.002361543127549662	0.02501332257672063	0.02235672528182624	8.272375772505387e-210	0.915875841986962	0.8520408237024041
directional_pleiotropy	84	diagonal	0.5	0.0	0.7031023866664955	-0.021569850168217202	0.025497887193728946	0.02281837813934637	2.224189386564384e-167	0.3445138508265383	0.3389551160466296
directional_pleiotropy	85	diagonal	0.5	0.0	0.7779967857083241	0.011271164991745446	0.026101639976797666	0.02331653876128934	3.224339400911293e-195	0.6288132658057504	0.007308434872510856
directional_pleiotropy	86	diagonal	0.5	0.0	0.6967214036557439	0.012430048313917355	0.024133690302396815	0.021597017627818536	2.9056915081360896e-183	0.5649229911491149	0.9833553023733483
directional_pleiotropy	87	diagonal	0.5	0.0	0.6836557847203435	-0.005684630232830884	0.02542947460139288	0.0227557696559079	3.344229860048112e-159	0.8027338980565384	0.34040370644711837
directional_pleiotropy	88	diagonal	0.5	0.0	0.7053936505336881	0.005121350765994212	0.025116092260641765	0.02247841234884225	1.480141262962682e-173	0.819775149428025	0.8071601822476577
directional_pleiotropy	89	diagonal	0.5	0.0	0.712752518348477	0.015183112097837546	0.025021226495176036	0.022376452360863403	1.7507683309057276e-178	0.49743520269870395	0.8545894050793752
directional_pleiotropy	90	diagonal	0.5	0.0	0.7014429328593476	0.015153525472129436	0.025843261846667805	0.023118446284494817	3.1301850016561913e-162	0.512163038195088	0.997422557160386
directional_pleiotropy	91	diagonal	0.5	0.0	0.7315598182993817	-0.0006539333114739698	0.02539933099859771	0.02272760156487916	2.0057909877059637e-182	0.9770459144646625	0.5500494913442198
directional_pleiotropy	92	diagonal	0.5	0.0	0.6890362922668818	-0.01610772237105487	0.02492117350568288	0.02231122887165161	2.898717462248865e-168	0.47032161746414125	0.9959065517415545
directional_pleiotropy	93	diagonal	0.5	0.0	0.7398376417370401	0.00826884365257081	0.02439620061591128	0.02180630082790974	5.217840760089322e-202	0.704542948118986	0.31788853727830985
directional_pleiotropy	94	diagonal	0.5	0.0	0.6345679012467041	-0.0051250756334094965	0.024543700138091314	0.021940892059634544	2.1591114909437554e-147	0.8153067364661795	0.8109986670648339
directional_pleiotropy	95	diagonal	0.5	0.0	0.6686644203506356	-0.016339663293570228	0.024275088393688762	0.021702668196214553	5.0389259855595806e-167	0.4515176395156355	0.0986084899842393
directional_pleiotropy	96	diagonal	0.5	0.0	0.8029807830767687	0.0028646461713833834	0.025824736457608022	0.023090608081236728	2.95099441830184e-212	0.901266900150862	0.16323629433328646
directional_pleiotropy	97	diagonal	0.5	0.0	0.7580356062449841	0.007790055732291197	0.024466566249483835	0.021856616238795517	9.274539390831421e-211	0.7215287747950409	0.7998974430196352
directional_pleiotropy	98	diagonal	0.5	0.0	0.6968223086483647	-0.010331631048422617	0.025731471120729408	0.023016888326717614	1.6690018270872511e-161	0.6535241727368428	0.4649449195818546
directional_pleiotropy	99	diagonal	0.5	0.0	0.6715537434155952	-0.008984317745689805	0.02504020929721713	0.022397874020462647	1.9394018514813316e-158	0.6883290642388722	0.03363050127919251
directional_pleiotropy	100	diagonal	0.5	0.0	0.7481733225996414	0.012533346251005993	0.02546182246980301	0.022776167741841487	8.762011483824443e-190	0.5821250314235759	0.03953549212156352
directional_pleiotropy	101	diagonal	0.5	0.0	0.6483928982359757	-0.017919715432068734	0.02558166664493007	0.022877916244585333	9.947155995913375e-142	0.4334652407571257	0.9039825629599061
directional_pleiotropy	102	diagonal	0.5	0.0	0.6755007116906335	-0.028388144393918	0.02431884811405415	0.021746530354016327	8.26315989881554e-170	0.1917531779672912	0.10805957088136951
directional_pleiotropy	103	diagonal	0.5	0.0	0.7407225038349629	-0.0012090985225726811	0.02593124782077439	0.023179424842446804	1.8365400877707607e-179	0.9583991519090785	0.39177194611593635
directional_pleiotropy	104	diagonal	0.5	0.0	0.7065815288543995	0.013206149852908503	0.024290182867028942	0.02173661293483873	4.919772055654744e-186	0.5434838145007259	0.5917507684913217
directional_pleiotropy	105	diagonal	0.5	0.0	0.7456961166813995	-0.026023506922432695	0.024962475201686155	0.022335368334033174	4.455861616139887e-196	0.24396820126102703	0.8382233815092571
directional_pleiotropy	106	diagonal	0.5	0.0	0.6953796171408242	0.036679653724653066	0.025457056412285285	0.022775715994249934	2.7542926101414386e-164	0.10729484533625765	0.4061124885627141
directional_pleiotropy	107	diagonal	0.5	0.0	0.7454655653962811	-0.002055540461543642	0.025608558112671542	0.022895309137895385	2.6811029136582213e-186	0.9284620553206162	0.38815191076812905
directional_pleiotropy	108	diagonal	0.5	0.0	0.7549287053658852	0.006611626313762516	0.024745576762274703	0.022135165947198058	2.0647627617552402e-204	0.7651740506497311	0.630980915875055
directional_pleiotropy	109	diagonal	0.5	0.0	0.714903717578374	0.011964877423556263	0.025164886413461263	0.02248228083079041	1.5753081141980608e-177	0.5945934105831353	0.9953556744935511
directional_pleiotropy	110	diagonal	0.5	0.0	0.6786979745164379	-0.027792710836049506	0.025088992456084674	0.022431872122246326	3.655147327969614e-161	0.21535175057001862	0.9300244322291883
directional_pleiotropy	111	diagonal	0.5	0.0	0.6688385166223527	0.006413531636584282	0.025184799104981944	0.022530532257865644	2.118981265365077e-155	0.7759049676789238	0.3392505795687119
directional_pleiotropy	112	diagonal	0.5	0.0	0.7349317453564549	-0.001312442766685966	0.025105926866932828	0.022459473977304197	2.273155330378094e-188	0.9534013063736738	0.6533505065749126
directional_pleiotropy	113	diagonal	0.5	0.0	0.7135178712293663	-0.015085795261437163	0.02417460629432877	0.021630428780331192	1.8385339452003105e-191	0.485531264766766	0.7187103765864669
directional_pleiotropy	114	diagonal	0.5	0.0	0.7082139182480527	0.002267608890342426	0.025435979299263594	0.022751906756332506	1.3093634123609871e-170	0.9206088886852706	0.3306360621655592
directional_pleiotropy	115	diagonal	0.5	0.0	0.7678801220277979	0.006483354392987399	0.025059965958697118	0.022412848381563218	3.408337513029731e-206	0.7723751181716085	0.33481070584586925
directional_pleiotropy	116	diagonal	0.5	0.0	0.7476496143266717	-0.008395426945381947	0.025786082742172832	0.023061104760187173	7.76191653170945e-185	0.7158196444480185	0.8952577263169944
directional_pleiotropy	117	diagonal	0.5	0.0	0.7395437520282311	0.002200778228429113	0.024930237153555627	0.022299332297510986	2.2031656782069426e-193	0.9213823749432659	0.2992246850606238
directional_pleiotropy	118	diagonal	0.5	0.0	0.7964511130022821	0.019065760869982587	0.02509102977271806	0.02245547076021135	4.034384414732592e-221	0.39585487271426256	0.779194805939835
directional_pleiotropy	119	diagonal	0.5	0.0	0.7459021681257928	-0.038659041466188517	0.025430427708342262	0.02275546208283202	4.164344744757177e-189	0.08933979155507556	0.9547708015914512
directional_pleiotropy	120	diagonal	0.5	0.0	0.713210481203671	-0.017845407493415077	0.024254480618515217	0.021674818954109058	4.697209677856096e-190	0.41032353686827305	0.0738131448089663
directional_pleiotropy	121	diagonal	0.5	0.0	0.7181602042999452	-0.004358566412784807	0.02588747060637305	0.023138669556602664	2.1996550291106378e-169	0.850588809464699	0.017161197395796805
directional_pleiotropy	122	diagonal	0.5	0.0	0.7696238311375123	-0.033948166213137745	0.025547813573683895	0.022822704621967935	2.2913919771255547e-199	0.13688982156867266	0.20155350798411725
directional_pleiotropy	123	diagonal	0.5	0.0	0.6996896946968441	0.012870659428137395	0.0258736595323268	0.02314503298751418	4.673543855742101e-161	0.5781511610433312	0.5890766776277861
directional_pleiotropy	124	diagonal	0.5	0.0	0.6890694749715245	9.109333138122012e-05	0.02583643117775745	0.023112551580493773	1.036487513059046e-156	0.9968553115272691	0.8162190927781262
directional_pleiotropy	125	diagonal	0.5	0.0	0.7322923260368419	0.02221755450604154	0.024652990151060306	0.022053871878274803	6.818295232881471e-194	0.31373204986536846	0.9989366137276526
directional_pleiotropy	126	diagonal	0.5	0.0	0.7180249298175231	-0.0062863245066486755	0.025551966747957313	0.02286136366576917	9.639177116179764e-174	0.7833347384919286	0.799961642556486
directional_pleiotropy	127	diagonal	0.5	0.0	0.6615122506502741	-0.0048750536583259275	0.02484606191514929	0.022229081254010602	3.539892233613654e-156	0.8264087881904993	0.16509077396932606
directional_pleiotropy	128	diagonal	0.5	0.0	0.7593536130422774	0.008698257270653613	0.02630028851608916	0.023508734763781423	2.6489928181158135e-183	0.711381685104517	0.7432372832013622
directional_pleiotropy	129	diagonal	0.5	0.0	0.652708473712266	0.020172710524630953	0.025089388315365054	0.022471915954072347	3.322721024180487e-149	0.36935330329432525	0.07228698589826804
directional_pleiotropy	130	diagonal	0.5	0.0	0.7388566676360968	0.02678247087565597	0.02629728787596393	0.02350826263280027	1.0868694248772412e-173	0.25458678788987243	0.8120788205428753
directional_pleiotropy	131	diagonal	0.5	0.0	0.6638764860711277	-0.012564583873952637	0.024001356354833216	0.021466562236962944	2.1182779985763734e-168	0.558339594885267	0.26021750750596306
directional_pleiotropy	132	diagonal	0.5	0.0	0.7202265689780248	0.02917832012883753	0.02514225490407942	0.022480307136204924	1.7947892276274124e-180	0.19430443317436846	0.2135253514346275
directional_pleiotropy	133	diagonal	0.5	0.0	0.6623857609498965	0.001682121642427768	0.024145974634721318	0.02160560064215817	1.1220705385169828e-165	0.9379427473470213	0.7435019101153589
directional_pleiotropy	134	diagonal	0.5	0.0	0.7044302942298066	-0.0008293414025601583	0.025473963206705495	0.022797585339523987	2.5717269641556177e-168	0.970980576781143	0.09567251259364079
directional_pleiotropy	135	diagonal	0.5	0.0	0.7393640856114574	0.00448360057892376	0.026905234464763592	0.02407926910585889	3.01900095192637e-166	0.8522865994422851	0.703007960423137
directional_pleiotropy	136	diagonal	0.5	0.0	0.6797578183109815	0.03151863827992396	0.024694270113176237	0.022080365999463187	8.35687428428295e-167	0.1534499687464912	0.9345644627492337
directional_pleiotropy	137	diagonal	0.5	0.0	0.7308929179297354	-0.03290546894788567	0.026138858279894796	0.023369228498313657	4.7207572780068945e-172	0.15911085798643934	0.8840442723932496
directional_pleiotropy	138	diagonal	0.5	0.0	0.6906582379465958	0.013449632623129992	0.024728900967320746	0.022108073483115328	1.1798761569273795e-171	0.5429497834142075	0.6072735933471384
directional_pleiotropy	139	diagonal	0.5	0.0	0.737333576984749	0.011307353257592159	0.024925686222934437	0.0223077292177081	2.60218676154807e-192	0.6122386586829374	0.3047750409993852
directional_pleiotropy	140	diagonal	0.5	0.0	0.739319648910811	-0.019678460216171614	0.025387153097451914	0.022684357436707332	1.901596469356679e-186	0.38567341997059323	0.9703689428160378
directional_pleiotropy	141	diagonal	0.5	0.0	0.65951244689717	0.00046141892263640966	0.024599378299278503	0.02199953276524026	2.4621688982459857e-158	0.9832663699118865	0.8444541041733111
directional_pleiotropy	142	diagonal	0.5	0.0	0.7529416733225063	-0.0032565390961994197	0.023852228643855042	0.02134965359086682	1.0502814774049836e-218	0.8787661072067564	0.06848764768841001
directional_pleiotropy	143	diagonal	0.5	0.0	0.7330163538557638	0.00280960624514896	0.025571615679858432	0.02286235186046377	1.0354120445032103e-180	0.9021924093859867	0.7935810586119287
directional_pleiotropy	144	diagonal	0.5	0.0	0.7005940134471762	-0.010243841462481963	0.02471661261103544	0.022106857153275844	9.628194447514236e-177	0.6430931142021389	0.9571951517126657
directional_pleiotropy	145	diagonal	0.5	0.0	0.6845445037599891	0.03354282276673377	0.0239858318597016	0.02146690450484336	3.788150993496994e-179	0.11816164396653013	0.6062285977303373
directional_pleiotropy	146	diagonal	0.5	0.0	0.716088038893901	0.002530599450654128	0.02503708575203879	0.022414440991196955	6.511549592393295e-180	0.9101095157754394	0.47432488363556624
directional_pleiotropy	147	diagonal	0.5	0.0	0.7194487030062761	-0.021182914212424908	0.023693292470430397	0.02117536432662805	1.5888402419221884e-202	0.3171379936492812	0.7297523138180863
directional_pleiotropy	148	diagonal	0.5	0.0	0.7583374339080848	0.03143844014712919	0.02473271419318613	0.022127349282839326	1.8676648403239655e-206	0.15537619486897858	0.4690199539706022
directional_pleiotropy	149	diagonal	0.5	0.0	0.643915928104007	0.003401250878962289	0.0242704130239983	0.02171572898150437	4.266590860225143e-155	0.8755394974751662	0.9532309584829439
directional_pleiotropy	150	diagonal	0.5	0.0	0.7057307345801102	0.020334616151452035	0.024602918472506417	0.022026737113550163	5.897685979519947e-181	0.3559140487210798	0.07898082353716492
directional_pleiotropy	151	diagonal	0.5	0.0	0.7870866393765834	-0.019663630999808866	0.0266468027031372	0.023870354969009536	9.434275972921553e-192	0.4100714783349014	0.538865688348323
directional_pleiotropy	152	diagonal	0.5	0.0	0.6215675822755089	0.04299916137532158	0.025991685514358515	0.023239968115588247	2.185405813159079e-126	0.0642811806540826	0.9156248513838916
directional_pleiotropy	153	diagonal	0.5	0.0	0.6567461576954489	0.020096864495801794	0.024787339738941653	0.022167525749730698	1.1001427149434598e-154	0.36462347702143627	0.2203390861192105
directional_pleiotropy	154	diagonal	0.5	0.0	0.6361284338167981	0.01584115306194303	0.025518000704658702	0.022823086422287003	3.642994855256658e-137	0.48762914878317976	0.32190133836373974
directional_pleiotropy	155	diagonal	0.5	0.0	0.7086015437988727	-0.00618905959660771	0.025514648811411293	0.02281782221296907	9.363893905513769e-170	0.7862080174063865	0.6641030711911837
directional_pleiotropy	156	diagonal	0.5	0.0	0.7761916279712724	0.02428623188204809	0.02706757581654643	0.024200614697944732	7.5868383955925e-181	0.31560144334063645	0.9644411816768825
directional_pleiotropy	157	diagonal	0.5	0.0	0.7651170026446555	-0.0257592721359826	0.025519069137348326	0.022822359320738807	1.6762832148689946e-197	0.2590304155139472	0.8507047938261851
directional_pleiotropy	158	diagonal	0.5	0.0	0.6341021110168967	-0.0004900153699890066	0.024305361674594583	0.02172959165574776	4.8624352370799836e-150	0.9820087478002686	0.9065405459353444
directional_pleiotropy	159	diagonal	0.5	0.0	0.6862100256561265	-0.017704159516802206	0.02372560397990056	0.021234431982358692	6.177597414070768e-184	0.40442315416446517	0.9639013929178333
directional_pleiotropy	160	diagonal	0.5	0.0	0.6963486650957681	-0.0034148002785841423	0.02498338915622533	0.022327348798391423	5.755502590825889e-171	0.8784436293594777	0.9980970594718274
directional_pleiotropy	161	diagonal	0.5	0.0	0.7304257622672329	-0.01056909770875654	0.02511339365903919	0.022463334427991644	5.539380146965437e-186	0.6379946906944092	0.6373075591404129
directional_pleiotropy	162	diagonal	0.5	0.0	0.754656379779411	-0.004947238733031685	0.025111900655776988	0.02248067553298342	2.071782696340374e-198	0.8258195323711416	0.10163449194340923
directional_pleiotropy	163	diagonal	0.5	0.0	0.7228175810316168	-0.021953035886657774	0.02423498614852713	0.021665305349467714	1.831776101348295e-195	0.31092610091181816	0.9866262501310976
directional_pleiotropy	164	diagonal	0.5	0.0	0.6933297241290347	-0.005613681509670854	0.02442479511038089	0.02184761479800745	2.984472805364712e-177	0.7972196016357522	0.8412737392795457
directional_pleiotropy	165	diagonal	0.5	0.0	0.6861419099542955	-0.002442046684293404	0.02599768495954606	0.02324641369001057	1.6739947339608464e-153	0.9163357609546475	0.16837482926439973
directional_pleiotropy	166	diagonal	0.5	0.0	0.6643878009572334	0.025413140066485394	0.025067773355891356	0.022431558196783375	8.794596642671725e-155	0.25724824058306794	0.2981683382991953
directional_pleiotropy	167	diagonal	0.5	0.0	0.7599960815871803	-0.0035163770774191225	0.02645898409239198	0.02364072490738124	1.938437334120086e-181	0.881756939151791	0.8307339304799818
directional_pleiotropy	168	diagonal	0.5	0.0	0.6855575964350936	0.021591585536197302	0.025349443227820397	0.02265279625259027	4.458728052819897e-161	0.34051244787332835	0.01642006802502074
directional_pleiotropy	169	diagonal	0.5	0.0	0.7507008161691153	-0.0024181337473591817	0.02451133725634357	0.021913012460042895	5.403906323223913e-206	0.9121306172316097	0.6305582977353724
directional_pleiotropy	170	diagonal	0.5	0.0	0.6736296937287481	-0.014746989187223744	0.024306640894937812	0.0217493583022614	4.7595483150221905e-169	0.4977447492452797	0.4375083380509952
directional_pleiotropy	171	diagonal	0.5	0.0	0.6557737022314434	-0.027837746155400987	0.024430428439188728	0.021845957892968733	1.031961272640087e-158	0.202566165259482	0.7253764014880367
directional_pleiotropy	172	diagonal	0.5	0.0	0.7105375271575565	-0.01687636098788382	0.024011523402338388	0.02147037870188557	1.9209648658513355e-192	0.43184993317667975	0.7624836447181369
directional_pleiotropy	173	diagonal	0.5	0.0	0.766557093083087	-0.005854432648164263	0.024996659466337456	0.02236283823950802	1.5984525396816895e-206	0.7934811003361594	0.5769530961471171
directional_pleiotropy	174	diagonal	0.5	0.0	0.7127351179354704	-0.020345250598706448	0.024711797592000435	0.022092913272080603	6.402862424795482e-183	0.3571053147542006	0.27743908971141384
directional_pleiotropy	175	diagonal	0.5	0.0	0.6821469565987793	0.015606825449340592	0.02435387597033743	0.021767467741370897	1.2347225722250695e-172	0.47338682209016975	0.015117476306807747
directional_pleiotropy	176	diagonal	0.5	0.0	0.7733669429435716	-0.001126275349802494	0.02513876527380863	0.02249080095130461	7.965743003703207e-208	0.9600609036938119	0.23006879512247652
directional_pleiotropy	177	diagonal	0.5	0.0	0.740328346920783	0.014761360731596224	0.025720630057006044	0.023016578976814278	3.4567597923353554e-182	0.5213044034559859	0.3122990518206254
directional_pleiotropy	178	diagonal	0.5	0.0	0.6874738550935794	-0.01817766680295152	0.024858796514583198	0.022261160218265588	2.4196120686069205e-168	0.4141775126864041	0.31499321837202404
directional_pleiotropy	179	diagonal	0.5	0.0	0.7269392788978919	-0.03859991723429178	0.026404006632717532	0.02364307670040127	7.391072763866608e-167	0.10255110205293885	0.9847745239649712
directional_pleiotropy	180	diagonal	0.5	0.0	0.6681294032801789	-0.0006778017321204153	0.02702008251986713	0.02416165577907476	5.462480269046076e-135	0.977620051437786	0.4905621502048304
directional_pleiotropy	181	diagonal	0.5	0.0	0.7996418570567394	-0.019846655971020345	0.02490536146907375	0.022267625215541327	3.49622569801543e-226	0.3727797710466506	0.7247419522371036
directional_pleiotropy	182	diagonal	0.5	0.0	0.7706345617757823	0.008338823038952517	0.026195731544350263	0.023445818505911643	3.2016416383189056e-190	0.7220925453807725	0.10301573575794391
directional_pleiotropy	183	diagonal	0.5	0.0	0.7182228224948815	0.009293422733199145	0.02532257700040545	0.0226750204247353	5.795973320116375e-177	0.6819138626687726	0.7095972369774068
directional_pleiotropy	184	diagonal	0.5	0.0	0.71095771138669	0.01232154467792729	0.026060949634565952	0.02330222184963007	7.21197145170804e-164	0.5969641528179984	0.9054656409256194
directional_pleiotropy	185	diagonal	0.5	0.0	0.698551849801867	0.003950347747817433	0.025324173092569097	0.022650836286537898	1.7127360734076724e-167	0.8615496606714835	0.23449213385286816
directional_pleiotropy	186	diagonal	0.5	0.0	0.7149477723377163	-0.004956763735916423	0.025170634028372524	0.02248920168008699	1.8024960183761017e-177	0.8255546699786813	0.11780941775042156
directional_pleiotropy	187	diagonal	0.5	0.0	0.609153238132815	0.012912811863981044	0.024671314416690123	0.02206183808603267	1.3444692631666143e-134	0.5583454653773582	0.3314584999851565
directional_pleiotropy	188	diagonal	0.5	0.0	0.6877843241644592	0.004991397082275702	0.024330951407541917	0.021757093637629288	8.583113417536134e-176	0.8185466128478319	0.7008316144187638
directional_pleiotropy	189	diagonal	0.5	0.0	0.7225224617405127	-0.0013164002898665842	0.024400710317149424	0.021804792392489076	1.0877077389769537e-192	0.9518593089271065	0.9770039963268162
directional_pleiotropy	190	diagonal	0.5	0.0	0.7814386285003572	-0.018932389810045712	0.02506040127210513	0.02241897377203345	1.8569450001315014e-213	0.39840086506638483	0.06712460524416441
directional_pleiotropy	191	diagonal	0.5	0.0	0.7057251810594409	0.0029260093612494247	0.02519992727536064	0.022547738434861145	1.410329096265096e-172	0.8967487726001389	0.8151639568598151
directional_pleiotropy	192	diagonal	0.5	0.0	0.7099409666128473	-0.011612618797623084	0.02497988673328872	0.022334843580461484	1.1285188304030417e-177	0.6031103809355516	0.3352273345335385
directional_pleiotropy	193	diagonal	0.5	0.0	0.7192084287391067	0.010256425116118647	0.024630988074370065	0.022016782392041388	1.97738439541245e-187	0.6413258951930481	0.734778753961757
directional_pleiotropy	194	diagonal	0.5	0.0	0.689047701931835	-0.0038769414534758715	0.02525621409899299	0.022605643296470874	6.879462754472817e-164	0.8638280696158824	0.009891696706743728
directional_pleiotropy	195	diagonal	0.5	0.0	0.680377721171933	0.012201060675102815	0.025014738045632375	0.022402766509924187	6.660700013147805e-163	0.5860128705066902	0.3175717390149733
directional_pleiotropy	196	diagonal	0.5	0.0	0.7240446231818115	0.0014536274972345316	0.024614353604515894	0.022008242451772134	3.4748813162351314e-190	0.9473386300490624	0.5517269243865001
directional_pleiotropy	197	diagonal	0.5	0.0	0.7379561800865366	-0.005858143095924365	0.02417205188623858	0.02162895956511354	1.0642611255106483e-204	0.7865085572725131	0.9830561936623476
directional_pleiotropy	198	diagonal	0.5	0.0	0.7497429080232989	0.004349724396708111	0.027339950974940998	0.02444577499043123	1.4595776266109325e-165	0.8587751342071773	0.8122520042571048
directional_pleiotropy	199	diagonal	0.5	0.0	0.710849116123878	0.0011298005425506574	0.025028229077040484	0.02239493568479054	1.9160757715315686e-177	0.9597646455035158	0.2819925939608041
directional_pleiotropy	200	diagonal	0.5	0.0	0.641909330674542	0.03284960821573969	0.02416178623088987	0.021637453670501496	1.6283983670325279e-155	0.1289683430432772	0.03874627637646531
directional_pleiotropy	201	diagonal	0.5	0.0	0.7494128486534954	0.011848025967527718	0.025185920799904185	0.0225265913890377	1.48401315803459e-194	0.5989178511922857	0.4442918753669528
directional_pleiotropy	202	diagonal	0.5	0.0	0.7218104977588259	0.006991672721622821	0.025364925803351562	0.02268702482744142	3.988447772603636e-178	0.7579458593408357	0.022562277055827085
directional_pleiotropy	203	diagonal	0.5	0.0	0.6873973308470059	0.0020365909640432866	0.02422534667776487	0.021651519729495562	4.100271960312419e-177	0.92505969642536	0.9393490364011211
directional_pleiotropy	204	diagonal	0.5	0.0	0.785015047265358	-0.0123544347805973	0.026187534017589414	0.023418231733850294	1.977021428221211e-197	0.5978073574371843	0.10794748196451731
directional_pleiotropy	205	diagonal	0.5	0.0	0.7639979435779802	-0.008836730659721187	0.025159839800857637	0.022526348507982123	1.555759410726916e-202	0.6948482347135985	0.670354168654191
directional_pleiotropy	206	diagonal	0.5	0.0	0.6951880707897999	-0.020654365395838238	0.02518391828473748	0.022509656042960978	9.840883722217369e-168	0.35883983479523524	0.7103486469652878
directional_pleiotropy	207	diagonal	0.5	0.0	0.7123995056721876	0.01483501774919698	0.025301817217114584	0.022633274068543582	2.0200310706597887e-174	0.5121769803472908	0.0013681881667758123
directional_pleiotropy	208	diagonal	0.5	0.0	0.6924179922017542	0.049535687027351546	0.025730122523257456	0.023038647476179792	1.64206442512202e-159	0.03154630643844611	0.43337765161588643
directional_pleiotropy	209	diagonal	0.5	0.0	0.7476896321813498	0.006907907083989302	0.0267732067073582	0.023981595801573014	1.261987998700419e-171	0.7733081968271662	0.7630746648158733
directional_pleiotropy	210	diagonal	0.5	0.0	0.7156523311884746	-0.00601299216758662	0.025656892448605837	0.022923774946578223	3.227919956693325e-171	0.7930872699628506	0.6863338822262658
directional_pleiotropy	211	diagonal	0.5	0.0	0.7030786845900979	0.004152784877496452	0.02635485364548298	0.023548060501699112	8.61330302544559e-157	0.8600161672876355	0.7937915276213261
directional_pleiotropy	212	diagonal	0.5	0.0	0.719874938540413	0.018315024765294653	0.02511180849811534	0.02245299862918834	9.901992928243916e-181	0.41466883994014847	0.9532594236290751
directional_pleiotropy	213	diagonal	0.5	0.0	0.7447735483839865	0.00761604167390168	0.02457816873257116	0.021991018601794754	1.0710654704415832e-201	0.7290984088015842	0.5965421854244576
directional_pleiotropy	214	diagonal	0.5	0.0	0.6905330790410327	-0.02194499646340292	0.025132760833070217	0.022502291025009762	3.45374145773113e-166	0.3294442626339466	0.8329627763024273
directional_pleiotropy	215	diagonal	0.5	0.0	0.6838666523833032	-0.0042825024373124914	0.02525462195496101	0.022594780949700074	1.746591056388246e-161	0.8496735043160091	0.7030808046375212
directional_pleiotropy	216	diagonal	0.5	0.0	0.6910495748214242	0.019861727590451718	0.02501739673908331	0.02235435555288062	5.93039575792695e-168	0.374274677612523	0.3074844358287112
directional_pleiotropy	217	diagonal	0.5	0.0	0.696850362675786	-0.017181421156281913	0.025140635234044768	0.022492479198236246	4.226948501414416e-169	0.4449423036672399	0.6389992157771924
directional_pleiotropy	218	diagonal	0.5	0.0	0.7910848957672658	0.021786567418177687	0.026161121039609533	0.023436059234541735	7.289736783396732e-201	0.3525692379719396	0.3949706845020138
directional_pleiotropy	219	diagonal	0.5	0.0	0.6668230494244677	0.014738975302787723	0.025461781802663525	0.022766296063060888	3.53009767520267e-151	0.5173709577929745	0.3780985734989913
directional_pleiotropy	220	diagonal	0.5	0.0	0.6768210706103296	-0.016226363663108243	0.024710268395856393	0.022077954141155445	3.5809338179003315e-165	0.46236522112971723	0.5548101269378691
directional_pleiotropy	221	diagonal	0.5	0.0	0.7641602133390936	0.00973813769429926	0.02637590625931197	0.02356328189390556	1.4869878256427928e-184	0.6794044486853139	0.9104736681049682
directional_pleiotropy	222	diagonal	0.5	0.0	0.7126918603347197	0.014864719923916848	0.02515688811111617	0.02251270316829185	1.4809828555608101e-176	0.5090732423566757	0.1615093759643447
directional_pleiotropy	223	diagonal	0.5	0.0	0.7587368216782644	-0.000317611520114457	0.02538952390299133	0.02272246237940035	3.1902248046116024e-196	0.9888476401853054	0.5746789552931402
directional_pleiotropy	224	diagonal	0.5	0.0	0.7033810049477135	0.019559068329181365	0.024593914855743915	0.02200049599206696	6.757646567472618e-180	0.37398775393202704	0.2775955299365159
directional_pleiotropy	225	diagonal	0.5	0.0	0.7156248328194713	-0.015135552514044335	0.024282305085282643	0.021727646808228737	6.768281154371841e-191	0.4860510311344136	0.4068626166668261
directional_pleiotropy	226	diagonal	0.5	0.0	0.6996451320695773	-0.009892396949135698	0.025474995981774128	0.02278999811087397	4.7287396697362737e-166	0.6642394429194828	0.8506234603829574
directional_pleiotropy	227	diagonal	0.5	0.0	0.6715732400117297	-0.030262169774545232	0.025704247232856792	0.023010683881564152	1.8024301520729483e-150	0.18846433075564675	0.03731390259534752
directional_pleiotropy	228	diagonal	0.5	0.0	0.7019606420177182	-0.014401999281972342	0.02690663797887665	0.024066025308190422	4.891399302025975e-150	0.5495484033237173	0.5562596828385756
directional_pleiotropy	229	diagonal	0.5	0.0	0.721628050558288	-0.006628134783273375	0.02465520151258739	0.022061242117854377	2.5891402254899593e-188	0.763839648149796	0.046628586271358574
directional_pleiotropy	230	diagonal	0.5	0.0	0.6856022927489438	-0.004288209376601771	0.024916977865280004	0.022289089764878218	1.146593668410831e-166	0.847436324443635	0.5381596857674008
directional_pleiotropy	231	diagonal	0.5	0.0	0.6844323461743721	0.017295909905451688	0.024809627454879003	0.022194628166624625	1.5774168896151637e-167	0.4358126687856712	0.5580965566564695
directional_pleiotropy	232	diagonal	0.5	0.0	0.7079245159598995	0.002725791620819689	0.025425485772961113	0.02273349851437199	1.3053940472895927e-170	0.9045607912194605	0.8045076519884738
directional_pleiotropy	233	diagonal	0.5	0.0	0.768570500734821	0.008742821320129442	0.026563971233627807	0.02379485921755274	4.617104693005694e-184	0.7133021777172003	0.6135385681726807
directional_pleiotropy	234	diagonal	0.5	0.0	0.7119942414527181	0.009566693301709497	0.025530647912221035	0.022834546250840127	3.748649581802643e-171	0.6752475485440719	0.17762055354097306
directional_pleiotropy	235	diagonal	0.5	0.0	0.7017753701392252	-0.017133369451628102	0.024410198286799967	0.02183427317159096	9.250035027345624e-182	0.4326290720118959	0.9721978648469148
directional_pleiotropy	236	diagonal	0.5	0.0	0.7430037432877931	0.015334810402701422	0.024252079744453592	0.021698149748732555	3.9737794916587146e-206	0.47973207601270723	0.9793199873063082
directional_pleiotropy	237	diagonal	0.5	0.0	0.6734917478263958	-0.02069859257778533	0.025763334806982095	0.023047931656279105	1.2317747145777344e-150	0.36914969820642984	0.9168409134250708
directional_pleiotropy	238	diagonal	0.5	0.0	0.7472104884866839	0.0038561511943090137	0.024331374709544572	0.021755075709152947	4.217507840359267e-207	0.8593097114917267	0.5691209209798264
directional_pleiotropy	239	diagonal	0.5	0.0	0.7285327010416265	-0.007656209783742976	0.023869289128018587	0.021353404536214923	1.340653494052575e-204	0.7199336285530742	0.08749314200721185
directional_pleiotropy	240	diagonal	0.5	0.0	0.7213005877031977	0.00017597278232863106	0.024538586833566137	0.02193369883408405	6.448089913075196e-190	0.9935986875286039	0.6146458896275588
directional_pleiotropy	241	diagonal	0.5	0.0	0.7881532305435126	-0.018877782761223965	0.024760987921075065	0.022157096518025464	2.4549841798561417e-222	0.39421568200198387	0.5492634576674599
directional_pleiotropy	242	diagonal	0.5	0.0	0.7045826233400773	0.010521620960600142	0.024672508684002815	0.02204705572426496	2.2735502580264837e-179	0.6331949740546079	0.7173859104905742
directional_pleiotropy	243	diagonal	0.5	0.0	0.6902776698221497	-0.0013302007059943026	0.025013978129256886	0.022342913440387246	1.2538851035655175e-167	0.9525254415918818	0.9939397810277377
directional_pleiotropy	244	diagonal	0.5	0.0	0.7303877940816316	0.00870640349947829	0.024513145146660607	0.021932402300341464	4.433325761056557e-195	0.691393021040001	0.9237095094662818
directional_pleiotropy	245	diagonal	0.5	0.0	0.7406496754463635	0.009639297443870777	0.025371598025109833	0.02269752607379099	2.444490415976908e-187	0.6710663654951489	0.47663609817673397
directional_pleiotropy	246	diagonal	0.5	0.0	0.6938939348622231	-0.03938911536683485	0.024573806538001945	0.021999819367819005	2.047801255006444e-175	0.07338496607347814	0.7137640258007563
directional_pleiotropy	247	diagonal	0.5	0.0	0.7089508440580504	0.010878323782624193	0.0252976158181455	0.02262622765918879	8.192432458712788e-173	0.6306701629588374	0.18166774426261073
directional_pleiotropy	248	diagonal	0.5	0.0	0.709070006554497	0.001687721285350883	0.025926800139431074	0.02318835588913712	1.1122853061905832e-164	0.9419786900231341	0.2824842151651172
directional_pleiotropy	249	diagonal	0.5	0.0	0.6944764262217865	0.012482967497597797	0.025426653527671296	0.022740511662183393	2.978367685110494e-164	0.5830529330492665	0.9485713285310581
directional_pleiotropy	250	diagonal	0.5	0.0	0.7459831341794134	-0.025490698214336867	0.025502664911509508	0.02279674953959298	4.337287327688346e-188	0.2634933308554571	0.0775885871362291
directional_pleiotropy	251	diagonal	0.5	0.0	0.7304986522065114	-0.011109188078467969	0.02432144389550944	0.02176384702846464	3.410727902537207e-198	0.6097416303447039	0.12454664374751293
directional_pleiotropy	252	diagonal	0.5	0.0	0.6595575780958052	-0.0033939668085052675	0.024280265701484664	0.021720215453135946	1.7140287563056152e-162	0.8758293202847588	0.06702631845639073
directional_pleiotropy	253	diagonal	0.5	0.0	0.7682941462564894	-0.008535933479158856	0.02478472789985448	0.022148197847227078	5.613799122849213e-211	0.6999404795781069	0.4399024064046207
directional_pleiotropy	254	diagonal	0.5	0.0	0.7030071743912496	0.004266669581833608	0.02368885447264169	0.02121971839792772	1.5344798799041919e-193	0.8406430728681785	0.47020898909083314
directional_pleiotropy	255	diagonal	0.5	0.0	0.7005033457974587	0.015587066498782491	0.02374377472478414	0.021252209784846238	2.66529187987562e-191	0.4632945353904335	0.459905494726795
directional_pleiotropy	256	diagonal	0.5	0.0	0.7122506480799229	-0.021622645822215108	0.024268998135966127	0.021668252808444522	2.521627426347773e-189	0.3183301719141922	0.4714292929159003
directional_pleiotropy	257	diagonal	0.5	0.0	0.679021477264932	0.031331098571049175	0.025715143914157954	0.02298345000121777	1.1844277700408688e-153	0.17281867119653016	0.47017423858507673
directional_pleiotropy	258	diagonal	0.5	0.0	0.7637213982316207	0.00385519587398598	0.027320864916541263	0.024460966227224414	5.930797316831629e-172	0.8747672485885603	0.8071913473746815
directional_pleiotropy	259	diagonal	0.5	0.0	0.7299637827155765	-0.0323427787022296	0.025210042091839368	0.022568983777140634	2.408142346468919e-184	0.15183979475126574	0.2781763600158814
directional_pleiotropy	260	diagonal	0.5	0.0	0.7007060213607273	-0.035055631528764376	0.024655067225219634	0.022068858376113654	1.1329705622318793e-177	0.11218099996072683	0.6134375592566688
directional_pleiotropy	261	diagonal	0.5	0.0	0.7130617006432537	-0.0006291288971965453	0.02481334412442715	0.022198567078308473	1.315743730573023e-181	0.9773902053261526	0.7522625828448088
directional_pleiotropy	262	diagonal	0.5	0.0	0.7025006999886562	-0.008065359198999558	0.024012515544390458	0.021480033230486677	3.810350643384844e-188	0.7073022605562261	0.9570386099254994
directional_pleiotropy	263	diagonal	0.5	0.0	0.6689386671656073	-0.01674521797065533	0.025879043941704157	0.023146794094814096	2.518834624148705e-147	0.4694122240563128	0.07320940936876141
directional_pleiotropy	264	diagonal	0.5	0.0	0.7211247093707204	0.008905468148539725	0.026482524985312814	0.02369624979282594	2.8512196829687315e-163	0.7070524892254701	0.8556925390775234
directional_pleiotropy	265	diagonal	0.5	0.0	0.7201336709614652	-0.011778304164745526	0.02464433108046135	0.022022200411063633	1.0472417529338089e-187	0.5927620552423365	0.5921422705189432
directional_pleiotropy	266	diagonal	0.5	0.0	0.6596750343260274	0.01947349567406531	0.024395565475632094	0.021825652137409828	4.903268584048305e-161	0.37226981097816814	0.34481425153290857
directional_pleiotropy	267	diagonal	0.5	0.0	0.741386332978975	0.013447421690643372	0.02517246385187644	0.022510402615217546	1.1772700352692547e-190	0.5502490369382668	0.8948815724330115
directional_pleiotropy	268	diagonal	0.5	0.0	0.7579067185821128	-0.009051430945893866	0.02562140382187931	0.022902849215806174	2.6235448306281225e-192	0.6926880450921842	0.7094636892639811
directional_pleiotropy	269	diagonal	0.5	0.0	0.6962817204248347	-0.0064318838893825	0.024018624504113528	0.021483741573543203	8.991333280773058e-185	0.7646472320762382	0.7723324200671849
directional_pleiotropy	270	diagonal	0.5	0.0	0.8124445271681885	-0.007636848571448679	0.02518757440092364	0.022520490233387636	2.920360054566298e-228	0.734529369832621	0.012481571282601979
directional_pleiotropy	271	diagonal	0.5	0.0	0.7450579459302994	-0.005985024853503048	0.025098086740851816	0.022444072638042385	1.169520436205697e-193	0.789727920012582	0.5330773482661012
directional_pleiotropy	272	diagonal	0.5	0.0	0.7367304811311405	-0.01583757915496208	0.024686955401102283	0.022084036298053868	1.0851581515685676e-195	0.4732811970924656	0.08515448591487272
directional_pleiotropy	273	diagonal	0.5	0.0	0.7333076991299149	-0.01936343620855016	0.024767140154388086	0.022160030416740133	1.1757230650547787e-192	0.38222714037921995	0.1614173018473382
directional_pleiotropy	274	diagonal	0.5	0.0	0.6761887865808102	0.029809890289807604	0.02576403260848681	0.02303903310118332	8.054417116143607e-152	0.19570468243746952	0.39924450308813364
directional_pleiotropy	275	diagonal	0.5	0.0	0.7628622012135495	0.003282667568549122	0.025433394783249696	0.022731819864645474	1.1572533219758471e-197	0.8851779204313742	0.061495539499013444
directional_pleiotropy	276	diagonal	0.5	0.0	0.6960278978313741	-0.00038281566464956824	0.023927021069222204	0.021402264046414474	4.857600839322498e-186	0.9857292470705526	0.883396079145744
directional_pleiotropy	277	diagonal	0.5	0.0	0.7490496073667882	-0.012687497950462014	0.024459946254414843	0.021875779335265258	5.953474301372027e-206	0.5619286152132189	0.9735999913716338
directional_pleiotropy	278	diagonal	0.5	0.0	0.7040661895089796	0.016061083931505255	0.02404309123312274	0.021510167752365264	1.6819163284837044e-188	0.45526034153031036	0.2663434502287899
directional_pleiotropy	279	diagonal	0.5	0.0	0.7015325651400969	0.008118993224891407	0.0258534657016771	0.023174241490052625	3.8113843954269207e-162	0.7260793573951301	0.1527912655059291
directional_pleiotropy	280	diagonal	0.5	0.0	0.7369985948716002	0.012088863355284966	0.025653086647151043	0.022967857760461584	1.6369980897698687e-181	0.5986531721594692	0.7491497481728336
directional_pleiotropy	281	diagonal	0.5	0.0	0.7756137861213082	-0.004700934767653258	0.024536137624273046	0.021936557957244147	2.600434697121194e-219	0.830315592180016	0.681603163425648
directional_pleiotropy	282	diagonal	0.5	0.0	0.7633516062612747	0.003447981928535894	0.024883738341014688	0.022272903968323467	1.1635029902632293e-206	0.8769741633408134	0.5484959272390526
directional_pleiotropy	283	diagonal	0.5	0.0	0.7055379190626129	-0.008275893828717447	0.026034243612147744	0.02328729335806828	9.74511087822381e-162	0.722303144272093	0.976993737756419
directional_pleiotropy	284	diagonal	0.5	0.0	0.7968801197207331	0.012087847792178755	0.025913608603397056	0.023185494004526578	1.1706801439861275e-207	0.6021202573678481	0.5367899481585028
directional_pleiotropy	285	diagonal	0.5	0.0	0.6851232460048017	-0.03366853758612784	0.02425293023647158	0.02168852249701244	1.4603898329957034e-175	0.12057453425049447	0.5937489612267013
directional_pleiotropy	286	diagonal	0.5	0.0	0.7260489595651979	-0.00037797850014479364	0.024191740409924768	0.021621673898155034	6.788801364371199e-198	0.9860525206795309	0.29266794394076723
directional_pleiotropy	287	diagonal	0.5	0.0	0.6731701517581526	0.012481118111480812	0.02317004206489632	0.02070077799476361	1.3910166552201454e-185	0.5465553206794906	0.9809763014535267
directional_pleiotropy	288	diagonal	0.5	0.0	0.7842147987780356	0.003101269512254096	0.025912695667663067	0.02317887176705297	3.4422582063946596e-201	0.8935628946029261	0.901203958929214
directional_pleiotropy	289	diagonal	0.5	0.0	0.7361827452708373	0.039059149785223235	0.025156258118833028	0.022502145995589615	2.945210396289363e-188	0.08259979550384185	0.9891657842938365
directional_pleiotropy	290	diagonal	0.5	0.0	0.7885238299162014	-0.006056736516648679	0.025120478718022046	0.02246224164269002	2.798378210669533e-216	0.7874366185770516	0.9443440040137259
directional_pleiotropy	291	diagonal	0.5	0.0	0.6567577392907793	0.02417180040649041	0.02526353265821274	0.022595716117589926	5.456493065633249e-149	0.28473119438862615	0.4204043874919536
directional_pleiotropy	292	diagonal	0.5	0.0	0.723933937442552	-0.010510695332061153	0.0249293098126555	0.02230420295765544	2.0900997245068017e-185	0.6374673488820437	0.7139813472668182
directional_pleiotropy	293	diagonal	0.5	0.0	0.7539354091422038	0.014874034441246933	0.024328053247655926	0.02174799636055961	7.267293126489348e-211	0.49402148036602356	0.6741019664605841
directional_pleiotropy	294	diagonal	0.5	0.0	0.682668117878592	-0.010336413043200775	0.024536333089082946	0.02192912446007325	2.3024804347616758e-170	0.6373869008408127	0.2592168105903462
directional_pleiotropy	295	diagonal	0.5	0.0	0.6416706351429348	-0.019299162440885267	0.02493062995516777	0.022300463854270144	4.364702547121702e-146	0.3868108906663496	0.9780117986399195
directional_pleiotropy	296	diagonal	0.5	0.0	0.7780494594728036	0.017544666719909216	0.026924497865355796	0.024077409250469802	1.2851647018332612e-183	0.4661989505481554	0.014599009508690775
directional_pleiotropy	297	diagonal	0.5	0.0	0.8092195110060095	-0.012529781433588053	0.025190731561157156	0.022540724053381013	2.058172350770571e-226	0.5782976305704941	0.8443777652669179
directional_pleiotropy	298	diagonal	0.5	0.0	0.6444091013076043	0.042937354607005644	0.025425703641833677	0.022718236315894622	1.0257364248924865e-141	0.05875861960433513	0.8886262954644153
directional_pleiotropy	299	diagonal	0.5	0.0	0.694290048105749	0.01875562896143792	0.025082045744045243	0.02242578162910961	1.1903809925271406e-168	0.40296238353442165	0.8943902539971507
directional_pleiotropy	300	diagonal	0.5	0.0	0.7590059152847886	-0.009724620924451376	0.02485460294753702	0.02222749421325446	8.200927710239464e-205	0.6617457683041408	0.800406735628046
directional_pleiotropy	301	diagonal	0.5	0.0	0.7086595483915359	0.02893285161988259	0.025403123631529845	0.02271134559672612	2.937858372878179e-171	0.20268530504566304	0.8020706391015385
directional_pleiotropy	302	diagonal	0.5	0.0	0.6346741999838038	-0.015114340932677762	0.024160786693520373	0.021597778793192707	4.3628412754751006e-152	0.4840459874720552	0.9109677450626451
directional_pleiotropy	303	diagonal	0.5	0.0	0.7327708262770424	0.009010645448878526	0.026558597382044583	0.023743323944466255	1.4379419330199961e-167	0.7043149153357833	0.8470400887464357
directional_pleiotropy	304	diagonal	0.5	0.0	0.6459706646948408	-0.011771110756818547	0.022412312001238006	0.020063145999599935	1.1327419908776459e-182	0.5574030985315661	0.9266059402054709
directional_pleiotropy	305	diagonal	0.5	0.0	0.7138442477404737	0.01201058544374517	0.025532893163118815	0.02286636024366646	5.295118421760201e-172	0.5994085071295581	0.10410337956931288
directional_pleiotropy	306	diagonal	0.5	0.0	0.6744189659940779	0.003273739970606211	0.025043705066839506	0.022402652213490585	9.868867776834394e-160	0.8838173403556595	0.7157015724301232
directional_pleiotropy	307	diagonal	0.5	0.0	0.7354185270947113	-0.010831150876803721	0.025677175188329276	0.022995751366971035	2.078500621267938e-180	0.6376360152019331	0.4760793166253859
directional_pleiotropy	308	diagonal	0.5	0.0	0.7197570904859972	0.0037709461081377182	0.024810018544875086	0.02219392515318502	4.8161431163795566e-185	0.8650817569511603	0.352372656510273
directional_pleiotropy	309	diagonal	0.5	0.0	0.7137968930189763	0.01363714077803947	0.02359742720810608	0.021101806049487942	5.3893135683014305e-201	0.5181144370492675	0.8787715905493193
directional_pleiotropy	310	diagonal	0.5	0.0	0.7148516771145582	0.00666677359289945	0.02592498213299695	0.023185985330915385	2.291078991889062e-167	0.773702993954585	0.4608654517601822
directional_pleiotropy	311	diagonal	0.5	0.0	0.7473577202136706	-0.0036435605331654576	0.025397302737761702	0.0227185203533052	2.5048987208826613e-190	0.8725829832660079	0.7148112927475561
directional_pleiotropy	312	diagonal	0.5	0.0	0.7180940558389269	0.016728688983987314	0.025621808725423856	0.022898294568965718	7.689095603007803e-173	0.465044992592846	0.22360778666694298
directional_pleiotropy	313	diagonal	0.5	0.0	0.7045624757940815	0.024594555869521594	0.024268636308738736	0.021703977785278893	2.6112653008770528e-185	0.2571378525263602	0.9439362315996379
directional_pleiotropy	314	diagonal	0.5	0.0	0.7004165224647779	0.004579574447097666	0.02569799888941047	0.022973252801126477	1.4230970931345905e-163	0.8419938554430756	0.451430833577768
directional_pleiotropy	315	diagonal	0.5	0.0	0.6847114263389208	0.004414150612046782	0.02646777974354778	0.02368848017655223	1.4637742151220998e-147	0.8521768431224832	0.14225733274034527
directional_pleiotropy	316	diagonal	0.5	0.0	0.7536487405236278	-0.006949625125664612	0.024484841581022952	0.02189120450864274	4.821569330496463e-208	0.7508930841810592	0.7861524966816247
directional_pleiotropy	317	diagonal	0.5	0.0	0.6988974098466159	-0.0013417299819890806	0.024943089925845208	0.022308457583259382	9.355887980240804e-173	0.9520405855276477	0.8226485327628446
directional_pleiotropy	318	diagonal	0.5	0.0	0.7271579109695412	-0.00048585532954585056	0.024703350331251747	0.02206913089004606	1.924719886813018e-190	0.9824358668048853	0.3453128144995157
directional_pleiotropy	319	diagonal	0.5	0.0	0.698841106907842	0.005830491428390283	0.025715737982342116	0.023007886881901134	1.261347049968876e-162	0.7999492914525463	0.2225102326660127
directional_pleiotropy	320	diagonal	0.5	0.0	0.7982248906630527	-0.005220313339877754	0.026243447801539924	0.023470918601404527	3.35870398599756e-203	0.8239898748605132	0.4741705862563793
directional_pleiotropy	321	diagonal	0.5	0.0	0.7355293466772646	-0.01782769849897149	0.02505948533909965	0.022415683742566434	2.2976009075271825e-189	0.4264259061364652	0.3068939665238385
directional_pleiotropy	322	diagonal	0.5	0.0	0.700445853725671	-0.01653786257752614	0.025563507037541896	0.022862005298502082	2.7256185970237216e-165	0.46944792784120676	0.003324191647291304
directional_pleiotropy	323	diagonal	0.5	0.0	0.6621370446630624	-0.024760932725026812	0.026324083582381235	0.023556399739862996	1.3011219575166702e-139	0.2931970496477875	0.566708663941084
directional_pleiotropy	324	diagonal	0.5	0.0	0.6549972254115531	-0.0009401457416065536	0.0244439325310138	0.021869551381061662	3.6068297093133072e-158	0.9657104629563521	0.02610063235314484
directional_pleiotropy	325	diagonal	0.5	0.0	0.7188356646845199	-0.006683477556879442	0.02488854351757225	0.02227165193577524	1.998476560702684e-183	0.7641092763768588	0.6072971189006643
directional_pleiotropy	326	diagonal	0.5	0.0	0.7220653632077185	-0.009008487328135506	0.025538321365455797	0.022851970214108293	7.258328475892486e-176	0.6934256108115222	0.9768048402808764
directional_pleiotropy	327	diagonal	0.5	0.0	0.6827332568252801	0.005384468706305827	0.024633425007658027	0.02202951370317911	4.5134381558859744e-169	0.8069050275301313	0.16495958741470293
directional_pleiotropy	328	diagonal	0.5	0.0	0.7080757634272352	-0.00858450763997062	0.02463796607303969	0.0220376991371543	1.2354668958580782e-181	0.6968786627120247	0.9909438216856619
directional_pleiotropy	329	diagonal	0.5	0.0	0.674575930003653	-0.0289185941580522	0.026643675042940615	0.023834024184122105	2.0022238068211983e-141	0.22500275393283947	0.01884268158892903
directional_pleiotropy	330	diagonal	0.5	0.0	0.770946973764628	-0.014717680925432524	0.025624230545285908	0.022937570103959838	7.246629612870897e-199	0.5211064327743496	0.6395429438532085
directional_pleiotropy	331	diagonal	0.5	0.0	0.7074390475987434	-0.0005239982088924594	0.024926238116124762	0.02229726224621823	3.4407882497727974e-177	0.9812509896603238	0.48859652579291574
directional_pleiotropy	332	diagonal	0.5	0.0	0.6888064902005409	0.0027490560068284603	0.026162494549537018	0.023413723283771767	9.166257465968924e-153	0.9065334422612663	0.49175450602037585
directional_pleiotropy	333	diagonal	0.5	0.0	0.7057176316122409	0.013568321422393987	0.025346304024822998	0.02265494601674993	1.3085832884524873e-170	0.5492314983563128	0.02063634423953951
directional_pleiotropy	334	diagonal	0.5	0.0	0.6582654081316546	0.012571992680203732	0.02538669525918936	0.022697761396057965	3.0936006452491243e-148	0.5796562514596835	0.13565003096729994
directional_pleiotropy	335	diagonal	0.5	0.0	0.7048197349054246	-0.009201641421957191	0.02529862198242584	0.02263922177063285	8.148581669541897e-171	0.6844142680700722	0.4380612827304039
directional_pleiotropy	336	diagonal	0.5	0.0	0.7396732225547491	-0.002989913022864015	0.02563607356976773	0.022929577196270635	4.6694057201615805e-183	0.896253549461732	0.30283234619877963
directional_pleiotropy	337	diagonal	0.5	0.0	0.6801994647488551	-0.021111494507904182	0.0247824984851881	0.022153532021274205	7.593174580987271e-166	0.34060885961632514	0.0024306473990239837
directional_pleiotropy	338	diagonal	0.5	0.0	0.7225190638988079	0.02066500107735258	0.024748346595846356	0.02213585524455562	2.2681630476121616e-187	0.3505343558008016	0.8752736638778678
directional_pleiotropy	339	diagonal	0.5	0.0	0.7756205876284994	-0.008816724535066277	0.02519621971675099	0.02253325098850048	4.396451567042672e-208	0.6955930984104748	0.07269056287522592
directional_pleiotropy	340	diagonal	0.5	0.0	0.7506542592187128	0.00433201951329709	0.025694176341064537	0.02300763529557069	1.2522139999883107e-187	0.8506523267952317	0.9149666584842467
directional_pleiotropy	341	diagonal	0.5	0.0	0.6667643300224896	-0.0015020369034533052	0.024341061961360214	0.021776788393528125	3.3622350844437522e-165	0.9450101433689289	0.9836858132168136
directional_pleiotropy	342	diagonal	0.5	0.0	0.7238353919158663	-0.018788416132255077	0.025172538167293264	0.022511598681675682	7.851811213331407e-182	0.40393706077918157	0.7410354773934221
directional_pleiotropy	343	diagonal	0.5	0.0	0.6511310869985614	0.00034241849342308997	0.02579669580325516	0.023057226319393206	1.4265993324264969e-140	0.9881512033069455	0.2988363700386726
directional_pleiotropy	344	diagonal	0.5	0.0	0.6722989066066593	0.005175934622621031	0.024381652761120056	0.021787684263392535	2.2839073774864427e-167	0.8122205140393559	0.8895766250428296
directional_pleiotropy	345	diagonal	0.5	0.0	0.7392116912064036	-0.01005034795324717	0.02432560427712009	0.0217414341366727	7.86202488104538e-203	0.643889847636973	0.9420262491865661
directional_pleiotropy	346	diagonal	0.5	0.0	0.7087052445369214	0.024500842546366076	0.025510219630546237	0.022824846939708234	7.313263792982879e-170	0.28307887677511945	0.3054916305008634
directional_pleiotropy	347	diagonal	0.5	0.0	0.7524245325456116	-0.029403626014693963	0.023876915411643298	0.02136555246746843	5.831459749240579e-218	0.16875461263154728	0.18024852540515232
directional_pleiotropy	348	diagonal	0.5	0.0	0.7315060489614676	0.0007104689173134332	0.026915893064854667	0.024076144817702608	1.1991868183565534e-162	0.9764584436815147	0.9845433462234066
directional_pleiotropy	349	diagonal	0.5	0.0	0.6574176169130398	-0.0026072684700637373	0.026068943731377393	0.0233309081988529	2.51578159084427e-140	0.9110202915996435	0.3821876428842562
directional_pleiotropy	350	diagonal	0.5	0.0	0.6947469616569231	0.0011850090580209096	0.02543257870058159	0.022776929188071237	2.64976717001763e-164	0.9585073978373484	0.8499713632259466
directional_pleiotropy	351	diagonal	0.5	0.0	0.6815531358794119	-0.024958235627569103	0.023678885570943886	0.02119865066522743	3.485360541605192e-182	0.2390557575100925	0.7379972212840994
directional_pleiotropy	352	diagonal	0.5	0.0	0.7209513927424169	-0.004046952147399836	0.02602058875132005	0.02327120314112935	5.756394370286731e-169	0.8619410158289198	0.9254109668239087
directional_pleiotropy	353	diagonal	0.5	0.0	0.7460105306301964	0.006886284406643245	0.025137016680257553	0.022486645040372594	1.4868599679923576e-193	0.7594227913666101	0.9992914941273885
directional_pleiotropy	354	diagonal	0.5	0.0	0.7259397324178476	-0.009909819161400425	0.0260388310926386	0.023298472229797362	4.779781132762565e-171	0.6705873683411643	0.038473026400258625
directional_pleiotropy	355	diagonal	0.5	0.0	0.7753143515076321	0.0042879138585335125	0.02512549936319841	0.022477018810544463	4.420185050442514e-209	0.8487067353830255	0.6617144170117779
directional_pleiotropy	356	diagonal	0.5	0.0	0.7791414743828843	-0.01577297415203167	0.026412188398972313	0.023632909803895402	2.93775517840971e-191	0.5045066641824761	0.9273024623482862
directional_pleiotropy	357	diagonal	0.5	0.0	0.7646174367782251	0.016651399698053133	0.02553320889535842	0.022861670807287498	4.9607125409268475e-197	0.4663966380648727	0.7352026945907225
directional_pleiotropy	358	diagonal	0.5	0.0	0.7709957583638964	0.007130610976615659	0.0243377049764098	0.02175912302920959	3.018236655079678e-220	0.7431334170958137	0.9696263455963795
directional_pleiotropy	359	diagonal	0.5	0.0	0.6466045447637557	0.007444195048675538	0.02449839054542456	0.02190318699126726	1.6160576771092668e-153	0.7339558433974518	0.850001018143097
directional_pleiotropy	360	diagonal	0.5	0.0	0.7217379804094748	0.00946819705949768	0.024513943891972714	0.02191264855263549	1.59678512790462e-190	0.6656773043165776	0.7549633126498599
directional_pleiotropy	361	diagonal	0.5	0.0	0.6650486727320711	0.00947007272441701	0.024769981172398647	0.022151421459895085	8.669627490779389e-159	0.6690040063272665	0.8494906027672692
directional_pleiotropy	362	diagonal	0.5	0.0	0.6945889362428236	0.022175432212824107	0.024562379090593608	0.021952908431252062	6.341382643309081e-176	0.31242993800971536	0.8813506955312568
directional_pleiotropy	363	diagonal	0.5	0.0	0.6137840872919548	0.0006880153771967094	0.02544620391430425	0.022760978643739632	1.5107278077663584e-128	0.9758853400791698	0.05920102524648465
directional_pleiotropy	364	diagonal	0.5	0.0	0.7057508240807103	0.012281840850769759	0.02443632749424992	0.0218639394514495	2.055684525412169e-183	0.5742934418059323	0.9062010598463555
directional_pleiotropy	365	diagonal	0.5	0.0	0.7207519461477178	0.007651312823044805	0.025769115103623324	0.023064488193021364	3.8078957166797185e-172	0.7400888840204953	0.768409396695678
directional_pleiotropy	366	diagonal	0.5	0.0	0.7434237303753536	0.00011938705759148788	0.02497008189119236	0.022339411620632594	8.849537901096227e-195	0.9957359379828631	0.9518832868042758
directional_pleiotropy	367	diagonal	0.5	0.0	0.7962017967207403	0.006604389302406808	0.02518101889748687	0.022540340622187276	2.0158388769055973e-219	0.7695197948908363	0.15357060084047314
directional_pleiotropy	368	diagonal	0.5	0.0	0.6639427293999148	-0.0014521262727128555	0.025334511758455896	0.02267880437618208	2.2087654505616225e-151	0.9489462540027565	0.9168286663339
directional_pleiotropy	369	diagonal	0.5	0.0	0.7514431480467745	0.007750674468022656	0.02537993291165084	0.022689477482210764	1.1870006342541621e-192	0.7326536303177347	0.43178298964132805
directional_pleiotropy	370	diagonal	0.5	0.0	0.7654123428562148	-0.02075522506699569	0.025000043486003792	0.02232417943103845	7.395883030685508e-206	0.35251633243980857	0.8355530762340331
directional_pleiotropy	371	diagonal	0.5	0.0	0.7570030466090005	0.03135318846154383	0.025433608696494234	0.02274091860473743	1.1466225136829973e-194	0.16798341773593273	0.058632086121945884
directional_pleiotropy	372	diagonal	0.5	0.0	0.6696602839557158	0.005579044648647785	0.02461576698432076	0.02202190658052887	5.741492250838373e-163	0.8000049679548972	0.9957879885715485
directional_pleiotropy	373	diagonal	0.5	0.0	0.68962770573969	-0.009556184394788019	0.023990768741588855	0.021458281906224386	1.0296948368342821e-181	0.6560756434471218	0.8123351776429472
directional_pleiotropy	374	diagonal	0.5	0.0	0.732616640715109	-0.0056969389307431765	0.02449426696122278	0.021885291762514487	1.4710034973655504e-196	0.7946254126200046	0.40136158516433224
directional_pleiotropy	375	diagonal	0.5	0.0	0.6559236888651552	0.002991021014200186	0.02417230768551181	0.02161818939559974	3.7718885868932597e-162	0.889958528303948	0.08506604739554074
directional_pleiotropy	376	diagonal	0.5	0.0	0.6549218435954888	0.012284132561953794	0.02530431805441706	0.02263422339856568	1.0669952759823993e-147	0.5873199597540757	0.9558221362226343
directional_pleiotropy	377	diagonal	0.5	0.0	0.7784894303488981	0.02119221069999498	0.025263238045648246	0.02258774271743773	1.6444166836869888e-208	0.3481327560332729	0.9986765076439615
directional_pleiotropy	378	diagonal	0.5	0.0	0.7269570694332919	-0.029732182712956325	0.026426568190402528	0.02364024415404983	1.386580218984802e-166	0.20850260397638262	0.8286200381129661
directional_pleiotropy	379	diagonal	0.5	0.0	0.6612896676143102	0.006456547340651704	0.02470223101048016	0.022077694958552056	7.139585954870678e-158	0.7699451652155371	0.0008976029111993204
directional_pleiotropy	380	diagonal	0.5	0.0	0.7010119333250502	0.00014643210433945705	0.026057098182936174	0.023270781565391398	2.0302768132341077e-159	0.9949793201445943	0.0020635299435995
directional_pleiotropy	381	diagonal	0.5	0.0	0.6264177584108193	0.009332655299115067	0.025088102769102925	0.022428974493753025	1.3373773375945087e-137	0.6773381671316371	0.8059869432373105
directional_pleiotropy	382	diagonal	0.5	0.0	0.6869108619771407	0.00021287698677005756	0.02423139571340909	0.02167732535264235	8.86660719964005e-177	0.9921646915214519	0.0014585484882843182
directional_pleiotropy	383	diagonal	0.5	0.0	0.7600257769290714	0.010340447545970263	0.024509933183785575	0.021926049334100584	4.09095976815888e-211	0.6372083322590051	0.22906549773459522
directional_pleiotropy	384	diagonal	0.5	0.0	0.7525595488488729	-0.020625084897724147	0.024463819648245313	0.021872320031797378	8.413266849415298e-208	0.3456928973137599	0.019617598418544258
directional_pleiotropy	385	diagonal	0.5	0.0	0.7390458875007434	-0.011382966389989386	0.026301139113371824	0.02352213643219737	9.966491111641152e-174	0.6284385988857296	0.9944337652943727
directional_pleiotropy	386	diagonal	0.5	0.0	0.6679219628830688	-0.013710982082783036	0.025793305483328463	0.023071285029477615	7.54898672901034e-148	0.5523196701333557	0.9426977919500718
directional_pleiotropy	387	diagonal	0.5	0.0	0.6979754677578217	0.0015604169175068708	0.024911960643977313	0.02227637640441528	9.894565350673703e-173	0.9441554084000838	0.16046727064967495
directional_pleiotropy	388	diagonal	0.5	0.0	0.7279490040986262	-0.023241435495247337	0.025310481906121424	0.022642232840182318	6.64237407968724e-182	0.304672953279275	0.9724086439753818
directional_pleiotropy	389	diagonal	0.5	0.0	0.6623756554494362	0.001497708844804093	0.02437114082455269	0.021802684673761438	1.1602612895165756e-162	0.9452333686054738	0.3453651643637379
directional_pleiotropy	390	diagonal	0.5	0.0	0.7202544440156213	0.009975873090594466	0.02468055695281952	0.022096436703826848	3.180527928988332e-187	0.6516510113747624	0.2808967638968691
directional_pleiotropy	391	diagonal	0.5	0.0	0.657594357741204	0.0004609602959932758	0.02530736566258204	0.022620540927291544	7.450752107036836e-149	0.9837418719973877	0.4384990867697752
directional_pleiotropy	392	diagonal	0.5	0.0	0.6454210087844345	-0.040130207878204836	0.024079264446792068	0.021536479027554598	2.901001981440563e-158	0.06241167086938527	0.9420522843203902
directional_pleiotropy	393	diagonal	0.5	0.0	0.688695295712777	0.007413791807186089	0.02428049628073994	0.02172055103458963	5.60300674683668e-177	0.7328580726016763	0.9963033666164486
directional_pleiotropy	394	diagonal	0.5	0.0	0.7969870932982448	-0.013333073407392116	0.024618796597644033	0.022026129944015527	6.5618017978227635e-230	0.5449598674508316	0.22440248138346233
directional_pleiotropy	395	diagonal	0.5	0.0	0.7368424752628697	-0.03202051598807791	0.024572964278519762	0.021983250198514576	1.4985602438040497e-197	0.14523042420896673	0.8202645237103569
directional_pleiotropy	396	diagonal	0.5	0.0	0.6844658999434801	0.011653692029835792	0.02494386191837522	0.022317689896274313	9.08147902023919e-166	0.6015499785347379	0.948980924478582
directional_pleiotropy	397	diagonal	0.5	0.0	0.7086086019892102	0.016412275028411978	0.02456373588663491	0.021969743630827567	5.406514835631133e-183	0.4550394779597237	0.017688078470846913
directional_pleiotropy	398	diagonal	0.5	0.0	0.70832325909806	0.011426186982243756	0.027463496023104876	0.02458107485784589	1.1060143510636763e-146	0.6420483670655869	0.3705810692568551
directional_pleiotropy	399	diagonal	0.5	0.0	0.7304760604795559	-0.012167515689119883	0.02534350369889719	0.022678671202172478	1.1044735394087504e-182	0.5916005877537552	0.9429872232557944
directional_pleiotropy	400	diagonal	0.5	0.0	0.7816006521180949	0.002597591868736791	0.025429386729683187	0.022731169371028242	1.8744748418263177e-207	0.9090202360618223	0.9893268892216264
directional_pleiotropy	401	diagonal	0.5	0.0	0.6424727675133632	-0.015644218916392987	0.02566222406778136	0.022950462663169736	2.4965787727986538e-138	0.49545929741903294	0.7041714940210538
directional_pleiotropy	402	diagonal	0.5	0.0	0.7522697694593801	0.0034965445172213017	0.025510661366752767	0.02282041936252714	4.0494523129009346e-191	0.878224790927666	0.2682672577994929
directional_pleiotropy	403	diagonal	0.5	0.0	0.7359437697522131	0.027109510481605207	0.024088056927440992	0.021533611788347836	5.2823784938026906e-205	0.208052251824786	0.9161195409490462
directional_pleiotropy	404	diagonal	0.5	0.0	0.744362068351045	0.00219704738158887	0.025017570959102547	0.02238543148116539	1.5591704961273456e-194	0.9218161190627543	0.9452380612896333
directional_pleiotropy	405	diagonal	0.5	0.0	0.6781147693630041	0.008887348235357497	0.025169600658770167	0.02251329682998113	7.113719674771318e-160	0.6930200446368358	0.05614871500452415
directional_pleiotropy	406	diagonal	0.5	0.0	0.672880261389864	0.003672143606612317	0.02492564985083342	0.022308540442259387	1.6693009102648176e-160	0.8692532615456252	0.46397973382107977
directional_pleiotropy	407	diagonal	0.5	0.0	0.6470326869565656	-0.02452001736370389	0.02522241889998637	0.022559645774214043	3.906557617288134e-145	0.27708221375847647	0.44673658415878775
directional_pleiotropy	408	diagonal	0.5	0.0	0.7074852201052156	-0.004112701727034871	0.02470968982461421	0.022118194661350836	2.694225151810101e-180	0.8524902319504748	0.8071028082172462
directional_pleiotropy	409	diagonal	0.5	0.0	0.7268279469639198	-0.01763783631251713	0.023695374592683477	0.02118842913772576	1.271596666632788e-206	0.4051675461037619	0.21053348875153205
directional_pleiotropy	410	diagonal	0.5	0.0	0.7030526685363517	-0.00603522317925367	0.024287170863306045	0.021717114173680514	3.017910122096655e-184	0.7810878106994736	0.056890655835283965
directional_pleiotropy	411	diagonal	0.5	0.0	0.7697408176628256	0.007834525919617637	0.025683828160925577	0.022960884639043066	2.4249668111674463e-197	0.732944103204926	0.7284870546565925
directional_pleiotropy	412	diagonal	0.5	0.0	0.6815946905976847	-0.018384129104807564	0.024814079889227306	0.02220391733427283	4.228163518907998e-166	0.40768872265572453	0.5379554592615007
directional_pleiotropy	413	diagonal	0.5	0.0	0.6851017253560638	0.016986313055343722	0.02424879662555039	0.0216936514321714	1.3068159423776663e-175	0.43362213174965797	0.9256371178280299
directional_pleiotropy	414	diagonal	0.5	0.0	0.7653956521425193	-0.0325401592456032	0.026254654476473217	0.023488427754835853	7.707376651021612e-187	0.1659394103027192	0.44999231005367035
directional_pleiotropy	415	diagonal	0.5	0.0	0.7452450457522711	0.013868222852500896	0.025206044099738055	0.0225712307472154	4.075153680923675e-192	0.538937610515479	0.3896806352341683
directional_pleiotropy	416	diagonal	0.5	0.0	0.6778845358524664	0.01095671470420386	0.024874960967553622	0.022247651334783486	1.5872847861084345e-163	0.6223739775439142	0.234767655192268
directional_pleiotropy	417	diagonal	0.5	0.0	0.7427901215992804	0.001991291052158781	0.02347430755343402	0.020962288055432182	9.560748478545668e-220	0.9243196131142145	0.601592560198461
directional_pleiotropy	418	diagonal	0.5	0.0	0.6956926966511093	0.008092532985364047	0.025128622870882373	0.022485336798221574	1.0504612528431021e-168	0.7189199124338057	0.3956780120434346
directional_pleiotropy	419	diagonal	0.5	0.0	0.6875223186010528	-0.010805078679728651	0.02625341071162415	0.02347036813218418	3.647823096909315e-151	0.6452498906046236	0.9999767212952217
directional_pleiotropy	420	diagonal	0.5	0.0	0.70718620884545	0.003406370841316901	0.025496406818280214	0.022826785420637517	2.521237943757712e-169	0.8813745801267994	0.27710307956512287
directional_pleiotropy	421	diagonal	0.5	0.0	0.7134840140129889	-0.0025727519385531443	0.025546682863885565	0.022863608970252882	1.198375215300561e-171	0.9104063044687948	0.02078851565358508
directional_pleiotropy	422	diagonal	0.5	0.0	0.714143045295059	-0.004297520416817995	0.024085490461717513	0.02155446029048983	3.357221730644695e-193	0.8419657899016285	0.8724329776231878
directional_pleiotropy	423	diagonal	0.5	0.0	0.6602583035348913	0.011005043150416479	0.024062013528791826	0.021500773351520907	9.180037353760106e-166	0.6087601505437887	0.6357866630921662
directional_pleiotropy	424	diagonal	0.5	0.0	0.7358339056533969	-0.015763968103907684	0.02514220592074345	0.022493731114493192	2.7386744111097602e-188	0.48341781166317027	0.5827187936912723
directional_pleiotropy	425	diagonal	0.5	0.0	0.7435706092387856	0.00712546941162909	0.02544373184959564	0.022748143850567133	9.57851410615808e-188	0.7541036463269805	0.32806551829679265
directional_pleiotropy	426	diagonal	0.5	0.0	0.742883217011221	0.003540542783059235	0.024242751041384018	0.02169730890852973	3.223950091815311e-206	0.8703775867837218	0.8343488378909202
directional_pleiotropy	427	diagonal	0.5	0.0	0.7018637713144126	-0.00044785975655443433	0.026571154637698886	0.02377991228574708	9.337695696026823e-154	0.9849739033054006	0.832291175387899
directional_pleiotropy	428	diagonal	0.5	0.0	0.6559657846059241	-0.020091950628426482	0.02377798627529582	0.021266930365639408	1.5889962080941462e-167	0.34478608767952645	0.7178048239260871
directional_pleiotropy	429	diagonal	0.5	0.0	0.6861240305805819	-0.006710673998479419	0.025259753696759722	0.022599797161797924	1.790819190750175e-162	0.7665160253927904	0.9217213300797182
directional_pleiotropy	430	diagonal	0.5	0.0	0.730553430408064	0.013291077567433389	0.024265578889520023	0.021714568192537847	3.97458100233298e-199	0.5404840776536887	0.8978512000386172
directional_pleiotropy	431	diagonal	0.5	0.0	0.7154673327326353	0.006525642800019573	0.023990907136997582	0.021468831505315086	1.9997560720675252e-195	0.7611591896939697	0.7642454726126843
directional_pleiotropy	432	diagonal	0.5	0.0	0.7335373147514345	-0.0010715795774324116	0.025354746856970707	0.022671005475117356	4.871346345567969e-184	0.9623008098775635	0.9892156879110923
directional_pleiotropy	433	diagonal	0.5	0.0	0.7088262087814654	0.008358639050285091	0.02535694424007018	0.022666858446449844	5.905884222283222e-172	0.7123063480416059	0.293771017419675
directional_pleiotropy	434	diagonal	0.5	0.0	0.7327282193125112	-0.022067259112834588	0.024811303827728483	0.022178528871905946	1.1172660765501036e-191	0.3197445343084905	0.8921555849708439
directional_pleiotropy	435	diagonal	0.5	0.0	0.7296494956704891	0.021652514192613742	0.025501775567739627	0.02278449359109348	4.803848331736021e-180	0.341950699653021	0.860528961455147
directional_pleiotropy	436	diagonal	0.5	0.0	0.7550542548087017	0.004515106116737203	0.025506132018862034	0.02280029049367235	1.3731542993484659e-192	0.8430228069836442	0.5298038744735228
directional_pleiotropy	437	diagonal	0.5	0.0	0.7366575570223102	-0.0014734275955855841	0.02512002978427479	0.02249394364133354	4.906470100999778e-189	0.947773276941065	0.6009495380534529
directional_pleiotropy	438	diagonal	0.5	0.0	0.6859876430601584	0.008821846993413821	0.02444438679520832	0.021852979278328213	2.757132036618694e-173	0.6864400954167882	0.9976215093767787
directional_pleiotropy	439	diagonal	0.5	0.0	0.741903716171249	0.009471663888744666	0.02571861199782988	0.022973951583921685	5.5322217902710325e-183	0.6801353822796538	0.3803297578505151
directional_pleiotropy	440	diagonal	0.5	0.0	0.8150209716573713	-0.009129255000634476	0.02513932003877093	0.022494410416101576	1.4267700186765615e-230	0.6848561325235015	0.3626186701784957
directional_pleiotropy	441	diagonal	0.5	0.0	0.6415903032164042	-0.007289318535456594	0.02513442203520618	0.022459863068837564	1.0051241908782524e-143	0.7455226863006945	0.7448629526018494
directional_pleiotropy	442	diagonal	0.5	0.0	0.7264924467164604	0.0031269564726026638	0.02629669896778	0.023506008371499833	5.310209952081139e-168	0.8941712637151323	0.015838868844274018
directional_pleiotropy	443	diagonal	0.5	0.0	0.7156614916684276	0.002110972477323602	0.026602619331929492	0.023802162790860944	2.0856068592696968e-159	0.9293296604202248	0.38180169817718296
directional_pleiotropy	444	diagonal	0.5	0.0	0.6637592640741515	-0.0003277468880696681	0.023747084615854067	0.021243669404734475	6.376437211236411e-172	0.9876907419688765	0.8021943205114238
directional_pleiotropy	445	diagonal	0.5	0.0	0.7466051772532236	-0.0051603263768588955	0.026515163416148988	0.023716801541793436	1.9305304834586055e-174	0.8277555574184633	0.9448288109132645
directional_pleiotropy	446	diagonal	0.5	0.0	0.7508627746082168	0.004970568198809546	0.02578940045115024	0.02307734126645766	2.3072181455958353e-186	0.829465304158114	0.05070836989036064
directional_pleiotropy	447	diagonal	0.5	0.0	0.710152760148737	0.007175454287471143	0.024888980924272754	0.022249239376692178	4.589689887358303e-179	0.7470713984674611	0.1716303327045666
directional_pleiotropy	448	diagonal	0.5	0.0	0.6695520577870098	0.010202166221268568	0.025290285738272147	0.022626087052509	1.8974941084252112e-154	0.6520595985052797	0.5929047548583463
directional_pleiotropy	449	diagonal	0.5	0.0	0.6844339814095939	0.009372272133144486	0.024941835971543546	0.02231792898171127	8.847692954163986e-166	0.6745266331617376	0.8747123113678734
directional_pleiotropy	450	diagonal	0.5	0.0	0.7409831202921615	-0.00427575449051904	0.024778085513801455	0.02215065952014988	1.7055909270614283e-196	0.8469350248688912	0.9806591451671015
directional_pleiotropy	451	diagonal	0.5	0.0	0.7448502092123234	0.014597577284989323	0.024707523391073544	0.022087539693417087	1.1850846705490107e-199	0.5086787021706	0.7853351993453492
directional_pleiotropy	452	diagonal	0.5	0.0	0.6923992828234813	-0.005957014049231179	0.025532776061752624	0.02283752132085427	6.031069324393467e-162	0.7942133641052576	0.2904925780793965
directional_pleiotropy	453	diagonal	0.5	0.0	0.6796297145413496	0.007668769431181956	0.023946993060072606	0.021429689882088855	3.5112574243865834e-177	0.7204501604386946	0.9053396106886992
directional_pleiotropy	454	diagonal	0.5	0.0	0.7568732589887452	0.025893212016665494	0.02601776487497586	0.023301964824960913	4.716026870786662e-186	0.2664810024435515	0.7414480105297965
directional_pleiotropy	455	diagonal	0.5	0.0	0.7606625759014813	-0.008089132381058572	0.02538371450647918	0.02271374515841676	2.6776865603448847e-197	0.7217403655199099	0.9770945391185698
directional_pleiotropy	456	diagonal	0.5	0.0	0.7140551447054463	0.02611186581896412	0.02611208994779574	0.023351448077342053	1.2125977643963138e-164	0.26347652689937334	0.061382487445382924
directional_pleiotropy	457	diagonal	0.5	0.0	0.6807029051621969	-0.0048675853411224105	0.02379880800546366	0.021272609056014666	6.273401805718494e-180	0.819009298706982	0.5633258942542875
directional_pleiotropy	458	diagonal	0.5	0.0	0.7336633893102859	0.0019196789135937943	0.026378276123437083	0.023579280711982308	3.0064419401089125e-170	0.9351128723835473	0.2689765624347459
directional_pleiotropy	459	diagonal	0.5	0.0	0.6739704536569653	0.013717176336684612	0.024763683112105965	0.02214711151181519	4.1905823408917706e-163	0.5356750223907105	0.7721595878958183
directional_pleiotropy	460	diagonal	0.5	0.0	0.6458840278471598	-0.021389388834574835	0.025584648257536275	0.022883048514801416	1.285735052754434e-140	0.34992933427178674	0.11320351293942371
directional_pleiotropy	461	diagonal	0.5	0.0	0.7247973720957545	-0.03957463694070807	0.025824368070594225	0.023079779542614948	2.5189184721702376e-173	0.08640231832958584	0.4548876126801911
directional_pleiotropy	462	diagonal	0.5	0.0	0.7042214582594369	-0.022343290133838418	0.02556235693745876	0.022848355110094518	4.529124785634194e-167	0.3281263034971651	0.1517850782306178
directional_pleiotropy	463	diagonal	0.5	0.0	0.7765464862328946	0.0004778040818337525	0.024494612157555558	0.02192132240824799	1.4239820317686319e-220	0.9826104324783261	0.8049165602148675
directional_pleiotropy	464	diagonal	0.5	0.0	0.7548880362669912	-0.005640934235055403	0.02428459548797505	0.02172469909274998	3.8347448269211394e-212	0.795129641009237	0.8922640992429491
directional_pleiotropy	465	diagonal	0.5	0.0	0.7884280915615919	-0.007169478444494989	0.025297250313740017	0.022622608933467507	3.0266291261621e-213	0.7513069482691856	0.8703412681507281
directional_pleiotropy	466	diagonal	0.5	0.0	0.6740426155433704	0.005613709574092531	0.026165882909741825	0.023379564960879937	2.467410049548854e-146	0.8102435817809407	0.34409177742968455
directional_pleiotropy	467	diagonal	0.5	0.0	0.6842247952985411	0.0013806149091598072	0.024058189447413704	0.02150093111267908	6.403362858351161e-178	0.9488015291309962	0.9711851630300319
directional_pleiotropy	468	diagonal	0.5	0.0	0.7492705238315142	0.014894605626350714	0.024029319450628216	0.02150210067817725	1.8976619908871486e-213	0.48849490569659554	0.8811066645540123
directional_pleiotropy	469	diagonal	0.5	0.0	0.6337401172167959	-0.0121656960543646	0.02451557509718221	0.02190787317174285	2.4011902851775475e-147	0.5786815473969449	0.020468283355524884
directional_pleiotropy	470	diagonal	0.5	0.0	0.7310741407262226	0.0066203127787771016	0.024206601018898766	0.021651513609450296	2.2678667350167443e-200	0.7597822523541118	0.8793214024384904
directional_pleiotropy	471	diagonal	0.5	0.0	0.7719338908450903	0.001004196611927883	0.026022536458551324	0.023273576205100947	2.2345803861505125e-193	0.9655839556031967	0.7912293593855144
directional_pleiotropy	472	diagonal	0.5	0.0	0.694162538865389	0.013517631458146105	0.025559779399779256	0.022872482428351094	2.015356164494097e-162	0.5545205866740078	0.8614103986972624
directional_pleiotropy	473	diagonal	0.5	0.0	0.7106207272546211	0.009020359223426661	0.025332077424018492	0.02266876493293844	3.754233322666684e-173	0.6906890177266447	0.046277988816229756
directional_pleiotropy	474	diagonal	0.5	0.0	0.7196202621067874	0.01174593209010054	0.026075270338976414	0.023302903393356944	1.1822456604793267e-167	0.6142231164104741	0.8355594708560802
directional_pleiotropy	475	diagonal	0.5	0.0	0.6989782183858364	0.032318333789991126	0.02490143977182284	0.022251261871128594	2.2907465162467145e-173	0.146382910089408	0.6657072384656653
directional_pleiotropy	476	diagonal	0.5	0.0	0.7564966505745211	0.01044475577761049	0.02523099364325273	0.022566003122303214	1.643161351815542e-197	0.6434693085141796	0.7643493105052882
directional_pleiotropy	477	diagonal	0.5	0.0	0.6773896156716596	-0.009117843025484193	0.024667293572846992	0.022035572285517446	5.128410643353098e-166	0.6790364314204433	0.11975951516357775
directional_pleiotropy	478	diagonal	0.5	0.0	0.7376731027015636	-0.012949388387559893	0.02590693675059138	0.023166826798068977	2.4618482940306943e-178	0.5761872848176353	0.8858647635873944
directional_pleiotropy	479	diagonal	0.5	0.0	0.685975198895923	0.022467574454549555	0.024420998810203987	0.021854525172094047	1.3138700592355937e-173	0.3039256660801194	0.9627496366136765
directional_pleiotropy	480	diagonal	0.5	0.0	0.7480574660464991	0.005953485583443004	0.025642149650561226	0.0229702923286832	4.2731075117857594e-187	0.7954948429016144	0.27284189397176134
directional_pleiotropy	481	diagonal	0.5	0.0	0.7219122438255406	0.009666044911348023	0.026603107240803826	0.023798341566278778	3.6655708836914423e-162	0.6846216309660671	0.7540582890233694
directional_pleiotropy	482	diagonal	0.5	0.0	0.7102955986514448	-0.01965780534178434	0.02575100568060117	0.023006413641682398	1.7690612875657126e-167	0.3928562989925829	0.9335590854375617
directional_pleiotropy	483	diagonal	0.5	0.0	0.6849670961091917	0.003157814817395932	0.02443667835115845	0.021849267498765573	6.947583094160398e-173	0.8850841301476008	0.7274458957235072
directional_pleiotropy	484	diagonal	0.5	0.0	0.73744807017464	-0.0026543741331704436	0.02480148782207563	0.022194806540144305	2.790335785455755e-194	0.9048044716747232	0.4829747913029668
directional_pleiotropy	485	diagonal	0.5	0.0	0.6579616702276446	0.010101534847127	0.02429693566055106	0.021733847630074347	1.6927016571086423e-161	0.6420864694519005	0.35649163593963923
directional_pleiotropy	486	diagonal	0.5	0.0	0.6434022928243515	0.005421415281779302	0.025726497250041398	0.02301469468903317	4.840310123091062e-138	0.8137716268444934	0.8522614548273263
directional_pleiotropy	487	diagonal	0.5	0.0	0.6671766894206556	0.00843367466784423	0.024374834167331896	0.021811041431750184	5.985741423939226e-165	0.6990005529208005	0.8705782098281771
directional_pleiotropy	488	diagonal	0.5	0.0	0.7190373488170572	0.005173292491089275	0.02528243324559907	0.022605967295860837	6.442740364801966e-178	0.8189883615341178	0.7355548964009909
directional_pleiotropy	489	diagonal	0.5	0.0	0.7476901085641674	0.016737831432524608	0.02651757596678804	0.023706243823138236	6.542939993003592e-175	0.48015604772400283	0.7429325904886722
directional_pleiotropy	490	diagonal	0.5	0.0	0.6837791135488067	0.017790308996608	0.02442692101332705	0.021860734223735113	1.9854061001809015e-172	0.41575839536108783	0.2657096693468936
directional_pleiotropy	491	diagonal	0.5	0.0	0.712620361382898	0.01194791845115655	0.025273473169076716	0.022597138352926597	6.477487323450368e-175	0.5969886644341236	0.999788231185202
directional_pleiotropy	492	diagonal	0.5	0.0	0.76071903752507	0.001311813242068382	0.02495343095156738	0.022297704583853294	4.050734722373368e-204	0.9530861101042024	0.9932606940449947
directional_pleiotropy	493	diagonal	0.5	0.0	0.7289144139746998	0.0025420127160606766	0.02487537911818373	0.022243518821429536	9.596878416607378e-189	0.9090150029340938	0.7794281500410598
directional_pleiotropy	494	diagonal	0.5	0.0	0.7408037644313683	-0.0016013983208926972	0.024150279688863976	0.021594454309229922	1.2363075232843567e-206	0.9408847836460376	0.4121052352102023
directional_pleiotropy	495	diagonal	0.5	0.0	0.7004167480620057	0.009086837546857629	0.02525095949972945	0.022607422838027132	2.4168672199945076e-169	0.6877278578843575	0.03500031093267406
directional_pleiotropy	496	diagonal	0.5	0.0	0.7543579601171742	0.014033542765485501	0.02586044215346278	0.023146837354003708	4.612868799851864e-187	0.5443265936786766	0.3698624314775401
directional_pleiotropy	497	diagonal	0.5	0.0	0.6484175069774092	-0.023303097116626547	0.025266357849446714	0.022593827263646785	3.006011473438385e-145	0.3023569390274945	0.9456930926873551
directional_pleiotropy	498	diagonal	0.5	0.0	0.6759017111162529	-0.004000281152607479	0.02373848480359777	0.021218901428048945	2.5429087003635826e-178	0.8504655718172259	0.9436498016387871
directional_pleiotropy	499	diagonal	0.5	0.0	0.6716526191740737	-0.0170330104075279	0.02465587353935157	0.022057872383804442	2.1197426317294482e-163	0.43999809297270115	0.9689017137932899
directional_pleiotropy	500	diagonal	0.5	0.0	0.6568056659205068	-0.0013022886661926596	0.02427269329056895	0.02171452602334823	2.9569730603849915e-161	0.9521770142542022	0.8540657004365841
