run	biosample	sample_name	genotype_id	environment	replicate_flag	library_strategy	library_layout	platform	spots	bases	download_path
SRR11933488	SAMN15144741	05W002_WS1	05W002	WS1		RNA-Seq	PAIRED	ILLUMINA	36702826	1802152191	https://sra-downloadb.be-md.ncbi.nlm.nih.gov/sos9/sra-pub-zq-924/SRR011/11933/SRR11933488/SRR11933488.lite.1
SRR11933487	SAMN15144742	05W002_WS2	05W002	WS2		RNA-Seq	PAIRED	ILLUMINA	39798356	2026658629	https://sra-downloadb.be-md.ncbi.nlm.nih.gov/sos9/sra-pub-zq-924/SRR011/11933/SRR11933487/SRR11933487.lite.1
SRR11932937	SAMN15144743	05W002_WW	05W002	WW		RNA-Seq	PAIRED	ILLUMINA	21739040	1084596215	https://sra-downloadb.be-md.ncbi.nlm.nih.gov/sos9/sra-pub-zq-922/SRR011/11932/SRR11932937/SRR11932937.lite.1
SRR11933219	SAMN15144744	05WN230_WS1	05WN230	WS1		RNA-Seq	PAIRED	ILLUMINA	37265774	1896530663	https://sra-downloadb.be-md.ncbi.nlm.nih.gov/sos9/sra-pub-zq-922/SRR011/11933/SRR11933219/SRR11933219.lite.1
SRR11933108	SAMN15144745	05WN230_WS2	05WN230	WS2		RNA-Seq	PAIRED	ILLUMINA	32623484	1634871246	https://sra-downloadb.be-md.ncbi.nlm.nih.gov/sos9/sra-pub-zq-924/SRR011/11933/SRR11933108/SRR11933108.lite.1
SRR11933403	SAMN15144746	05WN230_WW	05WN230	WW		RNA-Seq	PAIRED	ILLUMINA	33952993	1725165054	https://sra-downloadb.be-md.ncbi.nlm.nih.gov/sos9/sra-pub-zq-922/SRR011/11933/SRR11933403/SRR11933403.lite.1
SRR11933292	SAMN15144747	07KS4_WS1	07KS4	WS1		RNA-Seq	PAIRED	ILLUMINA	59575581	3035399899	https://sra-downloadb.be-md.ncbi.nlm.nih.gov/sos9/sra-pub-zq-924/SRR011/11933/SRR11933292/SRR11933292.lite.1
SRR11932925	SAMN15144748	07KS4_WS2	07KS4	WS2		RNA-Seq	PAIRED	ILLUMINA	41410724	2044067968	https://sra-downloadb.be-md.ncbi.nlm.nih.gov/sos9/sra-pub-zq-924/SRR011/11932/SRR11932925/SRR11932925.lite.1
SRR11932914	SAMN15144749	07KS4_WW	07KS4	WW		RNA-Seq	PAIRED	ILLUMINA	101583177	4619108721	https://sra-downloadb.be-md.ncbi.nlm.nih.gov/sos9/sra-pub-zq-922/SRR011/11932/SRR11932914/SRR11932914.lite.1
SRR11932879	SAMN15144750	1462_WS1	1462	WS1		RNA-Seq	PAIRED	ILLUMINA	47931295	2438080962	https://sra-downloadb.be-md.ncbi.nlm.nih.gov/sos9/sra-pub-zq-922/SRR011/11932/SRR11932879/SRR11932879.lite.1
SRR11933486	SAMN15144751	1462_WS2	1462	WS2		RNA-Seq	PAIRED	ILLUMINA	44512839	2230058534	https://sra-downloadb.be-md.ncbi.nlm.nih.gov/sos9/sra-pub-zq-924/SRR011/11933/SRR11933486/SRR11933486.lite.1
SRR11933475	SAMN15144752	1462_WW	1462	WW		RNA-Seq	PAIRED	ILLUMINA	36324069	1848462293	https://sra-downloadb.be-md.ncbi.nlm.nih.gov/sos9/sra-pub-zq-922/SRR011/11933/SRR11933475/SRR11933475.lite.1
SRR11933272	SAMN15144753	238_WS1	238	WS1		RNA-Seq	PAIRED	ILLUMINA	66833762	3371737261	https://sra-downloadb.be-md.ncbi.nlm.nih.gov/sos9/sra-pub-zq-924/SRR011/11933/SRR11933272/SRR11933272.lite.1
SRR11933261	SAMN15144754	238_WS2	238	WS2		RNA-Seq	PAIRED	ILLUMINA	95555628	4857949948	https://sra-downloadb.be-md.ncbi.nlm.nih.gov/sos9/sra-pub-zq-922/SRR011/11933/SRR11933261/SRR11933261.lite.1
SRR11933250	SAMN15144755	268_WS1	268	WS1		RNA-Seq	PAIRED	ILLUMINA	35239546	1793207859	https://sra-downloadb.be-md.ncbi.nlm.nih.gov/sos9/sra-pub-zq-924/SRR011/11933/SRR11933250/SRR11933250.lite.1
SRR11933040	SAMN15144756	268_WS2	268	WS2		RNA-Seq	PAIRED	ILLUMINA	38300226	1916579118	https://sra-downloadb.be-md.ncbi.nlm.nih.gov/sos9/sra-pub-zq-924/SRR011/11933/SRR11933040/SRR11933040.lite.1
SRR11933029	SAMN15144757	268_WW	268	WW		RNA-Seq	PAIRED	ILLUMINA	32505922	1654151465	https://sra-downloadb.be-md.ncbi.nlm.nih.gov/sos9/sra-pub-zq-922/SRR011/11933/SRR11933029/SRR11933029.lite.1
SRR11932994	SAMN15144758	303WX_WS2	303WX	WS2		RNA-Seq	PAIRED	ILLUMINA	66859651	3379742748	https://sra-downloadb.be-md.ncbi.nlm.nih.gov/sos9/sra-pub-zq-922/SRR011/11932/SRR11932994/SRR11932994.lite.1
SRR11932983	SAMN15144759	303WX_WW	303WX	WW		RNA-Seq	PAIRED	ILLUMINA	69283186	3499211347	https://sra-downloadb.be-md.ncbi.nlm.nih.gov/sos9/sra-pub-zq-922/SRR011/11932/SRR11932983/SRR11932983.lite.1
SRR11932948	SAMN15144760	4019_WS1	4019	WS1		RNA-Seq	PAIRED	ILLUMINA	65727556	3343757198	https://sra-downloadb.be-md.ncbi.nlm.nih.gov/sos9/sra-pub-zq-922/SRR011/11932/SRR11932948/SRR11932948.lite.1
SRR11932936	SAMN15144761	4019_WS2	4019	WS2		RNA-Seq	PAIRED	ILLUMINA	46256260	2315356893	https://sra-downloadb.be-md.ncbi.nlm.nih.gov/sos9/sra-pub-zq-922/SRR011/11932/SRR11932936/SRR11932936.lite.1
SRR11932901	SAMN15144762	4019_WW	4019	WW		RNA-Seq	PAIRED	ILLUMINA	78835800	3995889067	https://sra-downloadb.be-md.ncbi.nlm.nih.gov/sos9/sra-pub-zq-922/SRR011/11932/SRR11932901/SRR11932901.lite.1
SRR11932890	SAMN15144763	4F1_WS2	4F1	WS2		RNA-Seq	PAIRED	ILLUMINA	52865703	2588791417	https://sra-downloadb.be-md.ncbi.nlm.nih.gov/sos9/sra-pub-zq-922/SRR011/11932/SRR11932890/SRR11932890.lite.1
SRR11932866	SAMN15144764	4F1_WW	4F1	WW		RNA-Seq	PAIRED	ILLUMINA	97708396	4435270613	https://sra-downloadb.be-md.ncbi.nlm.nih.gov/sos9/sra-pub-zq-922/SRR011/11932/SRR11932866/SRR11932866.lite.1
SRR11932855	SAMN15144765	5237_WS1	5237	WS1		RNA-Seq	PAIRED	ILLUMINA	30425189	1546401672	https://sra-downloadb.be-md.ncbi.nlm.nih.gov/sos9/sra-pub-zq-924/SRR011/11932/SRR11932855/SRR11932855.lite.1
SRR11932844	SAMN15144766	5237_WS2	5237	WS2		RNA-Seq	PAIRED	ILLUMINA	37615619	1886992128	https://sra-downloadb.be-md.ncbi.nlm.nih.gov/sos9/sra-pub-zq-922/SRR011/11932/SRR11932844/SRR11932844.lite.1
SRR11932833	SAMN15144767	5237_WW	5237	WW		RNA-Seq	PAIRED	ILLUMINA	29080732	1475842419	https://sra-downloadb.be-md.ncbi.nlm.nih.gov/sos9/sra-pub-zq-922/SRR011/11932/SRR11932833/SRR11932833.lite.1
SRR11932822	SAMN15144768	647_WS1	647	WS1		RNA-Seq	PAIRED	ILLUMINA	49168683	2503750667	https://sra-downloadb.be-md.ncbi.nlm.nih.gov/sos9/sra-pub-zq-922/SRR011/11932/SRR11932822/SRR11932822.lite.1
SRR11932811	SAMN15144769	647_WS2	647	WS2		RNA-Seq	PAIRED	ILLUMINA	56732804	2888728326	https://sra-downloadb.be-md.ncbi.nlm.nih.gov/sos9/sra-pub-zq-922/SRR011/11932/SRR11932811/SRR11932811.lite.1
SRR11933230	SAMN15144770	647_WW	647	WW		RNA-Seq	PAIRED	ILLUMINA	33680230	1715150601	https://sra-downloadb.be-md.ncbi.nlm.nih.gov/sos9/sra-pub-zq-922/SRR011/11933/SRR11933230/SRR11933230.lite.1
SRR11933218	SAMN15144771	7381_WS1	7381	WS1		RNA-Seq	PAIRED	ILLUMINA	50087121	2550040086	https://sra-downloadb.be-md.ncbi.nlm.nih.gov/sos9/sra-pub-zq-924/SRR011/11933/SRR11933218/SRR11933218.lite.1
SRR11933207	SAMN15144772	7381_WS2	7381	WS2		RNA-Seq	PAIRED	ILLUMINA	37869900	1656472326	https://sra-downloadb.be-md.ncbi.nlm.nih.gov/sos9/sra-pub-zq-924/SRR011/11933/SRR11933207/SRR11933207.lite.1
SRR11933196	SAMN15144773	7884-4HT_WS1	7884-4HT	WS1		RNA-Seq	PAIRED	ILLUMINA	48391988	2461779224	https://sra-downloadb.be-md.ncbi.nlm.nih.gov/sos9/sra-pub-zq-922/SRR011/11933/SRR11933196/SRR11933196.lite.1
SRR11933185	SAMN15144774	7884-4HT_WS1_REP	7884-4HT	WS1	REP	RNA-Seq	PAIRED	ILLUMINA	44562389	2269763593	https://sra-downloadb.be-md.ncbi.nlm.nih.gov/sos9/sra-pub-zq-924/SRR011/11933/SRR11933185/SRR11933185.lite.1
SRR11933174	SAMN15144775	7884-4HT_WS2	7884-4HT	WS2		RNA-Seq	PAIRED	ILLUMINA	41428166	2066187570	https://sra-downloadb.be-md.ncbi.nlm.nih.gov/sos9/sra-pub-zq-922/SRR011/11933/SRR11933174/SRR11933174.lite.1
SRR11933163	SAMN15144776	7884-4HT_WS2_REP	7884-4HT	WS2	REP	RNA-Seq	PAIRED	ILLUMINA	26776252	1178666168	https://sra-downloadb.be-md.ncbi.nlm.nih.gov/sos9/sra-pub-zq-922/SRR011/11933/SRR11933163/SRR11933163.lite.1
SRR11933152	SAMN15144777	7884-4HT_WW	7884-4HT	WW		RNA-Seq	PAIRED	ILLUMINA	37052713	1884343027	https://sra-downloadb.be-md.ncbi.nlm.nih.gov/sos9/sra-pub-zq-922/SRR011/11933/SRR11933152/SRR11933152.lite.1
SRR11933141	SAMN15144778	835B_WS1	835B	WS1		RNA-Seq	PAIRED	ILLUMINA	29035819	1477972505	https://sra-downloadb.be-md.ncbi.nlm.nih.gov/sos9/sra-pub-zq-922/SRR011/11933/SRR11933141/SRR11933141.lite.1
SRR11933130	SAMN15144779	835B_WS2	835B	WS2		RNA-Seq	PAIRED	ILLUMINA	33181862	1665211561	https://sra-downloadb.be-md.ncbi.nlm.nih.gov/sos9/sra-pub-zq-922/SRR011/11933/SRR11933130/SRR11933130.lite.1
SRR11933119	SAMN15144780	835B_WW	835B	WW		RNA-Seq	PAIRED	ILLUMINA	26571311	1352376579	https://sra-downloadb.be-md.ncbi.nlm.nih.gov/sos9/sra-pub-zq-922/SRR011/11933/SRR11933119/SRR11933119.lite.1
SRR11933107	SAMN15144781	8902_WS1	8902	WS1		RNA-Seq	PAIRED	ILLUMINA	89934786	4576534222	https://sra-downloadb.be-md.ncbi.nlm.nih.gov/sos9/sra-pub-zq-924/SRR011/11933/SRR11933107/SRR11933107.lite.1
SRR11933096	SAMN15144782	8902_WS2	8902	WS2		RNA-Seq	PAIRED	ILLUMINA	56595030	2818255403	https://sra-downloadb.be-md.ncbi.nlm.nih.gov/sos9/sra-pub-zq-922/SRR011/11933/SRR11933096/SRR11933096.lite.1
SRR11933085	SAMN15144783	8902_WW	8902	WW		RNA-Seq	PAIRED	ILLUMINA	38214073	1944504492	https://sra-downloadb.be-md.ncbi.nlm.nih.gov/sos9/sra-pub-zq-922/SRR011/11933/SRR11933085/SRR11933085.lite.1
SRR11933074	SAMN15144784	A188_WS1	A188	WS1		RNA-Seq	PAIRED	ILLUMINA	52557770	2393888614	https://sra-downloadb.be-md.ncbi.nlm.nih.gov/sos9/sra-pub-zq-922/SRR011/11933/SRR11933074/SRR11933074.lite.1
SRR11933063	SAMN15144785	A188_WS1_REP	A188	WS1	REP	RNA-Seq	PAIRED	ILLUMINA	49299100	2489838950	https://sra-downloadb.be-md.ncbi.nlm.nih.gov/sos9/sra-pub-zq-922/SRR011/11933/SRR11933063/SRR11933063.lite.1
SRR11933458	SAMN15144786	A188_WS2	A188	WS2		RNA-Seq	PAIRED	ILLUMINA	54868212	2435208051	https://sra-downloadb.be-md.ncbi.nlm.nih.gov/sos9/sra-pub-zq-924/SRR011/11933/SRR11933458/SRR11933458.lite.1
SRR11933447	SAMN15144787	A188_WS2_REP	A188	WS2	REP	RNA-Seq	PAIRED	ILLUMINA	53380885	2631798158	https://sra-downloadb.be-md.ncbi.nlm.nih.gov/sos9/sra-pub-zq-922/SRR011/11933/SRR11933447/SRR11933447.lite.1
SRR11933436	SAMN15144788	A188_WW	A188	WW		RNA-Seq	PAIRED	ILLUMINA	55448696	2662482838	https://sra-downloadb.be-md.ncbi.nlm.nih.gov/sos9/sra-pub-zq-922/SRR011/11933/SRR11933436/SRR11933436.lite.1
SRR11933425	SAMN15144789	A188_WW_REP	A188	WW	REP	RNA-Seq	PAIRED	ILLUMINA	45993161	2341345499	https://sra-downloadb.be-md.ncbi.nlm.nih.gov/sos9/sra-pub-zq-922/SRR011/11933/SRR11933425/SRR11933425.lite.1
SRR11933358	SAMN15144795	B113_WS1	B113	WS1		RNA-Seq	PAIRED	ILLUMINA	32010748	1629048826	https://sra-downloadb.be-md.ncbi.nlm.nih.gov/sos9/sra-pub-zq-922/SRR011/11933/SRR11933358/SRR11933358.lite.1
SRR11933347	SAMN15144796	B113_WS2	B113	WS2		RNA-Seq	PAIRED	ILLUMINA	43940766	2203109600	https://sra-downloadb.be-md.ncbi.nlm.nih.gov/sos9/sra-pub-zq-924/SRR011/11933/SRR11933347/SRR11933347.lite.1
SRR11933336	SAMN15144797	B113_WW	B113	WW		RNA-Seq	PAIRED	ILLUMINA	47357874	2409145344	https://sra-downloadb.be-md.ncbi.nlm.nih.gov/sos9/sra-pub-zq-924/SRR011/11933/SRR11933336/SRR11933336.lite.1
SRR11933325	SAMN15144798	B114_WS1	B114	WS1		RNA-Seq	PAIRED	ILLUMINA	39476188	2009865652	https://sra-downloadb.be-md.ncbi.nlm.nih.gov/sos9/sra-pub-zq-922/SRR011/11933/SRR11933325/SRR11933325.lite.1
SRR11933314	SAMN15144799	B114_WS2	B114	WS2		RNA-Seq	PAIRED	ILLUMINA	43607616	1918268451	https://sra-downloadb.be-md.ncbi.nlm.nih.gov/sos9/sra-pub-zq-924/SRR011/11933/SRR11933314/SRR11933314.lite.1
SRR11933303	SAMN15144800	B114_WW	B114	WW		RNA-Seq	PAIRED	ILLUMINA	50496676	2566211495	https://sra-downloadb.be-md.ncbi.nlm.nih.gov/sos9/sra-pub-zq-924/SRR011/11933/SRR11933303/SRR11933303.lite.1
SRR11933414	SAMN15144790	B11_WS1	B11	WS1		RNA-Seq	PAIRED	ILLUMINA	29702734	1456962174	https://sra-downloadb.be-md.ncbi.nlm.nih.gov/sos9/sra-pub-zq-924/SRR011/11933/SRR11933414/SRR11933414.lite.1
SRR11933402	SAMN15144791	B11_WS1_REP	B11	WS1	REP	RNA-Seq	PAIRED	ILLUMINA	53744967	2731850673	https://sra-downloadb.be-md.ncbi.nlm.nih.gov/sos9/sra-pub-zq-922/SRR011/11933/SRR11933402/SRR11933402.lite.1
SRR11933391	SAMN15144792	B11_WS2	B11	WS2		RNA-Seq	PAIRED	ILLUMINA	68502085	3483172211	https://sra-downloadb.be-md.ncbi.nlm.nih.gov/sos9/sra-pub-zq-924/SRR011/11933/SRR11933391/SRR11933391.lite.1
SRR11933380	SAMN15144793	B11_WW	B11	WW		RNA-Seq	PAIRED	ILLUMINA	47734120	2379855560	https://sra-downloadb.be-md.ncbi.nlm.nih.gov/sos9/sra-pub-zq-922/SRR011/11933/SRR11933380/SRR11933380.lite.1
SRR11933369	SAMN15144794	B11_WW_REP	B11	WW	REP	RNA-Seq	PAIRED	ILLUMINA	62852235	3193439135	https://sra-downloadb.be-md.ncbi.nlm.nih.gov/sos9/sra-pub-zq-924/SRR011/11933/SRR11933369/SRR11933369.lite.1
SRR11933291	SAMN15144801	B73_WS1	B73	WS1		RNA-Seq	PAIRED	ILLUMINA	95049925	4681718619	https://sra-downloadb.be-md.ncbi.nlm.nih.gov/sos9/sra-pub-zq-924/SRR011/11933/SRR11933291/SRR11933291.lite.1
SRR11933280	SAMN15144802	B73_WS2	B73	WS2		RNA-Seq	PAIRED	ILLUMINA	54465461	2698534629	https://sra-downloadb.be-md.ncbi.nlm.nih.gov/sos9/sra-pub-zq-924/SRR011/11933/SRR11933280/SRR11933280.lite.1
SRR11933245	SAMN15144803	B73_WW	B73	WW		RNA-Seq	PAIRED	ILLUMINA	42524303	2130675050	https://sra-downloadb.be-md.ncbi.nlm.nih.gov/sos9/sra-pub-zq-922/SRR011/11933/SRR11933245/SRR11933245.lite.1
SRR11933234	SAMN15144804	BY4944_WS1	BY4944	WS1		RNA-Seq	PAIRED	ILLUMINA	57932736	2947565071	https://sra-downloadb.be-md.ncbi.nlm.nih.gov/sos9/sra-pub-zq-924/SRR011/11933/SRR11933234/SRR11933234.lite.1
SRR11933024	SAMN15144805	BY4944_WS2	BY4944	WS2		RNA-Seq	PAIRED	ILLUMINA	29834855	1493219213	https://sra-downloadb.be-md.ncbi.nlm.nih.gov/sos9/sra-pub-zq-924/SRR011/11933/SRR11933024/SRR11933024.lite.1
SRR11933013	SAMN15144806	BY4944_WW	BY4944	WW		RNA-Seq	PAIRED	ILLUMINA	36614231	1863185719	https://sra-downloadb.be-md.ncbi.nlm.nih.gov/sos9/sra-pub-zq-922/SRR011/11933/SRR11933013/SRR11933013.lite.1
SRR11933002	SAMN15144807	BY4960_WS1	BY4960	WS1		RNA-Seq	PAIRED	ILLUMINA	45544320	2316481111	https://sra-downloadb.be-md.ncbi.nlm.nih.gov/sos9/sra-pub-zq-922/SRR011/11933/SRR11933002/SRR11933002.lite.1
SRR11932967	SAMN15144808	BY4960_WS2	BY4960	WS2		RNA-Seq	PAIRED	ILLUMINA	53210287	2669794315	https://sra-downloadb.be-md.ncbi.nlm.nih.gov/sos9/sra-pub-zq-922/SRR011/11932/SRR11932967/SRR11932967.lite.1
SRR11932956	SAMN15144809	BY4960_WW	BY4960	WW		RNA-Seq	PAIRED	ILLUMINA	68121794	3464361829	https://sra-downloadb.be-md.ncbi.nlm.nih.gov/sos9/sra-pub-zq-922/SRR011/11932/SRR11932956/SRR11932956.lite.1
SRR11932926	SAMN15144810	BY804_WS1	BY804	WS1		RNA-Seq	PAIRED	ILLUMINA	90604630	4536112377	https://sra-downloadb.be-md.ncbi.nlm.nih.gov/sos9/sra-pub-zq-922/SRR011/11932/SRR11932926/SRR11932926.lite.1
SRR11932924	SAMN15144811	BY804_WS1_REP	BY804	WS1	REP	RNA-Seq	PAIRED	ILLUMINA	48623422	2457835678	https://sra-downloadb.be-md.ncbi.nlm.nih.gov/sos9/sra-pub-zq-922/SRR011/11932/SRR11932924/SRR11932924.lite.1
SRR11932923	SAMN15144812	BY804_WS2	BY804	WS2		RNA-Seq	PAIRED	ILLUMINA	94704964	4745743654	https://sra-downloadb.be-md.ncbi.nlm.nih.gov/sos9/sra-pub-zq-924/SRR011/11932/SRR11932923/SRR11932923.lite.1
SRR11932922	SAMN15144813	BY804_WS2_REP	BY804	WS2	REP	RNA-Seq	PAIRED	ILLUMINA	32512948	1601976604	https://sra-downloadb.be-md.ncbi.nlm.nih.gov/sos9/sra-pub-zq-922/SRR011/11932/SRR11932922/SRR11932922.lite.1
SRR11932921	SAMN15144814	BY804_WW	BY804	WW		RNA-Seq	PAIRED	ILLUMINA	68888933	3410625655	https://sra-downloadb.be-md.ncbi.nlm.nih.gov/sos9/sra-pub-zq-922/SRR011/11932/SRR11932921/SRR11932921.lite.1
SRR11932920	SAMN15144815	BY804_WW_REP	BY804	WW	REP	RNA-Seq	PAIRED	ILLUMINA	55573304	2807633506	https://sra-downloadb.be-md.ncbi.nlm.nih.gov/sos9/sra-pub-zq-922/SRR011/11932/SRR11932920/SRR11932920.lite.1
SRR11932919	SAMN15144816	BY809_WS1	BY809	WS1		RNA-Seq	PAIRED	ILLUMINA	58616446	2984842288	https://sra-downloadb.be-md.ncbi.nlm.nih.gov/sos9/sra-pub-zq-922/SRR011/11932/SRR11932919/SRR11932919.lite.1
SRR11932918	SAMN15144817	BY809_WS2	BY809	WS2		RNA-Seq	PAIRED	ILLUMINA	35828817	1574019560	https://sra-downloadb.be-md.ncbi.nlm.nih.gov/sos9/sra-pub-zq-922/SRR011/11932/SRR11932918/SRR11932918.lite.1
SRR11932917	SAMN15144818	BY809_WW	BY809	WW		RNA-Seq	PAIRED	ILLUMINA	41549853	2114858032	https://sra-downloadb.be-md.ncbi.nlm.nih.gov/sos9/sra-pub-zq-922/SRR011/11932/SRR11932917/SRR11932917.lite.1
SRR11932916	SAMN15144819	BY813_WS1	BY813	WS1		RNA-Seq	PAIRED	ILLUMINA	36612373	1794304004	https://sra-downloadb.be-md.ncbi.nlm.nih.gov/sos9/sra-pub-zq-924/SRR011/11932/SRR11932916/SRR11932916.lite.1
SRR11932915	SAMN15144820	BY813_WS1_REP	BY813	WS1	REP	RNA-Seq	PAIRED	ILLUMINA	81658395	4148137195	https://sra-downloadb.be-md.ncbi.nlm.nih.gov/sos9/sra-pub-zq-922/SRR011/11932/SRR11932915/SRR11932915.lite.1
SRR11932913	SAMN15144821	BY813_WS2	BY813	WS2		RNA-Seq	PAIRED	ILLUMINA	37392301	1903387650	https://sra-downloadb.be-md.ncbi.nlm.nih.gov/sos9/sra-pub-zq-924/SRR011/11932/SRR11932913/SRR11932913.lite.1
SRR11932912	SAMN15144822	BY813_WS2_REP	BY813	WS2	REP	RNA-Seq	PAIRED	ILLUMINA	69054754	3511716988	https://sra-downloadb.be-md.ncbi.nlm.nih.gov/sos9/sra-pub-zq-924/SRR011/11932/SRR11932912/SRR11932912.lite.1
SRR11932911	SAMN15144823	BY813_WW	BY813	WW		RNA-Seq	PAIRED	ILLUMINA	39556025	1971347015	https://sra-downloadb.be-md.ncbi.nlm.nih.gov/sos9/sra-pub-zq-922/SRR011/11932/SRR11932911/SRR11932911.lite.1
SRR11932910	SAMN15144824	BY813_WW_REP	BY813	WW	REP	RNA-Seq	PAIRED	ILLUMINA	36899863	1874340220	https://sra-downloadb.be-md.ncbi.nlm.nih.gov/sos9/sra-pub-zq-922/SRR011/11932/SRR11932910/SRR11932910.lite.1
SRR11932909	SAMN15144825	BY855_WS1	BY855	WS1		RNA-Seq	PAIRED	ILLUMINA	26124635	1329537792	https://sra-downloadb.be-md.ncbi.nlm.nih.gov/sos9/sra-pub-zq-922/SRR011/11932/SRR11932909/SRR11932909.lite.1
SRR11932908	SAMN15144826	BY855_WS2	BY855	WS2		RNA-Seq	PAIRED	ILLUMINA	68173195	3403181484	https://sra-downloadb.be-md.ncbi.nlm.nih.gov/sos9/sra-pub-zq-924/SRR011/11932/SRR11932908/SRR11932908.lite.1
SRR11932907	SAMN15144827	BY855_WW	BY855	WW		RNA-Seq	PAIRED	ILLUMINA	27941520	1422270358	https://sra-downloadb.be-md.ncbi.nlm.nih.gov/sos9/sra-pub-zq-924/SRR011/11932/SRR11932907/SRR11932907.lite.1
SRR11932906	SAMN15144828	CHANG72_WS1	CHANG72	WS1		RNA-Seq	PAIRED	ILLUMINA	42762420	2175444024	https://sra-downloadb.be-md.ncbi.nlm.nih.gov/sos9/sra-pub-zq-924/SRR011/11932/SRR11932906/SRR11932906.lite.1
SRR11932881	SAMN15144829	CHANG72_WS1_REP	CHANG72	WS1	REP	RNA-Seq	PAIRED	ILLUMINA	60450458	2987486757	https://sra-downloadb.be-md.ncbi.nlm.nih.gov/sos9/sra-pub-zq-924/SRR011/11932/SRR11932881/SRR11932881.lite.1
SRR11932880	SAMN15144830	CHANG72_WS2	CHANG72	WS2		RNA-Seq	PAIRED	ILLUMINA	37380513	1901203513	https://sra-downloadb.be-md.ncbi.nlm.nih.gov/sos9/sra-pub-zq-922/SRR011/11932/SRR11932880/SRR11932880.lite.1
SRR11932878	SAMN15144831	CHANG72_WS2_REP	CHANG72	WS2	REP	RNA-Seq	PAIRED	ILLUMINA	95777324	4740832432	https://sra-downloadb.be-md.ncbi.nlm.nih.gov/sos9/sra-pub-zq-924/SRR011/11932/SRR11932878/SRR11932878.lite.1
SRR11932877	SAMN15144832	CHANG72_WW	CHANG72	WW		RNA-Seq	PAIRED	ILLUMINA	42540859	2165489167	https://sra-downloadb.be-md.ncbi.nlm.nih.gov/sos9/sra-pub-zq-922/SRR011/11932/SRR11932877/SRR11932877.lite.1
SRR11932876	SAMN15144833	CHANG72_WW_REP	CHANG72	WW	REP	RNA-Seq	PAIRED	ILLUMINA	53171043	2687343296	https://sra-downloadb.be-md.ncbi.nlm.nih.gov/sos9/sra-pub-zq-922/SRR011/11932/SRR11932876/SRR11932876.lite.1
SRR11932875	SAMN15144834	CHUAN48-2_WS1	CHUAN48-2	WS1		RNA-Seq	PAIRED	ILLUMINA	47483759	2417653939	https://sra-downloadb.be-md.ncbi.nlm.nih.gov/sos9/sra-pub-zq-922/SRR011/11932/SRR11932875/SRR11932875.lite.1
SRR11932874	SAMN15144835	CHUAN48-2_WS2	CHUAN48-2	WS2		RNA-Seq	PAIRED	ILLUMINA	44305967	2255467780	https://sra-downloadb.be-md.ncbi.nlm.nih.gov/sos9/sra-pub-zq-922/SRR011/11932/SRR11932874/SRR11932874.lite.1
SRR11932873	SAMN15144836	CHUAN48-2_WW	CHUAN48-2	WW		RNA-Seq	PAIRED	ILLUMINA	34247791	1680988861	https://sra-downloadb.be-md.ncbi.nlm.nih.gov/sos9/sra-pub-zq-924/SRR011/11932/SRR11932873/SRR11932873.lite.1
SRR11932872	SAMN15144837	CI7_WS1	CI7	WS1		RNA-Seq	PAIRED	ILLUMINA	38033000	1776171346	https://sra-downloadb.be-md.ncbi.nlm.nih.gov/sos9/sra-pub-zq-924/SRR011/11932/SRR11932872/SRR11932872.lite.1
SRR11932871	SAMN15144838	CI7_WS2	CI7	WS2		RNA-Seq	PAIRED	ILLUMINA	40520342	1994031881	https://sra-downloadb.be-md.ncbi.nlm.nih.gov/sos9/sra-pub-zq-924/SRR011/11932/SRR11932871/SRR11932871.lite.1
SRR11932870	SAMN15144839	CI7_WW	CI7	WW		RNA-Seq	PAIRED	ILLUMINA	74660817	3399502406	https://sra-downloadb.be-md.ncbi.nlm.nih.gov/sos9/sra-pub-zq-922/SRR011/11932/SRR11932870/SRR11932870.lite.1
SRR11933480	SAMN15144846	CIMBL101_WS1	CIMBL101	WS1		RNA-Seq	PAIRED	ILLUMINA	59839581	2651253486	https://sra-downloadb.be-md.ncbi.nlm.nih.gov/sos9/sra-pub-zq-922/SRR011/11933/SRR11933480/SRR11933480.lite.1
SRR11933479	SAMN15144847	CIMBL101_WS2	CIMBL101	WS2		RNA-Seq	PAIRED	ILLUMINA	25875275	1318596179	https://sra-downloadb.be-md.ncbi.nlm.nih.gov/sos9/sra-pub-zq-924/SRR011/11933/SRR11933479/SRR11933479.lite.1
SRR11933478	SAMN15144848	CIMBL101_WW	CIMBL101	WW		RNA-Seq	PAIRED	ILLUMINA	64500096	2930207897	https://sra-downloadb.be-md.ncbi.nlm.nih.gov/sos9/sra-pub-zq-924/SRR011/11933/SRR11933478/SRR11933478.lite.1
SRR11933483	SAMN15144843	CIMBL10_WS1	CIMBL10	WS1		RNA-Seq	PAIRED	ILLUMINA	37981412	1932924785	https://sra-downloadb.be-md.ncbi.nlm.nih.gov/sos9/sra-pub-zq-922/SRR011/11933/SRR11933483/SRR11933483.lite.1
SRR11933482	SAMN15144844	CIMBL10_WS2	CIMBL10	WS2		RNA-Seq	PAIRED	ILLUMINA	45941312	2339736732	https://sra-downloadb.be-md.ncbi.nlm.nih.gov/sos9/sra-pub-zq-922/SRR011/11933/SRR11933482/SRR11933482.lite.1
SRR11933481	SAMN15144845	CIMBL10_WW	CIMBL10	WW		RNA-Seq	PAIRED	ILLUMINA	40901043	2082216631	https://sra-downloadb.be-md.ncbi.nlm.nih.gov/sos9/sra-pub-zq-924/SRR011/11933/SRR11933481/SRR11933481.lite.1
SRR11933477	SAMN15144849	CIMBL111_WS1	CIMBL111	WS1		RNA-Seq	PAIRED	ILLUMINA	55489608	2801522767	https://sra-downloadb.be-md.ncbi.nlm.nih.gov/sos9/sra-pub-zq-922/SRR011/11933/SRR11933477/SRR11933477.lite.1
SRR11933476	SAMN15144850	CIMBL111_WS2	CIMBL111	WS2		RNA-Seq	PAIRED	ILLUMINA	49959986	2537029049	https://sra-downloadb.be-md.ncbi.nlm.nih.gov/sos9/sra-pub-zq-924/SRR011/11933/SRR11933476/SRR11933476.lite.1
SRR11933474	SAMN15144851	CIMBL111_WW	CIMBL111	WW		RNA-Seq	PAIRED	ILLUMINA	37084345	1884837610	https://sra-downloadb.be-md.ncbi.nlm.nih.gov/sos9/sra-pub-zq-924/SRR011/11933/SRR11933474/SRR11933474.lite.1
SRR11933473	SAMN15144852	CIMBL114_WS1	CIMBL114	WS1		RNA-Seq	PAIRED	ILLUMINA	55965328	2709999468	https://sra-downloadb.be-md.ncbi.nlm.nih.gov/sos9/sra-pub-zq-922/SRR011/11933/SRR11933473/SRR11933473.lite.1
SRR11933472	SAMN15144853	CIMBL114_WS2	CIMBL114	WS2		RNA-Seq	PAIRED	ILLUMINA	35023602	1620417289	https://sra-downloadb.be-md.ncbi.nlm.nih.gov/sos9/sra-pub-zq-922/SRR011/11933/SRR11933472/SRR11933472.lite.1
SRR11933471	SAMN15144854	CIMBL114_WW	CIMBL114	WW		RNA-Seq	PAIRED	ILLUMINA	24371439	1242301536	https://sra-downloadb.be-md.ncbi.nlm.nih.gov/sos9/sra-pub-zq-922/SRR011/11933/SRR11933471/SRR11933471.lite.1
SRR11933470	SAMN15144855	CIMBL115_WS1	CIMBL115	WS1		RNA-Seq	PAIRED	ILLUMINA	31484553	1596644714	https://sra-downloadb.be-md.ncbi.nlm.nih.gov/sos9/sra-pub-zq-922/SRR011/11933/SRR11933470/SRR11933470.lite.1
SRR11933469	SAMN15144856	CIMBL115_WS2	CIMBL115	WS2		RNA-Seq	PAIRED	ILLUMINA	47014718	2386805770	https://sra-downloadb.be-md.ncbi.nlm.nih.gov/sos9/sra-pub-zq-922/SRR011/11933/SRR11933469/SRR11933469.lite.1
SRR11933468	SAMN15144857	CIMBL115_WW	CIMBL115	WW		RNA-Seq	PAIRED	ILLUMINA	41841416	2129420052	https://sra-downloadb.be-md.ncbi.nlm.nih.gov/sos9/sra-pub-zq-922/SRR011/11933/SRR11933468/SRR11933468.lite.1
SRR11933271	SAMN15144861	CIMBL121_WS1	CIMBL121	WS1		RNA-Seq	PAIRED	ILLUMINA	49106331	2498888080	https://sra-downloadb.be-md.ncbi.nlm.nih.gov/sos9/sra-pub-zq-922/SRR011/11933/SRR11933271/SRR11933271.lite.1
SRR11933270	SAMN15144862	CIMBL121_WS2	CIMBL121	WS2		RNA-Seq	PAIRED	ILLUMINA	20200505	905435610	https://sra-downloadb.be-md.ncbi.nlm.nih.gov/sos9/sra-pub-zq-922/SRR011/11933/SRR11933270/SRR11933270.lite.1
SRR11933269	SAMN15144863	CIMBL121_WW	CIMBL121	WW		RNA-Seq	PAIRED	ILLUMINA	68290571	3476735210	https://sra-downloadb.be-md.ncbi.nlm.nih.gov/sos9/sra-pub-zq-922/SRR011/11933/SRR11933269/SRR11933269.lite.1
SRR11933268	SAMN15144864	CIMBL122_WS1	CIMBL122	WS1		RNA-Seq	PAIRED	ILLUMINA	46722278	2379086253	https://sra-downloadb.be-md.ncbi.nlm.nih.gov/sos9/sra-pub-zq-924/SRR011/11933/SRR11933268/SRR11933268.lite.1
SRR11933267	SAMN15144865	CIMBL122_WS2	CIMBL122	WS2		RNA-Seq	PAIRED	ILLUMINA	20758839	934241677	https://sra-downloadb.be-md.ncbi.nlm.nih.gov/sos9/sra-pub-zq-922/SRR011/11933/SRR11933267/SRR11933267.lite.1
SRR11933266	SAMN15144866	CIMBL122_WW	CIMBL122	WW		RNA-Seq	PAIRED	ILLUMINA	31012141	1578522798	https://sra-downloadb.be-md.ncbi.nlm.nih.gov/sos9/sra-pub-zq-922/SRR011/11933/SRR11933266/SRR11933266.lite.1
SRR11933265	SAMN15144867	CIMBL123_WS1	CIMBL123	WS1		RNA-Seq	PAIRED	ILLUMINA	54067992	2753228192	https://sra-downloadb.be-md.ncbi.nlm.nih.gov/sos9/sra-pub-zq-924/SRR011/11933/SRR11933265/SRR11933265.lite.1
SRR11933264	SAMN15144868	CIMBL123_WS2	CIMBL123	WS2		RNA-Seq	PAIRED	ILLUMINA	19029817	858588285	https://sra-downloadb.be-md.ncbi.nlm.nih.gov/sos9/sra-pub-zq-922/SRR011/11933/SRR11933264/SRR11933264.lite.1
SRR11933263	SAMN15144869	CIMBL123_WW	CIMBL123	WW		RNA-Seq	PAIRED	ILLUMINA	31060146	1581347076	https://sra-downloadb.be-md.ncbi.nlm.nih.gov/sos9/sra-pub-zq-924/SRR011/11933/SRR11933263/SRR11933263.lite.1
SRR11933262	SAMN15144870	CIMBL125_WS1	CIMBL125	WS1		RNA-Seq	PAIRED	ILLUMINA	39775525	2025039272	https://sra-downloadb.be-md.ncbi.nlm.nih.gov/sos9/sra-pub-zq-922/SRR011/11933/SRR11933262/SRR11933262.lite.1
SRR11933260	SAMN15144871	CIMBL125_WS2	CIMBL125	WS2		RNA-Seq	PAIRED	ILLUMINA	38465723	1959108146	https://sra-downloadb.be-md.ncbi.nlm.nih.gov/sos9/sra-pub-zq-922/SRR011/11933/SRR11933260/SRR11933260.lite.1
SRR11933259	SAMN15144872	CIMBL125_WW	CIMBL125	WW		RNA-Seq	PAIRED	ILLUMINA	45844544	2332510781	https://sra-downloadb.be-md.ncbi.nlm.nih.gov/sos9/sra-pub-zq-922/SRR011/11933/SRR11933259/SRR11933259.lite.1
SRR11933258	SAMN15144873	CIMBL127_WS1	CIMBL127	WS1		RNA-Seq	PAIRED	ILLUMINA	63001131	3207936208	https://sra-downloadb.be-md.ncbi.nlm.nih.gov/sos9/sra-pub-zq-922/SRR011/11933/SRR11933258/SRR11933258.lite.1
SRR11933257	SAMN15144874	CIMBL127_WS2	CIMBL127	WS2		RNA-Seq	PAIRED	ILLUMINA	45236269	2300998367	https://sra-downloadb.be-md.ncbi.nlm.nih.gov/sos9/sra-pub-zq-922/SRR011/11933/SRR11933257/SRR11933257.lite.1
SRR11933256	SAMN15144875	CIMBL127_WW	CIMBL127	WW		RNA-Seq	PAIRED	ILLUMINA	38536504	1961832729	https://sra-downloadb.be-md.ncbi.nlm.nih.gov/sos9/sra-pub-zq-922/SRR011/11933/SRR11933256/SRR11933256.lite.1
SRR11933255	SAMN15144876	CIMBL129_WS1	CIMBL129	WS1		RNA-Seq	PAIRED	ILLUMINA	52080422	2651841379	https://sra-downloadb.be-md.ncbi.nlm.nih.gov/sos9/sra-pub-zq-922/SRR011/11933/SRR11933255/SRR11933255.lite.1
SRR11933254	SAMN15144877	CIMBL129_WS2	CIMBL129	WS2		RNA-Seq	PAIRED	ILLUMINA	49127573	2502417066	https://sra-downloadb.be-md.ncbi.nlm.nih.gov/sos9/sra-pub-zq-922/SRR011/11933/SRR11933254/SRR11933254.lite.1
SRR11933253	SAMN15144878	CIMBL129_WW	CIMBL129	WW		RNA-Seq	PAIRED	ILLUMINA	43709422	2222147024	https://sra-downloadb.be-md.ncbi.nlm.nih.gov/sos9/sra-pub-zq-922/SRR011/11933/SRR11933253/SRR11933253.lite.1
SRR11933467	SAMN15144858	CIMBL12_WS1	CIMBL12	WS1		RNA-Seq	PAIRED	ILLUMINA	30445493	1549332230	https://sra-downloadb.be-md.ncbi.nlm.nih.gov/sos9/sra-pub-zq-924/SRR011/11933/SRR11933467/SRR11933467.lite.1
SRR11933466	SAMN15144859	CIMBL12_WS2	CIMBL12	WS2		RNA-Seq	PAIRED	ILLUMINA	53140349	2704245052	https://sra-downloadb.be-md.ncbi.nlm.nih.gov/sos9/sra-pub-zq-922/SRR011/11933/SRR11933466/SRR11933466.lite.1
SRR11933465	SAMN15144860	CIMBL12_WW	CIMBL12	WW		RNA-Seq	PAIRED	ILLUMINA	28790007	1465155093	https://sra-downloadb.be-md.ncbi.nlm.nih.gov/sos9/sra-pub-zq-922/SRR011/11933/SRR11933465/SRR11933465.lite.1
SRR11933252	SAMN15144879	CIMBL133_WS1	CIMBL133	WS1		RNA-Seq	PAIRED	ILLUMINA	32780904	1607467646	https://sra-downloadb.be-md.ncbi.nlm.nih.gov/sos9/sra-pub-zq-924/SRR011/11933/SRR11933252/SRR11933252.lite.1
SRR11933251	SAMN15144880	CIMBL133_WS1_REP	CIMBL133	WS1	REP	RNA-Seq	PAIRED	ILLUMINA	62474259	3173697900	https://sra-downloadb.be-md.ncbi.nlm.nih.gov/sos9/sra-pub-zq-924/SRR011/11933/SRR11933251/SRR11933251.lite.1
SRR11933249	SAMN15144881	CIMBL133_WS2	CIMBL133	WS2		RNA-Seq	PAIRED	ILLUMINA	54364524	2766083866	https://sra-downloadb.be-md.ncbi.nlm.nih.gov/sos9/sra-pub-zq-922/SRR011/11933/SRR11933249/SRR11933249.lite.1
SRR11933049	SAMN15144882	CIMBL133_WS2_REP	CIMBL133	WS2	REP	RNA-Seq	PAIRED	ILLUMINA	92001022	4678217813	https://sra-downloadb.be-md.ncbi.nlm.nih.gov/sos9/sra-pub-zq-924/SRR011/11933/SRR11933049/SRR11933049.lite.1
SRR11933048	SAMN15144883	CIMBL133_WW	CIMBL133	WW		RNA-Seq	PAIRED	ILLUMINA	50321632	2504870169	https://sra-downloadb.be-md.ncbi.nlm.nih.gov/sos9/sra-pub-zq-924/SRR011/11933/SRR11933048/SRR11933048.lite.1
SRR11933047	SAMN15144884	CIMBL133_WW_REP	CIMBL133	WW	REP	RNA-Seq	PAIRED	ILLUMINA	48478908	2462924234	https://sra-downloadb.be-md.ncbi.nlm.nih.gov/sos9/sra-pub-zq-922/SRR011/11933/SRR11933047/SRR11933047.lite.1
SRR11933046	SAMN15144885	CIMBL139_WS1	CIMBL139	WS1		RNA-Seq	PAIRED	ILLUMINA	67770976	3284935143	https://sra-downloadb.be-md.ncbi.nlm.nih.gov/sos9/sra-pub-zq-924/SRR011/11933/SRR11933046/SRR11933046.lite.1
SRR11933045	SAMN15144886	CIMBL139_WS2	CIMBL139	WS2		RNA-Seq	PAIRED	ILLUMINA	47531522	2369136611	https://sra-downloadb.be-md.ncbi.nlm.nih.gov/sos9/sra-pub-zq-922/SRR011/11933/SRR11933045/SRR11933045.lite.1
SRR11933044	SAMN15144887	CIMBL141_WS1	CIMBL141	WS1		RNA-Seq	PAIRED	ILLUMINA	46109517	2346240737	https://sra-downloadb.be-md.ncbi.nlm.nih.gov/sos9/sra-pub-zq-922/SRR011/11933/SRR11933044/SRR11933044.lite.1
SRR11933043	SAMN15144888	CIMBL141_WS2	CIMBL141	WS2		RNA-Seq	PAIRED	ILLUMINA	41873422	2132756807	https://sra-downloadb.be-md.ncbi.nlm.nih.gov/sos9/sra-pub-zq-922/SRR011/11933/SRR11933043/SRR11933043.lite.1
SRR11933042	SAMN15144889	CIMBL141_WW	CIMBL141	WW		RNA-Seq	PAIRED	ILLUMINA	34838897	1774169482	https://sra-downloadb.be-md.ncbi.nlm.nih.gov/sos9/sra-pub-zq-922/SRR011/11933/SRR11933042/SRR11933042.lite.1
SRR11933041	SAMN15144890	CIMBL142_WS1	CIMBL142	WS1		RNA-Seq	PAIRED	ILLUMINA	35150343	1788900383	https://sra-downloadb.be-md.ncbi.nlm.nih.gov/sos9/sra-pub-zq-924/SRR011/11933/SRR11933041/SRR11933041.lite.1
SRR11933039	SAMN15144891	CIMBL142_WS2	CIMBL142	WS2		RNA-Seq	PAIRED	ILLUMINA	44283807	2255265090	https://sra-downloadb.be-md.ncbi.nlm.nih.gov/sos9/sra-pub-zq-922/SRR011/11933/SRR11933039/SRR11933039.lite.1
SRR11933038	SAMN15144892	CIMBL142_WW	CIMBL142	WW		RNA-Seq	PAIRED	ILLUMINA	33359126	1697486633	https://sra-downloadb.be-md.ncbi.nlm.nih.gov/sos9/sra-pub-zq-922/SRR011/11933/SRR11933038/SRR11933038.lite.1
SRR11933037	SAMN15144893	CIMBL143_WS1	CIMBL143	WS1		RNA-Seq	PAIRED	ILLUMINA	42646808	2171393660	https://sra-downloadb.be-md.ncbi.nlm.nih.gov/sos9/sra-pub-zq-922/SRR011/11933/SRR11933037/SRR11933037.lite.1
SRR11933036	SAMN15144894	CIMBL143_WS2	CIMBL143	WS2		RNA-Seq	PAIRED	ILLUMINA	33530019	1707328706	https://sra-downloadb.be-md.ncbi.nlm.nih.gov/sos9/sra-pub-zq-924/SRR011/11933/SRR11933036/SRR11933036.lite.1
SRR11933035	SAMN15144895	CIMBL143_WW	CIMBL143	WW		RNA-Seq	PAIRED	ILLUMINA	39490023	1967171600	https://sra-downloadb.be-md.ncbi.nlm.nih.gov/sos9/sra-pub-zq-922/SRR011/11933/SRR11933035/SRR11933035.lite.1
SRR11933034	SAMN15144896	CIMBL144_WS1	CIMBL144	WS1		RNA-Seq	PAIRED	ILLUMINA	58809809	2986682450	https://sra-downloadb.be-md.ncbi.nlm.nih.gov/sos9/sra-pub-zq-924/SRR011/11933/SRR11933034/SRR11933034.lite.1
SRR11933033	SAMN15144897	CIMBL144_WS2	CIMBL144	WS2		RNA-Seq	PAIRED	ILLUMINA	41447977	2111433200	https://sra-downloadb.be-md.ncbi.nlm.nih.gov/sos9/sra-pub-zq-922/SRR011/11933/SRR11933033/SRR11933033.lite.1
SRR11933032	SAMN15144898	CIMBL144_WW	CIMBL144	WW		RNA-Seq	PAIRED	ILLUMINA	41785347	2127244075	https://sra-downloadb.be-md.ncbi.nlm.nih.gov/sos9/sra-pub-zq-922/SRR011/11933/SRR11933032/SRR11933032.lite.1
SRR11933031	SAMN15144899	CIMBL145_WS2	CIMBL145	WS2		RNA-Seq	PAIRED	ILLUMINA	30274080	1531393253	https://sra-downloadb.be-md.ncbi.nlm.nih.gov/sos9/sra-pub-zq-922/SRR011/11933/SRR11933031/SRR11933031.lite.1
SRR11933030	SAMN15144900	CIMBL145_WW	CIMBL145	WW		RNA-Seq	PAIRED	ILLUMINA	38067524	1932685486	https://sra-downloadb.be-md.ncbi.nlm.nih.gov/sos9/sra-pub-zq-922/SRR011/11933/SRR11933030/SRR11933030.lite.1
SRR11933028	SAMN15144901	CIMBL147_WW	CIMBL147	WW		RNA-Seq	PAIRED	ILLUMINA	41058444	2086312227	https://sra-downloadb.be-md.ncbi.nlm.nih.gov/sos9/sra-pub-zq-924/SRR011/11933/SRR11933028/SRR11933028.lite.1
SRR11933027	SAMN15144902	CIMBL149_WS1	CIMBL149	WS1		RNA-Seq	PAIRED	ILLUMINA	41820069	2128475888	https://sra-downloadb.be-md.ncbi.nlm.nih.gov/sos9/sra-pub-zq-924/SRR011/11933/SRR11933027/SRR11933027.lite.1
SRR11933026	SAMN15144903	CIMBL149_WS2	CIMBL149	WS2		RNA-Seq	PAIRED	ILLUMINA	46085237	2346371548	https://sra-downloadb.be-md.ncbi.nlm.nih.gov/sos9/sra-pub-zq-922/SRR011/11933/SRR11933026/SRR11933026.lite.1
SRR11933001	SAMN15144904	CIMBL149_WW	CIMBL149	WW		RNA-Seq	PAIRED	ILLUMINA	29878664	1466317870	https://sra-downloadb.be-md.ncbi.nlm.nih.gov/sos9/sra-pub-zq-924/SRR011/11933/SRR11933001/SRR11933001.lite.1
SRR11932997	SAMN15144908	CIMBL150_WS1	CIMBL150	WS1		RNA-Seq	PAIRED	ILLUMINA	61408425	3098802766	https://sra-downloadb.be-md.ncbi.nlm.nih.gov/sos9/sra-pub-zq-922/SRR011/11932/SRR11932997/SRR11932997.lite.1
SRR11932996	SAMN15144909	CIMBL150_WW	CIMBL150	WW		RNA-Seq	PAIRED	ILLUMINA	28751787	1460956210	https://sra-downloadb.be-md.ncbi.nlm.nih.gov/sos9/sra-pub-zq-924/SRR011/11932/SRR11932996/SRR11932996.lite.1
SRR11932995	SAMN15144910	CIMBL153_WS1	CIMBL153	WS1		RNA-Seq	PAIRED	ILLUMINA	35913561	1829025971	https://sra-downloadb.be-md.ncbi.nlm.nih.gov/sos9/sra-pub-zq-922/SRR011/11932/SRR11932995/SRR11932995.lite.1
SRR11932993	SAMN15144911	CIMBL153_WS2	CIMBL153	WS2		RNA-Seq	PAIRED	ILLUMINA	18859075	851053990	https://sra-downloadb.be-md.ncbi.nlm.nih.gov/sos9/sra-pub-zq-924/SRR011/11932/SRR11932993/SRR11932993.lite.1
SRR11932992	SAMN15144912	CIMBL153_WW	CIMBL153	WW		RNA-Seq	PAIRED	ILLUMINA	35176888	1790217737	https://sra-downloadb.be-md.ncbi.nlm.nih.gov/sos9/sra-pub-zq-922/SRR011/11932/SRR11932992/SRR11932992.lite.1
SRR11932991	SAMN15144913	CIMBL157_WS1	CIMBL157	WS1		RNA-Seq	PAIRED	ILLUMINA	33072831	1683504665	https://sra-downloadb.be-md.ncbi.nlm.nih.gov/sos9/sra-pub-zq-922/SRR011/11932/SRR11932991/SRR11932991.lite.1
SRR11932990	SAMN15144914	CIMBL157_WS2	CIMBL157	WS2		RNA-Seq	PAIRED	ILLUMINA	41671446	2121766192	https://sra-downloadb.be-md.ncbi.nlm.nih.gov/sos9/sra-pub-zq-922/SRR011/11932/SRR11932990/SRR11932990.lite.1
SRR11932989	SAMN15144915	CIMBL157_WW	CIMBL157	WW		RNA-Seq	PAIRED	ILLUMINA	32234625	1640718940	https://sra-downloadb.be-md.ncbi.nlm.nih.gov/sos9/sra-pub-zq-922/SRR011/11932/SRR11932989/SRR11932989.lite.1
SRR11933000	SAMN15144905	CIMBL15_WS1	CIMBL15	WS1		RNA-Seq	PAIRED	ILLUMINA	42918430	2184774558	https://sra-downloadb.be-md.ncbi.nlm.nih.gov/sos9/sra-pub-zq-922/SRR011/11933/SRR11933000/SRR11933000.lite.1
SRR11932999	SAMN15144906	CIMBL15_WS2	CIMBL15	WS2		RNA-Seq	PAIRED	ILLUMINA	50248198	2559695456	https://sra-downloadb.be-md.ncbi.nlm.nih.gov/sos9/sra-pub-zq-924/SRR011/11932/SRR11932999/SRR11932999.lite.1
SRR11932998	SAMN15144907	CIMBL15_WW	CIMBL15	WW		RNA-Seq	PAIRED	ILLUMINA	48307245	2455391025	https://sra-downloadb.be-md.ncbi.nlm.nih.gov/sos9/sra-pub-zq-924/SRR011/11932/SRR11932998/SRR11932998.lite.1
SRR11932988	SAMN15144916	CIMBL17_WS1	CIMBL17	WS1		RNA-Seq	PAIRED	ILLUMINA	34309430	1746165210	https://sra-downloadb.be-md.ncbi.nlm.nih.gov/sos9/sra-pub-zq-922/SRR011/11932/SRR11932988/SRR11932988.lite.1
SRR11932987	SAMN15144917	CIMBL17_WS2	CIMBL17	WS2		RNA-Seq	PAIRED	ILLUMINA	42752079	2145134225	https://sra-downloadb.be-md.ncbi.nlm.nih.gov/sos9/sra-pub-zq-924/SRR011/11932/SRR11932987/SRR11932987.lite.1
SRR11932986	SAMN15144918	CIMBL17_WW	CIMBL17	WW		RNA-Seq	PAIRED	ILLUMINA	63477669	3222874508	https://sra-downloadb.be-md.ncbi.nlm.nih.gov/sos9/sra-pub-zq-924/SRR011/11932/SRR11932986/SRR11932986.lite.1
SRR11932985	SAMN15144919	CIMBL18_WS1	CIMBL18	WS1		RNA-Seq	PAIRED	ILLUMINA	27847771	1417170712	https://sra-downloadb.be-md.ncbi.nlm.nih.gov/sos9/sra-pub-zq-924/SRR011/11932/SRR11932985/SRR11932985.lite.1
SRR11932984	SAMN15144920	CIMBL18_WW	CIMBL18	WW		RNA-Seq	PAIRED	ILLUMINA	52562345	2673173150	https://sra-downloadb.be-md.ncbi.nlm.nih.gov/sos9/sra-pub-zq-924/SRR011/11932/SRR11932984/SRR11932984.lite.1
SRR11932982	SAMN15144921	CIMBL19_WS1	CIMBL19	WS1		RNA-Seq	PAIRED	ILLUMINA	54217910	2760631418	https://sra-downloadb.be-md.ncbi.nlm.nih.gov/sos9/sra-pub-zq-924/SRR011/11932/SRR11932982/SRR11932982.lite.1
SRR11932981	SAMN15144922	CIMBL19_WS2	CIMBL19	WS2		RNA-Seq	PAIRED	ILLUMINA	47417131	2411826981	https://sra-downloadb.be-md.ncbi.nlm.nih.gov/sos9/sra-pub-zq-924/SRR011/11932/SRR11932981/SRR11932981.lite.1
SRR11932980	SAMN15144923	CIMBL19_WW	CIMBL19	WW		RNA-Seq	PAIRED	ILLUMINA	26146619	1283711826	https://sra-downloadb.be-md.ncbi.nlm.nih.gov/sos9/sra-pub-zq-922/SRR011/11932/SRR11932980/SRR11932980.lite.1
SRR11932869	SAMN15144840	CIMBL1_WS1	CIMBL1	WS1		RNA-Seq	PAIRED	ILLUMINA	16868667	859893426	https://sra-downloadb.be-md.ncbi.nlm.nih.gov/sos9/sra-pub-zq-922/SRR011/11932/SRR11932869/SRR11932869.lite.1
SRR11933485	SAMN15144841	CIMBL1_WS2	CIMBL1	WS2		RNA-Seq	PAIRED	ILLUMINA	49778535	2475147388	https://sra-downloadb.be-md.ncbi.nlm.nih.gov/sos9/sra-pub-zq-922/SRR011/11933/SRR11933485/SRR11933485.lite.1
SRR11933484	SAMN15144842	CIMBL1_WW	CIMBL1	WW		RNA-Seq	PAIRED	ILLUMINA	38913305	1774369467	https://sra-downloadb.be-md.ncbi.nlm.nih.gov/sos9/sra-pub-zq-924/SRR011/11933/SRR11933484/SRR11933484.lite.1
SRR11932978	SAMN15144925	CIMBL22_WS1	CIMBL22	WS1		RNA-Seq	PAIRED	ILLUMINA	31362589	1539349523	https://sra-downloadb.be-md.ncbi.nlm.nih.gov/sos9/sra-pub-zq-922/SRR011/11932/SRR11932978/SRR11932978.lite.1
SRR11932953	SAMN15144926	CIMBL22_WS1_REP	CIMBL22	WS1	REP	RNA-Seq	PAIRED	ILLUMINA	66953389	3399874349	https://sra-downloadb.be-md.ncbi.nlm.nih.gov/sos9/sra-pub-zq-922/SRR011/11932/SRR11932953/SRR11932953.lite.1
SRR11932952	SAMN15144927	CIMBL22_WS2	CIMBL22	WS2		RNA-Seq	PAIRED	ILLUMINA	44240088	2251293435	https://sra-downloadb.be-md.ncbi.nlm.nih.gov/sos9/sra-pub-zq-922/SRR011/11932/SRR11932952/SRR11932952.lite.1
SRR11932951	SAMN15144928	CIMBL22_WS2_REP	CIMBL22	WS2	REP	RNA-Seq	PAIRED	ILLUMINA	78038353	3968027791	https://sra-downloadb.be-md.ncbi.nlm.nih.gov/sos9/sra-pub-zq-922/SRR011/11932/SRR11932951/SRR11932951.lite.1
SRR11932950	SAMN15144929	CIMBL22_WW	CIMBL22	WW		RNA-Seq	PAIRED	ILLUMINA	37907584	1890829486	https://sra-downloadb.be-md.ncbi.nlm.nih.gov/sos9/sra-pub-zq-922/SRR011/11932/SRR11932950/SRR11932950.lite.1
SRR11932949	SAMN15144930	CIMBL22_WW_REP	CIMBL22	WW	REP	RNA-Seq	PAIRED	ILLUMINA	49378703	2509228496	https://sra-downloadb.be-md.ncbi.nlm.nih.gov/sos9/sra-pub-zq-924/SRR011/11932/SRR11932949/SRR11932949.lite.1
SRR11932947	SAMN15144931	CIMBL23_WS1	CIMBL23	WS1		RNA-Seq	PAIRED	ILLUMINA	20462961	1005594886	https://sra-downloadb.be-md.ncbi.nlm.nih.gov/sos9/sra-pub-zq-922/SRR011/11932/SRR11932947/SRR11932947.lite.1
SRR11932946	SAMN15144932	CIMBL23_WS1_REP	CIMBL23	WS1	REP	RNA-Seq	PAIRED	ILLUMINA	44505848	2260550892	https://sra-downloadb.be-md.ncbi.nlm.nih.gov/sos9/sra-pub-zq-924/SRR011/11932/SRR11932946/SRR11932946.lite.1
SRR11932945	SAMN15144933	CIMBL23_WS2	CIMBL23	WS2		RNA-Seq	PAIRED	ILLUMINA	53711966	2733980871	https://sra-downloadb.be-md.ncbi.nlm.nih.gov/sos9/sra-pub-zq-924/SRR011/11932/SRR11932945/SRR11932945.lite.1
SRR11932944	SAMN15144934	CIMBL23_WS2_REP	CIMBL23	WS2	REP	RNA-Seq	PAIRED	ILLUMINA	61498954	3128538321	https://sra-downloadb.be-md.ncbi.nlm.nih.gov/sos9/sra-pub-zq-922/SRR011/11932/SRR11932944/SRR11932944.lite.1
SRR11932943	SAMN15144935	CIMBL23_WW	CIMBL23	WW		RNA-Seq	PAIRED	ILLUMINA	73465804	3657569470	https://sra-downloadb.be-md.ncbi.nlm.nih.gov/sos9/sra-pub-zq-924/SRR011/11932/SRR11932943/SRR11932943.lite.1
SRR11932942	SAMN15144936	CIMBL23_WW_REP	CIMBL23	WW	REP	RNA-Seq	PAIRED	ILLUMINA	44285311	2249887325	https://sra-downloadb.be-md.ncbi.nlm.nih.gov/sos9/sra-pub-zq-924/SRR011/11932/SRR11932942/SRR11932942.lite.1
SRR11932941	SAMN15144937	CIMBL27_WS1	CIMBL27	WS1		RNA-Seq	PAIRED	ILLUMINA	27598542	1404559398	https://sra-downloadb.be-md.ncbi.nlm.nih.gov/sos9/sra-pub-zq-922/SRR011/11932/SRR11932941/SRR11932941.lite.1
SRR11932940	SAMN15144938	CIMBL27_WS2	CIMBL27	WS2		RNA-Seq	PAIRED	ILLUMINA	69516842	3531819881	https://sra-downloadb.be-md.ncbi.nlm.nih.gov/sos9/sra-pub-zq-924/SRR011/11932/SRR11932940/SRR11932940.lite.1
SRR11932939	SAMN15144939	CIMBL27_WW	CIMBL27	WW		RNA-Seq	PAIRED	ILLUMINA	52042595	2648641527	https://sra-downloadb.be-md.ncbi.nlm.nih.gov/sos9/sra-pub-zq-924/SRR011/11932/SRR11932939/SRR11932939.lite.1
SRR11932938	SAMN15144940	CIMBL28_WS1	CIMBL28	WS1		RNA-Seq	PAIRED	ILLUMINA	45713630	2223896887	https://sra-downloadb.be-md.ncbi.nlm.nih.gov/sos9/sra-pub-zq-924/SRR011/11932/SRR11932938/SRR11932938.lite.1
SRR11932935	SAMN15144941	CIMBL28_WS1_REP	CIMBL28	WS1	REP	RNA-Seq	PAIRED	ILLUMINA	65088938	3307076533	https://sra-downloadb.be-md.ncbi.nlm.nih.gov/sos9/sra-pub-zq-924/SRR011/11932/SRR11932935/SRR11932935.lite.1
SRR11932934	SAMN15144942	CIMBL28_WS2	CIMBL28	WS2		RNA-Seq	PAIRED	ILLUMINA	49993268	2544537048	https://sra-downloadb.be-md.ncbi.nlm.nih.gov/sos9/sra-pub-zq-924/SRR011/11932/SRR11932934/SRR11932934.lite.1
SRR11932933	SAMN15144943	CIMBL28_WS2_REP	CIMBL28	WS2	REP	RNA-Seq	PAIRED	ILLUMINA	63539510	3232343778	https://sra-downloadb.be-md.ncbi.nlm.nih.gov/sos9/sra-pub-zq-922/SRR011/11932/SRR11932933/SRR11932933.lite.1
SRR11932932	SAMN15144944	CIMBL28_WW	CIMBL28	WW		RNA-Seq	PAIRED	ILLUMINA	57450872	2863953669	https://sra-downloadb.be-md.ncbi.nlm.nih.gov/sos9/sra-pub-zq-922/SRR011/11932/SRR11932932/SRR11932932.lite.1
SRR11932931	SAMN15144945	CIMBL28_WW_REP	CIMBL28	WW	REP	RNA-Seq	PAIRED	ILLUMINA	44994679	2285784842	https://sra-downloadb.be-md.ncbi.nlm.nih.gov/sos9/sra-pub-zq-922/SRR011/11932/SRR11932931/SRR11932931.lite.1
SRR11932930	SAMN15144946	CIMBL29_WS1	CIMBL29	WS1		RNA-Seq	PAIRED	ILLUMINA	22549916	1106880638	https://sra-downloadb.be-md.ncbi.nlm.nih.gov/sos9/sra-pub-zq-922/SRR011/11932/SRR11932930/SRR11932930.lite.1
SRR11932905	SAMN15144947	CIMBL29_WS1_REP	CIMBL29	WS1	REP	RNA-Seq	PAIRED	ILLUMINA	49415035	2512304036	https://sra-downloadb.be-md.ncbi.nlm.nih.gov/sos9/sra-pub-zq-922/SRR011/11932/SRR11932905/SRR11932905.lite.1
SRR11932904	SAMN15144948	CIMBL29_WS2	CIMBL29	WS2		RNA-Seq	PAIRED	ILLUMINA	43504632	2213438474	https://sra-downloadb.be-md.ncbi.nlm.nih.gov/sos9/sra-pub-zq-922/SRR011/11932/SRR11932904/SRR11932904.lite.1
SRR11932903	SAMN15144949	CIMBL29_WS2_REP	CIMBL29	WS2	REP	RNA-Seq	PAIRED	ILLUMINA	45981972	2337238297	https://sra-downloadb.be-md.ncbi.nlm.nih.gov/sos9/sra-pub-zq-922/SRR011/11932/SRR11932903/SRR11932903.lite.1
SRR11932902	SAMN15144950	CIMBL29_WW	CIMBL29	WW		RNA-Seq	PAIRED	ILLUMINA	39692634	1980638550	https://sra-downloadb.be-md.ncbi.nlm.nih.gov/sos9/sra-pub-zq-922/SRR011/11932/SRR11932902/SRR11932902.lite.1
SRR11932979	SAMN15144924	CIMBL2_WS1	CIMBL2	WS1		RNA-Seq	PAIRED	ILLUMINA	54544846	2753101115	https://sra-downloadb.be-md.ncbi.nlm.nih.gov/sos9/sra-pub-zq-924/SRR011/11932/SRR11932979/SRR11932979.lite.1
SRR11932900	SAMN15144951	CIMBL32_WS1	CIMBL32	WS1		RNA-Seq	PAIRED	ILLUMINA	52950642	2562592645	https://sra-downloadb.be-md.ncbi.nlm.nih.gov/sos9/sra-pub-zq-922/SRR011/11932/SRR11932900/SRR11932900.lite.1
SRR11932899	SAMN15144952	CIMBL32_WS2	CIMBL32	WS2		RNA-Seq	PAIRED	ILLUMINA	32750117	1519213064	https://sra-downloadb.be-md.ncbi.nlm.nih.gov/sos9/sra-pub-zq-924/SRR011/11932/SRR11932899/SRR11932899.lite.1
SRR11932898	SAMN15144953	CIMBL32_WW	CIMBL32	WW		RNA-Seq	PAIRED	ILLUMINA	50529860	2300715766	https://sra-downloadb.be-md.ncbi.nlm.nih.gov/sos9/sra-pub-zq-924/SRR011/11932/SRR11932898/SRR11932898.lite.1
SRR11932894	SAMN15144957	CIMBL40_WS1	CIMBL40	WS1		RNA-Seq	PAIRED	ILLUMINA	40427788	1953374743	https://sra-downloadb.be-md.ncbi.nlm.nih.gov/sos9/sra-pub-zq-924/SRR011/11932/SRR11932894/SRR11932894.lite.1
SRR11932893	SAMN15144958	CIMBL40_WS2	CIMBL40	WS2		RNA-Seq	PAIRED	ILLUMINA	47647122	2365010817	https://sra-downloadb.be-md.ncbi.nlm.nih.gov/sos9/sra-pub-zq-924/SRR011/11932/SRR11932893/SRR11932893.lite.1
SRR11932892	SAMN15144959	CIMBL40_WW	CIMBL40	WW		RNA-Seq	PAIRED	ILLUMINA	31817099	1449859796	https://sra-downloadb.be-md.ncbi.nlm.nih.gov/sos9/sra-pub-zq-924/SRR011/11932/SRR11932892/SRR11932892.lite.1
SRR11932891	SAMN15144960	CIMBL42_WS1	CIMBL42	WS1		RNA-Seq	PAIRED	ILLUMINA	36990643	1883014479	https://sra-downloadb.be-md.ncbi.nlm.nih.gov/sos9/sra-pub-zq-922/SRR011/11932/SRR11932891/SRR11932891.lite.1
SRR11932889	SAMN15144961	CIMBL42_WS2	CIMBL42	WS2		RNA-Seq	PAIRED	ILLUMINA	84100710	3721281035	https://sra-downloadb.be-md.ncbi.nlm.nih.gov/sos9/sra-pub-zq-924/SRR011/11932/SRR11932889/SRR11932889.lite.1
SRR11932888	SAMN15144962	CIMBL42_WW	CIMBL42	WW		RNA-Seq	PAIRED	ILLUMINA	39350309	2001313689	https://sra-downloadb.be-md.ncbi.nlm.nih.gov/sos9/sra-pub-zq-924/SRR011/11932/SRR11932888/SRR11932888.lite.1
SRR11932887	SAMN15144963	CIMBL46_WS1	CIMBL46	WS1		RNA-Seq	PAIRED	ILLUMINA	36158859	1840023266	https://sra-downloadb.be-md.ncbi.nlm.nih.gov/sos9/sra-pub-zq-922/SRR011/11932/SRR11932887/SRR11932887.lite.1
SRR11932886	SAMN15144964	CIMBL46_WS2	CIMBL46	WS2		RNA-Seq	PAIRED	ILLUMINA	40221962	2045867671	https://sra-downloadb.be-md.ncbi.nlm.nih.gov/sos9/sra-pub-zq-922/SRR011/11932/SRR11932886/SRR11932886.lite.1
SRR11932885	SAMN15144965	CIMBL46_WW	CIMBL46	WW		RNA-Seq	PAIRED	ILLUMINA	35821523	1819670525	https://sra-downloadb.be-md.ncbi.nlm.nih.gov/sos9/sra-pub-zq-922/SRR011/11932/SRR11932885/SRR11932885.lite.1
SRR11932884	SAMN15144966	CIMBL47_WS1	CIMBL47	WS1		RNA-Seq	PAIRED	ILLUMINA	64260520	3271835024	https://sra-downloadb.be-md.ncbi.nlm.nih.gov/sos9/sra-pub-zq-924/SRR011/11932/SRR11932884/SRR11932884.lite.1
SRR11932883	SAMN15144967	CIMBL47_WS2	CIMBL47	WS2		RNA-Seq	PAIRED	ILLUMINA	41508707	2114174196	https://sra-downloadb.be-md.ncbi.nlm.nih.gov/sos9/sra-pub-zq-922/SRR011/11932/SRR11932883/SRR11932883.lite.1
SRR11932882	SAMN15144968	CIMBL47_WW	CIMBL47	WW		RNA-Seq	PAIRED	ILLUMINA	34579650	1761395295	https://sra-downloadb.be-md.ncbi.nlm.nih.gov/sos9/sra-pub-zq-924/SRR011/11932/SRR11932882/SRR11932882.lite.1
SRR11932897	SAMN15144954	CIMBL4_WS1	CIMBL4	WS1		RNA-Seq	PAIRED	ILLUMINA	46618802	2372398498	https://sra-downloadb.be-md.ncbi.nlm.nih.gov/sos9/sra-pub-zq-924/SRR011/11932/SRR11932897/SRR11932897.lite.1
SRR11932896	SAMN15144955	CIMBL4_WS2	CIMBL4	WS2		RNA-Seq	PAIRED	ILLUMINA	46992091	2393723425	https://sra-downloadb.be-md.ncbi.nlm.nih.gov/sos9/sra-pub-zq-922/SRR011/11932/SRR11932896/SRR11932896.lite.1
SRR11932895	SAMN15144956	CIMBL4_WW	CIMBL4	WW		RNA-Seq	PAIRED	ILLUMINA	29985382	1526108996	https://sra-downloadb.be-md.ncbi.nlm.nih.gov/sos9/sra-pub-zq-922/SRR011/11932/SRR11932895/SRR11932895.lite.1
SRR11932868	SAMN15144969	CIMBL51_WS1	CIMBL51	WS1		RNA-Seq	PAIRED	ILLUMINA	38107029	1939889942	https://sra-downloadb.be-md.ncbi.nlm.nih.gov/sos9/sra-pub-zq-922/SRR011/11932/SRR11932868/SRR11932868.lite.1
SRR11932867	SAMN15144970	CIMBL51_WS2	CIMBL51	WS2		RNA-Seq	PAIRED	ILLUMINA	49427416	2517285362	https://sra-downloadb.be-md.ncbi.nlm.nih.gov/sos9/sra-pub-zq-922/SRR011/11932/SRR11932867/SRR11932867.lite.1
SRR11932865	SAMN15144971	CIMBL51_WW	CIMBL51	WW		RNA-Seq	PAIRED	ILLUMINA	35958544	1829944201	https://sra-downloadb.be-md.ncbi.nlm.nih.gov/sos9/sra-pub-zq-922/SRR011/11932/SRR11932865/SRR11932865.lite.1
SRR11932864	SAMN15144972	CIMBL52_WS1	CIMBL52	WS1		RNA-Seq	PAIRED	ILLUMINA	33986654	1729496410	https://sra-downloadb.be-md.ncbi.nlm.nih.gov/sos9/sra-pub-zq-922/SRR011/11932/SRR11932864/SRR11932864.lite.1
SRR11932863	SAMN15144973	CIMBL52_WS2	CIMBL52	WS2		RNA-Seq	PAIRED	ILLUMINA	45096312	2296927787	https://sra-downloadb.be-md.ncbi.nlm.nih.gov/sos9/sra-pub-zq-924/SRR011/11932/SRR11932863/SRR11932863.lite.1
SRR11932862	SAMN15144974	CIMBL52_WW	CIMBL52	WW		RNA-Seq	PAIRED	ILLUMINA	59459876	3015991078	https://sra-downloadb.be-md.ncbi.nlm.nih.gov/sos9/sra-pub-zq-924/SRR011/11932/SRR11932862/SRR11932862.lite.1
SRR11932861	SAMN15144975	CIMBL53_WS1	CIMBL53	WS1		RNA-Seq	PAIRED	ILLUMINA	22285217	1135908988	https://sra-downloadb.be-md.ncbi.nlm.nih.gov/sos9/sra-pub-zq-922/SRR011/11932/SRR11932861/SRR11932861.lite.1
SRR11932860	SAMN15144976	CIMBL53_WS2	CIMBL53	WS2		RNA-Seq	PAIRED	ILLUMINA	24886333	1267578623	https://sra-downloadb.be-md.ncbi.nlm.nih.gov/sos9/sra-pub-zq-924/SRR011/11932/SRR11932860/SRR11932860.lite.1
SRR11932859	SAMN15144977	CIMBL53_WW	CIMBL53	WW		RNA-Seq	PAIRED	ILLUMINA	39593640	2013175046	https://sra-downloadb.be-md.ncbi.nlm.nih.gov/sos9/sra-pub-zq-922/SRR011/11932/SRR11932859/SRR11932859.lite.1
SRR11932858	SAMN15144978	CIMBL54_WS1	CIMBL54	WS1		RNA-Seq	PAIRED	ILLUMINA	53452626	2723635346	https://sra-downloadb.be-md.ncbi.nlm.nih.gov/sos9/sra-pub-zq-922/SRR011/11932/SRR11932858/SRR11932858.lite.1
SRR11932857	SAMN15144979	CIMBL54_WS2	CIMBL54	WS2		RNA-Seq	PAIRED	ILLUMINA	26063254	1294790216	https://sra-downloadb.be-md.ncbi.nlm.nih.gov/sos9/sra-pub-zq-922/SRR011/11932/SRR11932857/SRR11932857.lite.1
SRR11932856	SAMN15144980	CIMBL54_WW	CIMBL54	WW		RNA-Seq	PAIRED	ILLUMINA	31865058	1449500994	https://sra-downloadb.be-md.ncbi.nlm.nih.gov/sos9/sra-pub-zq-924/SRR011/11932/SRR11932856/SRR11932856.lite.1
SRR11932854	SAMN15144981	CIMBL55_WS1	CIMBL55	WS1		RNA-Seq	PAIRED	ILLUMINA	42786771	2180162334	https://sra-downloadb.be-md.ncbi.nlm.nih.gov/sos9/sra-pub-zq-922/SRR011/11932/SRR11932854/SRR11932854.lite.1
SRR11932853	SAMN15144982	CIMBL55_WS2	CIMBL55	WS2		RNA-Seq	PAIRED	ILLUMINA	105284296	5190670746	https://sra-downloadb.be-md.ncbi.nlm.nih.gov/sos9/sra-pub-zq-922/SRR011/11932/SRR11932853/SRR11932853.lite.1
SRR11932852	SAMN15144983	CIMBL55_WW	CIMBL55	WW		RNA-Seq	PAIRED	ILLUMINA	58141336	2915351686	https://sra-downloadb.be-md.ncbi.nlm.nih.gov/sos9/sra-pub-zq-922/SRR011/11932/SRR11932852/SRR11932852.lite.1
SRR11932851	SAMN15144984	CIMBL56_WS1	CIMBL56	WS1		RNA-Seq	PAIRED	ILLUMINA	43258633	2121237429	https://sra-downloadb.be-md.ncbi.nlm.nih.gov/sos9/sra-pub-zq-924/SRR011/11932/SRR11932851/SRR11932851.lite.1
SRR11932850	SAMN15144985	CIMBL56_WS1_REP	CIMBL56	WS1	REP	RNA-Seq	PAIRED	ILLUMINA	53237507	2705139259	https://sra-downloadb.be-md.ncbi.nlm.nih.gov/sos9/sra-pub-zq-924/SRR011/11932/SRR11932850/SRR11932850.lite.1
SRR11932849	SAMN15144986	CIMBL56_WS2	CIMBL56	WS2		RNA-Seq	PAIRED	ILLUMINA	65344856	3320083760	https://sra-downloadb.be-md.ncbi.nlm.nih.gov/sos9/sra-pub-zq-922/SRR011/11932/SRR11932849/SRR11932849.lite.1
SRR11932848	SAMN15144987	CIMBL56_WW	CIMBL56	WW		RNA-Seq	PAIRED	ILLUMINA	47263924	2358935794	https://sra-downloadb.be-md.ncbi.nlm.nih.gov/sos9/sra-pub-zq-922/SRR011/11932/SRR11932848/SRR11932848.lite.1
SRR11932847	SAMN15144988	CIMBL56_WW_REP	CIMBL56	WW	REP	RNA-Seq	PAIRED	ILLUMINA	49007791	2490320243	https://sra-downloadb.be-md.ncbi.nlm.nih.gov/sos9/sra-pub-zq-922/SRR011/11932/SRR11932847/SRR11932847.lite.1
SRR11932846	SAMN15144989	CIMBL58_WS2	CIMBL58	WS2		RNA-Seq	PAIRED	ILLUMINA	98980809	5038569758	https://sra-downloadb.be-md.ncbi.nlm.nih.gov/sos9/sra-pub-zq-922/SRR011/11932/SRR11932846/SRR11932846.lite.1
SRR11932845	SAMN15144990	CIMBL58_WW	CIMBL58	WW		RNA-Seq	PAIRED	ILLUMINA	92470779	4696903801	https://sra-downloadb.be-md.ncbi.nlm.nih.gov/sos9/sra-pub-zq-922/SRR011/11932/SRR11932845/SRR11932845.lite.1
SRR11932843	SAMN15144991	CIMBL59_WS1	CIMBL59	WS1		RNA-Seq	PAIRED	ILLUMINA	52486626	2672080627	https://sra-downloadb.be-md.ncbi.nlm.nih.gov/sos9/sra-pub-zq-924/SRR011/11932/SRR11932843/SRR11932843.lite.1
SRR11932842	SAMN15144992	CIMBL59_WS2	CIMBL59	WS2		RNA-Seq	PAIRED	ILLUMINA	37698161	1920029282	https://sra-downloadb.be-md.ncbi.nlm.nih.gov/sos9/sra-pub-zq-924/SRR011/11932/SRR11932842/SRR11932842.lite.1
SRR11932841	SAMN15144993	CIMBL59_WW	CIMBL59	WW		RNA-Seq	PAIRED	ILLUMINA	42503199	2163828643	https://sra-downloadb.be-md.ncbi.nlm.nih.gov/sos9/sra-pub-zq-922/SRR011/11932/SRR11932841/SRR11932841.lite.1
SRR11932837	SAMN15144997	CIMBL60_WS2	CIMBL60	WS2		RNA-Seq	PAIRED	ILLUMINA	44962942	2090974169	https://sra-downloadb.be-md.ncbi.nlm.nih.gov/sos9/sra-pub-zq-922/SRR011/11932/SRR11932837/SRR11932837.lite.1
SRR11932836	SAMN15144998	CIMBL60_WW	CIMBL60	WW		RNA-Seq	PAIRED	ILLUMINA	72874894	3540229111	https://sra-downloadb.be-md.ncbi.nlm.nih.gov/sos9/sra-pub-zq-922/SRR011/11932/SRR11932836/SRR11932836.lite.1
SRR11932835	SAMN15144999	CIMBL62_WS1	CIMBL62	WS1		RNA-Seq	PAIRED	ILLUMINA	89000263	3962592411	https://sra-downloadb.be-md.ncbi.nlm.nih.gov/sos9/sra-pub-zq-922/SRR011/11932/SRR11932835/SRR11932835.lite.1
SRR11932834	SAMN15145000	CIMBL62_WS2	CIMBL62	WS2		RNA-Seq	PAIRED	ILLUMINA	24578447	1221670863	https://sra-downloadb.be-md.ncbi.nlm.nih.gov/sos9/sra-pub-zq-922/SRR011/11932/SRR11932834/SRR11932834.lite.1
SRR11932832	SAMN15145001	CIMBL62_WW	CIMBL62	WW		RNA-Seq	PAIRED	ILLUMINA	44602040	2034201698	https://sra-downloadb.be-md.ncbi.nlm.nih.gov/sos9/sra-pub-zq-922/SRR011/11932/SRR11932832/SRR11932832.lite.1
SRR11932831	SAMN15145002	CIMBL68_WS1	CIMBL68	WS1		RNA-Seq	PAIRED	ILLUMINA	46582181	2370025965	https://sra-downloadb.be-md.ncbi.nlm.nih.gov/sos9/sra-pub-zq-922/SRR011/11932/SRR11932831/SRR11932831.lite.1
SRR11932830	SAMN15145003	CIMBL68_WS2	CIMBL68	WS2		RNA-Seq	PAIRED	ILLUMINA	46697371	2377811148	https://sra-downloadb.be-md.ncbi.nlm.nih.gov/sos9/sra-pub-zq-924/SRR011/11932/SRR11932830/SRR11932830.lite.1
SRR11932829	SAMN15145004	CIMBL68_WW	CIMBL68	WW		RNA-Seq	PAIRED	ILLUMINA	59712035	3040274637	https://sra-downloadb.be-md.ncbi.nlm.nih.gov/sos9/sra-pub-zq-924/SRR011/11932/SRR11932829/SRR11932829.lite.1
SRR11932828	SAMN15145005	CIMBL69_WS1	CIMBL69	WS1		RNA-Seq	PAIRED	ILLUMINA	57050842	2901697839	https://sra-downloadb.be-md.ncbi.nlm.nih.gov/sos9/sra-pub-zq-922/SRR011/11932/SRR11932828/SRR11932828.lite.1
SRR11932827	SAMN15145006	CIMBL69_WS2	CIMBL69	WS2		RNA-Seq	PAIRED	ILLUMINA	39695696	2021644882	https://sra-downloadb.be-md.ncbi.nlm.nih.gov/sos9/sra-pub-zq-922/SRR011/11932/SRR11932827/SRR11932827.lite.1
SRR11932826	SAMN15145007	CIMBL69_WW	CIMBL69	WW		RNA-Seq	PAIRED	ILLUMINA	42093297	2142181511	https://sra-downloadb.be-md.ncbi.nlm.nih.gov/sos9/sra-pub-zq-924/SRR011/11932/SRR11932826/SRR11932826.lite.1
SRR11932840	SAMN15144994	CIMBL6_WS1	CIMBL6	WS1		RNA-Seq	PAIRED	ILLUMINA	28799537	1466008040	https://sra-downloadb.be-md.ncbi.nlm.nih.gov/sos9/sra-pub-zq-922/SRR011/11932/SRR11932840/SRR11932840.lite.1
SRR11932839	SAMN15144995	CIMBL6_WS2	CIMBL6	WS2		RNA-Seq	PAIRED	ILLUMINA	51065853	2596261420	https://sra-downloadb.be-md.ncbi.nlm.nih.gov/sos9/sra-pub-zq-922/SRR011/11932/SRR11932839/SRR11932839.lite.1
SRR11932838	SAMN15144996	CIMBL6_WW	CIMBL6	WW		RNA-Seq	PAIRED	ILLUMINA	32515133	1654861578	https://sra-downloadb.be-md.ncbi.nlm.nih.gov/sos9/sra-pub-zq-922/SRR011/11932/SRR11932838/SRR11932838.lite.1
SRR11932823	SAMN15145010	CIMBL70_WS1	CIMBL70	WS1		RNA-Seq	PAIRED	ILLUMINA	41884690	2128732616	https://sra-downloadb.be-md.ncbi.nlm.nih.gov/sos9/sra-pub-zq-924/SRR011/11932/SRR11932823/SRR11932823.lite.1
SRR11932821	SAMN15145011	CIMBL70_WS2	CIMBL70	WS2		RNA-Seq	PAIRED	ILLUMINA	50128517	2549583170	https://sra-downloadb.be-md.ncbi.nlm.nih.gov/sos9/sra-pub-zq-922/SRR011/11932/SRR11932821/SRR11932821.lite.1
SRR11932820	SAMN15145012	CIMBL70_WW	CIMBL70	WW		RNA-Seq	PAIRED	ILLUMINA	48210244	2454638551	https://sra-downloadb.be-md.ncbi.nlm.nih.gov/sos9/sra-pub-zq-922/SRR011/11932/SRR11932820/SRR11932820.lite.1
SRR11932819	SAMN15145013	CIMBL74_WS1	CIMBL74	WS1		RNA-Seq	PAIRED	ILLUMINA	70878969	3606157993	https://sra-downloadb.be-md.ncbi.nlm.nih.gov/sos9/sra-pub-zq-922/SRR011/11932/SRR11932819/SRR11932819.lite.1
SRR11932818	SAMN15145014	CIMBL74_WS2	CIMBL74	WS2		RNA-Seq	PAIRED	ILLUMINA	40152563	2043321087	https://sra-downloadb.be-md.ncbi.nlm.nih.gov/sos9/sra-pub-zq-922/SRR011/11932/SRR11932818/SRR11932818.lite.1
SRR11932817	SAMN15145015	CIMBL74_WW	CIMBL74	WW		RNA-Seq	PAIRED	ILLUMINA	37003205	1883887027	https://sra-downloadb.be-md.ncbi.nlm.nih.gov/sos9/sra-pub-zq-922/SRR011/11932/SRR11932817/SRR11932817.lite.1
SRR11932816	SAMN15145016	CIMBL75_WS1	CIMBL75	WS1		RNA-Seq	PAIRED	ILLUMINA	32032375	1629974353	https://sra-downloadb.be-md.ncbi.nlm.nih.gov/sos9/sra-pub-zq-922/SRR011/11932/SRR11932816/SRR11932816.lite.1
SRR11932815	SAMN15145017	CIMBL75_WS2	CIMBL75	WS2		RNA-Seq	PAIRED	ILLUMINA	86642161	4409202159	https://sra-downloadb.be-md.ncbi.nlm.nih.gov/sos9/sra-pub-zq-922/SRR011/11932/SRR11932815/SRR11932815.lite.1
SRR11932814	SAMN15145018	CIMBL75_WW	CIMBL75	WW		RNA-Seq	PAIRED	ILLUMINA	36941745	1879512391	https://sra-downloadb.be-md.ncbi.nlm.nih.gov/sos9/sra-pub-zq-924/SRR011/11932/SRR11932814/SRR11932814.lite.1
SRR11932825	SAMN15145008	CIMBL7_WS2	CIMBL7	WS2		RNA-Seq	PAIRED	ILLUMINA	30103431	1495348735	https://sra-downloadb.be-md.ncbi.nlm.nih.gov/sos9/sra-pub-zq-922/SRR011/11932/SRR11932825/SRR11932825.lite.1
SRR11932824	SAMN15145009	CIMBL7_WW	CIMBL7	WW		RNA-Seq	PAIRED	ILLUMINA	13605470	643656326	https://sra-downloadb.be-md.ncbi.nlm.nih.gov/sos9/sra-pub-zq-922/SRR011/11932/SRR11932824/SRR11932824.lite.1
SRR11932813	SAMN15145019	CIMBL81_WS1	CIMBL81	WS1		RNA-Seq	PAIRED	ILLUMINA	55296236	2814391859	https://sra-downloadb.be-md.ncbi.nlm.nih.gov/sos9/sra-pub-zq-924/SRR011/11932/SRR11932813/SRR11932813.lite.1
SRR11932812	SAMN15145020	CIMBL81_WS2	CIMBL81	WS2		RNA-Seq	PAIRED	ILLUMINA	44755530	1972931925	https://sra-downloadb.be-md.ncbi.nlm.nih.gov/sos9/sra-pub-zq-922/SRR011/11932/SRR11932812/SRR11932812.lite.1
SRR11932810	SAMN15145021	CIMBL81_WW	CIMBL81	WW		RNA-Seq	PAIRED	ILLUMINA	42460380	2159924718	https://sra-downloadb.be-md.ncbi.nlm.nih.gov/sos9/sra-pub-zq-922/SRR011/11932/SRR11932810/SRR11932810.lite.1
SRR11932809	SAMN15145022	CIMBL82_WS1	CIMBL82	WS1		RNA-Seq	PAIRED	ILLUMINA	32177303	1632562987	https://sra-downloadb.be-md.ncbi.nlm.nih.gov/sos9/sra-pub-zq-922/SRR011/11932/SRR11932809/SRR11932809.lite.1
SRR11932808	SAMN15145023	CIMBL82_WW	CIMBL82	WW		RNA-Seq	PAIRED	ILLUMINA	35404637	1801979551	https://sra-downloadb.be-md.ncbi.nlm.nih.gov/sos9/sra-pub-zq-922/SRR011/11932/SRR11932808/SRR11932808.lite.1
SRR11932807	SAMN15145024	CIMBL89_WS1	CIMBL89	WS1		RNA-Seq	PAIRED	ILLUMINA	46821952	2382608243	https://sra-downloadb.be-md.ncbi.nlm.nih.gov/sos9/sra-pub-zq-922/SRR011/11932/SRR11932807/SRR11932807.lite.1
SRR11932806	SAMN15145025	CIMBL89_WS2	CIMBL89	WS2		RNA-Seq	PAIRED	ILLUMINA	44580086	2270814233	https://sra-downloadb.be-md.ncbi.nlm.nih.gov/sos9/sra-pub-zq-922/SRR011/11932/SRR11932806/SRR11932806.lite.1
SRR11932805	SAMN15145026	CIMBL89_WW	CIMBL89	WW		RNA-Seq	PAIRED	ILLUMINA	49092747	2498825575	https://sra-downloadb.be-md.ncbi.nlm.nih.gov/sos9/sra-pub-zq-922/SRR011/11932/SRR11932805/SRR11932805.lite.1
SRR11933231	SAMN15145030	CIMBL90_WS1	CIMBL90	WS1		RNA-Seq	PAIRED	ILLUMINA	46958740	2389295569	https://sra-downloadb.be-md.ncbi.nlm.nih.gov/sos9/sra-pub-zq-924/SRR011/11933/SRR11933231/SRR11933231.lite.1
SRR11933229	SAMN15145031	CIMBL90_WS2	CIMBL90	WS2		RNA-Seq	PAIRED	ILLUMINA	39725352	2023530609	https://sra-downloadb.be-md.ncbi.nlm.nih.gov/sos9/sra-pub-zq-922/SRR011/11933/SRR11933229/SRR11933229.lite.1
SRR11933228	SAMN15145032	CIMBL90_WW	CIMBL90	WW		RNA-Seq	PAIRED	ILLUMINA	37777495	1924050346	https://sra-downloadb.be-md.ncbi.nlm.nih.gov/sos9/sra-pub-zq-922/SRR011/11933/SRR11933228/SRR11933228.lite.1
SRR11933227	SAMN15145033	CIMBL91_WS1	CIMBL91	WS1		RNA-Seq	PAIRED	ILLUMINA	62502628	2768032524	https://sra-downloadb.be-md.ncbi.nlm.nih.gov/sos9/sra-pub-zq-922/SRR011/11933/SRR11933227/SRR11933227.lite.1
SRR11933226	SAMN15145034	CIMBL91_WS1_REP	CIMBL91	WS1	REP	RNA-Seq	PAIRED	ILLUMINA	53863000	2720436034	https://sra-downloadb.be-md.ncbi.nlm.nih.gov/sos9/sra-pub-zq-922/SRR011/11933/SRR11933226/SRR11933226.lite.1
SRR11933225	SAMN15145035	CIMBL91_WS2	CIMBL91	WS2		RNA-Seq	PAIRED	ILLUMINA	36298524	1800664548	https://sra-downloadb.be-md.ncbi.nlm.nih.gov/sos9/sra-pub-zq-922/SRR011/11933/SRR11933225/SRR11933225.lite.1
SRR11933224	SAMN15145036	CIMBL91_WS2_REP	CIMBL91	WS2	REP	RNA-Seq	PAIRED	ILLUMINA	59906524	2955704477	https://sra-downloadb.be-md.ncbi.nlm.nih.gov/sos9/sra-pub-zq-924/SRR011/11933/SRR11933224/SRR11933224.lite.1
SRR11933223	SAMN15145037	CIMBL91_WW	CIMBL91	WW		RNA-Seq	PAIRED	ILLUMINA	18968840	896291900	https://sra-downloadb.be-md.ncbi.nlm.nih.gov/sos9/sra-pub-zq-924/SRR011/11933/SRR11933223/SRR11933223.lite.1
SRR11933222	SAMN15145038	CIMBL91_WW_REP	CIMBL91	WW	REP	RNA-Seq	PAIRED	ILLUMINA	30460891	1551298212	https://sra-downloadb.be-md.ncbi.nlm.nih.gov/sos9/sra-pub-zq-922/SRR011/11933/SRR11933222/SRR11933222.lite.1
SRR11933221	SAMN15145039	CIMBL92_WS1	CIMBL92	WS1		RNA-Seq	PAIRED	ILLUMINA	28749040	1462603437	https://sra-downloadb.be-md.ncbi.nlm.nih.gov/sos9/sra-pub-zq-924/SRR011/11933/SRR11933221/SRR11933221.lite.1
SRR11933220	SAMN15145040	CIMBL92_WS2	CIMBL92	WS2		RNA-Seq	PAIRED	ILLUMINA	35439441	1778813848	https://sra-downloadb.be-md.ncbi.nlm.nih.gov/sos9/sra-pub-zq-922/SRR011/11933/SRR11933220/SRR11933220.lite.1
SRR11933217	SAMN15145041	CIMBL92_WW	CIMBL92	WW		RNA-Seq	PAIRED	ILLUMINA	41604095	2116389464	https://sra-downloadb.be-md.ncbi.nlm.nih.gov/sos9/sra-pub-zq-922/SRR011/11933/SRR11933217/SRR11933217.lite.1
SRR11933216	SAMN15145042	CIMBL94_WS1	CIMBL94	WS1		RNA-Seq	PAIRED	ILLUMINA	45235413	2302144075	https://sra-downloadb.be-md.ncbi.nlm.nih.gov/sos9/sra-pub-zq-924/SRR011/11933/SRR11933216/SRR11933216.lite.1
SRR11933215	SAMN15145043	CIMBL94_WS2	CIMBL94	WS2		RNA-Seq	PAIRED	ILLUMINA	41788585	2128408080	https://sra-downloadb.be-md.ncbi.nlm.nih.gov/sos9/sra-pub-zq-924/SRR011/11933/SRR11933215/SRR11933215.lite.1
SRR11933214	SAMN15145044	CIMBL94_WW	CIMBL94	WW		RNA-Seq	PAIRED	ILLUMINA	55063855	2801650442	https://sra-downloadb.be-md.ncbi.nlm.nih.gov/sos9/sra-pub-zq-924/SRR011/11933/SRR11933214/SRR11933214.lite.1
SRR11933213	SAMN15145045	CIMBL95_WS1	CIMBL95	WS1		RNA-Seq	PAIRED	ILLUMINA	15744354	802560351	https://sra-downloadb.be-md.ncbi.nlm.nih.gov/sos9/sra-pub-zq-924/SRR011/11933/SRR11933213/SRR11933213.lite.1
SRR11933212	SAMN15145046	CIMBL95_WS2	CIMBL95	WS2		RNA-Seq	PAIRED	ILLUMINA	34514501	1714434005	https://sra-downloadb.be-md.ncbi.nlm.nih.gov/sos9/sra-pub-zq-922/SRR011/11933/SRR11933212/SRR11933212.lite.1
SRR11933211	SAMN15145047	CIMBL95_WW	CIMBL95	WW		RNA-Seq	PAIRED	ILLUMINA	15902619	754239775	https://sra-downloadb.be-md.ncbi.nlm.nih.gov/sos9/sra-pub-zq-922/SRR011/11933/SRR11933211/SRR11933211.lite.1
SRR11933210	SAMN15145048	CIMBL96_WS1	CIMBL96	WS1		RNA-Seq	PAIRED	ILLUMINA	41803273	2126613621	https://sra-downloadb.be-md.ncbi.nlm.nih.gov/sos9/sra-pub-zq-922/SRR011/11933/SRR11933210/SRR11933210.lite.1
SRR11933209	SAMN15145049	CIMBL96_WS2	CIMBL96	WS2		RNA-Seq	PAIRED	ILLUMINA	51352248	2612790650	https://sra-downloadb.be-md.ncbi.nlm.nih.gov/sos9/sra-pub-zq-922/SRR011/11933/SRR11933209/SRR11933209.lite.1
SRR11933208	SAMN15145050	CIMBL96_WW	CIMBL96	WW		RNA-Seq	PAIRED	ILLUMINA	32824232	1670901862	https://sra-downloadb.be-md.ncbi.nlm.nih.gov/sos9/sra-pub-zq-924/SRR011/11933/SRR11933208/SRR11933208.lite.1
SRR11933206	SAMN15145051	CIMBL98_WS1	CIMBL98	WS1		RNA-Seq	PAIRED	ILLUMINA	44239074	2252532104	https://sra-downloadb.be-md.ncbi.nlm.nih.gov/sos9/sra-pub-zq-922/SRR011/11933/SRR11933206/SRR11933206.lite.1
SRR11933205	SAMN15145052	CIMBL98_WS2	CIMBL98	WS2		RNA-Seq	PAIRED	ILLUMINA	23367205	1051162461	https://sra-downloadb.be-md.ncbi.nlm.nih.gov/sos9/sra-pub-zq-922/SRR011/11933/SRR11933205/SRR11933205.lite.1
SRR11933204	SAMN15145053	CIMBL98_WW	CIMBL98	WW		RNA-Seq	PAIRED	ILLUMINA	50492987	2569766951	https://sra-downloadb.be-md.ncbi.nlm.nih.gov/sos9/sra-pub-zq-922/SRR011/11933/SRR11933204/SRR11933204.lite.1
SRR11933203	SAMN15145054	CIMBL99_WS1	CIMBL99	WS1		RNA-Seq	PAIRED	ILLUMINA	40309719	2051791301	https://sra-downloadb.be-md.ncbi.nlm.nih.gov/sos9/sra-pub-zq-924/SRR011/11933/SRR11933203/SRR11933203.lite.1
SRR11933202	SAMN15145055	CIMBL99_WS2	CIMBL99	WS2		RNA-Seq	PAIRED	ILLUMINA	114441455	5821705038	https://sra-downloadb.be-md.ncbi.nlm.nih.gov/sos9/sra-pub-zq-924/SRR011/11933/SRR11933202/SRR11933202.lite.1
SRR11933201	SAMN15145056	CIMBL99_WW	CIMBL99	WW		RNA-Seq	PAIRED	ILLUMINA	38870107	1978040891	https://sra-downloadb.be-md.ncbi.nlm.nih.gov/sos9/sra-pub-zq-922/SRR011/11933/SRR11933201/SRR11933201.lite.1
SRR11932804	SAMN15145027	CIMBL9_WS1	CIMBL9	WS1		RNA-Seq	PAIRED	ILLUMINA	42971281	2184396819	https://sra-downloadb.be-md.ncbi.nlm.nih.gov/sos9/sra-pub-zq-922/SRR011/11932/SRR11932804/SRR11932804.lite.1
SRR11933233	SAMN15145028	CIMBL9_WS2	CIMBL9	WS2		RNA-Seq	PAIRED	ILLUMINA	48882273	2486166058	https://sra-downloadb.be-md.ncbi.nlm.nih.gov/sos9/sra-pub-zq-924/SRR011/11933/SRR11933233/SRR11933233.lite.1
SRR11933232	SAMN15145029	CIMBL9_WW	CIMBL9	WW		RNA-Seq	PAIRED	ILLUMINA	40921099	2078307502	https://sra-downloadb.be-md.ncbi.nlm.nih.gov/sos9/sra-pub-zq-922/SRR011/11933/SRR11933232/SRR11933232.lite.1
SRR11933200	SAMN15145057	CML115_WS1	CML115	WS1		RNA-Seq	PAIRED	ILLUMINA	33773266	1719633291	https://sra-downloadb.be-md.ncbi.nlm.nih.gov/sos9/sra-pub-zq-924/SRR011/11933/SRR11933200/SRR11933200.lite.1
SRR11933199	SAMN15145058	CML115_WS2	CML115	WS2		RNA-Seq	PAIRED	ILLUMINA	41942181	2136363223	https://sra-downloadb.be-md.ncbi.nlm.nih.gov/sos9/sra-pub-zq-922/SRR011/11933/SRR11933199/SRR11933199.lite.1
SRR11933198	SAMN15145059	CML115_WW	CML115	WW		RNA-Seq	PAIRED	ILLUMINA	56341661	2858252398	https://sra-downloadb.be-md.ncbi.nlm.nih.gov/sos9/sra-pub-zq-922/SRR011/11933/SRR11933198/SRR11933198.lite.1
SRR11933197	SAMN15145060	CML116_WS1	CML116	WS1		RNA-Seq	PAIRED	ILLUMINA	64660899	3134285649	https://sra-downloadb.be-md.ncbi.nlm.nih.gov/sos9/sra-pub-zq-922/SRR011/11933/SRR11933197/SRR11933197.lite.1
SRR11933195	SAMN15145061	CML116_WW	CML116	WW		RNA-Seq	PAIRED	ILLUMINA	76457852	3701195409	https://sra-downloadb.be-md.ncbi.nlm.nih.gov/sos9/sra-pub-zq-922/SRR011/11933/SRR11933195/SRR11933195.lite.1
SRR11933194	SAMN15145062	CML118_WS1	CML118	WS1		RNA-Seq	PAIRED	ILLUMINA	49907546	2501999399	https://sra-downloadb.be-md.ncbi.nlm.nih.gov/sos9/sra-pub-zq-922/SRR011/11933/SRR11933194/SRR11933194.lite.1
SRR11933193	SAMN15145063	CML118_WS2	CML118	WS2		RNA-Seq	PAIRED	ILLUMINA	51789950	2560705737	https://sra-downloadb.be-md.ncbi.nlm.nih.gov/sos9/sra-pub-zq-922/SRR011/11933/SRR11933193/SRR11933193.lite.1
SRR11933192	SAMN15145064	CML118_WW	CML118	WW		RNA-Seq	PAIRED	ILLUMINA	64371068	3227020153	https://sra-downloadb.be-md.ncbi.nlm.nih.gov/sos9/sra-pub-zq-922/SRR011/11933/SRR11933192/SRR11933192.lite.1
SRR11933191	SAMN15145065	CML121_WS1	CML121	WS1		RNA-Seq	PAIRED	ILLUMINA	45218292	2302026270	https://sra-downloadb.be-md.ncbi.nlm.nih.gov/sos9/sra-pub-zq-922/SRR011/11933/SRR11933191/SRR11933191.lite.1
SRR11933190	SAMN15145066	CML121_WS2	CML121	WS2		RNA-Seq	PAIRED	ILLUMINA	65916181	2926771516	https://sra-downloadb.be-md.ncbi.nlm.nih.gov/sos9/sra-pub-zq-922/SRR011/11933/SRR11933190/SRR11933190.lite.1
SRR11933189	SAMN15145067	CML121_WW	CML121	WW		RNA-Seq	PAIRED	ILLUMINA	73596978	3735338676	https://sra-downloadb.be-md.ncbi.nlm.nih.gov/sos9/sra-pub-zq-922/SRR011/11933/SRR11933189/SRR11933189.lite.1
SRR11933188	SAMN15145068	CML130_WS2	CML130	WS2		RNA-Seq	PAIRED	ILLUMINA	58248423	2943334406	https://sra-downloadb.be-md.ncbi.nlm.nih.gov/sos9/sra-pub-zq-924/SRR011/11933/SRR11933188/SRR11933188.lite.1
SRR11933187	SAMN15145069	CML134_WS1	CML134	WS1		RNA-Seq	PAIRED	ILLUMINA	50245920	2558551979	https://sra-downloadb.be-md.ncbi.nlm.nih.gov/sos9/sra-pub-zq-924/SRR011/11933/SRR11933187/SRR11933187.lite.1
SRR11933186	SAMN15145070	CML134_WS2	CML134	WS2		RNA-Seq	PAIRED	ILLUMINA	23467288	1055353890	https://sra-downloadb.be-md.ncbi.nlm.nih.gov/sos9/sra-pub-zq-922/SRR011/11933/SRR11933186/SRR11933186.lite.1
SRR11933184	SAMN15145071	CML134_WW	CML134	WW		RNA-Seq	PAIRED	ILLUMINA	42424085	2157750999	https://sra-downloadb.be-md.ncbi.nlm.nih.gov/sos9/sra-pub-zq-922/SRR011/11933/SRR11933184/SRR11933184.lite.1
SRR11933183	SAMN15145072	CML162_WS1	CML162	WS1		RNA-Seq	PAIRED	ILLUMINA	58908292	2975648471	https://sra-downloadb.be-md.ncbi.nlm.nih.gov/sos9/sra-pub-zq-922/SRR011/11933/SRR11933183/SRR11933183.lite.1
SRR11933182	SAMN15145073	CML162_WS2	CML162	WS2		RNA-Seq	PAIRED	ILLUMINA	58529698	2960210659	https://sra-downloadb.be-md.ncbi.nlm.nih.gov/sos9/sra-pub-zq-922/SRR011/11933/SRR11933182/SRR11933182.lite.1
SRR11933181	SAMN15145074	CML162_WW	CML162	WW		RNA-Seq	PAIRED	ILLUMINA	31845434	1617816194	https://sra-downloadb.be-md.ncbi.nlm.nih.gov/sos9/sra-pub-zq-922/SRR011/11933/SRR11933181/SRR11933181.lite.1
SRR11933180	SAMN15145075	CML163_WS1	CML163	WS1		RNA-Seq	PAIRED	ILLUMINA	27654436	1358145330	https://sra-downloadb.be-md.ncbi.nlm.nih.gov/sos9/sra-pub-zq-922/SRR011/11933/SRR11933180/SRR11933180.lite.1
SRR11933179	SAMN15145076	CML163_WS1_REP	CML163	WS1	REP	RNA-Seq	PAIRED	ILLUMINA	38137368	1936308316	https://sra-downloadb.be-md.ncbi.nlm.nih.gov/sos9/sra-pub-zq-922/SRR011/11933/SRR11933179/SRR11933179.lite.1
SRR11933178	SAMN15145077	CML163_WS2	CML163	WS2		RNA-Seq	PAIRED	ILLUMINA	43846599	2231889364	https://sra-downloadb.be-md.ncbi.nlm.nih.gov/sos9/sra-pub-zq-922/SRR011/11933/SRR11933178/SRR11933178.lite.1
SRR11933177	SAMN15145078	CML163_WS2_REP	CML163	WS2	REP	RNA-Seq	PAIRED	ILLUMINA	56726759	2882279470	https://sra-downloadb.be-md.ncbi.nlm.nih.gov/sos9/sra-pub-zq-924/SRR011/11933/SRR11933177/SRR11933177.lite.1
SRR11933176	SAMN15145079	CML163_WW	CML163	WW		RNA-Seq	PAIRED	ILLUMINA	72162003	3600194958	https://sra-downloadb.be-md.ncbi.nlm.nih.gov/sos9/sra-pub-zq-922/SRR011/11933/SRR11933176/SRR11933176.lite.1
SRR11933175	SAMN15145080	CML163_WW_REP	CML163	WW	REP	RNA-Seq	PAIRED	ILLUMINA	50428763	2562286869	https://sra-downloadb.be-md.ncbi.nlm.nih.gov/sos9/sra-pub-zq-924/SRR011/11933/SRR11933175/SRR11933175.lite.1
SRR11933173	SAMN15145081	CML165_WS1	CML165	WS1		RNA-Seq	PAIRED	ILLUMINA	100102928	4836910720	https://sra-downloadb.be-md.ncbi.nlm.nih.gov/sos9/sra-pub-zq-922/SRR011/11933/SRR11933173/SRR11933173.lite.1
SRR11933172	SAMN15145082	CML165_WS2	CML165	WS2		RNA-Seq	PAIRED	ILLUMINA	41472989	1899238542	https://sra-downloadb.be-md.ncbi.nlm.nih.gov/sos9/sra-pub-zq-922/SRR011/11933/SRR11933172/SRR11933172.lite.1
SRR11933171	SAMN15145083	CML165_WW	CML165	WW		RNA-Seq	PAIRED	ILLUMINA	104375148	5091648198	https://sra-downloadb.be-md.ncbi.nlm.nih.gov/sos9/sra-pub-zq-924/SRR011/11933/SRR11933171/SRR11933171.lite.1
SRR11933170	SAMN15145084	CML170_WS1	CML170	WS1		RNA-Seq	PAIRED	ILLUMINA	25666824	1308288307	https://sra-downloadb.be-md.ncbi.nlm.nih.gov/sos9/sra-pub-zq-924/SRR011/11933/SRR11933170/SRR11933170.lite.1
SRR11933169	SAMN15145085	CML170_WS2	CML170	WS2		RNA-Seq	PAIRED	ILLUMINA	73559934	3642957540	https://sra-downloadb.be-md.ncbi.nlm.nih.gov/sos9/sra-pub-zq-922/SRR011/11933/SRR11933169/SRR11933169.lite.1
SRR11933168	SAMN15145086	CML170_WW	CML170	WW		RNA-Seq	PAIRED	ILLUMINA	74098021	3365263390	https://sra-downloadb.be-md.ncbi.nlm.nih.gov/sos9/sra-pub-zq-922/SRR011/11933/SRR11933168/SRR11933168.lite.1
SRR11933167	SAMN15145087	CML171_WS1	CML171	WS1		RNA-Seq	PAIRED	ILLUMINA	28745374	1463127001	https://sra-downloadb.be-md.ncbi.nlm.nih.gov/sos9/sra-pub-zq-922/SRR011/11933/SRR11933167/SRR11933167.lite.1
SRR11933166	SAMN15145088	CML171_WS2	CML171	WS2		RNA-Seq	PAIRED	ILLUMINA	51403322	2602859261	https://sra-downloadb.be-md.ncbi.nlm.nih.gov/sos9/sra-pub-zq-922/SRR011/11933/SRR11933166/SRR11933166.lite.1
SRR11933165	SAMN15145089	CML171_WW	CML171	WW		RNA-Seq	PAIRED	ILLUMINA	31158137	1585104941	https://sra-downloadb.be-md.ncbi.nlm.nih.gov/sos9/sra-pub-zq-924/SRR011/11933/SRR11933165/SRR11933165.lite.1
SRR11933164	SAMN15145090	CML172_WS1	CML172	WS1		RNA-Seq	PAIRED	ILLUMINA	35367308	1800500411	https://sra-downloadb.be-md.ncbi.nlm.nih.gov/sos9/sra-pub-zq-922/SRR011/11933/SRR11933164/SRR11933164.lite.1
SRR11933162	SAMN15145091	CML172_WS2	CML172	WS2		RNA-Seq	PAIRED	ILLUMINA	42760379	2174707339	https://sra-downloadb.be-md.ncbi.nlm.nih.gov/sos9/sra-pub-zq-922/SRR011/11933/SRR11933162/SRR11933162.lite.1
SRR11933161	SAMN15145092	CML172_WW	CML172	WW		RNA-Seq	PAIRED	ILLUMINA	26709044	1359670729	https://sra-downloadb.be-md.ncbi.nlm.nih.gov/sos9/sra-pub-zq-922/SRR011/11933/SRR11933161/SRR11933161.lite.1
SRR11933160	SAMN15145093	CML189_WS1	CML189	WS1		RNA-Seq	PAIRED	ILLUMINA	45739615	2328791224	https://sra-downloadb.be-md.ncbi.nlm.nih.gov/sos9/sra-pub-zq-922/SRR011/11933/SRR11933160/SRR11933160.lite.1
SRR11933159	SAMN15145094	CML189_WS2	CML189	WS2		RNA-Seq	PAIRED	ILLUMINA	42838403	2181287711	https://sra-downloadb.be-md.ncbi.nlm.nih.gov/sos9/sra-pub-zq-922/SRR011/11933/SRR11933159/SRR11933159.lite.1
SRR11933158	SAMN15145095	CML189_WW	CML189	WW		RNA-Seq	PAIRED	ILLUMINA	35338416	1763874346	https://sra-downloadb.be-md.ncbi.nlm.nih.gov/sos9/sra-pub-zq-924/SRR011/11933/SRR11933158/SRR11933158.lite.1
SRR11933157	SAMN15145096	CML192_WS1	CML192	WS1		RNA-Seq	PAIRED	ILLUMINA	43962486	2237878657	https://sra-downloadb.be-md.ncbi.nlm.nih.gov/sos9/sra-pub-zq-922/SRR011/11933/SRR11933157/SRR11933157.lite.1
SRR11933156	SAMN15145097	CML192_WS2	CML192	WS2		RNA-Seq	PAIRED	ILLUMINA	47878873	2438201385	https://sra-downloadb.be-md.ncbi.nlm.nih.gov/sos9/sra-pub-zq-922/SRR011/11933/SRR11933156/SRR11933156.lite.1
SRR11933155	SAMN15145098	CML192_WW	CML192	WW		RNA-Seq	PAIRED	ILLUMINA	49809163	2531379604	https://sra-downloadb.be-md.ncbi.nlm.nih.gov/sos9/sra-pub-zq-924/SRR011/11933/SRR11933155/SRR11933155.lite.1
SRR11933154	SAMN15145099	CML20_WS1	CML20	WS1		RNA-Seq	PAIRED	ILLUMINA	27233118	1386521381	https://sra-downloadb.be-md.ncbi.nlm.nih.gov/sos9/sra-pub-zq-922/SRR011/11933/SRR11933154/SRR11933154.lite.1
SRR11933153	SAMN15145100	CML20_WW	CML20	WW		RNA-Seq	PAIRED	ILLUMINA	31096490	1581875578	https://sra-downloadb.be-md.ncbi.nlm.nih.gov/sos9/sra-pub-zq-922/SRR011/11933/SRR11933153/SRR11933153.lite.1
SRR11933151	SAMN15145101	CML298_WS1	CML298	WS1		RNA-Seq	PAIRED	ILLUMINA	52151032	2529706021	https://sra-downloadb.be-md.ncbi.nlm.nih.gov/sos9/sra-pub-zq-922/SRR011/11933/SRR11933151/SRR11933151.lite.1
SRR11933150	SAMN15145102	CML298_WS2	CML298	WS2		RNA-Seq	PAIRED	ILLUMINA	49015721	2432033590	https://sra-downloadb.be-md.ncbi.nlm.nih.gov/sos9/sra-pub-zq-922/SRR011/11933/SRR11933150/SRR11933150.lite.1
SRR11933149	SAMN15145103	CML298_WW	CML298	WW		RNA-Seq	PAIRED	ILLUMINA	36956998	1687001413	https://sra-downloadb.be-md.ncbi.nlm.nih.gov/sos9/sra-pub-zq-924/SRR011/11933/SRR11933149/SRR11933149.lite.1
SRR11933148	SAMN15145104	CML304_WS1	CML304	WS1		RNA-Seq	PAIRED	ILLUMINA	55298892	2691247023	https://sra-downloadb.be-md.ncbi.nlm.nih.gov/sos9/sra-pub-zq-922/SRR011/11933/SRR11933148/SRR11933148.lite.1
SRR11933147	SAMN15145105	CML304_WS2	CML304	WS2		RNA-Seq	PAIRED	ILLUMINA	34291835	1584784670	https://sra-downloadb.be-md.ncbi.nlm.nih.gov/sos9/sra-pub-zq-924/SRR011/11933/SRR11933147/SRR11933147.lite.1
SRR11933146	SAMN15145106	CML304_WW	CML304	WW		RNA-Seq	PAIRED	ILLUMINA	119923881	5834206643	https://sra-downloadb.be-md.ncbi.nlm.nih.gov/sos9/sra-pub-zq-922/SRR011/11933/SRR11933146/SRR11933146.lite.1
SRR11933145	SAMN15145107	CML31_WS1	CML31	WS1		RNA-Seq	PAIRED	ILLUMINA	40129694	2044050140	https://sra-downloadb.be-md.ncbi.nlm.nih.gov/sos9/sra-pub-zq-922/SRR011/11933/SRR11933145/SRR11933145.lite.1
SRR11933144	SAMN15145108	CML31_WS2	CML31	WS2		RNA-Seq	PAIRED	ILLUMINA	38433849	1913054436	https://sra-downloadb.be-md.ncbi.nlm.nih.gov/sos9/sra-pub-zq-922/SRR011/11933/SRR11933144/SRR11933144.lite.1
SRR11933143	SAMN15145109	CML31_WW	CML31	WW		RNA-Seq	PAIRED	ILLUMINA	13150318	621883751	https://sra-downloadb.be-md.ncbi.nlm.nih.gov/sos9/sra-pub-zq-922/SRR011/11933/SRR11933143/SRR11933143.lite.1
SRR11933138	SAMN15145113	CML325_WS2	CML325	WS2		RNA-Seq	PAIRED	ILLUMINA	31252103	1448605032	https://sra-downloadb.be-md.ncbi.nlm.nih.gov/sos9/sra-pub-zq-922/SRR011/11933/SRR11933138/SRR11933138.lite.1
SRR11933137	SAMN15145114	CML325_WW	CML325	WW		RNA-Seq	PAIRED	ILLUMINA	65628649	3180443264	https://sra-downloadb.be-md.ncbi.nlm.nih.gov/sos9/sra-pub-zq-922/SRR011/11933/SRR11933137/SRR11933137.lite.1
SRR11933142	SAMN15145110	CML32_WS1	CML32	WS1		RNA-Seq	PAIRED	ILLUMINA	38559104	1959912848	https://sra-downloadb.be-md.ncbi.nlm.nih.gov/sos9/sra-pub-zq-922/SRR011/11933/SRR11933142/SRR11933142.lite.1
SRR11933140	SAMN15145111	CML32_WS2	CML32	WS2		RNA-Seq	PAIRED	ILLUMINA	54897633	2795941983	https://sra-downloadb.be-md.ncbi.nlm.nih.gov/sos9/sra-pub-zq-924/SRR011/11933/SRR11933140/SRR11933140.lite.1
SRR11933139	SAMN15145112	CML32_WW	CML32	WW		RNA-Seq	PAIRED	ILLUMINA	27534334	1401528632	https://sra-downloadb.be-md.ncbi.nlm.nih.gov/sos9/sra-pub-zq-922/SRR011/11933/SRR11933139/SRR11933139.lite.1
SRR11933136	SAMN15145115	CML360_WS1	CML360	WS1		RNA-Seq	PAIRED	ILLUMINA	27889694	1368139832	https://sra-downloadb.be-md.ncbi.nlm.nih.gov/sos9/sra-pub-zq-922/SRR011/11933/SRR11933136/SRR11933136.lite.1
SRR11933135	SAMN15145116	CML360_WS1_REP	CML360	WS1	REP	RNA-Seq	PAIRED	ILLUMINA	33752223	1714884165	https://sra-downloadb.be-md.ncbi.nlm.nih.gov/sos9/sra-pub-zq-922/SRR011/11933/SRR11933135/SRR11933135.lite.1
SRR11933134	SAMN15145117	CML360_WS2	CML360	WS2		RNA-Seq	PAIRED	ILLUMINA	56875891	2893598397	https://sra-downloadb.be-md.ncbi.nlm.nih.gov/sos9/sra-pub-zq-922/SRR011/11933/SRR11933134/SRR11933134.lite.1
SRR11933133	SAMN15145118	CML360_WS2_REP	CML360	WS2	REP	RNA-Seq	PAIRED	ILLUMINA	56849932	2891278872	https://sra-downloadb.be-md.ncbi.nlm.nih.gov/sos9/sra-pub-zq-922/SRR011/11933/SRR11933133/SRR11933133.lite.1
SRR11933132	SAMN15145119	CML360_WW	CML360	WW		RNA-Seq	PAIRED	ILLUMINA	57501170	2859919411	https://sra-downloadb.be-md.ncbi.nlm.nih.gov/sos9/sra-pub-zq-924/SRR011/11933/SRR11933132/SRR11933132.lite.1
SRR11933131	SAMN15145120	CML360_WW_REP	CML360	WW	REP	RNA-Seq	PAIRED	ILLUMINA	45297186	2300810289	https://sra-downloadb.be-md.ncbi.nlm.nih.gov/sos9/sra-pub-zq-922/SRR011/11933/SRR11933131/SRR11933131.lite.1
SRR11933129	SAMN15145121	CML361_WS1	CML361	WS1		RNA-Seq	PAIRED	ILLUMINA	41427331	2109501716	https://sra-downloadb.be-md.ncbi.nlm.nih.gov/sos9/sra-pub-zq-922/SRR011/11933/SRR11933129/SRR11933129.lite.1
SRR11933128	SAMN15145122	CML361_WS2	CML361	WS2		RNA-Seq	PAIRED	ILLUMINA	34822702	1773092171	https://sra-downloadb.be-md.ncbi.nlm.nih.gov/sos9/sra-pub-zq-922/SRR011/11933/SRR11933128/SRR11933128.lite.1
SRR11933127	SAMN15145123	CML361_WW	CML361	WW		RNA-Seq	PAIRED	ILLUMINA	41101374	2049109822	https://sra-downloadb.be-md.ncbi.nlm.nih.gov/sos9/sra-pub-zq-922/SRR011/11933/SRR11933127/SRR11933127.lite.1
SRR11933126	SAMN15145124	CML411_WS1	CML411	WS1		RNA-Seq	PAIRED	ILLUMINA	55042880	2802266370	https://sra-downloadb.be-md.ncbi.nlm.nih.gov/sos9/sra-pub-zq-924/SRR011/11933/SRR11933126/SRR11933126.lite.1
SRR11933125	SAMN15145125	CML411_WS2	CML411	WS2		RNA-Seq	PAIRED	ILLUMINA	41236233	2100335333	https://sra-downloadb.be-md.ncbi.nlm.nih.gov/sos9/sra-pub-zq-922/SRR011/11933/SRR11933125/SRR11933125.lite.1
SRR11933124	SAMN15145126	CML411_WW	CML411	WW		RNA-Seq	PAIRED	ILLUMINA	44925846	2286820709	https://sra-downloadb.be-md.ncbi.nlm.nih.gov/sos9/sra-pub-zq-924/SRR011/11933/SRR11933124/SRR11933124.lite.1
SRR11933123	SAMN15145127	CML423_WS1	CML423	WS1		RNA-Seq	PAIRED	ILLUMINA	46092921	2347054088	https://sra-downloadb.be-md.ncbi.nlm.nih.gov/sos9/sra-pub-zq-922/SRR011/11933/SRR11933123/SRR11933123.lite.1
SRR11933122	SAMN15145128	CML423_WS2	CML423	WS2		RNA-Seq	PAIRED	ILLUMINA	20155461	906846888	https://sra-downloadb.be-md.ncbi.nlm.nih.gov/sos9/sra-pub-zq-924/SRR011/11933/SRR11933122/SRR11933122.lite.1
SRR11933121	SAMN15145129	CML423_WW	CML423	WW		RNA-Seq	PAIRED	ILLUMINA	34344175	1748089238	https://sra-downloadb.be-md.ncbi.nlm.nih.gov/sos9/sra-pub-zq-924/SRR011/11933/SRR11933121/SRR11933121.lite.1
SRR11933120	SAMN15145130	CML431_WS1	CML431	WS1		RNA-Seq	PAIRED	ILLUMINA	57295141	2893705280	https://sra-downloadb.be-md.ncbi.nlm.nih.gov/sos9/sra-pub-zq-922/SRR011/11933/SRR11933120/SRR11933120.lite.1
SRR11933118	SAMN15145131	CML431_WS2	CML431	WS2		RNA-Seq	PAIRED	ILLUMINA	56212117	2838400531	https://sra-downloadb.be-md.ncbi.nlm.nih.gov/sos9/sra-pub-zq-922/SRR011/11933/SRR11933118/SRR11933118.lite.1
SRR11933117	SAMN15145132	CML432_WS1	CML432	WS1		RNA-Seq	PAIRED	ILLUMINA	115718728	5891961647	https://sra-downloadb.be-md.ncbi.nlm.nih.gov/sos9/sra-pub-zq-922/SRR011/11933/SRR11933117/SRR11933117.lite.1
SRR11933116	SAMN15145133	CML433_WS1	CML433	WS1		RNA-Seq	PAIRED	ILLUMINA	26673629	1358295081	https://sra-downloadb.be-md.ncbi.nlm.nih.gov/sos9/sra-pub-zq-922/SRR011/11933/SRR11933116/SRR11933116.lite.1
SRR11933115	SAMN15145134	CML433_WS2	CML433	WS2		RNA-Seq	PAIRED	ILLUMINA	48360418	2460790725	https://sra-downloadb.be-md.ncbi.nlm.nih.gov/sos9/sra-pub-zq-924/SRR011/11933/SRR11933115/SRR11933115.lite.1
SRR11933114	SAMN15145135	CML433_WW	CML433	WW		RNA-Seq	PAIRED	ILLUMINA	51593637	2624579578	https://sra-downloadb.be-md.ncbi.nlm.nih.gov/sos9/sra-pub-zq-924/SRR011/11933/SRR11933114/SRR11933114.lite.1
SRR11933113	SAMN15145136	CML454_WS1	CML454	WS1		RNA-Seq	PAIRED	ILLUMINA	29878702	1516528888	https://sra-downloadb.be-md.ncbi.nlm.nih.gov/sos9/sra-pub-zq-922/SRR011/11933/SRR11933113/SRR11933113.lite.1
SRR11933112	SAMN15145137	CML454_WS2	CML454	WS2		RNA-Seq	PAIRED	ILLUMINA	48233645	2398630236	https://sra-downloadb.be-md.ncbi.nlm.nih.gov/sos9/sra-pub-zq-922/SRR011/11933/SRR11933112/SRR11933112.lite.1
SRR11933111	SAMN15145138	CML454_WW	CML454	WW		RNA-Seq	PAIRED	ILLUMINA	17963055	847045160	https://sra-downloadb.be-md.ncbi.nlm.nih.gov/sos9/sra-pub-zq-924/SRR011/11933/SRR11933111/SRR11933111.lite.1
SRR11933110	SAMN15145139	CML470_WS1	CML470	WS1		RNA-Seq	PAIRED	ILLUMINA	46725391	2381244100	https://sra-downloadb.be-md.ncbi.nlm.nih.gov/sos9/sra-pub-zq-924/SRR011/11933/SRR11933110/SRR11933110.lite.1
SRR11933109	SAMN15145140	CML470_WW	CML470	WW		RNA-Seq	PAIRED	ILLUMINA	30177924	1377413772	https://sra-downloadb.be-md.ncbi.nlm.nih.gov/sos9/sra-pub-zq-922/SRR011/11933/SRR11933109/SRR11933109.lite.1
SRR11933106	SAMN15145141	CML479_WS1	CML479	WS1		RNA-Seq	PAIRED	ILLUMINA	27548947	1401806411	https://sra-downloadb.be-md.ncbi.nlm.nih.gov/sos9/sra-pub-zq-922/SRR011/11933/SRR11933106/SRR11933106.lite.1
SRR11933105	SAMN15145142	CML479_WS2	CML479	WS2		RNA-Seq	PAIRED	ILLUMINA	40893636	2082568246	https://sra-downloadb.be-md.ncbi.nlm.nih.gov/sos9/sra-pub-zq-924/SRR011/11933/SRR11933105/SRR11933105.lite.1
SRR11933104	SAMN15145143	CML479_WW	CML479	WW		RNA-Seq	PAIRED	ILLUMINA	35518159	1807654738	https://sra-downloadb.be-md.ncbi.nlm.nih.gov/sos9/sra-pub-zq-922/SRR011/11933/SRR11933104/SRR11933104.lite.1
SRR11933103	SAMN15145144	CML479_WW_REP	CML479	WW	REP	RNA-Seq	PAIRED	ILLUMINA	37515460	1909582411	https://sra-downloadb.be-md.ncbi.nlm.nih.gov/sos9/sra-pub-zq-922/SRR011/11933/SRR11933103/SRR11933103.lite.1
SRR11933102	SAMN15145145	CML480_WS1	CML480	WS1		RNA-Seq	PAIRED	ILLUMINA	40427747	2056343000	https://sra-downloadb.be-md.ncbi.nlm.nih.gov/sos9/sra-pub-zq-924/SRR011/11933/SRR11933102/SRR11933102.lite.1
SRR11933101	SAMN15145146	CML480_WS2	CML480	WS2		RNA-Seq	PAIRED	ILLUMINA	42499547	2164912143	https://sra-downloadb.be-md.ncbi.nlm.nih.gov/sos9/sra-pub-zq-924/SRR011/11933/SRR11933101/SRR11933101.lite.1
SRR11933100	SAMN15145147	CML480_WW	CML480	WW		RNA-Seq	PAIRED	ILLUMINA	36180360	1841657725	https://sra-downloadb.be-md.ncbi.nlm.nih.gov/sos9/sra-pub-zq-922/SRR011/11933/SRR11933100/SRR11933100.lite.1
SRR11933099	SAMN15145148	CML493_WS1	CML493	WS1		RNA-Seq	PAIRED	ILLUMINA	43791892	2229769680	https://sra-downloadb.be-md.ncbi.nlm.nih.gov/sos9/sra-pub-zq-922/SRR011/11933/SRR11933099/SRR11933099.lite.1
SRR11933098	SAMN15145149	CML493_WS2	CML493	WS2		RNA-Seq	PAIRED	ILLUMINA	53743506	2362931551	https://sra-downloadb.be-md.ncbi.nlm.nih.gov/sos9/sra-pub-zq-924/SRR011/11933/SRR11933098/SRR11933098.lite.1
SRR11933097	SAMN15145150	CML493_WW	CML493	WW		RNA-Seq	PAIRED	ILLUMINA	39965724	2032988990	https://sra-downloadb.be-md.ncbi.nlm.nih.gov/sos9/sra-pub-zq-924/SRR011/11933/SRR11933097/SRR11933097.lite.1
SRR11933095	SAMN15145151	CML496_WS1	CML496	WS1		RNA-Seq	PAIRED	ILLUMINA	55150422	2669122868	https://sra-downloadb.be-md.ncbi.nlm.nih.gov/sos9/sra-pub-zq-924/SRR011/11933/SRR11933095/SRR11933095.lite.1
SRR11933094	SAMN15145152	CML496_WS2	CML496	WS2		RNA-Seq	PAIRED	ILLUMINA	34287449	1593080571	https://sra-downloadb.be-md.ncbi.nlm.nih.gov/sos9/sra-pub-zq-922/SRR011/11933/SRR11933094/SRR11933094.lite.1
SRR11933093	SAMN15145153	CML50_WS1	CML50	WS1		RNA-Seq	PAIRED	ILLUMINA	46984303	2392060683	https://sra-downloadb.be-md.ncbi.nlm.nih.gov/sos9/sra-pub-zq-922/SRR011/11933/SRR11933093/SRR11933093.lite.1
SRR11933092	SAMN15145154	CML50_WS2	CML50	WS2		RNA-Seq	PAIRED	ILLUMINA	44372996	2260066026	https://sra-downloadb.be-md.ncbi.nlm.nih.gov/sos9/sra-pub-zq-924/SRR011/11933/SRR11933092/SRR11933092.lite.1
SRR11933091	SAMN15145155	CML50_WW	CML50	WW		RNA-Seq	PAIRED	ILLUMINA	28238839	1438553849	https://sra-downloadb.be-md.ncbi.nlm.nih.gov/sos9/sra-pub-zq-922/SRR011/11933/SRR11933091/SRR11933091.lite.1
SRR11933090	SAMN15145156	CML69_WS2	CML69	WS2		RNA-Seq	PAIRED	ILLUMINA	41727644	1942785746	https://sra-downloadb.be-md.ncbi.nlm.nih.gov/sos9/sra-pub-zq-922/SRR011/11933/SRR11933090/SRR11933090.lite.1
SRR11933089	SAMN15145157	CML69_WW	CML69	WW		RNA-Seq	PAIRED	ILLUMINA	164674640	7926086584	https://sra-downloadb.be-md.ncbi.nlm.nih.gov/sos9/sra-pub-zq-922/SRR011/11933/SRR11933089/SRR11933089.lite.1
SRR11933088	SAMN15145158	D863F_WS1	D863F	WS1		RNA-Seq	PAIRED	ILLUMINA	82329937	3740804335	https://sra-downloadb.be-md.ncbi.nlm.nih.gov/sos9/sra-pub-zq-922/SRR011/11933/SRR11933088/SRR11933088.lite.1
SRR11933087	SAMN15145159	D863F_WS2	D863F	WS2		RNA-Seq	PAIRED	ILLUMINA	34449263	1694725057	https://sra-downloadb.be-md.ncbi.nlm.nih.gov/sos9/sra-pub-zq-922/SRR011/11933/SRR11933087/SRR11933087.lite.1
SRR11933086	SAMN15145160	DAN3130_WS1	DAN3130	WS1		RNA-Seq	PAIRED	ILLUMINA	37456723	1906980031	https://sra-downloadb.be-md.ncbi.nlm.nih.gov/sos9/sra-pub-zq-924/SRR011/11933/SRR11933086/SRR11933086.lite.1
SRR11933084	SAMN15145161	DAN3130_WS2	DAN3130	WS2		RNA-Seq	PAIRED	ILLUMINA	37344267	1901241691	https://sra-downloadb.be-md.ncbi.nlm.nih.gov/sos9/sra-pub-zq-922/SRR011/11933/SRR11933084/SRR11933084.lite.1
SRR11933083	SAMN15145162	DAN3130_WW	DAN3130	WW		RNA-Seq	PAIRED	ILLUMINA	24109614	1201134668	https://sra-downloadb.be-md.ncbi.nlm.nih.gov/sos9/sra-pub-zq-922/SRR011/11933/SRR11933083/SRR11933083.lite.1
SRR11933082	SAMN15145163	DAN599_WS1	DAN599	WS1		RNA-Seq	PAIRED	ILLUMINA	19800140	1009329425	https://sra-downloadb.be-md.ncbi.nlm.nih.gov/sos9/sra-pub-zq-922/SRR011/11933/SRR11933082/SRR11933082.lite.1
SRR11933081	SAMN15145164	DAN599_WS2	DAN599	WS2		RNA-Seq	PAIRED	ILLUMINA	59559312	2957117772	https://sra-downloadb.be-md.ncbi.nlm.nih.gov/sos9/sra-pub-zq-924/SRR011/11933/SRR11933081/SRR11933081.lite.1
SRR11933080	SAMN15145165	DAN599_WW	DAN599	WW		RNA-Seq	PAIRED	ILLUMINA	19683740	932174448	https://sra-downloadb.be-md.ncbi.nlm.nih.gov/sos9/sra-pub-zq-922/SRR011/11933/SRR11933080/SRR11933080.lite.1
SRR11933079	SAMN15145166	DONG237_WS1	DONG237	WS1		RNA-Seq	PAIRED	ILLUMINA	42191652	1865946411	https://sra-downloadb.be-md.ncbi.nlm.nih.gov/sos9/sra-pub-zq-922/SRR011/11933/SRR11933079/SRR11933079.lite.1
SRR11933078	SAMN15145167	DONG237_WS2	DONG237	WS2		RNA-Seq	PAIRED	ILLUMINA	27174139	1348376213	https://sra-downloadb.be-md.ncbi.nlm.nih.gov/sos9/sra-pub-zq-924/SRR011/11933/SRR11933078/SRR11933078.lite.1
SRR11933077	SAMN15145168	DONG237_WW	DONG237	WW		RNA-Seq	PAIRED	ILLUMINA	74919056	3527819998	https://sra-downloadb.be-md.ncbi.nlm.nih.gov/sos9/sra-pub-zq-922/SRR011/11933/SRR11933077/SRR11933077.lite.1
SRR11933076	SAMN15145169	FCD0602_WS1	FCD0602	WS1		RNA-Seq	PAIRED	ILLUMINA	35299849	1796515425	https://sra-downloadb.be-md.ncbi.nlm.nih.gov/sos9/sra-pub-zq-922/SRR011/11933/SRR11933076/SRR11933076.lite.1
SRR11933075	SAMN15145170	FCD0602_WS2	FCD0602	WS2		RNA-Seq	PAIRED	ILLUMINA	38477017	1924653961	https://sra-downloadb.be-md.ncbi.nlm.nih.gov/sos9/sra-pub-zq-924/SRR011/11933/SRR11933075/SRR11933075.lite.1
SRR11933073	SAMN15145171	FCD0602_WW	FCD0602	WW		RNA-Seq	PAIRED	ILLUMINA	48362078	2458666532	https://sra-downloadb.be-md.ncbi.nlm.nih.gov/sos9/sra-pub-zq-924/SRR011/11933/SRR11933073/SRR11933073.lite.1
SRR11933072	SAMN15145172	GEMS10_WS1	GEMS10	WS1		RNA-Seq	PAIRED	ILLUMINA	47365415	2409942697	https://sra-downloadb.be-md.ncbi.nlm.nih.gov/sos9/sra-pub-zq-924/SRR011/11933/SRR11933072/SRR11933072.lite.1
SRR11933071	SAMN15145173	GEMS10_WS2	GEMS10	WS2		RNA-Seq	PAIRED	ILLUMINA	30058541	1503888319	https://sra-downloadb.be-md.ncbi.nlm.nih.gov/sos9/sra-pub-zq-922/SRR011/11933/SRR11933071/SRR11933071.lite.1
SRR11933070	SAMN15145174	GEMS10_WW	GEMS10	WW		RNA-Seq	PAIRED	ILLUMINA	32282031	1642238704	https://sra-downloadb.be-md.ncbi.nlm.nih.gov/sos9/sra-pub-zq-924/SRR011/11933/SRR11933070/SRR11933070.lite.1
SRR11933069	SAMN15145175	GEMS11_WS1	GEMS11	WS1		RNA-Seq	PAIRED	ILLUMINA	33761938	1656398000	https://sra-downloadb.be-md.ncbi.nlm.nih.gov/sos9/sra-pub-zq-922/SRR011/11933/SRR11933069/SRR11933069.lite.1
SRR11933068	SAMN15145176	GEMS11_WS2	GEMS11	WS2		RNA-Seq	PAIRED	ILLUMINA	40179250	2045776913	https://sra-downloadb.be-md.ncbi.nlm.nih.gov/sos9/sra-pub-zq-924/SRR011/11933/SRR11933068/SRR11933068.lite.1
SRR11933067	SAMN15145177	GEMS11_WW	GEMS11	WW		RNA-Seq	PAIRED	ILLUMINA	60794727	3028993144	https://sra-downloadb.be-md.ncbi.nlm.nih.gov/sos9/sra-pub-zq-924/SRR011/11933/SRR11933067/SRR11933067.lite.1
SRR11933066	SAMN15145178	GEMS13_WS1	GEMS13	WS1		RNA-Seq	PAIRED	ILLUMINA	55969929	2849777549	https://sra-downloadb.be-md.ncbi.nlm.nih.gov/sos9/sra-pub-zq-924/SRR011/11933/SRR11933066/SRR11933066.lite.1
SRR11933065	SAMN15145179	GEMS13_WW	GEMS13	WW		RNA-Seq	PAIRED	ILLUMINA	38405068	1956185989	https://sra-downloadb.be-md.ncbi.nlm.nih.gov/sos9/sra-pub-zq-922/SRR011/11933/SRR11933065/SRR11933065.lite.1
SRR11933064	SAMN15145180	GEMS14_WS1	GEMS14	WS1		RNA-Seq	PAIRED	ILLUMINA	49882561	2434994973	https://sra-downloadb.be-md.ncbi.nlm.nih.gov/sos9/sra-pub-zq-924/SRR011/11933/SRR11933064/SRR11933064.lite.1
SRR11933062	SAMN15145181	GEMS14_WS2	GEMS14	WS2		RNA-Seq	PAIRED	ILLUMINA	42316705	2152140729	https://sra-downloadb.be-md.ncbi.nlm.nih.gov/sos9/sra-pub-zq-924/SRR011/11933/SRR11933062/SRR11933062.lite.1
SRR11933061	SAMN15145182	GEMS14_WW	GEMS14	WW		RNA-Seq	PAIRED	ILLUMINA	29240089	1458173732	https://sra-downloadb.be-md.ncbi.nlm.nih.gov/sos9/sra-pub-zq-922/SRR011/11933/SRR11933061/SRR11933061.lite.1
SRR11933463	SAMN15145186	GEMS20_WS1	GEMS20	WS1		RNA-Seq	PAIRED	ILLUMINA	62509273	3155952941	https://sra-downloadb.be-md.ncbi.nlm.nih.gov/sos9/sra-pub-zq-922/SRR011/11933/SRR11933463/SRR11933463.lite.1
SRR11933462	SAMN15145187	GEMS20_WS2	GEMS20	WS2		RNA-Seq	PAIRED	ILLUMINA	143829833	7310783138	https://sra-downloadb.be-md.ncbi.nlm.nih.gov/sos9/sra-pub-zq-924/SRR011/11933/SRR11933462/SRR11933462.lite.1
SRR11933461	SAMN15145188	GEMS20_WW	GEMS20	WW		RNA-Seq	PAIRED	ILLUMINA	34891615	1773455865	https://sra-downloadb.be-md.ncbi.nlm.nih.gov/sos9/sra-pub-zq-922/SRR011/11933/SRR11933461/SRR11933461.lite.1
SRR11933460	SAMN15145189	GEMS21_WS1	GEMS21	WS1		RNA-Seq	PAIRED	ILLUMINA	35176326	1788702735	https://sra-downloadb.be-md.ncbi.nlm.nih.gov/sos9/sra-pub-zq-924/SRR011/11933/SRR11933460/SRR11933460.lite.1
SRR11933459	SAMN15145190	GEMS21_WS2	GEMS21	WS2		RNA-Seq	PAIRED	ILLUMINA	51883863	2582680645	https://sra-downloadb.be-md.ncbi.nlm.nih.gov/sos9/sra-pub-zq-922/SRR011/11933/SRR11933459/SRR11933459.lite.1
SRR11933457	SAMN15145191	GEMS21_WW	GEMS21	WW		RNA-Seq	PAIRED	ILLUMINA	58113588	2950357220	https://sra-downloadb.be-md.ncbi.nlm.nih.gov/sos9/sra-pub-zq-924/SRR011/11933/SRR11933457/SRR11933457.lite.1
SRR11933456	SAMN15145192	GEMS28_WS1	GEMS28	WS1		RNA-Seq	PAIRED	ILLUMINA	36396108	1852434363	https://sra-downloadb.be-md.ncbi.nlm.nih.gov/sos9/sra-pub-zq-924/SRR011/11933/SRR11933456/SRR11933456.lite.1
SRR11933455	SAMN15145193	GEMS28_WS2	GEMS28	WS2		RNA-Seq	PAIRED	ILLUMINA	51061805	2600377889	https://sra-downloadb.be-md.ncbi.nlm.nih.gov/sos9/sra-pub-zq-924/SRR011/11933/SRR11933455/SRR11933455.lite.1
SRR11933454	SAMN15145194	GEMS28_WW	GEMS28	WW		RNA-Seq	PAIRED	ILLUMINA	44671575	2273386040	https://sra-downloadb.be-md.ncbi.nlm.nih.gov/sos9/sra-pub-zq-922/SRR011/11933/SRR11933454/SRR11933454.lite.1
SRR11933060	SAMN15145183	GEMS2_WS1	GEMS2	WS1		RNA-Seq	PAIRED	ILLUMINA	61718796	3118172707	https://sra-downloadb.be-md.ncbi.nlm.nih.gov/sos9/sra-pub-zq-922/SRR011/11933/SRR11933060/SRR11933060.lite.1
SRR11933059	SAMN15145184	GEMS2_WS2	GEMS2	WS2		RNA-Seq	PAIRED	ILLUMINA	94903772	4825215966	https://sra-downloadb.be-md.ncbi.nlm.nih.gov/sos9/sra-pub-zq-924/SRR011/11933/SRR11933059/SRR11933059.lite.1
SRR11933464	SAMN15145185	GEMS2_WW	GEMS2	WW		RNA-Seq	PAIRED	ILLUMINA	46553558	2361722501	https://sra-downloadb.be-md.ncbi.nlm.nih.gov/sos9/sra-pub-zq-924/SRR011/11933/SRR11933464/SRR11933464.lite.1
SRR11933453	SAMN15145195	GEMS30_WS1	GEMS30	WS1		RNA-Seq	PAIRED	ILLUMINA	35212950	1792326841	https://sra-downloadb.be-md.ncbi.nlm.nih.gov/sos9/sra-pub-zq-924/SRR011/11933/SRR11933453/SRR11933453.lite.1
SRR11933452	SAMN15145196	GEMS30_WS2	GEMS30	WS2		RNA-Seq	PAIRED	ILLUMINA	42710182	2131552092	https://sra-downloadb.be-md.ncbi.nlm.nih.gov/sos9/sra-pub-zq-924/SRR011/11933/SRR11933452/SRR11933452.lite.1
SRR11933451	SAMN15145197	GEMS30_WW	GEMS30	WW		RNA-Seq	PAIRED	ILLUMINA	47761700	2428050472	https://sra-downloadb.be-md.ncbi.nlm.nih.gov/sos9/sra-pub-zq-924/SRR011/11933/SRR11933451/SRR11933451.lite.1
SRR11933450	SAMN15145198	GEMS32_WS1	GEMS32	WS1		RNA-Seq	PAIRED	ILLUMINA	51706029	2630338378	https://sra-downloadb.be-md.ncbi.nlm.nih.gov/sos9/sra-pub-zq-922/SRR011/11933/SRR11933450/SRR11933450.lite.1
SRR11933449	SAMN15145199	GEMS32_WS2	GEMS32	WS2		RNA-Seq	PAIRED	ILLUMINA	44018185	2241534223	https://sra-downloadb.be-md.ncbi.nlm.nih.gov/sos9/sra-pub-zq-922/SRR011/11933/SRR11933449/SRR11933449.lite.1
SRR11933448	SAMN15145200	GEMS32_WW	GEMS32	WW		RNA-Seq	PAIRED	ILLUMINA	56778323	2831200392	https://sra-downloadb.be-md.ncbi.nlm.nih.gov/sos9/sra-pub-zq-924/SRR011/11933/SRR11933448/SRR11933448.lite.1
SRR11933446	SAMN15145201	GEMS36_WS1	GEMS36	WS1		RNA-Seq	PAIRED	ILLUMINA	39498909	2010847701	https://sra-downloadb.be-md.ncbi.nlm.nih.gov/sos9/sra-pub-zq-922/SRR011/11933/SRR11933446/SRR11933446.lite.1
SRR11933445	SAMN15145202	GEMS36_WS2	GEMS36	WS2		RNA-Seq	PAIRED	ILLUMINA	65032476	3312138373	https://sra-downloadb.be-md.ncbi.nlm.nih.gov/sos9/sra-pub-zq-922/SRR011/11933/SRR11933445/SRR11933445.lite.1
SRR11933444	SAMN15145203	GEMS36_WW	GEMS36	WW		RNA-Seq	PAIRED	ILLUMINA	32765281	1668171485	https://sra-downloadb.be-md.ncbi.nlm.nih.gov/sos9/sra-pub-zq-922/SRR011/11933/SRR11933444/SRR11933444.lite.1
SRR11933443	SAMN15145204	GEMS37_WS1	GEMS37	WS1		RNA-Seq	PAIRED	ILLUMINA	65144362	3317204209	https://sra-downloadb.be-md.ncbi.nlm.nih.gov/sos9/sra-pub-zq-922/SRR011/11933/SRR11933443/SRR11933443.lite.1
SRR11933442	SAMN15145205	GEMS37_WS2	GEMS37	WS2		RNA-Seq	PAIRED	ILLUMINA	16139633	723378778	https://sra-downloadb.be-md.ncbi.nlm.nih.gov/sos9/sra-pub-zq-922/SRR011/11933/SRR11933442/SRR11933442.lite.1
SRR11933441	SAMN15145206	GEMS37_WW	GEMS37	WW		RNA-Seq	PAIRED	ILLUMINA	34355027	1749803192	https://sra-downloadb.be-md.ncbi.nlm.nih.gov/sos9/sra-pub-zq-922/SRR011/11933/SRR11933441/SRR11933441.lite.1
SRR11933440	SAMN15145207	GEMS39_WS1	GEMS39	WS1		RNA-Seq	PAIRED	ILLUMINA	42304337	2154927597	https://sra-downloadb.be-md.ncbi.nlm.nih.gov/sos9/sra-pub-zq-922/SRR011/11933/SRR11933440/SRR11933440.lite.1
SRR11933437	SAMN15145210	GEMS40_WS1	GEMS40	WS1		RNA-Seq	PAIRED	ILLUMINA	55571147	2806342367	https://sra-downloadb.be-md.ncbi.nlm.nih.gov/sos9/sra-pub-zq-924/SRR011/11933/SRR11933437/SRR11933437.lite.1
SRR11933435	SAMN15145211	GEMS40_WS2	GEMS40	WS2		RNA-Seq	PAIRED	ILLUMINA	63250497	3200044308	https://sra-downloadb.be-md.ncbi.nlm.nih.gov/sos9/sra-pub-zq-922/SRR011/11933/SRR11933435/SRR11933435.lite.1
SRR11933434	SAMN15145212	GEMS41_WS1	GEMS41	WS1		RNA-Seq	PAIRED	ILLUMINA	56628081	2507207944	https://sra-downloadb.be-md.ncbi.nlm.nih.gov/sos9/sra-pub-zq-922/SRR011/11933/SRR11933434/SRR11933434.lite.1
SRR11933433	SAMN15145213	GEMS41_WS2	GEMS41	WS2		RNA-Seq	PAIRED	ILLUMINA	56920476	2758705384	https://sra-downloadb.be-md.ncbi.nlm.nih.gov/sos9/sra-pub-zq-922/SRR011/11933/SRR11933433/SRR11933433.lite.1
SRR11933432	SAMN15145214	GEMS41_WW	GEMS41	WW		RNA-Seq	PAIRED	ILLUMINA	52301488	2376415657	https://sra-downloadb.be-md.ncbi.nlm.nih.gov/sos9/sra-pub-zq-922/SRR011/11933/SRR11933432/SRR11933432.lite.1
SRR11933431	SAMN15145215	GEMS42_WS1	GEMS42	WS1		RNA-Seq	PAIRED	ILLUMINA	46908544	2387395565	https://sra-downloadb.be-md.ncbi.nlm.nih.gov/sos9/sra-pub-zq-924/SRR011/11933/SRR11933431/SRR11933431.lite.1
SRR11933430	SAMN15145216	GEMS42_WS2	GEMS42	WS2		RNA-Seq	PAIRED	ILLUMINA	36166803	1815635471	https://sra-downloadb.be-md.ncbi.nlm.nih.gov/sos9/sra-pub-zq-924/SRR011/11933/SRR11933430/SRR11933430.lite.1
SRR11933429	SAMN15145217	GEMS42_WW	GEMS42	WW		RNA-Seq	PAIRED	ILLUMINA	66303459	3372341179	https://sra-downloadb.be-md.ncbi.nlm.nih.gov/sos9/sra-pub-zq-924/SRR011/11933/SRR11933429/SRR11933429.lite.1
SRR11933428	SAMN15145218	GEMS44_WS1	GEMS44	WS1		RNA-Seq	PAIRED	ILLUMINA	35863193	1826039306	https://sra-downloadb.be-md.ncbi.nlm.nih.gov/sos9/sra-pub-zq-922/SRR011/11933/SRR11933428/SRR11933428.lite.1
SRR11933427	SAMN15145219	GEMS44_WS2	GEMS44	WS2		RNA-Seq	PAIRED	ILLUMINA	53002991	2699007820	https://sra-downloadb.be-md.ncbi.nlm.nih.gov/sos9/sra-pub-zq-922/SRR011/11933/SRR11933427/SRR11933427.lite.1
SRR11933426	SAMN15145220	GEMS44_WW	GEMS44	WW		RNA-Seq	PAIRED	ILLUMINA	57697061	2929191914	https://sra-downloadb.be-md.ncbi.nlm.nih.gov/sos9/sra-pub-zq-922/SRR011/11933/SRR11933426/SRR11933426.lite.1
SRR11933424	SAMN15145221	GEMS46_WS1	GEMS46	WS1		RNA-Seq	PAIRED	ILLUMINA	41758678	2126230726	https://sra-downloadb.be-md.ncbi.nlm.nih.gov/sos9/sra-pub-zq-924/SRR011/11933/SRR11933424/SRR11933424.lite.1
SRR11933423	SAMN15145222	GEMS46_WS2	GEMS46	WS2		RNA-Seq	PAIRED	ILLUMINA	34653519	1530471778	https://sra-downloadb.be-md.ncbi.nlm.nih.gov/sos9/sra-pub-zq-922/SRR011/11933/SRR11933423/SRR11933423.lite.1
SRR11933422	SAMN15145223	GEMS46_WW	GEMS46	WW		RNA-Seq	PAIRED	ILLUMINA	34421932	1751653360	https://sra-downloadb.be-md.ncbi.nlm.nih.gov/sos9/sra-pub-zq-922/SRR011/11933/SRR11933422/SRR11933422.lite.1
SRR11933439	SAMN15145208	GEMS4_WS2	GEMS4	WS2		RNA-Seq	PAIRED	ILLUMINA	143906207	7318001913	https://sra-downloadb.be-md.ncbi.nlm.nih.gov/sos9/sra-pub-zq-924/SRR011/11933/SRR11933439/SRR11933439.lite.1
SRR11933438	SAMN15145209	GEMS4_WW	GEMS4	WW		RNA-Seq	PAIRED	ILLUMINA	71205681	3592692120	https://sra-downloadb.be-md.ncbi.nlm.nih.gov/sos9/sra-pub-zq-924/SRR011/11933/SRR11933438/SRR11933438.lite.1
SRR11933418	SAMN15145227	GEMS51_WW	GEMS51	WW		RNA-Seq	PAIRED	ILLUMINA	32023975	1625925577	https://sra-downloadb.be-md.ncbi.nlm.nih.gov/sos9/sra-pub-zq-924/SRR011/11933/SRR11933418/SRR11933418.lite.1
SRR11933417	SAMN15145228	GEMS54_WS1	GEMS54	WS1		RNA-Seq	PAIRED	ILLUMINA	41243418	1910315392	https://sra-downloadb.be-md.ncbi.nlm.nih.gov/sos9/sra-pub-zq-922/SRR011/11933/SRR11933417/SRR11933417.lite.1
SRR11933416	SAMN15145229	GEMS54_WS1_REP	GEMS54	WS1	REP	RNA-Seq	PAIRED	ILLUMINA	54723652	2761507222	https://sra-downloadb.be-md.ncbi.nlm.nih.gov/sos9/sra-pub-zq-924/SRR011/11933/SRR11933416/SRR11933416.lite.1
SRR11933415	SAMN15145230	GEMS54_WS2	GEMS54	WS2		RNA-Seq	PAIRED	ILLUMINA	62097104	3042149416	https://sra-downloadb.be-md.ncbi.nlm.nih.gov/sos9/sra-pub-zq-924/SRR011/11933/SRR11933415/SRR11933415.lite.1
SRR11933413	SAMN15145231	GEMS54_WS2_REP	GEMS54	WS2	REP	RNA-Seq	PAIRED	ILLUMINA	62692333	3101799469	https://sra-downloadb.be-md.ncbi.nlm.nih.gov/sos9/sra-pub-zq-922/SRR011/11933/SRR11933413/SRR11933413.lite.1
SRR11933412	SAMN15145232	GEMS54_WW	GEMS54	WW		RNA-Seq	PAIRED	ILLUMINA	67365855	3379533053	https://sra-downloadb.be-md.ncbi.nlm.nih.gov/sos9/sra-pub-zq-924/SRR011/11933/SRR11933412/SRR11933412.lite.1
SRR11933411	SAMN15145233	GEMS55_WS1	GEMS55	WS1		RNA-Seq	PAIRED	ILLUMINA	45760348	2328153356	https://sra-downloadb.be-md.ncbi.nlm.nih.gov/sos9/sra-pub-zq-924/SRR011/11933/SRR11933411/SRR11933411.lite.1
SRR11933410	SAMN15145234	GEMS55_WS2	GEMS55	WS2		RNA-Seq	PAIRED	ILLUMINA	60062954	3059416975	https://sra-downloadb.be-md.ncbi.nlm.nih.gov/sos9/sra-pub-zq-922/SRR011/11933/SRR11933410/SRR11933410.lite.1
SRR11933409	SAMN15145235	GEMS55_WW	GEMS55	WW		RNA-Seq	PAIRED	ILLUMINA	37049241	1885967943	https://sra-downloadb.be-md.ncbi.nlm.nih.gov/sos9/sra-pub-zq-922/SRR011/11933/SRR11933409/SRR11933409.lite.1
SRR11933408	SAMN15145236	GEMS58_WS1	GEMS58	WS1		RNA-Seq	PAIRED	ILLUMINA	50772425	2248733827	https://sra-downloadb.be-md.ncbi.nlm.nih.gov/sos9/sra-pub-zq-922/SRR011/11933/SRR11933408/SRR11933408.lite.1
SRR11933407	SAMN15145237	GEMS58_WS2	GEMS58	WS2		RNA-Seq	PAIRED	ILLUMINA	62960687	3094883397	https://sra-downloadb.be-md.ncbi.nlm.nih.gov/sos9/sra-pub-zq-922/SRR011/11933/SRR11933407/SRR11933407.lite.1
SRR11933406	SAMN15145238	GEMS58_WW	GEMS58	WW		RNA-Seq	PAIRED	ILLUMINA	40527933	1843022028	https://sra-downloadb.be-md.ncbi.nlm.nih.gov/sos9/sra-pub-zq-922/SRR011/11933/SRR11933406/SRR11933406.lite.1
SRR11933421	SAMN15145224	GEMS5_WS1	GEMS5	WS1		RNA-Seq	PAIRED	ILLUMINA	117973632	6007420262	https://sra-downloadb.be-md.ncbi.nlm.nih.gov/sos9/sra-pub-zq-922/SRR011/11933/SRR11933421/SRR11933421.lite.1
SRR11933420	SAMN15145225	GEMS5_WS2	GEMS5	WS2		RNA-Seq	PAIRED	ILLUMINA	62833125	3199529513	https://sra-downloadb.be-md.ncbi.nlm.nih.gov/sos9/sra-pub-zq-922/SRR011/11933/SRR11933420/SRR11933420.lite.1
SRR11933419	SAMN15145226	GEMS5_WW	GEMS5	WW		RNA-Seq	PAIRED	ILLUMINA	32365358	1648554830	https://sra-downloadb.be-md.ncbi.nlm.nih.gov/sos9/sra-pub-zq-924/SRR011/11933/SRR11933419/SRR11933419.lite.1
SRR11933400	SAMN15145242	GEMS60_WS1	GEMS60	WS1		RNA-Seq	PAIRED	ILLUMINA	61073574	3085084485	https://sra-downloadb.be-md.ncbi.nlm.nih.gov/sos9/sra-pub-zq-922/SRR011/11933/SRR11933400/SRR11933400.lite.1
SRR11933399	SAMN15145243	GEMS60_WS2	GEMS60	WS2		RNA-Seq	PAIRED	ILLUMINA	58658820	2964933817	https://sra-downloadb.be-md.ncbi.nlm.nih.gov/sos9/sra-pub-zq-922/SRR011/11933/SRR11933399/SRR11933399.lite.1
SRR11933398	SAMN15145244	GEMS60_WW	GEMS60	WW		RNA-Seq	PAIRED	ILLUMINA	54704781	2780895438	https://sra-downloadb.be-md.ncbi.nlm.nih.gov/sos9/sra-pub-zq-922/SRR011/11933/SRR11933398/SRR11933398.lite.1
SRR11933397	SAMN15145245	GEMS63_WS1	GEMS63	WS1		RNA-Seq	PAIRED	ILLUMINA	50500492	2569106973	https://sra-downloadb.be-md.ncbi.nlm.nih.gov/sos9/sra-pub-zq-922/SRR011/11933/SRR11933397/SRR11933397.lite.1
SRR11933396	SAMN15145246	GEMS63_WW	GEMS63	WW		RNA-Seq	PAIRED	ILLUMINA	34625233	1762239124	https://sra-downloadb.be-md.ncbi.nlm.nih.gov/sos9/sra-pub-zq-924/SRR011/11933/SRR11933396/SRR11933396.lite.1
SRR11933395	SAMN15145247	GEMS65_WS1	GEMS65	WS1		RNA-Seq	PAIRED	ILLUMINA	28986347	1475857087	https://sra-downloadb.be-md.ncbi.nlm.nih.gov/sos9/sra-pub-zq-922/SRR011/11933/SRR11933395/SRR11933395.lite.1
SRR11933394	SAMN15145248	GEMS65_WS2	GEMS65	WS2		RNA-Seq	PAIRED	ILLUMINA	29147716	1453036862	https://sra-downloadb.be-md.ncbi.nlm.nih.gov/sos9/sra-pub-zq-922/SRR011/11933/SRR11933394/SRR11933394.lite.1
SRR11933393	SAMN15145249	GEMS65_WW	GEMS65	WW		RNA-Seq	PAIRED	ILLUMINA	30509961	1553325256	https://sra-downloadb.be-md.ncbi.nlm.nih.gov/sos9/sra-pub-zq-924/SRR011/11933/SRR11933393/SRR11933393.lite.1
SRR11933392	SAMN15145250	GEMS66_WS1	GEMS66	WS1		RNA-Seq	PAIRED	ILLUMINA	86574629	4405466412	https://sra-downloadb.be-md.ncbi.nlm.nih.gov/sos9/sra-pub-zq-924/SRR011/11933/SRR11933392/SRR11933392.lite.1
SRR11933390	SAMN15145251	GEMS66_WS2	GEMS66	WS2		RNA-Seq	PAIRED	ILLUMINA	35230569	1556156098	https://sra-downloadb.be-md.ncbi.nlm.nih.gov/sos9/sra-pub-zq-922/SRR011/11933/SRR11933390/SRR11933390.lite.1
SRR11933389	SAMN15145252	GEMS66_WW	GEMS66	WW		RNA-Seq	PAIRED	ILLUMINA	44934826	2287396167	https://sra-downloadb.be-md.ncbi.nlm.nih.gov/sos9/sra-pub-zq-922/SRR011/11933/SRR11933389/SRR11933389.lite.1
SRR11933405	SAMN15145239	GEMS6_WS1	GEMS6	WS1		RNA-Seq	PAIRED	ILLUMINA	36402939	1853454543	https://sra-downloadb.be-md.ncbi.nlm.nih.gov/sos9/sra-pub-zq-922/SRR011/11933/SRR11933405/SRR11933405.lite.1
SRR11933404	SAMN15145240	GEMS6_WS2	GEMS6	WS2		RNA-Seq	PAIRED	ILLUMINA	49826028	2479605725	https://sra-downloadb.be-md.ncbi.nlm.nih.gov/sos9/sra-pub-zq-922/SRR011/11933/SRR11933404/SRR11933404.lite.1
SRR11933401	SAMN15145241	GEMS6_WW	GEMS6	WW		RNA-Seq	PAIRED	ILLUMINA	35884569	1826028839	https://sra-downloadb.be-md.ncbi.nlm.nih.gov/sos9/sra-pub-zq-922/SRR011/11933/SRR11933401/SRR11933401.lite.1
SRR11933388	SAMN15145253	GEMS9_WS1	GEMS9	WS1		RNA-Seq	PAIRED	ILLUMINA	57666915	2555961368	https://sra-downloadb.be-md.ncbi.nlm.nih.gov/sos9/sra-pub-zq-922/SRR011/11933/SRR11933388/SRR11933388.lite.1
SRR11933387	SAMN15145254	GEMS9_WS2	GEMS9	WS2		RNA-Seq	PAIRED	ILLUMINA	72672769	3568990895	https://sra-downloadb.be-md.ncbi.nlm.nih.gov/sos9/sra-pub-zq-922/SRR011/11933/SRR11933387/SRR11933387.lite.1
SRR11933386	SAMN15145255	GEMS9_WW	GEMS9	WW		RNA-Seq	PAIRED	ILLUMINA	11934467	563127872	https://sra-downloadb.be-md.ncbi.nlm.nih.gov/sos9/sra-pub-zq-924/SRR011/11933/SRR11933386/SRR11933386.lite.1
SRR11933385	SAMN15145256	GY1032_WS1	GY1032	WS1		RNA-Seq	PAIRED	ILLUMINA	44880830	2284278899	https://sra-downloadb.be-md.ncbi.nlm.nih.gov/sos9/sra-pub-zq-922/SRR011/11933/SRR11933385/SRR11933385.lite.1
SRR11933384	SAMN15145257	GY1032_WS2	GY1032	WS2		RNA-Seq	PAIRED	ILLUMINA	46298427	2045063135	https://sra-downloadb.be-md.ncbi.nlm.nih.gov/sos9/sra-pub-zq-924/SRR011/11933/SRR11933384/SRR11933384.lite.1
SRR11933383	SAMN15145258	GY1032_WW	GY1032	WW		RNA-Seq	PAIRED	ILLUMINA	41728837	2122870430	https://sra-downloadb.be-md.ncbi.nlm.nih.gov/sos9/sra-pub-zq-922/SRR011/11933/SRR11933383/SRR11933383.lite.1
SRR11933382	SAMN15145259	GY386_WS1	GY386	WS1		RNA-Seq	PAIRED	ILLUMINA	28878743	1470169426	https://sra-downloadb.be-md.ncbi.nlm.nih.gov/sos9/sra-pub-zq-922/SRR011/11933/SRR11933382/SRR11933382.lite.1
SRR11933381	SAMN15145260	GY386_WS2	GY386	WS2		RNA-Seq	PAIRED	ILLUMINA	54714106	2730490868	https://sra-downloadb.be-md.ncbi.nlm.nih.gov/sos9/sra-pub-zq-922/SRR011/11933/SRR11933381/SRR11933381.lite.1
SRR11933379	SAMN15145261	GY386_WW	GY386	WW		RNA-Seq	PAIRED	ILLUMINA	37681298	1915617560	https://sra-downloadb.be-md.ncbi.nlm.nih.gov/sos9/sra-pub-zq-924/SRR011/11933/SRR11933379/SRR11933379.lite.1
SRR11933378	SAMN15145262	HUANGC_WS1	HUANGC	WS1		RNA-Seq	PAIRED	ILLUMINA	40370474	2056292636	https://sra-downloadb.be-md.ncbi.nlm.nih.gov/sos9/sra-pub-zq-922/SRR011/11933/SRR11933378/SRR11933378.lite.1
SRR11933377	SAMN15145263	HUANGC_WS2	HUANGC	WS2		RNA-Seq	PAIRED	ILLUMINA	40510321	1794399813	https://sra-downloadb.be-md.ncbi.nlm.nih.gov/sos9/sra-pub-zq-924/SRR011/11933/SRR11933377/SRR11933377.lite.1
SRR11933376	SAMN15145264	HUANGC_WW	HUANGC	WW		RNA-Seq	PAIRED	ILLUMINA	67515262	3418024636	https://sra-downloadb.be-md.ncbi.nlm.nih.gov/sos9/sra-pub-zq-924/SRR011/11933/SRR11933376/SRR11933376.lite.1
SRR11933375	SAMN15145265	J4112_WS1	J4112	WS1		RNA-Seq	PAIRED	ILLUMINA	30179922	1472881564	https://sra-downloadb.be-md.ncbi.nlm.nih.gov/sos9/sra-pub-zq-922/SRR011/11933/SRR11933375/SRR11933375.lite.1
SRR11933374	SAMN15145266	J4112_WS1_REP	J4112	WS1	REP	RNA-Seq	PAIRED	ILLUMINA	41906291	2129202042	https://sra-downloadb.be-md.ncbi.nlm.nih.gov/sos9/sra-pub-zq-922/SRR011/11933/SRR11933374/SRR11933374.lite.1
SRR11933373	SAMN15145267	J4112_WS2	J4112	WS2		RNA-Seq	PAIRED	ILLUMINA	39967090	2035168719	https://sra-downloadb.be-md.ncbi.nlm.nih.gov/sos9/sra-pub-zq-924/SRR011/11933/SRR11933373/SRR11933373.lite.1
SRR11933372	SAMN15145268	J4112_WS2_REP	J4112	WS2	REP	RNA-Seq	PAIRED	ILLUMINA	78060334	3970897633	https://sra-downloadb.be-md.ncbi.nlm.nih.gov/sos9/sra-pub-zq-922/SRR011/11933/SRR11933372/SRR11933372.lite.1
SRR11933371	SAMN15145269	J4112_WW	J4112	WW		RNA-Seq	PAIRED	ILLUMINA	77122897	3846458694	https://sra-downloadb.be-md.ncbi.nlm.nih.gov/sos9/sra-pub-zq-922/SRR011/11933/SRR11933371/SRR11933371.lite.1
SRR11933370	SAMN15145270	J4112_WW_REP	J4112	WW	REP	RNA-Seq	PAIRED	ILLUMINA	34348345	1744249010	https://sra-downloadb.be-md.ncbi.nlm.nih.gov/sos9/sra-pub-zq-922/SRR011/11933/SRR11933370/SRR11933370.lite.1
SRR11933368	SAMN15145271	JH96C_WS1	JH96C	WS1		RNA-Seq	PAIRED	ILLUMINA	41589449	2117399173	https://sra-downloadb.be-md.ncbi.nlm.nih.gov/sos9/sra-pub-zq-922/SRR011/11933/SRR11933368/SRR11933368.lite.1
SRR11933367	SAMN15145272	JH96C_WS2	JH96C	WS2		RNA-Seq	PAIRED	ILLUMINA	47752131	2431380565	https://sra-downloadb.be-md.ncbi.nlm.nih.gov/sos9/sra-pub-zq-922/SRR011/11933/SRR11933367/SRR11933367.lite.1
SRR11933366	SAMN15145273	JH96C_WW	JH96C	WW		RNA-Seq	PAIRED	ILLUMINA	24862146	1239941518	https://sra-downloadb.be-md.ncbi.nlm.nih.gov/sos9/sra-pub-zq-924/SRR011/11933/SRR11933366/SRR11933366.lite.1
SRR11933365	SAMN15145274	JI853_WS1	JI853	WS1		RNA-Seq	PAIRED	ILLUMINA	41560465	2117868858	https://sra-downloadb.be-md.ncbi.nlm.nih.gov/sos9/sra-pub-zq-922/SRR011/11933/SRR11933365/SRR11933365.lite.1
SRR11933364	SAMN15145275	JI853_WS2	JI853	WS2		RNA-Seq	PAIRED	ILLUMINA	45788654	2315174555	https://sra-downloadb.be-md.ncbi.nlm.nih.gov/sos9/sra-pub-zq-924/SRR011/11933/SRR11933364/SRR11933364.lite.1
SRR11933363	SAMN15145276	JIAO51_WS1	JIAO51	WS1		RNA-Seq	PAIRED	ILLUMINA	39729589	2022870932	https://sra-downloadb.be-md.ncbi.nlm.nih.gov/sos9/sra-pub-zq-922/SRR011/11933/SRR11933363/SRR11933363.lite.1
SRR11933362	SAMN15145277	JIAO51_WS2	JIAO51	WS2		RNA-Seq	PAIRED	ILLUMINA	26610734	1171575434	https://sra-downloadb.be-md.ncbi.nlm.nih.gov/sos9/sra-pub-zq-922/SRR011/11933/SRR11933362/SRR11933362.lite.1
SRR11933361	SAMN15145278	JIAO51_WW	JIAO51	WW		RNA-Seq	PAIRED	ILLUMINA	46013081	2339571299	https://sra-downloadb.be-md.ncbi.nlm.nih.gov/sos9/sra-pub-zq-924/SRR011/11933/SRR11933361/SRR11933361.lite.1
SRR11933360	SAMN15145279	JY01_WS1	JY01	WS1		RNA-Seq	PAIRED	ILLUMINA	45869566	2124794527	https://sra-downloadb.be-md.ncbi.nlm.nih.gov/sos9/sra-pub-zq-922/SRR011/11933/SRR11933360/SRR11933360.lite.1
SRR11933359	SAMN15145280	JY01_WS2	JY01	WS2		RNA-Seq	PAIRED	ILLUMINA	43703463	2111971614	https://sra-downloadb.be-md.ncbi.nlm.nih.gov/sos9/sra-pub-zq-922/SRR011/11933/SRR11933359/SRR11933359.lite.1
SRR11933357	SAMN15145281	JY01_WW	JY01	WW		RNA-Seq	PAIRED	ILLUMINA	98559309	4481068454	https://sra-downloadb.be-md.ncbi.nlm.nih.gov/sos9/sra-pub-zq-922/SRR011/11933/SRR11933357/SRR11933357.lite.1
SRR11933356	SAMN15145282	K10_WS1	K10	WS1		RNA-Seq	PAIRED	ILLUMINA	40898583	2009185284	https://sra-downloadb.be-md.ncbi.nlm.nih.gov/sos9/sra-pub-zq-922/SRR011/11933/SRR11933356/SRR11933356.lite.1
SRR11933355	SAMN15145283	K10_WS2	K10	WS2		RNA-Seq	PAIRED	ILLUMINA	41204030	2097932393	https://sra-downloadb.be-md.ncbi.nlm.nih.gov/sos9/sra-pub-zq-922/SRR011/11933/SRR11933355/SRR11933355.lite.1
SRR11933354	SAMN15145284	K10_WW	K10	WW		RNA-Seq	PAIRED	ILLUMINA	31465353	1568346117	https://sra-downloadb.be-md.ncbi.nlm.nih.gov/sos9/sra-pub-zq-924/SRR011/11933/SRR11933354/SRR11933354.lite.1
SRR11933353	SAMN15145285	LIAO138_WS1	LIAO138	WS1		RNA-Seq	PAIRED	ILLUMINA	56364880	2866111056	https://sra-downloadb.be-md.ncbi.nlm.nih.gov/sos9/sra-pub-zq-922/SRR011/11933/SRR11933353/SRR11933353.lite.1
SRR11933352	SAMN15145286	LIAO138_WS2	LIAO138	WS2		RNA-Seq	PAIRED	ILLUMINA	36222547	1816744243	https://sra-downloadb.be-md.ncbi.nlm.nih.gov/sos9/sra-pub-zq-922/SRR011/11933/SRR11933352/SRR11933352.lite.1
SRR11933351	SAMN15145287	LIAO138_WW	LIAO138	WW		RNA-Seq	PAIRED	ILLUMINA	47272962	2403490069	https://sra-downloadb.be-md.ncbi.nlm.nih.gov/sos9/sra-pub-zq-922/SRR011/11933/SRR11933351/SRR11933351.lite.1
SRR11933350	SAMN15145288	LIAO159_WS1	LIAO159	WS1		RNA-Seq	PAIRED	ILLUMINA	56309749	2843924339	https://sra-downloadb.be-md.ncbi.nlm.nih.gov/sos9/sra-pub-zq-924/SRR011/11933/SRR11933350/SRR11933350.lite.1
SRR11933349	SAMN15145289	LIAO159_WS2	LIAO159	WS2		RNA-Seq	PAIRED	ILLUMINA	42772190	2173374546	https://sra-downloadb.be-md.ncbi.nlm.nih.gov/sos9/sra-pub-zq-922/SRR011/11933/SRR11933349/SRR11933349.lite.1
SRR11933348	SAMN15145290	LIAO159_WW	LIAO159	WW		RNA-Seq	PAIRED	ILLUMINA	42748832	2172543164	https://sra-downloadb.be-md.ncbi.nlm.nih.gov/sos9/sra-pub-zq-922/SRR011/11933/SRR11933348/SRR11933348.lite.1
SRR11933346	SAMN15145291	LIAO5262_WS1	LIAO5262	WS1		RNA-Seq	PAIRED	ILLUMINA	60187302	3041788180	https://sra-downloadb.be-md.ncbi.nlm.nih.gov/sos9/sra-pub-zq-922/SRR011/11933/SRR11933346/SRR11933346.lite.1
SRR11933345	SAMN15145292	LIAO5262_WS2	LIAO5262	WS2		RNA-Seq	PAIRED	ILLUMINA	65077493	3290307739	https://sra-downloadb.be-md.ncbi.nlm.nih.gov/sos9/sra-pub-zq-924/SRR011/11933/SRR11933345/SRR11933345.lite.1
SRR11933344	SAMN15145293	LIAO5262_WW	LIAO5262	WW		RNA-Seq	PAIRED	ILLUMINA	49597372	2516039781	https://sra-downloadb.be-md.ncbi.nlm.nih.gov/sos9/sra-pub-zq-922/SRR011/11933/SRR11933344/SRR11933344.lite.1
SRR11933343	SAMN15145294	LY042_WS1	LY042	WS1		RNA-Seq	PAIRED	ILLUMINA	31225555	1589980374	https://sra-downloadb.be-md.ncbi.nlm.nih.gov/sos9/sra-pub-zq-922/SRR011/11933/SRR11933343/SRR11933343.lite.1
SRR11933342	SAMN15145295	LY042_WS2	LY042	WS2		RNA-Seq	PAIRED	ILLUMINA	56634935	2825688701	https://sra-downloadb.be-md.ncbi.nlm.nih.gov/sos9/sra-pub-zq-924/SRR011/11933/SRR11933342/SRR11933342.lite.1
SRR11933341	SAMN15145296	LY042_WW	LY042	WW		RNA-Seq	PAIRED	ILLUMINA	42688349	2172113761	https://sra-downloadb.be-md.ncbi.nlm.nih.gov/sos9/sra-pub-zq-922/SRR011/11933/SRR11933341/SRR11933341.lite.1
SRR11933340	SAMN15145297	M153_WS1	M153	WS1		RNA-Seq	PAIRED	ILLUMINA	42251868	2150343714	https://sra-downloadb.be-md.ncbi.nlm.nih.gov/sos9/sra-pub-zq-922/SRR011/11933/SRR11933340/SRR11933340.lite.1
SRR11933339	SAMN15145298	M153_WW	M153	WW		RNA-Seq	PAIRED	ILLUMINA	38429689	1954157050	https://sra-downloadb.be-md.ncbi.nlm.nih.gov/sos9/sra-pub-zq-922/SRR011/11933/SRR11933339/SRR11933339.lite.1
SRR11933338	SAMN15145299	MO113_WS2	MO113	WS2		RNA-Seq	PAIRED	ILLUMINA	62293765	3148293067	https://sra-downloadb.be-md.ncbi.nlm.nih.gov/sos9/sra-pub-zq-924/SRR011/11933/SRR11933338/SRR11933338.lite.1
SRR11933337	SAMN15145300	MO113_WW	MO113	WW		RNA-Seq	PAIRED	ILLUMINA	40253691	2045812577	https://sra-downloadb.be-md.ncbi.nlm.nih.gov/sos9/sra-pub-zq-922/SRR011/11933/SRR11933337/SRR11933337.lite.1
SRR11933335	SAMN15145301	MO17_WS1	MO17	WS1		RNA-Seq	PAIRED	ILLUMINA	40350915	2056057963	https://sra-downloadb.be-md.ncbi.nlm.nih.gov/sos9/sra-pub-zq-924/SRR011/11933/SRR11933335/SRR11933335.lite.1
SRR11933334	SAMN15145302	MO17_WS1_REP	MO17	WS1	REP	RNA-Seq	PAIRED	ILLUMINA	81388615	4111066117	https://sra-downloadb.be-md.ncbi.nlm.nih.gov/sos9/sra-pub-zq-922/SRR011/11933/SRR11933334/SRR11933334.lite.1
SRR11933333	SAMN15145303	MO17_WS2	MO17	WS2		RNA-Seq	PAIRED	ILLUMINA	30383088	1545694341	https://sra-downloadb.be-md.ncbi.nlm.nih.gov/sos9/sra-pub-zq-922/SRR011/11933/SRR11933333/SRR11933333.lite.1
SRR11933332	SAMN15145304	MO17_WS2_REP	MO17	WS2	REP	RNA-Seq	PAIRED	ILLUMINA	120562093	5961639445	https://sra-downloadb.be-md.ncbi.nlm.nih.gov/sos9/sra-pub-zq-922/SRR011/11933/SRR11933332/SRR11933332.lite.1
SRR11933331	SAMN15145305	MO17_WW	MO17	WW		RNA-Seq	PAIRED	ILLUMINA	61287073	3090232448	https://sra-downloadb.be-md.ncbi.nlm.nih.gov/sos9/sra-pub-zq-922/SRR011/11933/SRR11933331/SRR11933331.lite.1
SRR11933330	SAMN15145306	NAN21-3_WS1	NAN21-3	WS1		RNA-Seq	PAIRED	ILLUMINA	45309828	2307056865	https://sra-downloadb.be-md.ncbi.nlm.nih.gov/sos9/sra-pub-zq-922/SRR011/11933/SRR11933330/SRR11933330.lite.1
SRR11933329	SAMN15145307	NAN21-3_WS2	NAN21-3	WS2		RNA-Seq	PAIRED	ILLUMINA	35405550	1712184728	https://sra-downloadb.be-md.ncbi.nlm.nih.gov/sos9/sra-pub-zq-922/SRR011/11933/SRR11933329/SRR11933329.lite.1
SRR11933328	SAMN15145308	NAN21-3_WW	NAN21-3	WW		RNA-Seq	PAIRED	ILLUMINA	41226053	2098174873	https://sra-downloadb.be-md.ncbi.nlm.nih.gov/sos9/sra-pub-zq-922/SRR011/11933/SRR11933328/SRR11933328.lite.1
SRR11933327	SAMN15145309	P178_WS1	P178	WS1		RNA-Seq	PAIRED	ILLUMINA	30458555	1415329668	https://sra-downloadb.be-md.ncbi.nlm.nih.gov/sos9/sra-pub-zq-922/SRR011/11933/SRR11933327/SRR11933327.lite.1
SRR11933326	SAMN15145310	P178_WS2	P178	WS2		RNA-Seq	PAIRED	ILLUMINA	45443458	2026107755	https://sra-downloadb.be-md.ncbi.nlm.nih.gov/sos9/sra-pub-zq-922/SRR011/11933/SRR11933326/SRR11933326.lite.1
SRR11933324	SAMN15145311	P178_WW	P178	WW		RNA-Seq	PAIRED	ILLUMINA	93479224	4245138995	https://sra-downloadb.be-md.ncbi.nlm.nih.gov/sos9/sra-pub-zq-922/SRR011/11933/SRR11933324/SRR11933324.lite.1
SRR11933323	SAMN15145312	PH4CV_WS1	PH4CV	WS1		RNA-Seq	PAIRED	ILLUMINA	55995615	2807179245	https://sra-downloadb.be-md.ncbi.nlm.nih.gov/sos9/sra-pub-zq-922/SRR011/11933/SRR11933323/SRR11933323.lite.1
SRR11933322	SAMN15145313	PH4CV_WS2	PH4CV	WS2		RNA-Seq	PAIRED	ILLUMINA	55629019	2749624682	https://sra-downloadb.be-md.ncbi.nlm.nih.gov/sos9/sra-pub-zq-922/SRR011/11933/SRR11933322/SRR11933322.lite.1
SRR11933321	SAMN15145314	PH4CV_WW	PH4CV	WW		RNA-Seq	PAIRED	ILLUMINA	105284296	5190670746	https://sra-downloadb.be-md.ncbi.nlm.nih.gov/sos9/sra-pub-zq-922/SRR011/11933/SRR11933321/SRR11933321.lite.1
SRR11933320	SAMN15145315	PH6WC_WS1	PH6WC	WS1		RNA-Seq	PAIRED	ILLUMINA	23995127	1109677108	https://sra-downloadb.be-md.ncbi.nlm.nih.gov/sos9/sra-pub-zq-922/SRR011/11933/SRR11933320/SRR11933320.lite.1
SRR11933319	SAMN15145316	PH6WC_WS2	PH6WC	WS2		RNA-Seq	PAIRED	ILLUMINA	33357052	1480231205	https://sra-downloadb.be-md.ncbi.nlm.nih.gov/sos9/sra-pub-zq-924/SRR011/11933/SRR11933319/SRR11933319.lite.1
SRR11933318	SAMN15145317	PH6WC_WW	PH6WC	WW		RNA-Seq	PAIRED	ILLUMINA	76403454	3469386395	https://sra-downloadb.be-md.ncbi.nlm.nih.gov/sos9/sra-pub-zq-922/SRR011/11933/SRR11933318/SRR11933318.lite.1
SRR11933317	SAMN15145318	R15X1141_WS1	R15X1141	WS1		RNA-Seq	PAIRED	ILLUMINA	40253335	2048955910	https://sra-downloadb.be-md.ncbi.nlm.nih.gov/sos9/sra-pub-zq-924/SRR011/11933/SRR11933317/SRR11933317.lite.1
SRR11933316	SAMN15145319	R15X1141_WS2	R15X1141	WS2		RNA-Seq	PAIRED	ILLUMINA	59504105	3029329206	https://sra-downloadb.be-md.ncbi.nlm.nih.gov/sos9/sra-pub-zq-922/SRR011/11933/SRR11933316/SRR11933316.lite.1
SRR11933315	SAMN15145320	R15X1141_WW	R15X1141	WW		RNA-Seq	PAIRED	ILLUMINA	29467728	1499924874	https://sra-downloadb.be-md.ncbi.nlm.nih.gov/sos9/sra-pub-zq-924/SRR011/11933/SRR11933315/SRR11933315.lite.1
SRR11933313	SAMN15145321	RY729_WS1	RY729	WS1		RNA-Seq	PAIRED	ILLUMINA	42220977	2148312728	https://sra-downloadb.be-md.ncbi.nlm.nih.gov/sos9/sra-pub-zq-922/SRR011/11933/SRR11933313/SRR11933313.lite.1
SRR11933312	SAMN15145322	RY729_WS2	RY729	WS2		RNA-Seq	PAIRED	ILLUMINA	45964866	2057107258	https://sra-downloadb.be-md.ncbi.nlm.nih.gov/sos9/sra-pub-zq-922/SRR011/11933/SRR11933312/SRR11933312.lite.1
SRR11933311	SAMN15145323	RY729_WW	RY729	WW		RNA-Seq	PAIRED	ILLUMINA	53496301	2709955690	https://sra-downloadb.be-md.ncbi.nlm.nih.gov/sos9/sra-pub-zq-924/SRR011/11933/SRR11933311/SRR11933311.lite.1
SRR11933310	SAMN15145324	S22_WS1	S22	WS1		RNA-Seq	PAIRED	ILLUMINA	47646141	2425805287	https://sra-downloadb.be-md.ncbi.nlm.nih.gov/sos9/sra-pub-zq-922/SRR011/11933/SRR11933310/SRR11933310.lite.1
SRR11933309	SAMN15145325	S22_WS1_REP	S22	WS1	REP	RNA-Seq	PAIRED	ILLUMINA	45443511	2314659146	https://sra-downloadb.be-md.ncbi.nlm.nih.gov/sos9/sra-pub-zq-922/SRR011/11933/SRR11933309/SRR11933309.lite.1
SRR11933308	SAMN15145326	S22_WS2	S22	WS2		RNA-Seq	PAIRED	ILLUMINA	42185728	2147642878	https://sra-downloadb.be-md.ncbi.nlm.nih.gov/sos9/sra-pub-zq-924/SRR011/11933/SRR11933308/SRR11933308.lite.1
SRR11933307	SAMN15145327	S22_WW	S22	WW		RNA-Seq	PAIRED	ILLUMINA	20554674	1008647721	https://sra-downloadb.be-md.ncbi.nlm.nih.gov/sos9/sra-pub-zq-922/SRR011/11933/SRR11933307/SRR11933307.lite.1
SRR11933306	SAMN15145328	S22_WW_REP	S22	WW	REP	RNA-Seq	PAIRED	ILLUMINA	47129617	2398908007	https://sra-downloadb.be-md.ncbi.nlm.nih.gov/sos9/sra-pub-zq-922/SRR011/11933/SRR11933306/SRR11933306.lite.1
SRR11933305	SAMN15145329	SC55_WS1	SC55	WS1		RNA-Seq	PAIRED	ILLUMINA	50039165	2547880856	https://sra-downloadb.be-md.ncbi.nlm.nih.gov/sos9/sra-pub-zq-924/SRR011/11933/SRR11933305/SRR11933305.lite.1
SRR11933304	SAMN15145330	SC55_WS2	SC55	WS2		RNA-Seq	PAIRED	ILLUMINA	46802953	2383889754	https://sra-downloadb.be-md.ncbi.nlm.nih.gov/sos9/sra-pub-zq-922/SRR011/11933/SRR11933304/SRR11933304.lite.1
SRR11933302	SAMN15145331	SC55_WW	SC55	WW		RNA-Seq	PAIRED	ILLUMINA	51481549	2610513546	https://sra-downloadb.be-md.ncbi.nlm.nih.gov/sos9/sra-pub-zq-922/SRR011/11933/SRR11933302/SRR11933302.lite.1
SRR11933301	SAMN15145332	SHEN5003_WS1	SHEN5003	WS1		RNA-Seq	PAIRED	ILLUMINA	55230453	2790606376	https://sra-downloadb.be-md.ncbi.nlm.nih.gov/sos9/sra-pub-zq-924/SRR011/11933/SRR11933301/SRR11933301.lite.1
SRR11933300	SAMN15145333	SHEN5003_WS2	SHEN5003	WS2		RNA-Seq	PAIRED	ILLUMINA	56639427	2880796341	https://sra-downloadb.be-md.ncbi.nlm.nih.gov/sos9/sra-pub-zq-922/SRR011/11933/SRR11933300/SRR11933300.lite.1
SRR11933299	SAMN15145334	SHEN5003_WS2_REP	SHEN5003	WS2	REP	RNA-Seq	PAIRED	ILLUMINA	27143221	1342774083	https://sra-downloadb.be-md.ncbi.nlm.nih.gov/sos9/sra-pub-zq-922/SRR011/11933/SRR11933299/SRR11933299.lite.1
SRR11933298	SAMN15145335	SHEN5003_WW	SHEN5003	WW		RNA-Seq	PAIRED	ILLUMINA	11537840	588189905	https://sra-downloadb.be-md.ncbi.nlm.nih.gov/sos9/sra-pub-zq-924/SRR011/11933/SRR11933298/SRR11933298.lite.1
SRR11933297	SAMN15145336	SHEN5003_WW_REP	SHEN5003	WW	REP	RNA-Seq	PAIRED	ILLUMINA	57083774	2883965884	https://sra-downloadb.be-md.ncbi.nlm.nih.gov/sos9/sra-pub-zq-922/SRR011/11933/SRR11933297/SRR11933297.lite.1
SRR11933296	SAMN15145337	SI273_WS1	SI273	WS1		RNA-Seq	PAIRED	ILLUMINA	50484093	2559933369	https://sra-downloadb.be-md.ncbi.nlm.nih.gov/sos9/sra-pub-zq-922/SRR011/11933/SRR11933296/SRR11933296.lite.1
SRR11933295	SAMN15145338	SI273_WS2	SI273	WS2		RNA-Seq	PAIRED	ILLUMINA	51966755	2603076312	https://sra-downloadb.be-md.ncbi.nlm.nih.gov/sos9/sra-pub-zq-922/SRR011/11933/SRR11933295/SRR11933295.lite.1
SRR11933294	SAMN15145339	SI273_WW	SI273	WW		RNA-Seq	PAIRED	ILLUMINA	31804558	1618756605	https://sra-downloadb.be-md.ncbi.nlm.nih.gov/sos9/sra-pub-zq-924/SRR011/11933/SRR11933294/SRR11933294.lite.1
SRR11933293	SAMN15145340	SW92E114_WS1	SW92E114	WS1		RNA-Seq	PAIRED	ILLUMINA	65376220	3319786209	https://sra-downloadb.be-md.ncbi.nlm.nih.gov/sos9/sra-pub-zq-924/SRR011/11933/SRR11933293/SRR11933293.lite.1
SRR11933290	SAMN15145341	SW92E114_WS2	SW92E114	WS2		RNA-Seq	PAIRED	ILLUMINA	38653288	1934876482	https://sra-downloadb.be-md.ncbi.nlm.nih.gov/sos9/sra-pub-zq-922/SRR011/11933/SRR11933290/SRR11933290.lite.1
SRR11933289	SAMN15145342	SW92E114_WW	SW92E114	WW		RNA-Seq	PAIRED	ILLUMINA	31237200	1590086450	https://sra-downloadb.be-md.ncbi.nlm.nih.gov/sos9/sra-pub-zq-922/SRR011/11933/SRR11933289/SRR11933289.lite.1
SRR11933288	SAMN15145343	SY1032_WS1	SY1032	WS1		RNA-Seq	PAIRED	ILLUMINA	47423440	2098445416	https://sra-downloadb.be-md.ncbi.nlm.nih.gov/sos9/sra-pub-zq-922/SRR011/11933/SRR11933288/SRR11933288.lite.1
SRR11933287	SAMN15145344	SY1032_WS2	SY1032	WS2		RNA-Seq	PAIRED	ILLUMINA	65583450	3223269959	https://sra-downloadb.be-md.ncbi.nlm.nih.gov/sos9/sra-pub-zq-922/SRR011/11933/SRR11933287/SRR11933287.lite.1
SRR11933286	SAMN15145345	SY1032_WW	SY1032	WW		RNA-Seq	PAIRED	ILLUMINA	13371503	631008059	https://sra-downloadb.be-md.ncbi.nlm.nih.gov/sos9/sra-pub-zq-922/SRR011/11933/SRR11933286/SRR11933286.lite.1
SRR11933285	SAMN15145346	SY1039_WS2	SY1039	WS2		RNA-Seq	PAIRED	ILLUMINA	21238154	1054884791	https://sra-downloadb.be-md.ncbi.nlm.nih.gov/sos9/sra-pub-zq-922/SRR011/11933/SRR11933285/SRR11933285.lite.1
SRR11933284	SAMN15145347	SY1039_WW	SY1039	WW		RNA-Seq	PAIRED	ILLUMINA	48374499	2194518748	https://sra-downloadb.be-md.ncbi.nlm.nih.gov/sos9/sra-pub-zq-922/SRR011/11933/SRR11933284/SRR11933284.lite.1
SRR11933283	SAMN15145348	SY1052_WS1	SY1052	WS1		RNA-Seq	PAIRED	ILLUMINA	46970588	2389144393	https://sra-downloadb.be-md.ncbi.nlm.nih.gov/sos9/sra-pub-zq-922/SRR011/11933/SRR11933283/SRR11933283.lite.1
SRR11933282	SAMN15145349	SY1052_WS2	SY1052	WS2		RNA-Seq	PAIRED	ILLUMINA	19182454	862879012	https://sra-downloadb.be-md.ncbi.nlm.nih.gov/sos9/sra-pub-zq-924/SRR011/11933/SRR11933282/SRR11933282.lite.1
SRR11933281	SAMN15145350	SY1052_WW	SY1052	WW		RNA-Seq	PAIRED	ILLUMINA	41632998	2118452294	https://sra-downloadb.be-md.ncbi.nlm.nih.gov/sos9/sra-pub-zq-922/SRR011/11933/SRR11933281/SRR11933281.lite.1
SRR11933279	SAMN15145351	SY1128_WS1	SY1128	WS1		RNA-Seq	PAIRED	ILLUMINA	48501709	2469269660	https://sra-downloadb.be-md.ncbi.nlm.nih.gov/sos9/sra-pub-zq-922/SRR011/11933/SRR11933279/SRR11933279.lite.1
SRR11933278	SAMN15145352	SY1128_WS2	SY1128	WS2		RNA-Seq	PAIRED	ILLUMINA	39239023	1996391199	https://sra-downloadb.be-md.ncbi.nlm.nih.gov/sos9/sra-pub-zq-924/SRR011/11933/SRR11933278/SRR11933278.lite.1
SRR11933277	SAMN15145353	SY1128_WW	SY1128	WW		RNA-Seq	PAIRED	ILLUMINA	28039984	1376985678	https://sra-downloadb.be-md.ncbi.nlm.nih.gov/sos9/sra-pub-zq-922/SRR011/11933/SRR11933277/SRR11933277.lite.1
SRR11933276	SAMN15145354	SY3073_WS1	SY3073	WS1		RNA-Seq	PAIRED	ILLUMINA	47436092	2414923357	https://sra-downloadb.be-md.ncbi.nlm.nih.gov/sos9/sra-pub-zq-924/SRR011/11933/SRR11933276/SRR11933276.lite.1
SRR11933275	SAMN15145355	SY3073_WS2	SY3073	WS2		RNA-Seq	PAIRED	ILLUMINA	40711686	2071505988	https://sra-downloadb.be-md.ncbi.nlm.nih.gov/sos9/sra-pub-zq-922/SRR011/11933/SRR11933275/SRR11933275.lite.1
SRR11933274	SAMN15145356	SY3073_WW	SY3073	WW		RNA-Seq	PAIRED	ILLUMINA	30869135	1515937557	https://sra-downloadb.be-md.ncbi.nlm.nih.gov/sos9/sra-pub-zq-922/SRR011/11933/SRR11933274/SRR11933274.lite.1
SRR11933273	SAMN15145357	TIAN77_WS1	TIAN77	WS1		RNA-Seq	PAIRED	ILLUMINA	45094416	2296330768	https://sra-downloadb.be-md.ncbi.nlm.nih.gov/sos9/sra-pub-zq-924/SRR011/11933/SRR11933273/SRR11933273.lite.1
SRR11933248	SAMN15145358	TIAN77_WS2	TIAN77	WS2		RNA-Seq	PAIRED	ILLUMINA	12599187	565862866	https://sra-downloadb.be-md.ncbi.nlm.nih.gov/sos9/sra-pub-zq-922/SRR011/11933/SRR11933248/SRR11933248.lite.1
SRR11933247	SAMN15145359	TIAN77_WW	TIAN77	WW		RNA-Seq	PAIRED	ILLUMINA	54344480	2760792905	https://sra-downloadb.be-md.ncbi.nlm.nih.gov/sos9/sra-pub-zq-924/SRR011/11933/SRR11933247/SRR11933247.lite.1
SRR11933246	SAMN15145360	TIE7922_WS2	TIE7922	WS2		RNA-Seq	PAIRED	ILLUMINA	38216387	1931886383	https://sra-downloadb.be-md.ncbi.nlm.nih.gov/sos9/sra-pub-zq-922/SRR011/11933/SRR11933246/SRR11933246.lite.1
SRR11933244	SAMN15145361	TIE7922_WW	TIE7922	WW		RNA-Seq	PAIRED	ILLUMINA	66524335	3360294668	https://sra-downloadb.be-md.ncbi.nlm.nih.gov/sos9/sra-pub-zq-924/SRR011/11933/SRR11933244/SRR11933244.lite.1
SRR11933243	SAMN15145362	TY2_WS1	TY2	WS1		RNA-Seq	PAIRED	ILLUMINA	43543804	2017873160	https://sra-downloadb.be-md.ncbi.nlm.nih.gov/sos9/sra-pub-zq-924/SRR011/11933/SRR11933243/SRR11933243.lite.1
SRR11933242	SAMN15145363	TY2_WS2	TY2	WS2		RNA-Seq	PAIRED	ILLUMINA	66440849	3258219182	https://sra-downloadb.be-md.ncbi.nlm.nih.gov/sos9/sra-pub-zq-922/SRR011/11933/SRR11933242/SRR11933242.lite.1
SRR11933241	SAMN15145364	TY3_WS1	TY3	WS1		RNA-Seq	PAIRED	ILLUMINA	50266267	2228958629	https://sra-downloadb.be-md.ncbi.nlm.nih.gov/sos9/sra-pub-zq-922/SRR011/11933/SRR11933241/SRR11933241.lite.1
SRR11933240	SAMN15145365	TY3_WS2	TY3	WS2		RNA-Seq	PAIRED	ILLUMINA	21901852	1087007154	https://sra-downloadb.be-md.ncbi.nlm.nih.gov/sos9/sra-pub-zq-924/SRR011/11933/SRR11933240/SRR11933240.lite.1
SRR11933239	SAMN15145366	TY3_WW	TY3	WW		RNA-Seq	PAIRED	ILLUMINA	71647550	3254456504	https://sra-downloadb.be-md.ncbi.nlm.nih.gov/sos9/sra-pub-zq-922/SRR011/11933/SRR11933239/SRR11933239.lite.1
SRR11933238	SAMN15145367	TY4_WS1	TY4	WS1		RNA-Seq	PAIRED	ILLUMINA	29290258	1360540558	https://sra-downloadb.be-md.ncbi.nlm.nih.gov/sos9/sra-pub-zq-924/SRR011/11933/SRR11933238/SRR11933238.lite.1
SRR11933237	SAMN15145368	TY4_WS2	TY4	WS2		RNA-Seq	PAIRED	ILLUMINA	147460924	7227422640	https://sra-downloadb.be-md.ncbi.nlm.nih.gov/sos9/sra-pub-zq-924/SRR011/11933/SRR11933237/SRR11933237.lite.1
SRR11933236	SAMN15145369	TY5_WS2	TY5	WS2		RNA-Seq	PAIRED	ILLUMINA	54849433	2772556079	https://sra-downloadb.be-md.ncbi.nlm.nih.gov/sos9/sra-pub-zq-922/SRR011/11933/SRR11933236/SRR11933236.lite.1
SRR11933235	SAMN15145370	TY5_WW	TY5	WW		RNA-Seq	PAIRED	ILLUMINA	65585644	3311865694	https://sra-downloadb.be-md.ncbi.nlm.nih.gov/sos9/sra-pub-zq-922/SRR011/11933/SRR11933235/SRR11933235.lite.1
SRR11933058	SAMN15145371	TY6_WS1	TY6	WS1		RNA-Seq	PAIRED	ILLUMINA	34491796	1757737840	https://sra-downloadb.be-md.ncbi.nlm.nih.gov/sos9/sra-pub-zq-922/SRR011/11933/SRR11933058/SRR11933058.lite.1
SRR11933057	SAMN15145372	TY6_WS2	TY6	WS2		RNA-Seq	PAIRED	ILLUMINA	45772112	2328132888	https://sra-downloadb.be-md.ncbi.nlm.nih.gov/sos9/sra-pub-zq-924/SRR011/11933/SRR11933057/SRR11933057.lite.1
SRR11933056	SAMN15145373	U8112_WS1	U8112	WS1		RNA-Seq	PAIRED	ILLUMINA	39932910	2032627320	https://sra-downloadb.be-md.ncbi.nlm.nih.gov/sos9/sra-pub-zq-922/SRR011/11933/SRR11933056/SRR11933056.lite.1
SRR11933055	SAMN15145374	U8112_WS2	U8112	WS2		RNA-Seq	PAIRED	ILLUMINA	46558568	2371259579	https://sra-downloadb.be-md.ncbi.nlm.nih.gov/sos9/sra-pub-zq-922/SRR011/11933/SRR11933055/SRR11933055.lite.1
SRR11933054	SAMN15145375	U8112_WW	U8112	WW		RNA-Seq	PAIRED	ILLUMINA	43944706	2238358088	https://sra-downloadb.be-md.ncbi.nlm.nih.gov/sos9/sra-pub-zq-922/SRR011/11933/SRR11933054/SRR11933054.lite.1
SRR11933053	SAMN15145376	W138_WS1	W138	WS1		RNA-Seq	PAIRED	ILLUMINA	37787933	1923552210	https://sra-downloadb.be-md.ncbi.nlm.nih.gov/sos9/sra-pub-zq-922/SRR011/11933/SRR11933053/SRR11933053.lite.1
SRR11933052	SAMN15145377	W138_WS2	W138	WS2		RNA-Seq	PAIRED	ILLUMINA	99904726	5086085279	https://sra-downloadb.be-md.ncbi.nlm.nih.gov/sos9/sra-pub-zq-922/SRR011/11933/SRR11933052/SRR11933052.lite.1
SRR11933051	SAMN15145378	W138_WW	W138	WW		RNA-Seq	PAIRED	ILLUMINA	40899784	2081710337	https://sra-downloadb.be-md.ncbi.nlm.nih.gov/sos9/sra-pub-zq-924/SRR011/11933/SRR11933051/SRR11933051.lite.1
SRR11933050	SAMN15145379	W22_WS1	W22	WS1		RNA-Seq	PAIRED	ILLUMINA	49271727	2236925385	https://sra-downloadb.be-md.ncbi.nlm.nih.gov/sos9/sra-pub-zq-922/SRR011/11933/SRR11933050/SRR11933050.lite.1
SRR11933025	SAMN15145380	W22_WS1_REP	W22	WS1	REP	RNA-Seq	PAIRED	ILLUMINA	59400267	2994306656	https://sra-downloadb.be-md.ncbi.nlm.nih.gov/sos9/sra-pub-zq-922/SRR011/11933/SRR11933025/SRR11933025.lite.1
SRR11933023	SAMN15145381	W22_WS2	W22	WS2		RNA-Seq	PAIRED	ILLUMINA	91371140	4517458244	https://sra-downloadb.be-md.ncbi.nlm.nih.gov/sos9/sra-pub-zq-922/SRR011/11933/SRR11933023/SRR11933023.lite.1
SRR11933022	SAMN15145382	W22_WW	W22	WW		RNA-Seq	PAIRED	ILLUMINA	76669516	3711797385	https://sra-downloadb.be-md.ncbi.nlm.nih.gov/sos9/sra-pub-zq-922/SRR011/11933/SRR11933022/SRR11933022.lite.1
SRR11933021	SAMN15145383	W22_WW_REP	W22	WW	REP	RNA-Seq	PAIRED	ILLUMINA	48329506	2460544388	https://sra-downloadb.be-md.ncbi.nlm.nih.gov/sos9/sra-pub-zq-922/SRR011/11933/SRR11933021/SRR11933021.lite.1
SRR11933020	SAMN15145384	WH413_WS1	WH413	WS1		RNA-Seq	PAIRED	ILLUMINA	60040250	3031782749	https://sra-downloadb.be-md.ncbi.nlm.nih.gov/sos9/sra-pub-zq-922/SRR011/11933/SRR11933020/SRR11933020.lite.1
SRR11933019	SAMN15145385	WH413_WS2	WH413	WS2		RNA-Seq	PAIRED	ILLUMINA	65860835	3347080209	https://sra-downloadb.be-md.ncbi.nlm.nih.gov/sos9/sra-pub-zq-922/SRR011/11933/SRR11933019/SRR11933019.lite.1
SRR11933018	SAMN15145386	WH413_WW	WH413	WW		RNA-Seq	PAIRED	ILLUMINA	32248921	1638761549	https://sra-downloadb.be-md.ncbi.nlm.nih.gov/sos9/sra-pub-zq-924/SRR011/11933/SRR11933018/SRR11933018.lite.1
SRR11933017	SAMN15145387	WU109_WS1	WU109	WS1		RNA-Seq	PAIRED	ILLUMINA	28142640	1433359573	https://sra-downloadb.be-md.ncbi.nlm.nih.gov/sos9/sra-pub-zq-922/SRR011/11933/SRR11933017/SRR11933017.lite.1
SRR11933016	SAMN15145388	WU109_WS2	WU109	WS2		RNA-Seq	PAIRED	ILLUMINA	26644534	1311159677	https://sra-downloadb.be-md.ncbi.nlm.nih.gov/sos9/sra-pub-zq-922/SRR011/11933/SRR11933016/SRR11933016.lite.1
SRR11933015	SAMN15145389	WU109_WW	WU109	WW		RNA-Seq	PAIRED	ILLUMINA	70004534	3180836378	https://sra-downloadb.be-md.ncbi.nlm.nih.gov/sos9/sra-pub-zq-922/SRR011/11933/SRR11933015/SRR11933015.lite.1
SRR11933014	SAMN15145390	X178_WS1	X178	WS1		RNA-Seq	PAIRED	ILLUMINA	37106249	1715793849	https://sra-downloadb.be-md.ncbi.nlm.nih.gov/sos9/sra-pub-zq-924/SRR011/11933/SRR11933014/SRR11933014.lite.1
SRR11933012	SAMN15145391	X178_WS2	X178	WS2		RNA-Seq	PAIRED	ILLUMINA	57344744	2819074397	https://sra-downloadb.be-md.ncbi.nlm.nih.gov/sos9/sra-pub-zq-922/SRR011/11933/SRR11933012/SRR11933012.lite.1
SRR11933011	SAMN15145392	X178_WW	X178	WW		RNA-Seq	PAIRED	ILLUMINA	94051288	4270679039	https://sra-downloadb.be-md.ncbi.nlm.nih.gov/sos9/sra-pub-zq-922/SRR011/11933/SRR11933011/SRR11933011.lite.1
SRR11933010	SAMN15145393	YE52106_WS1	YE52106	WS1		RNA-Seq	PAIRED	ILLUMINA	31547089	1543838228	https://sra-downloadb.be-md.ncbi.nlm.nih.gov/sos9/sra-pub-zq-924/SRR011/11933/SRR11933010/SRR11933010.lite.1
SRR11933009	SAMN15145394	YE52106_WS2	YE52106	WS2		RNA-Seq	PAIRED	ILLUMINA	40064131	2037964064	https://sra-downloadb.be-md.ncbi.nlm.nih.gov/sos9/sra-pub-zq-922/SRR011/11933/SRR11933009/SRR11933009.lite.1
SRR11933008	SAMN15145395	YE52106_WW	YE52106	WW		RNA-Seq	PAIRED	ILLUMINA	24310829	1212202019	https://sra-downloadb.be-md.ncbi.nlm.nih.gov/sos9/sra-pub-zq-922/SRR011/11933/SRR11933008/SRR11933008.lite.1
SRR11933007	SAMN15145396	YE8001_WS1	YE8001	WS1		RNA-Seq	PAIRED	ILLUMINA	37348884	1902692742	https://sra-downloadb.be-md.ncbi.nlm.nih.gov/sos9/sra-pub-zq-922/SRR011/11933/SRR11933007/SRR11933007.lite.1
SRR11933006	SAMN15145397	YE8001_WS2	YE8001	WS2		RNA-Seq	PAIRED	ILLUMINA	32213828	1603308176	https://sra-downloadb.be-md.ncbi.nlm.nih.gov/sos9/sra-pub-zq-922/SRR011/11933/SRR11933006/SRR11933006.lite.1
SRR11933005	SAMN15145398	YE8001_WW	YE8001	WW		RNA-Seq	PAIRED	ILLUMINA	79104818	3596557508	https://sra-downloadb.be-md.ncbi.nlm.nih.gov/sos9/sra-pub-zq-922/SRR011/11933/SRR11933005/SRR11933005.lite.1
SRR11933004	SAMN15145399	YU374_WS1	YU374	WS1		RNA-Seq	PAIRED	ILLUMINA	39041665	1987811314	https://sra-downloadb.be-md.ncbi.nlm.nih.gov/sos9/sra-pub-zq-922/SRR011/11933/SRR11933004/SRR11933004.lite.1
SRR11933003	SAMN15145400	YU374_WS2	YU374	WS2		RNA-Seq	PAIRED	ILLUMINA	20180476	908796888	https://sra-downloadb.be-md.ncbi.nlm.nih.gov/sos9/sra-pub-zq-924/SRR011/11933/SRR11933003/SRR11933003.lite.1
SRR11932977	SAMN15145401	YU374_WW	YU374	WW		RNA-Seq	PAIRED	ILLUMINA	40754490	2073585629	https://sra-downloadb.be-md.ncbi.nlm.nih.gov/sos9/sra-pub-zq-922/SRR011/11932/SRR11932977/SRR11932977.lite.1
SRR11932976	SAMN15145402	ZB648_WS1	ZB648	WS1		RNA-Seq	PAIRED	ILLUMINA	46674598	2373879545	https://sra-downloadb.be-md.ncbi.nlm.nih.gov/sos9/sra-pub-zq-922/SRR011/11932/SRR11932976/SRR11932976.lite.1
SRR11932975	SAMN15145403	ZB648_WS2	ZB648	WS2		RNA-Seq	PAIRED	ILLUMINA	42525301	2164763566	https://sra-downloadb.be-md.ncbi.nlm.nih.gov/sos9/sra-pub-zq-924/SRR011/11932/SRR11932975/SRR11932975.lite.1
SRR11932974	SAMN15145404	ZB648_WW	ZB648	WW		RNA-Seq	PAIRED	ILLUMINA	32532556	1620778598	https://sra-downloadb.be-md.ncbi.nlm.nih.gov/sos9/sra-pub-zq-922/SRR011/11932/SRR11932974/SRR11932974.lite.1
SRR11932973	SAMN15145405	ZHENG35_WS1	ZHENG35	WS1		RNA-Seq	PAIRED	ILLUMINA	23180663	1139863520	https://sra-downloadb.be-md.ncbi.nlm.nih.gov/sos9/sra-pub-zq-922/SRR011/11932/SRR11932973/SRR11932973.lite.1
SRR11932972	SAMN15145406	ZHENG35_WS2	ZHENG35	WS2		RNA-Seq	PAIRED	ILLUMINA	39740774	2023564929	https://sra-downloadb.be-md.ncbi.nlm.nih.gov/sos9/sra-pub-zq-924/SRR011/11932/SRR11932972/SRR11932972.lite.1
SRR11932971	SAMN15145407	ZHENG35_WW	ZHENG35	WW		RNA-Seq	PAIRED	ILLUMINA	29661578	1479251656	https://sra-downloadb.be-md.ncbi.nlm.nih.gov/sos9/sra-pub-zq-924/SRR011/11932/SRR11932971/SRR11932971.lite.1
SRR11932970	SAMN15145408	ZHENG58_WS1	ZHENG58	WS1		RNA-Seq	PAIRED	ILLUMINA	91300051	4646637163	https://sra-downloadb.be-md.ncbi.nlm.nih.gov/sos9/sra-pub-zq-922/SRR011/11932/SRR11932970/SRR11932970.lite.1
SRR11932969	SAMN15145409	ZHENG58_WS1_REP	ZHENG58	WS1	REP	RNA-Seq	PAIRED	ILLUMINA	31284885	1546506186	https://sra-downloadb.be-md.ncbi.nlm.nih.gov/sos9/sra-pub-zq-922/SRR011/11932/SRR11932969/SRR11932969.lite.1
SRR11932968	SAMN15145410	ZHENG58_WS2	ZHENG58	WS2		RNA-Seq	PAIRED	ILLUMINA	35411385	1563261205	https://sra-downloadb.be-md.ncbi.nlm.nih.gov/sos9/sra-pub-zq-922/SRR011/11932/SRR11932968/SRR11932968.lite.1
SRR11932966	SAMN15145411	ZHENG58_WS2_REP	ZHENG58	WS2	REP	RNA-Seq	PAIRED	ILLUMINA	40422150	2000631171	https://sra-downloadb.be-md.ncbi.nlm.nih.gov/sos9/sra-pub-zq-922/SRR011/11932/SRR11932966/SRR11932966.lite.1
SRR11932965	SAMN15145412	ZHENG58_WW	ZHENG58	WW		RNA-Seq	PAIRED	ILLUMINA	51657891	2629446725	https://sra-downloadb.be-md.ncbi.nlm.nih.gov/sos9/sra-pub-zq-922/SRR011/11932/SRR11932965/SRR11932965.lite.1
SRR11932964	SAMN15145413	ZHENG58_WW_REP	ZHENG58	WW	REP	RNA-Seq	PAIRED	ILLUMINA	46881359	2367984007	https://sra-downloadb.be-md.ncbi.nlm.nih.gov/sos9/sra-pub-zq-922/SRR011/11932/SRR11932964/SRR11932964.lite.1
SRR11932963	SAMN15145414	ZHENG653_WS1	ZHENG653	WS1		RNA-Seq	PAIRED	ILLUMINA	74352034	3757523095	https://sra-downloadb.be-md.ncbi.nlm.nih.gov/sos9/sra-pub-zq-922/SRR011/11932/SRR11932963/SRR11932963.lite.1
SRR11932962	SAMN15145415	ZHENG653_WS2	ZHENG653	WS2		RNA-Seq	PAIRED	ILLUMINA	41427576	2105174044	https://sra-downloadb.be-md.ncbi.nlm.nih.gov/sos9/sra-pub-zq-924/SRR011/11932/SRR11932962/SRR11932962.lite.1
SRR11932961	SAMN15145416	ZHENG653_WW	ZHENG653	WW		RNA-Seq	PAIRED	ILLUMINA	28812493	1464330987	https://sra-downloadb.be-md.ncbi.nlm.nih.gov/sos9/sra-pub-zq-922/SRR011/11932/SRR11932961/SRR11932961.lite.1
SRR11932960	SAMN15145417	ZHI41_WS1	ZHI41	WS1		RNA-Seq	PAIRED	ILLUMINA	32704376	1665224689	https://sra-downloadb.be-md.ncbi.nlm.nih.gov/sos9/sra-pub-zq-922/SRR011/11932/SRR11932960/SRR11932960.lite.1
SRR11932959	SAMN15145418	ZHI41_WS2	ZHI41	WS2		RNA-Seq	PAIRED	ILLUMINA	38704478	1937592603	https://sra-downloadb.be-md.ncbi.nlm.nih.gov/sos9/sra-pub-zq-924/SRR011/11932/SRR11932959/SRR11932959.lite.1
SRR11932958	SAMN15145419	ZHI41_WW	ZHI41	WW		RNA-Seq	PAIRED	ILLUMINA	33100660	1684378286	https://sra-downloadb.be-md.ncbi.nlm.nih.gov/sos9/sra-pub-zq-922/SRR011/11932/SRR11932958/SRR11932958.lite.1
SRR11932957	SAMN15145420	ZHONG69_WS1	ZHONG69	WS1		RNA-Seq	PAIRED	ILLUMINA	55692459	2835315551	https://sra-downloadb.be-md.ncbi.nlm.nih.gov/sos9/sra-pub-zq-922/SRR011/11932/SRR11932957/SRR11932957.lite.1
SRR11932955	SAMN15145421	ZHONG69_WS2	ZHONG69	WS2		RNA-Seq	PAIRED	ILLUMINA	28404233	1278167420	https://sra-downloadb.be-md.ncbi.nlm.nih.gov/sos9/sra-pub-zq-922/SRR011/11932/SRR11932955/SRR11932955.lite.1
SRR11932954	SAMN15145422	ZHONG69_WW	ZHONG69	WW		RNA-Seq	PAIRED	ILLUMINA	41203273	2097712046	https://sra-downloadb.be-md.ncbi.nlm.nih.gov/sos9/sra-pub-zq-922/SRR011/11932/SRR11932954/SRR11932954.lite.1
SRR11932929	SAMN15145423	ZZ01_WS1	ZZ01	WS1		RNA-Seq	PAIRED	ILLUMINA	50723078	2582828195	https://sra-downloadb.be-md.ncbi.nlm.nih.gov/sos9/sra-pub-zq-922/SRR011/11932/SRR11932929/SRR11932929.lite.1
SRR11932928	SAMN15145424	ZZ01_WS2	ZZ01	WS2		RNA-Seq	PAIRED	ILLUMINA	24695300	1118596041	https://sra-downloadb.be-md.ncbi.nlm.nih.gov/sos9/sra-pub-zq-924/SRR011/11932/SRR11932928/SRR11932928.lite.1
SRR11932927	SAMN15145425	ZZ01_WW	ZZ01	WW		RNA-Seq	PAIRED	ILLUMINA	31690477	1613756203	https://sra-downloadb.be-md.ncbi.nlm.nih.gov/sos9/sra-pub-zq-924/SRR011/11932/SRR11932927/SRR11932927.lite.1
