Run,ReleaseDate,LoadDate,spots,bases,spots_with_mates,avgLength,size_MB,AssemblyName,download_path,Experiment,LibraryName,LibraryStrategy,LibrarySelection,LibrarySource,LibraryLayout,InsertSize,InsertDev,Platform,Model,SRAStudy,BioProject,Study_Pubmed_id,ProjectID,Sample,BioSample,SampleType,TaxID,ScientificName,SampleName,g1k_pop_code,source,g1k_analysis_group,Subject_ID,Sex,Disease,Tumor,Affection_Status,Analyte_Type,Histological_Type,Body_Site,CenterName,Submission,dbgap_study_accession,Consent,RunHash,ReadHash
SRR11933488,2020-06-11 09:51:39,2020-06-05 11:36:38,36702826,1802152191,0,49,1077,,https://sra-downloadb.be-md.ncbi.nlm.nih.gov/sos9/sra-pub-zq-924/SRR011/11933/SRR11933488/SRR11933488.lite.1,SRX8478678,L1,RNA-Seq,cDNA,TRANSCRIPTOMIC,PAIRED,0,0,ILLUMINA,Illumina HiSeq 2500,SRP266111,PRJNA637522,,637522,SRS6778622,SAMN15144741,simple,4577,Zea mays,05W002_WS1,,,,,,,no,,,,,CHINA AGRICULTURAL UNIVERSITY,SRA1083660,,public,EB5EA55B63643910B78A1CD6D95FF084,844E33CA0BD469102C161C9786837006
SRR11933487,2020-06-11 09:51:39,2020-06-05 11:35:17,39798356,2026658629,0,50,735,,https://sra-downloadb.be-md.ncbi.nlm.nih.gov/sos9/sra-pub-zq-924/SRR011/11933/SRR11933487/SRR11933487.lite.1,SRX8478679,L2,RNA-Seq,cDNA,TRANSCRIPTOMIC,PAIRED,0,0,ILLUMINA,Illumina HiSeq 2500,SRP266111,PRJNA637522,,637522,SRS6778621,SAMN15144742,simple,4577,Zea mays,05W002_WS2,,,,,,,no,,,,,CHINA AGRICULTURAL UNIVERSITY,SRA1083660,,public,15F251A3EDA1CC0A6EE608D001F881E9,85A20114D9DB76B47A90F3EC1DAA01B4
SRR11932937,2020-06-11 09:51:35,2020-06-05 10:58:23,21739040,1084596215,0,49,537,,https://sra-downloadb.be-md.ncbi.nlm.nih.gov/sos9/sra-pub-zq-922/SRR011/11932/SRR11932937/SRR11932937.lite.1,SRX8478369,L3,RNA-Seq,cDNA,TRANSCRIPTOMIC,PAIRED,0,0,ILLUMINA,Illumina HiSeq 2500,SRP266111,PRJNA637522,,637522,SRS6778311,SAMN15144743,simple,4577,Zea mays,05W002_WW,,,,,,,no,,,,,CHINA AGRICULTURAL UNIVERSITY,SRA1083660,,public,E7A4CD76DCA757C282715E1310416BE2,0F7FF6937D8552C07F842395F0D352D3
SRR11933219,2020-06-11 09:51:37,2020-06-05 11:22:52,37265774,1896530663,0,50,636,,https://sra-downloadb.be-md.ncbi.nlm.nih.gov/sos9/sra-pub-zq-922/SRR011/11933/SRR11933219/SRR11933219.lite.1,SRX8478517,L4,RNA-Seq,cDNA,TRANSCRIPTOMIC,PAIRED,0,0,ILLUMINA,Illumina HiSeq 2500,SRP266111,PRJNA637522,,637522,SRS6778460,SAMN15144744,simple,4577,Zea mays,05WN230_WS1,,,,,,,no,,,,,CHINA AGRICULTURAL UNIVERSITY,SRA1083660,,public,00F6911E06E47551077C9CD9DDE9DECB,EFD2B3ED11F155C6B28CFF0783C47C1F
SRR11933108,2020-06-11 09:51:38,2020-06-05 11:12:44,32623484,1634871246,0,50,893,,https://sra-downloadb.be-md.ncbi.nlm.nih.gov/sos9/sra-pub-zq-924/SRR011/11933/SRR11933108/SRR11933108.lite.1,SRX8478628,L5,RNA-Seq,cDNA,TRANSCRIPTOMIC,PAIRED,0,0,ILLUMINA,Illumina HiSeq 2500,SRP266111,PRJNA637522,,637522,SRS6778571,SAMN15144745,simple,4577,Zea mays,05WN230_WS2,,,,,,,no,,,,,CHINA AGRICULTURAL UNIVERSITY,SRA1083660,,public,54F193E1ED12F2A32225CF82B9B40C16,87C06CFF21741F04880B0A38BBCD1A9B
SRR11933403,2020-06-11 09:51:39,2020-06-05 11:29:06,33952993,1725165054,0,50,619,,https://sra-downloadb.be-md.ncbi.nlm.nih.gov/sos9/sra-pub-zq-922/SRR011/11933/SRR11933403/SRR11933403.lite.1,SRX8478763,L6,RNA-Seq,cDNA,TRANSCRIPTOMIC,PAIRED,0,0,ILLUMINA,Illumina HiSeq 2500,SRP266111,PRJNA637522,,637522,SRS6778705,SAMN15144746,simple,4577,Zea mays,05WN230_WW,,,,,,,no,,,,,CHINA AGRICULTURAL UNIVERSITY,SRA1083660,,public,DC834F9E9DA40EE7723ACC987D2C64A6,29C9688B11014F304408ACCBB1BF848B
SRR11933292,2020-06-11 09:51:40,2020-06-05 11:28:49,59575581,3035399899,0,50,858,,https://sra-downloadb.be-md.ncbi.nlm.nih.gov/sos9/sra-pub-zq-924/SRR011/11933/SRR11933292/SRR11933292.lite.1,SRX8478874,L7,RNA-Seq,cDNA,TRANSCRIPTOMIC,PAIRED,0,0,ILLUMINA,Illumina HiSeq 2500,SRP266111,PRJNA637522,,637522,SRS6778816,SAMN15144747,simple,4577,Zea mays,07KS4_WS1,,,,,,,no,,,,,CHINA AGRICULTURAL UNIVERSITY,SRA1083660,,public,83ACFB0E564CB4D0280947FA9C7ABE52,A95549CB25B6D27959A2BAFE8AD3F5A2
SRR11932925,2020-06-11 09:51:35,2020-06-05 11:11:13,41410724,2044067968,0,49,1195,,https://sra-downloadb.be-md.ncbi.nlm.nih.gov/sos9/sra-pub-zq-924/SRR011/11932/SRR11932925/SRR11932925.lite.1,SRX8478381,L8,RNA-Seq,cDNA,TRANSCRIPTOMIC,PAIRED,0,0,ILLUMINA,Illumina HiSeq 2500,SRP266111,PRJNA637522,,637522,SRS6778324,SAMN15144748,simple,4577,Zea mays,07KS4_WS2,,,,,,,no,,,,,CHINA AGRICULTURAL UNIVERSITY,SRA1083660,,public,DD8D15174F5922E1E1D9634E1B5F7CE3,58556792F533B84D83CAC521D20354AE
SRR11932914,2020-06-11 09:51:36,2020-06-05 11:15:23,101583177,4619108721,0,45,2633,,https://sra-downloadb.be-md.ncbi.nlm.nih.gov/sos9/sra-pub-zq-922/SRR011/11932/SRR11932914/SRR11932914.lite.1,SRX8478392,L9,RNA-Seq,cDNA,TRANSCRIPTOMIC,PAIRED,0,0,ILLUMINA,Illumina HiSeq 2500,SRP266111,PRJNA637522,,637522,SRS6778335,SAMN15144749,simple,4577,Zea mays,07KS4_WW,,,,,,,no,,,,,CHINA AGRICULTURAL UNIVERSITY,SRA1083660,,public,A8BE3C01287716D04E2E0BFCBD3A178B,A1CA14E9D9BFE0F6194F0EE9E0223502
SRR11932879,2020-06-11 09:51:36,2020-06-05 11:02:52,47931295,2438080962,0,50,928,,https://sra-downloadb.be-md.ncbi.nlm.nih.gov/sos9/sra-pub-zq-922/SRR011/11932/SRR11932879/SRR11932879.lite.1,SRX8478427,L10,RNA-Seq,cDNA,TRANSCRIPTOMIC,PAIRED,0,0,ILLUMINA,Illumina HiSeq 2500,SRP266111,PRJNA637522,,637522,SRS6778370,SAMN15144750,simple,4577,Zea mays,1462_WS1,,,,,,,no,,,,,CHINA AGRICULTURAL UNIVERSITY,SRA1083660,,public,5091458B05BF175D739A132D266ABFB5,3370524CC9B913F31D5A8F04E8E4EE2F
SRR11933486,2020-06-11 09:51:39,2020-06-05 11:38:06,44512839,2230058534,0,50,1106,,https://sra-downloadb.be-md.ncbi.nlm.nih.gov/sos9/sra-pub-zq-924/SRR011/11933/SRR11933486/SRR11933486.lite.1,SRX8478680,L11,RNA-Seq,cDNA,TRANSCRIPTOMIC,PAIRED,0,0,ILLUMINA,Illumina HiSeq 2500,SRP266111,PRJNA637522,,637522,SRS6778624,SAMN15144751,simple,4577,Zea mays,1462_WS2,,,,,,,no,,,,,CHINA AGRICULTURAL UNIVERSITY,SRA1083660,,public,4F4608455C58C27B5C19A95ABCB40EC1,92486EE278C1F619E9B7B12FA57A5318
SRR11933475,2020-06-11 09:51:38,2020-06-05 11:34:39,36324069,1848462293,0,50,657,,https://sra-downloadb.be-md.ncbi.nlm.nih.gov/sos9/sra-pub-zq-922/SRR011/11933/SRR11933475/SRR11933475.lite.1,SRX8478691,L12,RNA-Seq,cDNA,TRANSCRIPTOMIC,PAIRED,0,0,ILLUMINA,Illumina HiSeq 2500,SRP266111,PRJNA637522,,637522,SRS6778634,SAMN15144752,simple,4577,Zea mays,1462_WW,,,,,,,no,,,,,CHINA AGRICULTURAL UNIVERSITY,SRA1083660,,public,CB0B6204B7B90BD86AABF1B21F0A7E65,9D0933C7C96FD931CD344A27D8A7538B
SRR11933272,2020-06-11 09:51:41,2020-06-05 11:29:36,66833762,3371737261,0,50,1539,,https://sra-downloadb.be-md.ncbi.nlm.nih.gov/sos9/sra-pub-zq-924/SRR011/11933/SRR11933272/SRR11933272.lite.1,SRX8478894,L13,RNA-Seq,cDNA,TRANSCRIPTOMIC,PAIRED,0,0,ILLUMINA,Illumina HiSeq 2500,SRP266111,PRJNA637522,,637522,SRS6778836,SAMN15144753,simple,4577,Zea mays,238_WS1,,,,,,,no,,,,,CHINA AGRICULTURAL UNIVERSITY,SRA1083660,,public,23628B041859A873491593A8AED6BB6C,A2E65BBFB5DB860F1F0079AE86FD1683
SRR11933261,2020-06-11 09:51:41,2020-06-05 11:36:32,95555628,4857949948,0,50,2125,,https://sra-downloadb.be-md.ncbi.nlm.nih.gov/sos9/sra-pub-zq-922/SRR011/11933/SRR11933261/SRR11933261.lite.1,SRX8478905,L14,RNA-Seq,cDNA,TRANSCRIPTOMIC,PAIRED,0,0,ILLUMINA,Illumina HiSeq 2500,SRP266111,PRJNA637522,,637522,SRS6778847,SAMN15144754,simple,4577,Zea mays,238_WS2,,,,,,,no,,,,,CHINA AGRICULTURAL UNIVERSITY,SRA1083660,,public,D2DA0F6436584D67E4FBDC6EE181C58E,7A3BCE077E7E9C1B77EBEA116200D155
SRR11933250,2020-06-11 09:51:41,2020-06-05 11:20:21,35239546,1793207859,0,50,624,,https://sra-downloadb.be-md.ncbi.nlm.nih.gov/sos9/sra-pub-zq-924/SRR011/11933/SRR11933250/SRR11933250.lite.1,SRX8478916,L15,RNA-Seq,cDNA,TRANSCRIPTOMIC,PAIRED,0,0,ILLUMINA,Illumina HiSeq 2500,SRP266111,PRJNA637522,,637522,SRS6778860,SAMN15144755,simple,4577,Zea mays,268_WS1,,,,,,,no,,,,,CHINA AGRICULTURAL UNIVERSITY,SRA1083660,,public,6A06BD523949F9082F6445C9E879C053,CF532626B454C28946E8935CF249EDE0
SRR11933040,2020-06-11 09:51:34,2020-06-05 11:11:19,38300226,1916579118,0,50,987,,https://sra-downloadb.be-md.ncbi.nlm.nih.gov/sos9/sra-pub-zq-924/SRR011/11933/SRR11933040/SRR11933040.lite.1,SRX8478266,L16,RNA-Seq,cDNA,TRANSCRIPTOMIC,PAIRED,0,0,ILLUMINA,Illumina HiSeq 2500,SRP266111,PRJNA637522,,637522,SRS6778209,SAMN15144756,simple,4577,Zea mays,268_WS2,,,,,,,no,,,,,CHINA AGRICULTURAL UNIVERSITY,SRA1083660,,public,1BF10CC010DB037DC262718042E14263,CB2809A48FBD954C6D9BD6DBF387814C
SRR11933029,2020-06-11 09:51:34,2020-06-05 11:06:16,32505922,1654151465,0,50,604,,https://sra-downloadb.be-md.ncbi.nlm.nih.gov/sos9/sra-pub-zq-922/SRR011/11933/SRR11933029/SRR11933029.lite.1,SRX8478277,L17,RNA-Seq,cDNA,TRANSCRIPTOMIC,PAIRED,0,0,ILLUMINA,Illumina HiSeq 2500,SRP266111,PRJNA637522,,637522,SRS6778220,SAMN15144757,simple,4577,Zea mays,268_WW,,,,,,,no,,,,,CHINA AGRICULTURAL UNIVERSITY,SRA1083660,,public,3B0784FCB2CEE149D25A2B2650BD6BF6,5AFA0C1F7AFB400B3AFFA392749A149E
SRR11932994,2020-06-11 09:51:35,2020-06-05 11:10:07,66859651,3379742748,0,50,1415,,https://sra-downloadb.be-md.ncbi.nlm.nih.gov/sos9/sra-pub-zq-922/SRR011/11932/SRR11932994/SRR11932994.lite.1,SRX8478312,L18,RNA-Seq,cDNA,TRANSCRIPTOMIC,PAIRED,0,0,ILLUMINA,Illumina HiSeq 2500,SRP266111,PRJNA637522,,637522,SRS6778255,SAMN15144758,simple,4577,Zea mays,303WX_WS2,,,,,,,no,,,,,CHINA AGRICULTURAL UNIVERSITY,SRA1083660,,public,73F1ABCC96C1ECA0B13BE4C6A17F9533,B6D386D1E5DDCF5804835484992D0D9F
SRR11932983,2020-06-11 09:51:35,2020-06-05 11:12:14,69283186,3499211347,0,50,1591,,https://sra-downloadb.be-md.ncbi.nlm.nih.gov/sos9/sra-pub-zq-922/SRR011/11932/SRR11932983/SRR11932983.lite.1,SRX8478323,L19,RNA-Seq,cDNA,TRANSCRIPTOMIC,PAIRED,0,0,ILLUMINA,Illumina HiSeq 2500,SRP266111,PRJNA637522,,637522,SRS6778266,SAMN15144759,simple,4577,Zea mays,303WX_WW,,,,,,,no,,,,,CHINA AGRICULTURAL UNIVERSITY,SRA1083660,,public,46AE126B90531FF100F81B2986AF323F,683D7A34E2AF6B592CC77BBA5F66E6E0
SRR11932948,2020-06-11 09:51:35,2020-06-05 11:07:35,65727556,3343757198,0,50,1176,,https://sra-downloadb.be-md.ncbi.nlm.nih.gov/sos9/sra-pub-zq-922/SRR011/11932/SRR11932948/SRR11932948.lite.1,SRX8478358,L20,RNA-Seq,cDNA,TRANSCRIPTOMIC,PAIRED,0,0,ILLUMINA,Illumina HiSeq 2500,SRP266111,PRJNA637522,,637522,SRS6778301,SAMN15144760,simple,4577,Zea mays,4019_WS1,,,,,,,no,,,,,CHINA AGRICULTURAL UNIVERSITY,SRA1083660,,public,64EF742BB1044FAB46F18B301EBB2725,6E3FC0DD7BF16489E05B9F5A8592D0BB
SRR11932936,2020-06-11 09:51:35,2020-06-05 11:06:20,46256260,2315356893,0,50,1214,,https://sra-downloadb.be-md.ncbi.nlm.nih.gov/sos9/sra-pub-zq-922/SRR011/11932/SRR11932936/SRR11932936.lite.1,SRX8478370,L21,RNA-Seq,cDNA,TRANSCRIPTOMIC,PAIRED,0,0,ILLUMINA,Illumina HiSeq 2500,SRP266111,PRJNA637522,,637522,SRS6778313,SAMN15144761,simple,4577,Zea mays,4019_WS2,,,,,,,no,,,,,CHINA AGRICULTURAL UNIVERSITY,SRA1083660,,public,AA265A0955125FE1B42E23E38F96CA3F,A0F5CB3A2DD636887A08F8226D980A3C
SRR11932901,2020-06-11 09:51:35,2020-06-05 11:13:50,78835800,3995889067,0,50,1305,,https://sra-downloadb.be-md.ncbi.nlm.nih.gov/sos9/sra-pub-zq-922/SRR011/11932/SRR11932901/SRR11932901.lite.1,SRX8478405,L22,RNA-Seq,cDNA,TRANSCRIPTOMIC,PAIRED,0,0,ILLUMINA,Illumina HiSeq 2500,SRP266111,PRJNA637522,,637522,SRS6778348,SAMN15144762,simple,4577,Zea mays,4019_WW,,,,,,,no,,,,,CHINA AGRICULTURAL UNIVERSITY,SRA1083660,,public,79D9CC5A1F666D9B02F7EFE799A803DF,0CA365496342A4AA1D8D00419E3444A2
SRR11932890,2020-06-11 09:51:36,2020-06-05 11:03:58,52865703,2588791417,0,48,1516,,https://sra-downloadb.be-md.ncbi.nlm.nih.gov/sos9/sra-pub-zq-922/SRR011/11932/SRR11932890/SRR11932890.lite.1,SRX8478416,L23,RNA-Seq,cDNA,TRANSCRIPTOMIC,PAIRED,0,0,ILLUMINA,Illumina HiSeq 2500,SRP266111,PRJNA637522,,637522,SRS6778358,SAMN15144763,simple,4577,Zea mays,4F1_WS2,,,,,,,no,,,,,CHINA AGRICULTURAL UNIVERSITY,SRA1083660,,public,1B41623319E88FAACD6CD4DC16C2BC7D,6C86BD51883E05863A9F62E0B6BBF052
SRR11932866,2020-06-11 09:51:36,2020-06-05 11:18:49,97708396,4435270613,0,45,2547,,https://sra-downloadb.be-md.ncbi.nlm.nih.gov/sos9/sra-pub-zq-922/SRR011/11932/SRR11932866/SRR11932866.lite.1,SRX8478440,L24,RNA-Seq,cDNA,TRANSCRIPTOMIC,PAIRED,0,0,ILLUMINA,Illumina HiSeq 2500,SRP266111,PRJNA637522,,637522,SRS6778383,SAMN15144764,simple,4577,Zea mays,4F1_WW,,,,,,,no,,,,,CHINA AGRICULTURAL UNIVERSITY,SRA1083660,,public,21E9E73FF52F31E0B69125170BCA0737,191FA1C7F18BE084E642EB01C4DB579D
SRR11932855,2020-06-11 09:51:36,2020-06-05 10:57:37,30425189,1546401672,0,50,536,,https://sra-downloadb.be-md.ncbi.nlm.nih.gov/sos9/sra-pub-zq-924/SRR011/11932/SRR11932855/SRR11932855.lite.1,SRX8478451,L25,RNA-Seq,cDNA,TRANSCRIPTOMIC,PAIRED,0,0,ILLUMINA,Illumina HiSeq 2500,SRP266111,PRJNA637522,,637522,SRS6778394,SAMN15144765,simple,4577,Zea mays,5237_WS1,,,,,,,no,,,,,CHINA AGRICULTURAL UNIVERSITY,SRA1083660,,public,C8E203C873B339938837C1A36F53C4BD,8C0E53AD2E5013DFD3EE8EAD7D3EDEA3
SRR11932844,2020-06-11 09:51:36,2020-06-05 11:00:31,37615619,1886992128,0,50,958,,https://sra-downloadb.be-md.ncbi.nlm.nih.gov/sos9/sra-pub-zq-922/SRR011/11932/SRR11932844/SRR11932844.lite.1,SRX8478462,L26,RNA-Seq,cDNA,TRANSCRIPTOMIC,PAIRED,0,0,ILLUMINA,Illumina HiSeq 2500,SRP266111,PRJNA637522,,637522,SRS6778404,SAMN15144766,simple,4577,Zea mays,5237_WS2,,,,,,,no,,,,,CHINA AGRICULTURAL UNIVERSITY,SRA1083660,,public,628FC03C343DDE8F9CFCEB0D62E2CA5F,B9D0ABDD3953A18443A4E0F2BEF3D711
SRR11932833,2020-06-11 09:51:36,2020-06-05 10:58:45,29080732,1475842419,0,50,556,,https://sra-downloadb.be-md.ncbi.nlm.nih.gov/sos9/sra-pub-zq-922/SRR011/11932/SRR11932833/SRR11932833.lite.1,SRX8478473,L27,RNA-Seq,cDNA,TRANSCRIPTOMIC,PAIRED,0,0,ILLUMINA,Illumina HiSeq 2500,SRP266111,PRJNA637522,,637522,SRS6778416,SAMN15144767,simple,4577,Zea mays,5237_WW,,,,,,,no,,,,,CHINA AGRICULTURAL UNIVERSITY,SRA1083660,,public,2C36D6094E826181DDF5B1686D8F5B52,9E47889D7811C6320E8FC5A4EA1111BA
SRR11932822,2020-06-11 09:51:36,2020-06-05 11:08:54,49168683,2503750667,0,50,934,,https://sra-downloadb.be-md.ncbi.nlm.nih.gov/sos9/sra-pub-zq-922/SRR011/11932/SRR11932822/SRR11932822.lite.1,SRX8478484,L28,RNA-Seq,cDNA,TRANSCRIPTOMIC,PAIRED,0,0,ILLUMINA,Illumina HiSeq 2500,SRP266111,PRJNA637522,,637522,SRS6778426,SAMN15144768,simple,4577,Zea mays,647_WS1,,,,,,,no,,,,,CHINA AGRICULTURAL UNIVERSITY,SRA1083660,,public,7EA76A256B3044649116AD027C0858C7,CCEB90EAC8D8CD606674E18ADDEAD249
SRR11932811,2020-06-11 09:51:36,2020-06-05 11:05:20,56732804,2888728326,0,50,1015,,https://sra-downloadb.be-md.ncbi.nlm.nih.gov/sos9/sra-pub-zq-922/SRR011/11932/SRR11932811/SRR11932811.lite.1,SRX8478495,L29,RNA-Seq,cDNA,TRANSCRIPTOMIC,PAIRED,0,0,ILLUMINA,Illumina HiSeq 2500,SRP266111,PRJNA637522,,637522,SRS6778438,SAMN15144769,simple,4577,Zea mays,647_WS2,,,,,,,no,,,,,CHINA AGRICULTURAL UNIVERSITY,SRA1083660,,public,BD0DA75967DFA5216358730BF1512740,85E8F0F7F45D85CA9FCD16D74236337E
SRR11933230,2020-06-11 09:51:37,2020-06-05 11:19:02,33680230,1715150601,0,50,592,,https://sra-downloadb.be-md.ncbi.nlm.nih.gov/sos9/sra-pub-zq-922/SRR011/11933/SRR11933230/SRR11933230.lite.1,SRX8478506,L30,RNA-Seq,cDNA,TRANSCRIPTOMIC,PAIRED,0,0,ILLUMINA,Illumina HiSeq 2500,SRP266111,PRJNA637522,,637522,SRS6778449,SAMN15144770,simple,4577,Zea mays,647_WW,,,,,,,no,,,,,CHINA AGRICULTURAL UNIVERSITY,SRA1083660,,public,B7CCEFC1511FC48F44F04E4DA95D1B67,E7B306DED85CE1E1F584FA2F36AF90C2
SRR11933218,2020-06-11 09:51:37,2020-06-05 11:22:48,50087121,2550040086,0,50,914,,https://sra-downloadb.be-md.ncbi.nlm.nih.gov/sos9/sra-pub-zq-924/SRR011/11933/SRR11933218/SRR11933218.lite.1,SRX8478518,L31,RNA-Seq,cDNA,TRANSCRIPTOMIC,PAIRED,0,0,ILLUMINA,Illumina HiSeq 2500,SRP266111,PRJNA637522,,637522,SRS6778461,SAMN15144771,simple,4577,Zea mays,7381_WS1,,,,,,,no,,,,,CHINA AGRICULTURAL UNIVERSITY,SRA1083660,,public,B48CEBDE0DA8199084C1219411514C59,0E997924185A753EC8FA0B37519CFCD2
SRR11933207,2020-06-11 09:51:37,2020-06-05 11:17:47,37869900,1656472326,0,43,1002,,https://sra-downloadb.be-md.ncbi.nlm.nih.gov/sos9/sra-pub-zq-924/SRR011/11933/SRR11933207/SRR11933207.lite.1,SRX8478529,L32,RNA-Seq,cDNA,TRANSCRIPTOMIC,PAIRED,0,0,ILLUMINA,Illumina HiSeq 2500,SRP266111,PRJNA637522,,637522,SRS6778472,SAMN15144772,simple,4577,Zea mays,7381_WS2,,,,,,,no,,,,,CHINA AGRICULTURAL UNIVERSITY,SRA1083660,,public,0B1E1CDE4F9AF81C50810A79D591213A,8F5DA68FE48E0A87D09DCF9D692B249A
SRR11933196,2020-06-11 09:51:37,2020-06-05 11:27:21,48391988,2461779224,0,50,868,,https://sra-downloadb.be-md.ncbi.nlm.nih.gov/sos9/sra-pub-zq-922/SRR011/11933/SRR11933196/SRR11933196.lite.1,SRX8478540,L33,RNA-Seq,cDNA,TRANSCRIPTOMIC,PAIRED,0,0,ILLUMINA,Illumina HiSeq 2500,SRP266111,PRJNA637522,,637522,SRS6778483,SAMN15144773,simple,4577,Zea mays,7884-4HT_WS1,,,,,,,no,,,,,CHINA AGRICULTURAL UNIVERSITY,SRA1083660,,public,1AEBF42F5AE00720EEAD1704B6529A35,CB7A2B4393DB91A6ED63234FF1898081
SRR11933185,2020-06-11 09:51:37,2020-06-05 11:18:22,44562389,2269763593,0,50,789,,https://sra-downloadb.be-md.ncbi.nlm.nih.gov/sos9/sra-pub-zq-924/SRR011/11933/SRR11933185/SRR11933185.lite.1,SRX8478551,L34,RNA-Seq,cDNA,TRANSCRIPTOMIC,PAIRED,0,0,ILLUMINA,Illumina HiSeq 2500,SRP266111,PRJNA637522,,637522,SRS6778494,SAMN15144774,simple,4577,Zea mays,7884-4HT_WS1_REP,,,,,,,no,,,,,CHINA AGRICULTURAL UNIVERSITY,SRA1083660,,public,F2728D747F70079AC60AFA68A84CEBA6,83E0C6996898DC2FB220923FBE4373FC
SRR11933174,2020-06-11 09:51:37,2020-06-05 11:18:38,41428166,2066187570,0,49,1123,,https://sra-downloadb.be-md.ncbi.nlm.nih.gov/sos9/sra-pub-zq-922/SRR011/11933/SRR11933174/SRR11933174.lite.1,SRX8478562,L35,RNA-Seq,cDNA,TRANSCRIPTOMIC,PAIRED,0,0,ILLUMINA,Illumina HiSeq 2500,SRP266111,PRJNA637522,,637522,SRS6778505,SAMN15144775,simple,4577,Zea mays,7884-4HT_WS2,,,,,,,no,,,,,CHINA AGRICULTURAL UNIVERSITY,SRA1083660,,public,037BD8CC9CBC0F659B2BB6E8E632FBCB,A98682E1AA4143CC95C132A1D06377A0
SRR11933163,2020-06-11 09:51:37,2020-06-05 11:16:03,26776252,1178666168,0,44,739,,https://sra-downloadb.be-md.ncbi.nlm.nih.gov/sos9/sra-pub-zq-922/SRR011/11933/SRR11933163/SRR11933163.lite.1,SRX8478573,L36,RNA-Seq,cDNA,TRANSCRIPTOMIC,PAIRED,0,0,ILLUMINA,Illumina HiSeq 2500,SRP266111,PRJNA637522,,637522,SRS6778516,SAMN15144776,simple,4577,Zea mays,7884-4HT_WS2_REP,,,,,,,no,,,,,CHINA AGRICULTURAL UNIVERSITY,SRA1083660,,public,7DF426937933DA3D53B5DEBF43191BBE,76D61CE26178811B34675864847D5424
SRR11933152,2020-06-11 09:51:37,2020-06-05 11:18:24,37052713,1884343027,0,50,692,,https://sra-downloadb.be-md.ncbi.nlm.nih.gov/sos9/sra-pub-zq-922/SRR011/11933/SRR11933152/SRR11933152.lite.1,SRX8478584,L37,RNA-Seq,cDNA,TRANSCRIPTOMIC,PAIRED,0,0,ILLUMINA,Illumina HiSeq 2500,SRP266111,PRJNA637522,,637522,SRS6778527,SAMN15144777,simple,4577,Zea mays,7884-4HT_WW,,,,,,,no,,,,,CHINA AGRICULTURAL UNIVERSITY,SRA1083660,,public,9F8E655DB1A06746C15105F895E3BE4A,BB2D5DB87DFB07F095498F1278B50202
SRR11933141,2020-06-11 09:51:38,2020-06-05 11:14:31,29035819,1477972505,0,50,492,,https://sra-downloadb.be-md.ncbi.nlm.nih.gov/sos9/sra-pub-zq-922/SRR011/11933/SRR11933141/SRR11933141.lite.1,SRX8478595,L38,RNA-Seq,cDNA,TRANSCRIPTOMIC,PAIRED,0,0,ILLUMINA,Illumina HiSeq 2500,SRP266111,PRJNA637522,,637522,SRS6778538,SAMN15144778,simple,4577,Zea mays,835B_WS1,,,,,,,no,,,,,CHINA AGRICULTURAL UNIVERSITY,SRA1083660,,public,966E346E13B010C2EC28FDAEA9286AB2,616BEE5F1FDF3CA775B3C9CB15EC2360
SRR11933130,2020-06-11 09:51:38,2020-06-05 11:14:41,33181862,1665211561,0,50,856,,https://sra-downloadb.be-md.ncbi.nlm.nih.gov/sos9/sra-pub-zq-922/SRR011/11933/SRR11933130/SRR11933130.lite.1,SRX8478606,L39,RNA-Seq,cDNA,TRANSCRIPTOMIC,PAIRED,0,0,ILLUMINA,Illumina HiSeq 2500,SRP266111,PRJNA637522,,637522,SRS6778549,SAMN15144779,simple,4577,Zea mays,835B_WS2,,,,,,,no,,,,,CHINA AGRICULTURAL UNIVERSITY,SRA1083660,,public,708139BF23B08851B5B79F28A0156315,1B19E88B8E9DA6CA6D209592F02DAF6C
SRR11933119,2020-06-11 09:51:38,2020-06-05 11:10:55,26571311,1352376579,0,50,478,,https://sra-downloadb.be-md.ncbi.nlm.nih.gov/sos9/sra-pub-zq-922/SRR011/11933/SRR11933119/SRR11933119.lite.1,SRX8478617,L40,RNA-Seq,cDNA,TRANSCRIPTOMIC,PAIRED,0,0,ILLUMINA,Illumina HiSeq 2500,SRP266111,PRJNA637522,,637522,SRS6778559,SAMN15144780,simple,4577,Zea mays,835B_WW,,,,,,,no,,,,,CHINA AGRICULTURAL UNIVERSITY,SRA1083660,,public,704EF14E30B4C1662D0ABC3D95865AC3,1BA788746A7A207B7A440485BF8AA40F
SRR11933107,2020-06-11 09:51:38,2020-06-05 11:42:44,89934786,4576534222,0,50,1436,,https://sra-downloadb.be-md.ncbi.nlm.nih.gov/sos9/sra-pub-zq-924/SRR011/11933/SRR11933107/SRR11933107.lite.1,SRX8478629,L41,RNA-Seq,cDNA,TRANSCRIPTOMIC,PAIRED,0,0,ILLUMINA,Illumina HiSeq 2500,SRP266111,PRJNA637522,,637522,SRS6778572,SAMN15144781,simple,4577,Zea mays,8902_WS1,,,,,,,no,,,,,CHINA AGRICULTURAL UNIVERSITY,SRA1083660,,public,B39C4A457E0E091B0F31E0B25D13E969,5BBD07183D8106241774C29DF47097A9
SRR11933096,2020-06-11 09:51:38,2020-06-05 11:16:49,56595030,2818255403,0,49,1391,,https://sra-downloadb.be-md.ncbi.nlm.nih.gov/sos9/sra-pub-zq-922/SRR011/11933/SRR11933096/SRR11933096.lite.1,SRX8478640,L42,RNA-Seq,cDNA,TRANSCRIPTOMIC,PAIRED,0,0,ILLUMINA,Illumina HiSeq 2500,SRP266111,PRJNA637522,,637522,SRS6778582,SAMN15144782,simple,4577,Zea mays,8902_WS2,,,,,,,no,,,,,CHINA AGRICULTURAL UNIVERSITY,SRA1083660,,public,E755B00F84E4BE6F058C651C2DFDAFDC,A67414318F3007016230B9B11E2BE92D
SRR11933085,2020-06-11 09:51:38,2020-06-05 11:11:39,38214073,1944504492,0,50,697,,https://sra-downloadb.be-md.ncbi.nlm.nih.gov/sos9/sra-pub-zq-922/SRR011/11933/SRR11933085/SRR11933085.lite.1,SRX8478651,L43,RNA-Seq,cDNA,TRANSCRIPTOMIC,PAIRED,0,0,ILLUMINA,Illumina HiSeq 2500,SRP266111,PRJNA637522,,637522,SRS6778594,SAMN15144783,simple,4577,Zea mays,8902_WW,,,,,,,no,,,,,CHINA AGRICULTURAL UNIVERSITY,SRA1083660,,public,EBD7FCBEC30740F4DF10EFDA1C1D905E,FF508409E2FD69C23934F5ED60784947
SRR11933074,2020-06-11 09:51:38,2020-06-05 11:21:19,52557770,2393888614,0,45,1402,,https://sra-downloadb.be-md.ncbi.nlm.nih.gov/sos9/sra-pub-zq-922/SRR011/11933/SRR11933074/SRR11933074.lite.1,SRX8478662,L44,RNA-Seq,cDNA,TRANSCRIPTOMIC,PAIRED,0,0,ILLUMINA,Illumina HiSeq 2500,SRP266111,PRJNA637522,,637522,SRS6778605,SAMN15144784,simple,4577,Zea mays,A188_WS1,,,,,,,no,,,,,CHINA AGRICULTURAL UNIVERSITY,SRA1083660,,public,6407B35AA26482B2B04D9340FB049E44,D953705B4D4F0DCE9F5AE5DF2B2112C9
SRR11933063,2020-06-11 09:51:38,2020-06-05 11:14:00,49299100,2489838950,0,50,1174,,https://sra-downloadb.be-md.ncbi.nlm.nih.gov/sos9/sra-pub-zq-922/SRR011/11933/SRR11933063/SRR11933063.lite.1,SRX8478673,L45,RNA-Seq,cDNA,TRANSCRIPTOMIC,PAIRED,0,0,ILLUMINA,Illumina HiSeq 2500,SRP266111,PRJNA637522,,637522,SRS6778617,SAMN15144785,simple,4577,Zea mays,A188_WS1_REP,,,,,,,no,,,,,CHINA AGRICULTURAL UNIVERSITY,SRA1083660,,public,10CFAE31D895253DE931B913FC1B4C69,9DCF0328E057308BE820D02F6770D61E
SRR11933458,2020-06-11 09:51:40,2020-06-05 11:36:01,54868212,2435208051,0,44,1456,,https://sra-downloadb.be-md.ncbi.nlm.nih.gov/sos9/sra-pub-zq-924/SRR011/11933/SRR11933458/SRR11933458.lite.1,SRX8478708,L46,RNA-Seq,cDNA,TRANSCRIPTOMIC,PAIRED,0,0,ILLUMINA,Illumina HiSeq 2500,SRP266111,PRJNA637522,,637522,SRS6778651,SAMN15144786,simple,4577,Zea mays,A188_WS2,,,,,,,no,,,,,CHINA AGRICULTURAL UNIVERSITY,SRA1083660,,public,6DB8F17FF8F86C6DD75A7336E87AFF50,05A55D383AFDBF7744699DD3E6F26AC0
SRR11933447,2020-06-11 09:51:39,2020-06-05 11:37:03,53380885,2631798158,0,49,1481,,https://sra-downloadb.be-md.ncbi.nlm.nih.gov/sos9/sra-pub-zq-922/SRR011/11933/SRR11933447/SRR11933447.lite.1,SRX8478719,L47,RNA-Seq,cDNA,TRANSCRIPTOMIC,PAIRED,0,0,ILLUMINA,Illumina HiSeq 2500,SRP266111,PRJNA637522,,637522,SRS6778662,SAMN15144787,simple,4577,Zea mays,A188_WS2_REP,,,,,,,no,,,,,CHINA AGRICULTURAL UNIVERSITY,SRA1083660,,public,060E92DE0E3C186374A0EA31A34315AF,084C672B93986FBD0743486A87B9409B
SRR11933436,2020-06-11 09:51:39,2020-06-05 11:35:51,55448696,2662482838,0,48,1578,,https://sra-downloadb.be-md.ncbi.nlm.nih.gov/sos9/sra-pub-zq-922/SRR011/11933/SRR11933436/SRR11933436.lite.1,SRX8478730,L48,RNA-Seq,cDNA,TRANSCRIPTOMIC,PAIRED,0,0,ILLUMINA,Illumina HiSeq 2500,SRP266111,PRJNA637522,,637522,SRS6778673,SAMN15144788,simple,4577,Zea mays,A188_WW,,,,,,,no,,,,,CHINA AGRICULTURAL UNIVERSITY,SRA1083660,,public,2147D83F61E3CB0F8CEFD2093173CBD8,1AD5FB5FBF45682DFA89D1177E419427
SRR11933425,2020-06-11 09:51:39,2020-06-05 11:33:48,45993161,2341345499,0,50,844,,https://sra-downloadb.be-md.ncbi.nlm.nih.gov/sos9/sra-pub-zq-922/SRR011/11933/SRR11933425/SRR11933425.lite.1,SRX8478741,L49,RNA-Seq,cDNA,TRANSCRIPTOMIC,PAIRED,0,0,ILLUMINA,Illumina HiSeq 2500,SRP266111,PRJNA637522,,637522,SRS6778684,SAMN15144789,simple,4577,Zea mays,A188_WW_REP,,,,,,,no,,,,,CHINA AGRICULTURAL UNIVERSITY,SRA1083660,,public,4E07C6F84CD94A7C5936F545300CDBD9,33933454407D94138CCE09F1223AACD5
SRR11933358,2020-06-11 09:51:40,2020-06-05 11:25:10,32010748,1629048826,0,50,549,,https://sra-downloadb.be-md.ncbi.nlm.nih.gov/sos9/sra-pub-zq-922/SRR011/11933/SRR11933358/SRR11933358.lite.1,SRX8478808,L55,RNA-Seq,cDNA,TRANSCRIPTOMIC,PAIRED,0,0,ILLUMINA,Illumina HiSeq 2500,SRP266111,PRJNA637522,,637522,SRS6778753,SAMN15144795,simple,4577,Zea mays,B113_WS1,,,,,,,no,,,,,CHINA AGRICULTURAL UNIVERSITY,SRA1083660,,public,83B6BE333A2E97669CB143108EF4170F,8F7D83FE6072ADC4E9FD5B8636AF70AE
SRR11933347,2020-06-11 09:51:40,2020-06-05 11:29:15,43940766,2203109600,0,50,1096,,https://sra-downloadb.be-md.ncbi.nlm.nih.gov/sos9/sra-pub-zq-924/SRR011/11933/SRR11933347/SRR11933347.lite.1,SRX8478819,L56,RNA-Seq,cDNA,TRANSCRIPTOMIC,PAIRED,0,0,ILLUMINA,Illumina HiSeq 2500,SRP266111,PRJNA637522,,637522,SRS6778763,SAMN15144796,simple,4577,Zea mays,B113_WS2,,,,,,,no,,,,,CHINA AGRICULTURAL UNIVERSITY,SRA1083660,,public,8AC24E18650BFE191F9505B0B81415D8,33A11656FD75ADD16B0520E9555AB188
SRR11933336,2020-06-11 09:51:41,2020-06-05 11:26:03,47357874,2409145344,0,50,854,,https://sra-downloadb.be-md.ncbi.nlm.nih.gov/sos9/sra-pub-zq-924/SRR011/11933/SRR11933336/SRR11933336.lite.1,SRX8478830,L57,RNA-Seq,cDNA,TRANSCRIPTOMIC,PAIRED,0,0,ILLUMINA,Illumina HiSeq 2500,SRP266111,PRJNA637522,,637522,SRS6778773,SAMN15144797,simple,4577,Zea mays,B113_WW,,,,,,,no,,,,,CHINA AGRICULTURAL UNIVERSITY,SRA1083660,,public,C9CD155D2785DCD82E76C728143BAF31,529B62CC2B97D969F16556A502B4A9CA
SRR11933325,2020-06-11 09:51:40,2020-06-05 11:26:16,39476188,2009865652,0,50,755,,https://sra-downloadb.be-md.ncbi.nlm.nih.gov/sos9/sra-pub-zq-922/SRR011/11933/SRR11933325/SRR11933325.lite.1,SRX8478841,L58,RNA-Seq,cDNA,TRANSCRIPTOMIC,PAIRED,0,0,ILLUMINA,Illumina HiSeq 2500,SRP266111,PRJNA637522,,637522,SRS6778784,SAMN15144798,simple,4577,Zea mays,B114_WS1,,,,,,,no,,,,,CHINA AGRICULTURAL UNIVERSITY,SRA1083660,,public,5B774860E3F6625D1FFCDBFF621BAA28,0CC66CC7E718E49F4A4D66EA40364F8B
SRR11933314,2020-06-11 09:51:40,2020-06-05 11:27:05,43607616,1918268451,0,43,1203,,https://sra-downloadb.be-md.ncbi.nlm.nih.gov/sos9/sra-pub-zq-924/SRR011/11933/SRR11933314/SRR11933314.lite.1,SRX8478852,L59,RNA-Seq,cDNA,TRANSCRIPTOMIC,PAIRED,0,0,ILLUMINA,Illumina HiSeq 2500,SRP266111,PRJNA637522,,637522,SRS6778796,SAMN15144799,simple,4577,Zea mays,B114_WS2,,,,,,,no,,,,,CHINA AGRICULTURAL UNIVERSITY,SRA1083660,,public,1E57213F6ADC26136359AD2D2A0B2E10,2AD8096431C81A962D9CDF07398330D1
SRR11933303,2020-06-11 09:51:40,2020-06-05 11:27:36,50496676,2566211495,0,50,968,,https://sra-downloadb.be-md.ncbi.nlm.nih.gov/sos9/sra-pub-zq-924/SRR011/11933/SRR11933303/SRR11933303.lite.1,SRX8478863,L60,RNA-Seq,cDNA,TRANSCRIPTOMIC,PAIRED,0,0,ILLUMINA,Illumina HiSeq 2500,SRP266111,PRJNA637522,,637522,SRS6778806,SAMN15144800,simple,4577,Zea mays,B114_WW,,,,,,,no,,,,,CHINA AGRICULTURAL UNIVERSITY,SRA1083660,,public,743F4705C99DE82BDE8B12F785C97503,0C1A32C96A9D7601FB4FEF756DF50439
SRR11933414,2020-06-11 09:51:39,2020-06-05 11:28:43,29702734,1456962174,0,49,872,,https://sra-downloadb.be-md.ncbi.nlm.nih.gov/sos9/sra-pub-zq-924/SRR011/11933/SRR11933414/SRR11933414.lite.1,SRX8478752,L50,RNA-Seq,cDNA,TRANSCRIPTOMIC,PAIRED,0,0,ILLUMINA,Illumina HiSeq 2500,SRP266111,PRJNA637522,,637522,SRS6778694,SAMN15144790,simple,4577,Zea mays,B11_WS1,,,,,,,no,,,,,CHINA AGRICULTURAL UNIVERSITY,SRA1083660,,public,2DAEC773521B561E3B90490768A16103,E9A38DD9748F11D324FEC9488F3B7024
SRR11933402,2020-06-11 09:51:39,2020-06-05 11:33:55,53744967,2731850673,0,50,1242,,https://sra-downloadb.be-md.ncbi.nlm.nih.gov/sos9/sra-pub-zq-922/SRR011/11933/SRR11933402/SRR11933402.lite.1,SRX8478764,L51,RNA-Seq,cDNA,TRANSCRIPTOMIC,PAIRED,0,0,ILLUMINA,Illumina HiSeq 2500,SRP266111,PRJNA637522,,637522,SRS6778707,SAMN15144791,simple,4577,Zea mays,B11_WS1_REP,,,,,,,no,,,,,CHINA AGRICULTURAL UNIVERSITY,SRA1083660,,public,5FC3FCF7D2036CFA5C35C64AD1BF2B4B,CB488DD60C68EB0B23A6E39E3A2D15AE
SRR11933391,2020-06-11 09:51:39,2020-06-05 11:36:17,68502085,3483172211,0,50,1379,,https://sra-downloadb.be-md.ncbi.nlm.nih.gov/sos9/sra-pub-zq-924/SRR011/11933/SRR11933391/SRR11933391.lite.1,SRX8478775,L52,RNA-Seq,cDNA,TRANSCRIPTOMIC,PAIRED,0,0,ILLUMINA,Illumina HiSeq 2500,SRP266111,PRJNA637522,,637522,SRS6778718,SAMN15144792,simple,4577,Zea mays,B11_WS2,,,,,,,no,,,,,CHINA AGRICULTURAL UNIVERSITY,SRA1083660,,public,FD76B17A9457C1F40BE4902EE46460C9,8B0BFC564BB32A3F6E034F22D6F23F64
SRR11933380,2020-06-11 09:51:40,2020-06-05 11:29:46,47734120,2379855560,0,49,1141,,https://sra-downloadb.be-md.ncbi.nlm.nih.gov/sos9/sra-pub-zq-922/SRR011/11933/SRR11933380/SRR11933380.lite.1,SRX8478786,L53,RNA-Seq,cDNA,TRANSCRIPTOMIC,PAIRED,0,0,ILLUMINA,Illumina HiSeq 2500,SRP266111,PRJNA637522,,637522,SRS6778729,SAMN15144793,simple,4577,Zea mays,B11_WW,,,,,,,no,,,,,CHINA AGRICULTURAL UNIVERSITY,SRA1083660,,public,9A35AEE91EA49887886F48480A93EAD6,CFA98066AE9F4DA1D8FAB8CC51CB40FA
SRR11933369,2020-06-11 09:51:40,2020-06-05 11:33:33,62852235,3193439135,0,50,1410,,https://sra-downloadb.be-md.ncbi.nlm.nih.gov/sos9/sra-pub-zq-924/SRR011/11933/SRR11933369/SRR11933369.lite.1,SRX8478797,L54,RNA-Seq,cDNA,TRANSCRIPTOMIC,PAIRED,0,0,ILLUMINA,Illumina HiSeq 2500,SRP266111,PRJNA637522,,637522,SRS6778740,SAMN15144794,simple,4577,Zea mays,B11_WW_REP,,,,,,,no,,,,,CHINA AGRICULTURAL UNIVERSITY,SRA1083660,,public,5A7E48304F526BF71BE01B80AE868476,8204FECD61A92DA7E25D3B3D4DCBEC60
SRR11933291,2020-06-11 09:51:40,2020-06-05 11:36:04,95049925,4681718619,0,49,2086,,https://sra-downloadb.be-md.ncbi.nlm.nih.gov/sos9/sra-pub-zq-924/SRR011/11933/SRR11933291/SRR11933291.lite.1,SRX8478875,L61,RNA-Seq,cDNA,TRANSCRIPTOMIC,PAIRED,0,0,ILLUMINA,Illumina HiSeq 2500,SRP266111,PRJNA637522,,637522,SRS6778817,SAMN15144801,simple,4577,Zea mays,B73_WS1,,,,,,,no,,,,,CHINA AGRICULTURAL UNIVERSITY,SRA1083660,,public,B9DFD558F40AEE5DFEA4633533A9707F,C00C7B34BAF553057BF7E3D650E77146
SRR11933280,2020-06-11 09:51:41,2020-06-05 11:29:02,54465461,2698534629,0,49,1250,,https://sra-downloadb.be-md.ncbi.nlm.nih.gov/sos9/sra-pub-zq-924/SRR011/11933/SRR11933280/SRR11933280.lite.1,SRX8478886,L62,RNA-Seq,cDNA,TRANSCRIPTOMIC,PAIRED,0,0,ILLUMINA,Illumina HiSeq 2500,SRP266111,PRJNA637522,,637522,SRS6778828,SAMN15144802,simple,4577,Zea mays,B73_WS2,,,,,,,no,,,,,CHINA AGRICULTURAL UNIVERSITY,SRA1083660,,public,32BD19EEF9DFC5CF49CB312302F7E042,2CB9501D3C71724AF9E33F5410E8B165
SRR11933245,2020-06-11 09:51:41,2020-06-05 11:21:29,42524303,2130675050,0,50,919,,https://sra-downloadb.be-md.ncbi.nlm.nih.gov/sos9/sra-pub-zq-922/SRR011/11933/SRR11933245/SRR11933245.lite.1,SRX8478921,L63,RNA-Seq,cDNA,TRANSCRIPTOMIC,PAIRED,0,0,ILLUMINA,Illumina HiSeq 2500,SRP266111,PRJNA637522,,637522,SRS6778863,SAMN15144803,simple,4577,Zea mays,B73_WW,,,,,,,no,,,,,CHINA AGRICULTURAL UNIVERSITY,SRA1083660,,public,6A69022BD4295B65DE2388272DEA9FDE,EBA8634EAC5E86BEAE54CBE1F581532E
SRR11933234,2020-06-11 09:51:41,2020-06-05 11:24:23,57932736,2947565071,0,50,1039,,https://sra-downloadb.be-md.ncbi.nlm.nih.gov/sos9/sra-pub-zq-924/SRR011/11933/SRR11933234/SRR11933234.lite.1,SRX8478932,L64,RNA-Seq,cDNA,TRANSCRIPTOMIC,PAIRED,0,0,ILLUMINA,Illumina HiSeq 2500,SRP266111,PRJNA637522,,637522,SRS6778875,SAMN15144804,simple,4577,Zea mays,BY4944_WS1,,,,,,,no,,,,,CHINA AGRICULTURAL UNIVERSITY,SRA1083660,,public,CBF46B8056C5F6E8045B9190B138E163,A82DC47CD92BA7E41B02C0FF4BFC89FC
SRR11933024,2020-06-11 09:51:34,2020-06-05 11:06:59,29834855,1493219213,0,50,808,,https://sra-downloadb.be-md.ncbi.nlm.nih.gov/sos9/sra-pub-zq-924/SRR011/11933/SRR11933024/SRR11933024.lite.1,SRX8478282,L65,RNA-Seq,cDNA,TRANSCRIPTOMIC,PAIRED,0,0,ILLUMINA,Illumina HiSeq 2500,SRP266111,PRJNA637522,,637522,SRS6778225,SAMN15144805,simple,4577,Zea mays,BY4944_WS2,,,,,,,no,,,,,CHINA AGRICULTURAL UNIVERSITY,SRA1083660,,public,C62888633755D114C035C9511CAD7D81,B512A34E161E97D776DE6310540AF0CB
SRR11933013,2020-06-11 09:51:34,2020-06-05 11:07:50,36614231,1863185719,0,50,668,,https://sra-downloadb.be-md.ncbi.nlm.nih.gov/sos9/sra-pub-zq-922/SRR011/11933/SRR11933013/SRR11933013.lite.1,SRX8478293,L66,RNA-Seq,cDNA,TRANSCRIPTOMIC,PAIRED,0,0,ILLUMINA,Illumina HiSeq 2500,SRP266111,PRJNA637522,,637522,SRS6778236,SAMN15144806,simple,4577,Zea mays,BY4944_WW,,,,,,,no,,,,,CHINA AGRICULTURAL UNIVERSITY,SRA1083660,,public,A20CBBDBB5EF436F9440961224E0F749,EF081F7A076E5EBDB469CEB61F1AD7BB
SRR11933002,2020-06-11 09:51:34,2020-06-05 11:08:10,45544320,2316481111,0,50,838,,https://sra-downloadb.be-md.ncbi.nlm.nih.gov/sos9/sra-pub-zq-922/SRR011/11933/SRR11933002/SRR11933002.lite.1,SRX8478304,L67,RNA-Seq,cDNA,TRANSCRIPTOMIC,PAIRED,0,0,ILLUMINA,Illumina HiSeq 2500,SRP266111,PRJNA637522,,637522,SRS6778247,SAMN15144807,simple,4577,Zea mays,BY4960_WS1,,,,,,,no,,,,,CHINA AGRICULTURAL UNIVERSITY,SRA1083660,,public,70BB891BACA85D744F5B1B03C08D1443,F66A91DBEC562C014E88BB832C83D2CD
SRR11932967,2020-06-11 09:51:35,2020-06-05 11:12:08,53210287,2669794315,0,50,1369,,https://sra-downloadb.be-md.ncbi.nlm.nih.gov/sos9/sra-pub-zq-922/SRR011/11932/SRR11932967/SRR11932967.lite.1,SRX8478339,L68,RNA-Seq,cDNA,TRANSCRIPTOMIC,PAIRED,0,0,ILLUMINA,Illumina HiSeq 2500,SRP266111,PRJNA637522,,637522,SRS6778282,SAMN15144808,simple,4577,Zea mays,BY4960_WS2,,,,,,,no,,,,,CHINA AGRICULTURAL UNIVERSITY,SRA1083660,,public,6BD8FE1992FDFB88F632835305A85080,804E946B82A9B41D500F8FE353A104E4
SRR11932956,2020-06-11 09:51:35,2020-06-05 11:07:15,68121794,3464361829,0,50,1195,,https://sra-downloadb.be-md.ncbi.nlm.nih.gov/sos9/sra-pub-zq-922/SRR011/11932/SRR11932956/SRR11932956.lite.1,SRX8478350,L69,RNA-Seq,cDNA,TRANSCRIPTOMIC,PAIRED,0,0,ILLUMINA,Illumina HiSeq 2500,SRP266111,PRJNA637522,,637522,SRS6778293,SAMN15144809,simple,4577,Zea mays,BY4960_WW,,,,,,,no,,,,,CHINA AGRICULTURAL UNIVERSITY,SRA1083660,,public,9EC6CE7C3A14E2FD10BC3C4040EA0B6F,0AF838D2A81CD7A114A9E98DCF33FDF2
SRR11932926,2020-06-11 09:51:35,2020-06-05 11:15:49,90604630,4536112377,0,50,2065,,https://sra-downloadb.be-md.ncbi.nlm.nih.gov/sos9/sra-pub-zq-922/SRR011/11932/SRR11932926/SRR11932926.lite.1,SRX8478380,L70,RNA-Seq,cDNA,TRANSCRIPTOMIC,PAIRED,0,0,ILLUMINA,Illumina HiSeq 2500,SRP266111,PRJNA637522,,637522,SRS6778323,SAMN15144810,simple,4577,Zea mays,BY804_WS1,,,,,,,no,,,,,CHINA AGRICULTURAL UNIVERSITY,SRA1083660,,public,D92052C57C1BFFBD2194CB7B3986C57D,187C62C94BE571B0E570BBD8A75D3537
SRR11932924,2020-06-11 09:51:36,2020-06-05 11:07:46,48623422,2457835678,0,50,1154,,https://sra-downloadb.be-md.ncbi.nlm.nih.gov/sos9/sra-pub-zq-922/SRR011/11932/SRR11932924/SRR11932924.lite.1,SRX8478382,L71,RNA-Seq,cDNA,TRANSCRIPTOMIC,PAIRED,0,0,ILLUMINA,Illumina HiSeq 2500,SRP266111,PRJNA637522,,637522,SRS6778325,SAMN15144811,simple,4577,Zea mays,BY804_WS1_REP,,,,,,,no,,,,,CHINA AGRICULTURAL UNIVERSITY,SRA1083660,,public,3394764841F4057312F14345EE3872EB,86A1932FF6546AC752486A685FCA51B5
SRR11932923,2020-06-11 09:51:36,2020-06-05 11:19:46,94704964,4745743654,0,50,2189,,https://sra-downloadb.be-md.ncbi.nlm.nih.gov/sos9/sra-pub-zq-924/SRR011/11932/SRR11932923/SRR11932923.lite.1,SRX8478383,L72,RNA-Seq,cDNA,TRANSCRIPTOMIC,PAIRED,0,0,ILLUMINA,Illumina HiSeq 2500,SRP266111,PRJNA637522,,637522,SRS6778326,SAMN15144812,simple,4577,Zea mays,BY804_WS2,,,,,,,no,,,,,CHINA AGRICULTURAL UNIVERSITY,SRA1083660,,public,EC11B1FD00E95072C619CF0530ACC7FF,223372792B3CE73DEDB7A4F52AAB77C3
SRR11932922,2020-06-11 09:51:36,2020-06-05 11:01:29,32512948,1601976604,0,49,952,,https://sra-downloadb.be-md.ncbi.nlm.nih.gov/sos9/sra-pub-zq-922/SRR011/11932/SRR11932922/SRR11932922.lite.1,SRX8478384,L73,RNA-Seq,cDNA,TRANSCRIPTOMIC,PAIRED,0,0,ILLUMINA,Illumina HiSeq 2500,SRP266111,PRJNA637522,,637522,SRS6778327,SAMN15144813,simple,4577,Zea mays,BY804_WS2_REP,,,,,,,no,,,,,CHINA AGRICULTURAL UNIVERSITY,SRA1083660,,public,CCA0C11CB093A511CDEA827603B1E276,B6791DBC114E717652AC22B00B5254DC
SRR11932921,2020-06-11 09:51:36,2020-06-05 11:12:16,68888933,3410625655,0,49,1623,,https://sra-downloadb.be-md.ncbi.nlm.nih.gov/sos9/sra-pub-zq-922/SRR011/11932/SRR11932921/SRR11932921.lite.1,SRX8478385,L74,RNA-Seq,cDNA,TRANSCRIPTOMIC,PAIRED,0,0,ILLUMINA,Illumina HiSeq 2500,SRP266111,PRJNA637522,,637522,SRS6778328,SAMN15144814,simple,4577,Zea mays,BY804_WW,,,,,,,no,,,,,CHINA AGRICULTURAL UNIVERSITY,SRA1083660,,public,2CB672A17A3E99188DFD6D066E676799,9CD2A0C799E34B9E14A71B251B05C758
SRR11932920,2020-06-11 09:51:36,2020-06-05 11:11:33,55573304,2807633506,0,50,1312,,https://sra-downloadb.be-md.ncbi.nlm.nih.gov/sos9/sra-pub-zq-922/SRR011/11932/SRR11932920/SRR11932920.lite.1,SRX8478386,L75,RNA-Seq,cDNA,TRANSCRIPTOMIC,PAIRED,0,0,ILLUMINA,Illumina HiSeq 2500,SRP266111,PRJNA637522,,637522,SRS6778329,SAMN15144815,simple,4577,Zea mays,BY804_WW_REP,,,,,,,no,,,,,CHINA AGRICULTURAL UNIVERSITY,SRA1083660,,public,FF835F9902C3380BB2CBD5F6F446523A,426E30A9E389AE560B4A498F8E54E4FA
SRR11932919,2020-06-11 09:51:36,2020-06-05 11:05:29,58616446,2984842288,0,50,1075,,https://sra-downloadb.be-md.ncbi.nlm.nih.gov/sos9/sra-pub-zq-922/SRR011/11932/SRR11932919/SRR11932919.lite.1,SRX8478387,L76,RNA-Seq,cDNA,TRANSCRIPTOMIC,PAIRED,0,0,ILLUMINA,Illumina HiSeq 2500,SRP266111,PRJNA637522,,637522,SRS6778330,SAMN15144816,simple,4577,Zea mays,BY809_WS1,,,,,,,no,,,,,CHINA AGRICULTURAL UNIVERSITY,SRA1083660,,public,A722399707788245A39CC74FEE40263A,064E61CA420B5CD06474E8EDFF86EB52
SRR11932918,2020-06-11 09:51:35,2020-06-05 11:02:42,35828817,1574019560,0,43,979,,https://sra-downloadb.be-md.ncbi.nlm.nih.gov/sos9/sra-pub-zq-922/SRR011/11932/SRR11932918/SRR11932918.lite.1,SRX8478388,L77,RNA-Seq,cDNA,TRANSCRIPTOMIC,PAIRED,0,0,ILLUMINA,Illumina HiSeq 2500,SRP266111,PRJNA637522,,637522,SRS6778331,SAMN15144817,simple,4577,Zea mays,BY809_WS2,,,,,,,no,,,,,CHINA AGRICULTURAL UNIVERSITY,SRA1083660,,public,F6846854B2A13EA4FDADD457D4EA99C3,A787BE044B5EEDDE9D1998284170521E
SRR11932917,2020-06-11 09:51:35,2020-06-05 11:00:52,41549853,2114858032,0,50,764,,https://sra-downloadb.be-md.ncbi.nlm.nih.gov/sos9/sra-pub-zq-922/SRR011/11932/SRR11932917/SRR11932917.lite.1,SRX8478389,L78,RNA-Seq,cDNA,TRANSCRIPTOMIC,PAIRED,0,0,ILLUMINA,Illumina HiSeq 2500,SRP266111,PRJNA637522,,637522,SRS6778332,SAMN15144818,simple,4577,Zea mays,BY809_WW,,,,,,,no,,,,,CHINA AGRICULTURAL UNIVERSITY,SRA1083660,,public,A9AE175FDD384F4EE7F9ADA4B115587F,C04DE2BA7288BB3C2E18CB45C52F178E
SRR11932916,2020-06-11 09:51:35,2020-06-05 11:01:59,36612373,1794304004,0,49,1071,,https://sra-downloadb.be-md.ncbi.nlm.nih.gov/sos9/sra-pub-zq-924/SRR011/11932/SRR11932916/SRR11932916.lite.1,SRX8478390,L79,RNA-Seq,cDNA,TRANSCRIPTOMIC,PAIRED,0,0,ILLUMINA,Illumina HiSeq 2500,SRP266111,PRJNA637522,,637522,SRS6778333,SAMN15144819,simple,4577,Zea mays,BY813_WS1,,,,,,,no,,,,,CHINA AGRICULTURAL UNIVERSITY,SRA1083660,,public,240C7CE4E9F877F24AAB85CEC3520EE4,1E791DEA930FE0FDA03969DE12740A0D
SRR11932915,2020-06-11 09:51:36,2020-06-05 11:17:00,81658395,4148137195,0,50,1852,,https://sra-downloadb.be-md.ncbi.nlm.nih.gov/sos9/sra-pub-zq-922/SRR011/11932/SRR11932915/SRR11932915.lite.1,SRX8478391,L80,RNA-Seq,cDNA,TRANSCRIPTOMIC,PAIRED,0,0,ILLUMINA,Illumina HiSeq 2500,SRP266111,PRJNA637522,,637522,SRS6778334,SAMN15144820,simple,4577,Zea mays,BY813_WS1_REP,,,,,,,no,,,,,CHINA AGRICULTURAL UNIVERSITY,SRA1083660,,public,E6CC2BF5D2FA1833F6D2249084DCD8AF,F0F7F15BCC51DE9D7ED11A4E0C47E610
SRR11932913,2020-06-11 09:51:36,2020-06-05 11:01:03,37392301,1903387650,0,50,713,,https://sra-downloadb.be-md.ncbi.nlm.nih.gov/sos9/sra-pub-zq-924/SRR011/11932/SRR11932913/SRR11932913.lite.1,SRX8478393,L81,RNA-Seq,cDNA,TRANSCRIPTOMIC,PAIRED,0,0,ILLUMINA,Illumina HiSeq 2500,SRP266111,PRJNA637522,,637522,SRS6778336,SAMN15144821,simple,4577,Zea mays,BY813_WS2,,,,,,,no,,,,,CHINA AGRICULTURAL UNIVERSITY,SRA1083660,,public,ECFF9C894B936C858F5DE1AC9EE2742A,1C529E2E0671E4D291FD956D1D1D85FE
SRR11932912,2020-06-11 09:51:35,2020-06-05 11:09:52,69054754,3511716988,0,50,1411,,https://sra-downloadb.be-md.ncbi.nlm.nih.gov/sos9/sra-pub-zq-924/SRR011/11932/SRR11932912/SRR11932912.lite.1,SRX8478394,L82,RNA-Seq,cDNA,TRANSCRIPTOMIC,PAIRED,0,0,ILLUMINA,Illumina HiSeq 2500,SRP266111,PRJNA637522,,637522,SRS6778337,SAMN15144822,simple,4577,Zea mays,BY813_WS2_REP,,,,,,,no,,,,,CHINA AGRICULTURAL UNIVERSITY,SRA1083660,,public,58C8F2B73096FAC7DD2C7DF5862D2A00,A7423130F7D0D7167F9A0D5499426389
SRR11932911,2020-06-11 09:51:35,2020-06-05 11:00:47,39556025,1971347015,0,49,981,,https://sra-downloadb.be-md.ncbi.nlm.nih.gov/sos9/sra-pub-zq-922/SRR011/11932/SRR11932911/SRR11932911.lite.1,SRX8478395,L83,RNA-Seq,cDNA,TRANSCRIPTOMIC,PAIRED,0,0,ILLUMINA,Illumina HiSeq 2500,SRP266111,PRJNA637522,,637522,SRS6778338,SAMN15144823,simple,4577,Zea mays,BY813_WW,,,,,,,no,,,,,CHINA AGRICULTURAL UNIVERSITY,SRA1083660,,public,2EA4C2F81C78C7DCE9FFC7B7CFF0208E,CDA410775E04F3B135BC3356F61AD1B2
SRR11932910,2020-06-11 09:51:35,2020-06-05 11:00:11,36899863,1874340220,0,50,846,,https://sra-downloadb.be-md.ncbi.nlm.nih.gov/sos9/sra-pub-zq-922/SRR011/11932/SRR11932910/SRR11932910.lite.1,SRX8478396,L84,RNA-Seq,cDNA,TRANSCRIPTOMIC,PAIRED,0,0,ILLUMINA,Illumina HiSeq 2500,SRP266111,PRJNA637522,,637522,SRS6778339,SAMN15144824,simple,4577,Zea mays,BY813_WW_REP,,,,,,,no,,,,,CHINA AGRICULTURAL UNIVERSITY,SRA1083660,,public,44C3E13DA6D908E712E7DD4EFD5F58E3,2925750A936E7262F2364132291C8978
SRR11932909,2020-06-11 09:51:35,2020-06-05 10:59:04,26124635,1329537792,0,50,452,,https://sra-downloadb.be-md.ncbi.nlm.nih.gov/sos9/sra-pub-zq-922/SRR011/11932/SRR11932909/SRR11932909.lite.1,SRX8478397,L85,RNA-Seq,cDNA,TRANSCRIPTOMIC,PAIRED,0,0,ILLUMINA,Illumina HiSeq 2500,SRP266111,PRJNA637522,,637522,SRS6778340,SAMN15144825,simple,4577,Zea mays,BY855_WS1,,,,,,,no,,,,,CHINA AGRICULTURAL UNIVERSITY,SRA1083660,,public,A0D01B3F5E8F04449C51251AA651B921,ACCF93BA5E0396CF0D348320B4ACC8D5
SRR11932908,2020-06-11 09:51:35,2020-06-05 11:15:55,68173195,3403181484,0,49,1790,,https://sra-downloadb.be-md.ncbi.nlm.nih.gov/sos9/sra-pub-zq-924/SRR011/11932/SRR11932908/SRR11932908.lite.1,SRX8478398,L86,RNA-Seq,cDNA,TRANSCRIPTOMIC,PAIRED,0,0,ILLUMINA,Illumina HiSeq 2500,SRP266111,PRJNA637522,,637522,SRS6778341,SAMN15144826,simple,4577,Zea mays,BY855_WS2,,,,,,,no,,,,,CHINA AGRICULTURAL UNIVERSITY,SRA1083660,,public,14F56296801009A20FDE57627280026D,30B1B46E48A651482034805A9E292155
SRR11932907,2020-06-11 09:51:35,2020-06-05 10:59:22,27941520,1422270358,0,50,498,,https://sra-downloadb.be-md.ncbi.nlm.nih.gov/sos9/sra-pub-zq-924/SRR011/11932/SRR11932907/SRR11932907.lite.1,SRX8478399,L87,RNA-Seq,cDNA,TRANSCRIPTOMIC,PAIRED,0,0,ILLUMINA,Illumina HiSeq 2500,SRP266111,PRJNA637522,,637522,SRS6778342,SAMN15144827,simple,4577,Zea mays,BY855_WW,,,,,,,no,,,,,CHINA AGRICULTURAL UNIVERSITY,SRA1083660,,public,DC9E9078017A863FD0E78E69E61FBA30,643C5FBF41B9EB26AECBCDA859F31568
SRR11932906,2020-06-11 09:51:35,2020-06-05 11:04:27,42762420,2175444024,0,50,770,,https://sra-downloadb.be-md.ncbi.nlm.nih.gov/sos9/sra-pub-zq-924/SRR011/11932/SRR11932906/SRR11932906.lite.1,SRX8478400,L88,RNA-Seq,cDNA,TRANSCRIPTOMIC,PAIRED,0,0,ILLUMINA,Illumina HiSeq 2500,SRP266111,PRJNA637522,,637522,SRS6778343,SAMN15144828,simple,4577,Zea mays,CHANG72_WS1,,,,,,,no,,,,,CHINA AGRICULTURAL UNIVERSITY,SRA1083660,,public,7FB8A5F92EB51E3038D72573BC46E904,851749E1AE0A1B7C7FDB7DAE033748EB
SRR11932881,2020-06-11 09:51:36,2020-06-05 11:08:34,60450458,2987486757,0,49,1754,,https://sra-downloadb.be-md.ncbi.nlm.nih.gov/sos9/sra-pub-zq-924/SRR011/11932/SRR11932881/SRR11932881.lite.1,SRX8478425,L89,RNA-Seq,cDNA,TRANSCRIPTOMIC,PAIRED,0,0,ILLUMINA,Illumina HiSeq 2500,SRP266111,PRJNA637522,,637522,SRS6778368,SAMN15144829,simple,4577,Zea mays,CHANG72_WS1_REP,,,,,,,no,,,,,CHINA AGRICULTURAL UNIVERSITY,SRA1083660,,public,516DB9C399ED4BB30B2323F09D84DF09,344A48EA914C30E6F5BB063F9147744A
SRR11932880,2020-06-11 09:51:36,2020-06-05 11:05:33,37380513,1901203513,0,50,809,,https://sra-downloadb.be-md.ncbi.nlm.nih.gov/sos9/sra-pub-zq-922/SRR011/11932/SRR11932880/SRR11932880.lite.1,SRX8478426,L90,RNA-Seq,cDNA,TRANSCRIPTOMIC,PAIRED,0,0,ILLUMINA,Illumina HiSeq 2500,SRP266111,PRJNA637522,,637522,SRS6778369,SAMN15144830,simple,4577,Zea mays,CHANG72_WS2,,,,,,,no,,,,,CHINA AGRICULTURAL UNIVERSITY,SRA1083660,,public,1A81C068864B8FA57044CF3497DD41DD,904E137D3281C3C46380D48CBB1FF67F
SRR11932878,2020-06-11 09:51:36,2020-06-05 11:13:34,95777324,4740832432,0,49,2735,,https://sra-downloadb.be-md.ncbi.nlm.nih.gov/sos9/sra-pub-zq-924/SRR011/11932/SRR11932878/SRR11932878.lite.1,SRX8478428,L91,RNA-Seq,cDNA,TRANSCRIPTOMIC,PAIRED,0,0,ILLUMINA,Illumina HiSeq 2500,SRP266111,PRJNA637522,,637522,SRS6778371,SAMN15144831,simple,4577,Zea mays,CHANG72_WS2_REP,,,,,,,no,,,,,CHINA AGRICULTURAL UNIVERSITY,SRA1083660,,public,4CFD18F1AFB984C735B74380256DA197,06E9310F2A95CAA2594F344FEC4BD061
SRR11932877,2020-06-11 09:51:36,2020-06-05 11:01:19,42540859,2165489167,0,50,804,,https://sra-downloadb.be-md.ncbi.nlm.nih.gov/sos9/sra-pub-zq-922/SRR011/11932/SRR11932877/SRR11932877.lite.1,SRX8478429,L92,RNA-Seq,cDNA,TRANSCRIPTOMIC,PAIRED,0,0,ILLUMINA,Illumina HiSeq 2500,SRP266111,PRJNA637522,,637522,SRS6778372,SAMN15144832,simple,4577,Zea mays,CHANG72_WW,,,,,,,no,,,,,CHINA AGRICULTURAL UNIVERSITY,SRA1083660,,public,0645E3FB254B1BE72859CDE7D6220683,D2130B628D8D1EE61DA2C67DFB0EA4BF
SRR11932876,2020-06-11 09:51:36,2020-06-05 11:11:09,53171043,2687343296,0,50,1268,,https://sra-downloadb.be-md.ncbi.nlm.nih.gov/sos9/sra-pub-zq-922/SRR011/11932/SRR11932876/SRR11932876.lite.1,SRX8478430,L93,RNA-Seq,cDNA,TRANSCRIPTOMIC,PAIRED,0,0,ILLUMINA,Illumina HiSeq 2500,SRP266111,PRJNA637522,,637522,SRS6778373,SAMN15144833,simple,4577,Zea mays,CHANG72_WW_REP,,,,,,,no,,,,,CHINA AGRICULTURAL UNIVERSITY,SRA1083660,,public,ADED98312E1AE7BBE9DD770AF5509A79,5BFB274C5378A4865B0FAC72A3952ED7
SRR11932875,2020-06-11 09:51:36,2020-06-05 11:02:27,47483759,2417653939,0,50,902,,https://sra-downloadb.be-md.ncbi.nlm.nih.gov/sos9/sra-pub-zq-922/SRR011/11932/SRR11932875/SRR11932875.lite.1,SRX8478431,L94,RNA-Seq,cDNA,TRANSCRIPTOMIC,PAIRED,0,0,ILLUMINA,Illumina HiSeq 2500,SRP266111,PRJNA637522,,637522,SRS6778374,SAMN15144834,simple,4577,Zea mays,CHUAN48-2_WS1,,,,,,,no,,,,,CHINA AGRICULTURAL UNIVERSITY,SRA1083660,,public,278CFB6591A2C1132DBEBA368C29B02F,09D0C47FE4D4335D0EBF84096362EBFA
SRR11932874,2020-06-11 09:51:36,2020-06-05 11:03:17,44305967,2255467780,0,50,825,,https://sra-downloadb.be-md.ncbi.nlm.nih.gov/sos9/sra-pub-zq-922/SRR011/11932/SRR11932874/SRR11932874.lite.1,SRX8478432,L95,RNA-Seq,cDNA,TRANSCRIPTOMIC,PAIRED,0,0,ILLUMINA,Illumina HiSeq 2500,SRP266111,PRJNA637522,,637522,SRS6778375,SAMN15144835,simple,4577,Zea mays,CHUAN48-2_WS2,,,,,,,no,,,,,CHINA AGRICULTURAL UNIVERSITY,SRA1083660,,public,D93F54E813A8193528FFC5FFA9E7D9C0,822355C6612D40A239FD05E51AF5239D
SRR11932873,2020-06-11 09:51:36,2020-06-05 11:00:15,34247791,1680988861,0,49,1007,,https://sra-downloadb.be-md.ncbi.nlm.nih.gov/sos9/sra-pub-zq-924/SRR011/11932/SRR11932873/SRR11932873.lite.1,SRX8478433,L96,RNA-Seq,cDNA,TRANSCRIPTOMIC,PAIRED,0,0,ILLUMINA,Illumina HiSeq 2500,SRP266111,PRJNA637522,,637522,SRS6778376,SAMN15144836,simple,4577,Zea mays,CHUAN48-2_WW,,,,,,,no,,,,,CHINA AGRICULTURAL UNIVERSITY,SRA1083660,,public,EEBDDB63913564C33A58C5FECBA887E3,1907B8C3D49A9A6C0BF9F2FDD3682287
SRR11932872,2020-06-11 09:51:36,2020-06-05 10:59:32,38033000,1776171346,0,46,1027,,https://sra-downloadb.be-md.ncbi.nlm.nih.gov/sos9/sra-pub-zq-924/SRR011/11932/SRR11932872/SRR11932872.lite.1,SRX8478434,L97,RNA-Seq,cDNA,TRANSCRIPTOMIC,PAIRED,0,0,ILLUMINA,Illumina HiSeq 2500,SRP266111,PRJNA637522,,637522,SRS6778377,SAMN15144837,simple,4577,Zea mays,CI7_WS1,,,,,,,no,,,,,CHINA AGRICULTURAL UNIVERSITY,SRA1083660,,public,7C8FC97815674CF27E7736BC619AB1E3,FCAFE81EBC33F62A3D60744C03BFC2EF
SRR11932871,2020-06-11 09:51:36,2020-06-05 11:00:32,40520342,1994031881,0,49,1223,,https://sra-downloadb.be-md.ncbi.nlm.nih.gov/sos9/sra-pub-zq-924/SRR011/11932/SRR11932871/SRR11932871.lite.1,SRX8478435,L98,RNA-Seq,cDNA,TRANSCRIPTOMIC,PAIRED,0,0,ILLUMINA,Illumina HiSeq 2500,SRP266111,PRJNA637522,,637522,SRS6778378,SAMN15144838,simple,4577,Zea mays,CI7_WS2,,,,,,,no,,,,,CHINA AGRICULTURAL UNIVERSITY,SRA1083660,,public,220AC50BEFF95F8EC3A94F545C618001,8E7E752A440B1DF34D3B6BC472258993
SRR11932870,2020-06-11 09:51:36,2020-06-05 11:06:56,74660817,3399502406,0,45,1918,,https://sra-downloadb.be-md.ncbi.nlm.nih.gov/sos9/sra-pub-zq-922/SRR011/11932/SRR11932870/SRR11932870.lite.1,SRX8478436,L99,RNA-Seq,cDNA,TRANSCRIPTOMIC,PAIRED,0,0,ILLUMINA,Illumina HiSeq 2500,SRP266111,PRJNA637522,,637522,SRS6778379,SAMN15144839,simple,4577,Zea mays,CI7_WW,,,,,,,no,,,,,CHINA AGRICULTURAL UNIVERSITY,SRA1083660,,public,88776A974F9D0534DEE61C13132645B2,152B2261C59760E366D7578B40B83C51
SRR11933480,2020-06-11 09:51:38,2020-06-05 11:42:49,59839581,2651253486,0,44,1620,,https://sra-downloadb.be-md.ncbi.nlm.nih.gov/sos9/sra-pub-zq-922/SRR011/11933/SRR11933480/SRR11933480.lite.1,SRX8478686,L106,RNA-Seq,cDNA,TRANSCRIPTOMIC,PAIRED,0,0,ILLUMINA,Illumina HiSeq 2500,SRP266111,PRJNA637522,,637522,SRS6778628,SAMN15144846,simple,4577,Zea mays,CIMBL101_WS1,,,,,,,no,,,,,CHINA AGRICULTURAL UNIVERSITY,SRA1083660,,public,574F4E75FBCD3DA19643F2971436F970,F19F7C3AC5ABD3D2755B3E2D2B922C4E
SRR11933479,2020-06-11 09:51:38,2020-06-05 11:34:11,25875275,1318596179,0,50,405,,https://sra-downloadb.be-md.ncbi.nlm.nih.gov/sos9/sra-pub-zq-924/SRR011/11933/SRR11933479/SRR11933479.lite.1,SRX8478687,L107,RNA-Seq,cDNA,TRANSCRIPTOMIC,PAIRED,0,0,ILLUMINA,Illumina HiSeq 2500,SRP266111,PRJNA637522,,637522,SRS6778630,SAMN15144847,simple,4577,Zea mays,CIMBL101_WS2,,,,,,,no,,,,,CHINA AGRICULTURAL UNIVERSITY,SRA1083660,,public,91221571788C98446696547130970984,FF138A545B2C8726A8B049091EDC0669
SRR11933478,2020-06-11 09:51:38,2020-06-05 11:39:20,64500096,2930207897,0,45,1643,,https://sra-downloadb.be-md.ncbi.nlm.nih.gov/sos9/sra-pub-zq-924/SRR011/11933/SRR11933478/SRR11933478.lite.1,SRX8478688,L108,RNA-Seq,cDNA,TRANSCRIPTOMIC,PAIRED,0,0,ILLUMINA,Illumina HiSeq 2500,SRP266111,PRJNA637522,,637522,SRS6778631,SAMN15144848,simple,4577,Zea mays,CIMBL101_WW,,,,,,,no,,,,,CHINA AGRICULTURAL UNIVERSITY,SRA1083660,,public,FB6229374AF430F14FAF62ACA9C64090,F83C6D658CED2B259A7BB237E7C4768A
SRR11933483,2020-06-11 09:51:38,2020-06-05 11:36:28,37981412,1932924785,0,50,679,,https://sra-downloadb.be-md.ncbi.nlm.nih.gov/sos9/sra-pub-zq-922/SRR011/11933/SRR11933483/SRR11933483.lite.1,SRX8478683,L103,RNA-Seq,cDNA,TRANSCRIPTOMIC,PAIRED,0,0,ILLUMINA,Illumina HiSeq 2500,SRP266111,PRJNA637522,,637522,SRS6778626,SAMN15144843,simple,4577,Zea mays,CIMBL10_WS1,,,,,,,no,,,,,CHINA AGRICULTURAL UNIVERSITY,SRA1083660,,public,7E1283C48404173EE20C2CF4FCDC05C6,686FF163EDC014F00DD039EE9F01BD45
SRR11933482,2020-06-11 09:51:38,2020-06-05 11:36:48,45941312,2339736732,0,50,828,,https://sra-downloadb.be-md.ncbi.nlm.nih.gov/sos9/sra-pub-zq-922/SRR011/11933/SRR11933482/SRR11933482.lite.1,SRX8478684,L104,RNA-Seq,cDNA,TRANSCRIPTOMIC,PAIRED,0,0,ILLUMINA,Illumina HiSeq 2500,SRP266111,PRJNA637522,,637522,SRS6778627,SAMN15144844,simple,4577,Zea mays,CIMBL10_WS2,,,,,,,no,,,,,CHINA AGRICULTURAL UNIVERSITY,SRA1083660,,public,8928ADCE8B42D74D817D3468114EECE3,052422C4AF5201FB38394F07D09AA8B5
SRR11933481,2020-06-11 09:51:38,2020-06-05 11:34:49,40901043,2082216631,0,50,765,,https://sra-downloadb.be-md.ncbi.nlm.nih.gov/sos9/sra-pub-zq-924/SRR011/11933/SRR11933481/SRR11933481.lite.1,SRX8478685,L105,RNA-Seq,cDNA,TRANSCRIPTOMIC,PAIRED,0,0,ILLUMINA,Illumina HiSeq 2500,SRP266111,PRJNA637522,,637522,SRS6778629,SAMN15144845,simple,4577,Zea mays,CIMBL10_WW,,,,,,,no,,,,,CHINA AGRICULTURAL UNIVERSITY,SRA1083660,,public,A7ED119CAD0A0EF878FB9C1152FF53F3,238847B57390156DD2C2540826D4D206
SRR11933477,2020-06-11 09:51:38,2020-06-05 11:42:36,55489608,2801522767,0,50,1312,,https://sra-downloadb.be-md.ncbi.nlm.nih.gov/sos9/sra-pub-zq-922/SRR011/11933/SRR11933477/SRR11933477.lite.1,SRX8478689,L109,RNA-Seq,cDNA,TRANSCRIPTOMIC,PAIRED,0,0,ILLUMINA,Illumina HiSeq 2500,SRP266111,PRJNA637522,,637522,SRS6778632,SAMN15144849,simple,4577,Zea mays,CIMBL111_WS1,,,,,,,no,,,,,CHINA AGRICULTURAL UNIVERSITY,SRA1083660,,public,865A4D390A2871833BA59B3341625AB5,573D870A053A93D306E3EB3E7ABEE5BE
SRR11933476,2020-06-11 09:51:38,2020-06-05 11:38:31,49959986,2537029049,0,50,1109,,https://sra-downloadb.be-md.ncbi.nlm.nih.gov/sos9/sra-pub-zq-924/SRR011/11933/SRR11933476/SRR11933476.lite.1,SRX8478690,L110,RNA-Seq,cDNA,TRANSCRIPTOMIC,PAIRED,0,0,ILLUMINA,Illumina HiSeq 2500,SRP266111,PRJNA637522,,637522,SRS6778633,SAMN15144850,simple,4577,Zea mays,CIMBL111_WS2,,,,,,,no,,,,,CHINA AGRICULTURAL UNIVERSITY,SRA1083660,,public,E7387EBEDC46D7B43443FBCC2BE2E994,9C8063D1FEAC7867D12920B5F140B82F
SRR11933474,2020-06-11 09:51:38,2020-06-05 11:33:16,37084345,1884837610,0,50,830,,https://sra-downloadb.be-md.ncbi.nlm.nih.gov/sos9/sra-pub-zq-924/SRR011/11933/SRR11933474/SRR11933474.lite.1,SRX8478692,L111,RNA-Seq,cDNA,TRANSCRIPTOMIC,PAIRED,0,0,ILLUMINA,Illumina HiSeq 2500,SRP266111,PRJNA637522,,637522,SRS6778635,SAMN15144851,simple,4577,Zea mays,CIMBL111_WW,,,,,,,no,,,,,CHINA AGRICULTURAL UNIVERSITY,SRA1083660,,public,05B99CAD6303DFF0F3BB7CB521A5A0BE,EF94630443B0551DE774ED160EB965F6
SRR11933473,2020-06-11 09:51:38,2020-06-05 11:37:49,55965328,2709999468,0,48,1676,,https://sra-downloadb.be-md.ncbi.nlm.nih.gov/sos9/sra-pub-zq-922/SRR011/11933/SRR11933473/SRR11933473.lite.1,SRX8478693,L112,RNA-Seq,cDNA,TRANSCRIPTOMIC,PAIRED,0,0,ILLUMINA,Illumina HiSeq 2500,SRP266111,PRJNA637522,,637522,SRS6778636,SAMN15144852,simple,4577,Zea mays,CIMBL114_WS1,,,,,,,no,,,,,CHINA AGRICULTURAL UNIVERSITY,SRA1083660,,public,5068691744647A6AAF41428F7B9B361D,C369CAC6A124E0A7D3127EAFCC97BD73
SRR11933472,2020-06-11 09:51:38,2020-06-05 11:34:54,35023602,1620417289,0,46,926,,https://sra-downloadb.be-md.ncbi.nlm.nih.gov/sos9/sra-pub-zq-922/SRR011/11933/SRR11933472/SRR11933472.lite.1,SRX8478694,L113,RNA-Seq,cDNA,TRANSCRIPTOMIC,PAIRED,0,0,ILLUMINA,Illumina HiSeq 2500,SRP266111,PRJNA637522,,637522,SRS6778637,SAMN15144853,simple,4577,Zea mays,CIMBL114_WS2,,,,,,,no,,,,,CHINA AGRICULTURAL UNIVERSITY,SRA1083660,,public,0A37A93C1F17D7D3195B8B6F5AF1E4D8,75166B11CCD0BD6A898F4ACDB003983C
SRR11933471,2020-06-11 09:51:38,2020-06-05 11:31:53,24371439,1242301536,0,50,397,,https://sra-downloadb.be-md.ncbi.nlm.nih.gov/sos9/sra-pub-zq-922/SRR011/11933/SRR11933471/SRR11933471.lite.1,SRX8478695,L114,RNA-Seq,cDNA,TRANSCRIPTOMIC,PAIRED,0,0,ILLUMINA,Illumina HiSeq 2500,SRP266111,PRJNA637522,,637522,SRS6778639,SAMN15144854,simple,4577,Zea mays,CIMBL114_WW,,,,,,,no,,,,,CHINA AGRICULTURAL UNIVERSITY,SRA1083660,,public,9A5F56D1152AB00A0C9AEA8D250A8F84,EC78CFBAE5EA5777CDB19205FE57672B
SRR11933470,2020-06-11 09:51:39,2020-06-05 11:34:15,31484553,1596644714,0,50,568,,https://sra-downloadb.be-md.ncbi.nlm.nih.gov/sos9/sra-pub-zq-922/SRR011/11933/SRR11933470/SRR11933470.lite.1,SRX8478696,L115,RNA-Seq,cDNA,TRANSCRIPTOMIC,PAIRED,0,0,ILLUMINA,Illumina HiSeq 2500,SRP266111,PRJNA637522,,637522,SRS6778638,SAMN15144855,simple,4577,Zea mays,CIMBL115_WS1,,,,,,,no,,,,,CHINA AGRICULTURAL UNIVERSITY,SRA1083660,,public,63309022BD1633FD4AF986719575E812,8ED9FF62E73C4B685383E45AC90DE9CC
SRR11933469,2020-06-11 09:51:39,2020-06-05 11:38:45,47014718,2386805770,0,50,918,,https://sra-downloadb.be-md.ncbi.nlm.nih.gov/sos9/sra-pub-zq-922/SRR011/11933/SRR11933469/SRR11933469.lite.1,SRX8478697,L116,RNA-Seq,cDNA,TRANSCRIPTOMIC,PAIRED,0,0,ILLUMINA,Illumina HiSeq 2500,SRP266111,PRJNA637522,,637522,SRS6778640,SAMN15144856,simple,4577,Zea mays,CIMBL115_WS2,,,,,,,no,,,,,CHINA AGRICULTURAL UNIVERSITY,SRA1083660,,public,32CD6483289470A0A0C6E01133A921A1,DD134A92AC154412ECF941EC190B85DB
SRR11933468,2020-06-11 09:51:39,2020-06-05 11:35:56,41841416,2129420052,0,50,765,,https://sra-downloadb.be-md.ncbi.nlm.nih.gov/sos9/sra-pub-zq-922/SRR011/11933/SRR11933468/SRR11933468.lite.1,SRX8478698,L117,RNA-Seq,cDNA,TRANSCRIPTOMIC,PAIRED,0,0,ILLUMINA,Illumina HiSeq 2500,SRP266111,PRJNA637522,,637522,SRS6778641,SAMN15144857,simple,4577,Zea mays,CIMBL115_WW,,,,,,,no,,,,,CHINA AGRICULTURAL UNIVERSITY,SRA1083660,,public,2084A802423AD21EE4B7CCF57D812157,955CA1D17A0A17451BAB08A1F9550012
SRR11933271,2020-06-11 09:51:41,2020-06-05 11:23:51,49106331,2498888080,0,50,926,,https://sra-downloadb.be-md.ncbi.nlm.nih.gov/sos9/sra-pub-zq-922/SRR011/11933/SRR11933271/SRR11933271.lite.1,SRX8478895,L121,RNA-Seq,cDNA,TRANSCRIPTOMIC,PAIRED,0,0,ILLUMINA,Illumina HiSeq 2500,SRP266111,PRJNA637522,,637522,SRS6778838,SAMN15144861,simple,4577,Zea mays,CIMBL121_WS1,,,,,,,no,,,,,CHINA AGRICULTURAL UNIVERSITY,SRA1083660,,public,A7CCA6C47A4E474215467AA27E05FF21,78002E822DBC529DA88FEA73EEC0F937
SRR11933270,2020-06-11 09:51:41,2020-06-05 11:19:08,20200505,905435610,0,44,538,,https://sra-downloadb.be-md.ncbi.nlm.nih.gov/sos9/sra-pub-zq-922/SRR011/11933/SRR11933270/SRR11933270.lite.1,SRX8478896,L122,RNA-Seq,cDNA,TRANSCRIPTOMIC,PAIRED,0,0,ILLUMINA,Illumina HiSeq 2500,SRP266111,PRJNA637522,,637522,SRS6778839,SAMN15144862,simple,4577,Zea mays,CIMBL121_WS2,,,,,,,no,,,,,CHINA AGRICULTURAL UNIVERSITY,SRA1083660,,public,2D832687C92FEC8BA9E7E03EEE8AC730,187B4B57C9E013E62D591D1D36E0E959
SRR11933269,2020-06-11 09:51:41,2020-06-05 11:25:37,68290571,3476735210,0,50,1257,,https://sra-downloadb.be-md.ncbi.nlm.nih.gov/sos9/sra-pub-zq-922/SRR011/11933/SRR11933269/SRR11933269.lite.1,SRX8478897,L123,RNA-Seq,cDNA,TRANSCRIPTOMIC,PAIRED,0,0,ILLUMINA,Illumina HiSeq 2500,SRP266111,PRJNA637522,,637522,SRS6778840,SAMN15144863,simple,4577,Zea mays,CIMBL121_WW,,,,,,,no,,,,,CHINA AGRICULTURAL UNIVERSITY,SRA1083660,,public,9A6B4E8837B4B25982D25B87CCC5BE31,F50A029AD5F696545BB49D9B39B8FA9E
SRR11933268,2020-06-11 09:51:41,2020-06-05 11:24:32,46722278,2379086253,0,50,851,,https://sra-downloadb.be-md.ncbi.nlm.nih.gov/sos9/sra-pub-zq-924/SRR011/11933/SRR11933268/SRR11933268.lite.1,SRX8478898,L124,RNA-Seq,cDNA,TRANSCRIPTOMIC,PAIRED,0,0,ILLUMINA,Illumina HiSeq 2500,SRP266111,PRJNA637522,,637522,SRS6778842,SAMN15144864,simple,4577,Zea mays,CIMBL122_WS1,,,,,,,no,,,,,CHINA AGRICULTURAL UNIVERSITY,SRA1083660,,public,82FE62A8E815CA2D4344E003846D0895,589BE009F7FB168079D10458CCC33593
SRR11933267,2020-06-11 09:51:41,2020-06-05 11:18:39,20758839,934241677,0,45,587,,https://sra-downloadb.be-md.ncbi.nlm.nih.gov/sos9/sra-pub-zq-922/SRR011/11933/SRR11933267/SRR11933267.lite.1,SRX8478899,L125,RNA-Seq,cDNA,TRANSCRIPTOMIC,PAIRED,0,0,ILLUMINA,Illumina HiSeq 2500,SRP266111,PRJNA637522,,637522,SRS6778841,SAMN15144865,simple,4577,Zea mays,CIMBL122_WS2,,,,,,,no,,,,,CHINA AGRICULTURAL UNIVERSITY,SRA1083660,,public,0AFED926D92D3E06CB195856A5B90736,A1A32ABCF14A06FA2B3BF6A4CBCDF368
SRR11933266,2020-06-11 09:51:41,2020-06-05 11:20:39,31012141,1578522798,0,50,593,,https://sra-downloadb.be-md.ncbi.nlm.nih.gov/sos9/sra-pub-zq-922/SRR011/11933/SRR11933266/SRR11933266.lite.1,SRX8478900,L126,RNA-Seq,cDNA,TRANSCRIPTOMIC,PAIRED,0,0,ILLUMINA,Illumina HiSeq 2500,SRP266111,PRJNA637522,,637522,SRS6778843,SAMN15144866,simple,4577,Zea mays,CIMBL122_WW,,,,,,,no,,,,,CHINA AGRICULTURAL UNIVERSITY,SRA1083660,,public,5FD60A32A30F5E867A4A7DEE5BF98BBB,11B6CC1E0C47CB014CBADAA9460CB361
SRR11933265,2020-06-11 09:51:41,2020-06-05 11:26:09,54067992,2753228192,0,50,999,,https://sra-downloadb.be-md.ncbi.nlm.nih.gov/sos9/sra-pub-zq-924/SRR011/11933/SRR11933265/SRR11933265.lite.1,SRX8478901,L127,RNA-Seq,cDNA,TRANSCRIPTOMIC,PAIRED,0,0,ILLUMINA,Illumina HiSeq 2500,SRP266111,PRJNA637522,,637522,SRS6778844,SAMN15144867,simple,4577,Zea mays,CIMBL123_WS1,,,,,,,no,,,,,CHINA AGRICULTURAL UNIVERSITY,SRA1083660,,public,4286CF21C1D701C053A6CEA1AC0AAAF4,D98EE73D1FFCDF3DD7450EE6C252F821
SRR11933264,2020-06-11 09:51:41,2020-06-05 11:19:37,19029817,858588285,0,45,551,,https://sra-downloadb.be-md.ncbi.nlm.nih.gov/sos9/sra-pub-zq-922/SRR011/11933/SRR11933264/SRR11933264.lite.1,SRX8478902,L128,RNA-Seq,cDNA,TRANSCRIPTOMIC,PAIRED,0,0,ILLUMINA,Illumina HiSeq 2500,SRP266111,PRJNA637522,,637522,SRS6778845,SAMN15144868,simple,4577,Zea mays,CIMBL123_WS2,,,,,,,no,,,,,CHINA AGRICULTURAL UNIVERSITY,SRA1083660,,public,44C7276597996417CAC29AE414C9439C,EDDD5A13CF71D426AED7761FD74BC41B
SRR11933263,2020-06-11 09:51:41,2020-06-05 11:20:53,31060146,1581347076,0,50,597,,https://sra-downloadb.be-md.ncbi.nlm.nih.gov/sos9/sra-pub-zq-924/SRR011/11933/SRR11933263/SRR11933263.lite.1,SRX8478903,L129,RNA-Seq,cDNA,TRANSCRIPTOMIC,PAIRED,0,0,ILLUMINA,Illumina HiSeq 2500,SRP266111,PRJNA637522,,637522,SRS6778846,SAMN15144869,simple,4577,Zea mays,CIMBL123_WW,,,,,,,no,,,,,CHINA AGRICULTURAL UNIVERSITY,SRA1083660,,public,BC60E500BBB5184342ECE5E9A70225A5,27CDE34C5AC900362D106527EB4BE6D3
SRR11933262,2020-06-11 09:51:41,2020-06-05 11:21:49,39775525,2025039272,0,50,762,,https://sra-downloadb.be-md.ncbi.nlm.nih.gov/sos9/sra-pub-zq-922/SRR011/11933/SRR11933262/SRR11933262.lite.1,SRX8478904,L130,RNA-Seq,cDNA,TRANSCRIPTOMIC,PAIRED,0,0,ILLUMINA,Illumina HiSeq 2500,SRP266111,PRJNA637522,,637522,SRS6778848,SAMN15144870,simple,4577,Zea mays,CIMBL125_WS1,,,,,,,no,,,,,CHINA AGRICULTURAL UNIVERSITY,SRA1083660,,public,AFDF5416CCF1A5CB119A60FEE10BCD92,D2F7CD6C972BE4501CAF32F0C7C5C406
SRR11933260,2020-06-11 09:51:41,2020-06-05 11:22:59,38465723,1959108146,0,50,690,,https://sra-downloadb.be-md.ncbi.nlm.nih.gov/sos9/sra-pub-zq-922/SRR011/11933/SRR11933260/SRR11933260.lite.1,SRX8478906,L131,RNA-Seq,cDNA,TRANSCRIPTOMIC,PAIRED,0,0,ILLUMINA,Illumina HiSeq 2500,SRP266111,PRJNA637522,,637522,SRS6778849,SAMN15144871,simple,4577,Zea mays,CIMBL125_WS2,,,,,,,no,,,,,CHINA AGRICULTURAL UNIVERSITY,SRA1083660,,public,5383088E12BE0F09021C83BE555E4467,6D4B384E8BCCAB87A4BC7B10A610879B
SRR11933259,2020-06-11 09:51:41,2020-06-05 11:23:48,45844544,2332510781,0,50,857,,https://sra-downloadb.be-md.ncbi.nlm.nih.gov/sos9/sra-pub-zq-922/SRR011/11933/SRR11933259/SRR11933259.lite.1,SRX8478907,L132,RNA-Seq,cDNA,TRANSCRIPTOMIC,PAIRED,0,0,ILLUMINA,Illumina HiSeq 2500,SRP266111,PRJNA637522,,637522,SRS6778850,SAMN15144872,simple,4577,Zea mays,CIMBL125_WW,,,,,,,no,,,,,CHINA AGRICULTURAL UNIVERSITY,SRA1083660,,public,0393728A1D966EC45FEC02D461BB8101,91DA512145EE943EA3DC66C50312B15A
SRR11933258,2020-06-11 09:51:41,2020-06-05 11:27:40,63001131,3207936208,0,50,1174,,https://sra-downloadb.be-md.ncbi.nlm.nih.gov/sos9/sra-pub-zq-922/SRR011/11933/SRR11933258/SRR11933258.lite.1,SRX8478908,L133,RNA-Seq,cDNA,TRANSCRIPTOMIC,PAIRED,0,0,ILLUMINA,Illumina HiSeq 2500,SRP266111,PRJNA637522,,637522,SRS6778851,SAMN15144873,simple,4577,Zea mays,CIMBL127_WS1,,,,,,,no,,,,,CHINA AGRICULTURAL UNIVERSITY,SRA1083660,,public,0F58CDB749EFD78CAD7B47E963C63C2F,D1826548FE958BFC71731DD9ED436F9D
SRR11933257,2020-06-11 09:51:41,2020-06-05 11:22:49,45236269,2300998367,0,50,841,,https://sra-downloadb.be-md.ncbi.nlm.nih.gov/sos9/sra-pub-zq-922/SRR011/11933/SRR11933257/SRR11933257.lite.1,SRX8478909,L134,RNA-Seq,cDNA,TRANSCRIPTOMIC,PAIRED,0,0,ILLUMINA,Illumina HiSeq 2500,SRP266111,PRJNA637522,,637522,SRS6778852,SAMN15144874,simple,4577,Zea mays,CIMBL127_WS2,,,,,,,no,,,,,CHINA AGRICULTURAL UNIVERSITY,SRA1083660,,public,6B46DB21BB120DDE5DA31F1806C5CD2E,7C6F92D52F21D80EED241632A06CC159
SRR11933256,2020-06-11 09:51:41,2020-06-05 11:22:00,38536504,1961832729,0,50,705,,https://sra-downloadb.be-md.ncbi.nlm.nih.gov/sos9/sra-pub-zq-922/SRR011/11933/SRR11933256/SRR11933256.lite.1,SRX8478910,L135,RNA-Seq,cDNA,TRANSCRIPTOMIC,PAIRED,0,0,ILLUMINA,Illumina HiSeq 2500,SRP266111,PRJNA637522,,637522,SRS6778854,SAMN15144875,simple,4577,Zea mays,CIMBL127_WW,,,,,,,no,,,,,CHINA AGRICULTURAL UNIVERSITY,SRA1083660,,public,1204AAC96878A9389E429A73F27CC27E,A1682CA2AC29F46D0A60A3982C614A4E
SRR11933255,2020-06-11 09:51:41,2020-06-05 11:24:57,52080422,2651841379,0,50,978,,https://sra-downloadb.be-md.ncbi.nlm.nih.gov/sos9/sra-pub-zq-922/SRR011/11933/SRR11933255/SRR11933255.lite.1,SRX8478911,L136,RNA-Seq,cDNA,TRANSCRIPTOMIC,PAIRED,0,0,ILLUMINA,Illumina HiSeq 2500,SRP266111,PRJNA637522,,637522,SRS6778853,SAMN15144876,simple,4577,Zea mays,CIMBL129_WS1,,,,,,,no,,,,,CHINA AGRICULTURAL UNIVERSITY,SRA1083660,,public,B5B39F9CF88F026593D99AE9B3351CA5,2AC20839E5F89B7BAA11EC3993B9C2BB
SRR11933254,2020-06-11 09:51:41,2020-06-05 11:24:32,49127573,2502417066,0,50,885,,https://sra-downloadb.be-md.ncbi.nlm.nih.gov/sos9/sra-pub-zq-922/SRR011/11933/SRR11933254/SRR11933254.lite.1,SRX8478912,L137,RNA-Seq,cDNA,TRANSCRIPTOMIC,PAIRED,0,0,ILLUMINA,Illumina HiSeq 2500,SRP266111,PRJNA637522,,637522,SRS6778855,SAMN15144877,simple,4577,Zea mays,CIMBL129_WS2,,,,,,,no,,,,,CHINA AGRICULTURAL UNIVERSITY,SRA1083660,,public,B65A957AC8C12A149B32A3F41CBB4570,947536E7043A31EF8ABED403A7AA205E
SRR11933253,2020-06-11 09:51:41,2020-06-05 11:23:23,43709422,2222147024,0,50,788,,https://sra-downloadb.be-md.ncbi.nlm.nih.gov/sos9/sra-pub-zq-922/SRR011/11933/SRR11933253/SRR11933253.lite.1,SRX8478913,L138,RNA-Seq,cDNA,TRANSCRIPTOMIC,PAIRED,0,0,ILLUMINA,Illumina HiSeq 2500,SRP266111,PRJNA637522,,637522,SRS6778856,SAMN15144878,simple,4577,Zea mays,CIMBL129_WW,,,,,,,no,,,,,CHINA AGRICULTURAL UNIVERSITY,SRA1083660,,public,3F9CC90857009E940E45E0376ABAE6D8,680E1246533CDC21EF040EB0B55F3557
SRR11933467,2020-06-11 09:51:39,2020-06-05 11:32:33,30445493,1549332230,0,50,564,,https://sra-downloadb.be-md.ncbi.nlm.nih.gov/sos9/sra-pub-zq-924/SRR011/11933/SRR11933467/SRR11933467.lite.1,SRX8478699,L118,RNA-Seq,cDNA,TRANSCRIPTOMIC,PAIRED,0,0,ILLUMINA,Illumina HiSeq 2500,SRP266111,PRJNA637522,,637522,SRS6778643,SAMN15144858,simple,4577,Zea mays,CIMBL12_WS1,,,,,,,no,,,,,CHINA AGRICULTURAL UNIVERSITY,SRA1083660,,public,2A791B41EA4703ED8E35793E8766A202,019B12AB7DDB37AF211B9463689F872C
SRR11933466,2020-06-11 09:51:39,2020-06-05 11:36:36,53140349,2704245052,0,50,997,,https://sra-downloadb.be-md.ncbi.nlm.nih.gov/sos9/sra-pub-zq-922/SRR011/11933/SRR11933466/SRR11933466.lite.1,SRX8478700,L119,RNA-Seq,cDNA,TRANSCRIPTOMIC,PAIRED,0,0,ILLUMINA,Illumina HiSeq 2500,SRP266111,PRJNA637522,,637522,SRS6778642,SAMN15144859,simple,4577,Zea mays,CIMBL12_WS2,,,,,,,no,,,,,CHINA AGRICULTURAL UNIVERSITY,SRA1083660,,public,0C23F6B770110F75462581BB5274D1E1,34CA050880CBEC66CE04279265EA9920
SRR11933465,2020-06-11 09:51:39,2020-06-05 11:32:05,28790007,1465155093,0,50,526,,https://sra-downloadb.be-md.ncbi.nlm.nih.gov/sos9/sra-pub-zq-922/SRR011/11933/SRR11933465/SRR11933465.lite.1,SRX8478701,L120,RNA-Seq,cDNA,TRANSCRIPTOMIC,PAIRED,0,0,ILLUMINA,Illumina HiSeq 2500,SRP266111,PRJNA637522,,637522,SRS6778644,SAMN15144860,simple,4577,Zea mays,CIMBL12_WW,,,,,,,no,,,,,CHINA AGRICULTURAL UNIVERSITY,SRA1083660,,public,543E12D5B2C1ADC5C18823BAAE93875E,1F666505E26FD19715686FA78FF32314
SRR11933252,2020-06-11 09:51:41,2020-06-05 11:20:59,32780904,1607467646,0,49,961,,https://sra-downloadb.be-md.ncbi.nlm.nih.gov/sos9/sra-pub-zq-924/SRR011/11933/SRR11933252/SRR11933252.lite.1,SRX8478914,L139,RNA-Seq,cDNA,TRANSCRIPTOMIC,PAIRED,0,0,ILLUMINA,Illumina HiSeq 2500,SRP266111,PRJNA637522,,637522,SRS6778858,SAMN15144879,simple,4577,Zea mays,CIMBL133_WS1,,,,,,,no,,,,,CHINA AGRICULTURAL UNIVERSITY,SRA1083660,,public,926CABAAA10E81105E25168848E8D1B6,4F21AEB27F3696BFBC8DF844FE434CF8
SRR11933251,2020-06-11 09:51:41,2020-06-05 11:28:37,62474259,3173697900,0,50,1401,,https://sra-downloadb.be-md.ncbi.nlm.nih.gov/sos9/sra-pub-zq-924/SRR011/11933/SRR11933251/SRR11933251.lite.1,SRX8478915,L140,RNA-Seq,cDNA,TRANSCRIPTOMIC,PAIRED,0,0,ILLUMINA,Illumina HiSeq 2500,SRP266111,PRJNA637522,,637522,SRS6778857,SAMN15144880,simple,4577,Zea mays,CIMBL133_WS1_REP,,,,,,,no,,,,,CHINA AGRICULTURAL UNIVERSITY,SRA1083660,,public,696924686FF9A6F2D90FD4EA68B2B80D,36696BB71C5FB97830819C01B12438E4
SRR11933249,2020-06-11 09:51:41,2020-06-05 11:24:26,54364524,2766083866,0,50,856,,https://sra-downloadb.be-md.ncbi.nlm.nih.gov/sos9/sra-pub-zq-922/SRR011/11933/SRR11933249/SRR11933249.lite.1,SRX8478917,L141,RNA-Seq,cDNA,TRANSCRIPTOMIC,PAIRED,0,0,ILLUMINA,Illumina HiSeq 2500,SRP266111,PRJNA637522,,637522,SRS6778859,SAMN15144881,simple,4577,Zea mays,CIMBL133_WS2,,,,,,,no,,,,,CHINA AGRICULTURAL UNIVERSITY,SRA1083660,,public,4367BC16F60310FEB81AB926C533D9D3,09ADF10D7433605778AC873F54B344FC
SRR11933049,2020-06-11 09:51:34,2020-06-05 11:20:47,92001022,4678217813,0,50,1675,,https://sra-downloadb.be-md.ncbi.nlm.nih.gov/sos9/sra-pub-zq-924/SRR011/11933/SRR11933049/SRR11933049.lite.1,SRX8478257,L142,RNA-Seq,cDNA,TRANSCRIPTOMIC,PAIRED,0,0,ILLUMINA,Illumina HiSeq 2500,SRP266111,PRJNA637522,,637522,SRS6778200,SAMN15144882,simple,4577,Zea mays,CIMBL133_WS2_REP,,,,,,,no,,,,,CHINA AGRICULTURAL UNIVERSITY,SRA1083660,,public,C49D9334DD0A51DD625E94C996D4B097,D79A6619DE019A8B885DA4FD6E3A0925
SRR11933048,2020-06-11 09:51:34,2020-06-05 11:10:46,50321632,2504870169,0,49,1193,,https://sra-downloadb.be-md.ncbi.nlm.nih.gov/sos9/sra-pub-zq-924/SRR011/11933/SRR11933048/SRR11933048.lite.1,SRX8478258,L143,RNA-Seq,cDNA,TRANSCRIPTOMIC,PAIRED,0,0,ILLUMINA,Illumina HiSeq 2500,SRP266111,PRJNA637522,,637522,SRS6778201,SAMN15144883,simple,4577,Zea mays,CIMBL133_WW,,,,,,,no,,,,,CHINA AGRICULTURAL UNIVERSITY,SRA1083660,,public,D3F483B9CF141C2B462D6D5D06DBFDE4,69BB99522420DB7677AEE2D0A7CBBC10
SRR11933047,2020-06-11 09:51:34,2020-06-05 11:11:27,48478908,2462924234,0,50,1100,,https://sra-downloadb.be-md.ncbi.nlm.nih.gov/sos9/sra-pub-zq-922/SRR011/11933/SRR11933047/SRR11933047.lite.1,SRX8478259,L144,RNA-Seq,cDNA,TRANSCRIPTOMIC,PAIRED,0,0,ILLUMINA,Illumina HiSeq 2500,SRP266111,PRJNA637522,,637522,SRS6778202,SAMN15144884,simple,4577,Zea mays,CIMBL133_WW_REP,,,,,,,no,,,,,CHINA AGRICULTURAL UNIVERSITY,SRA1083660,,public,30149E220353E512F6C7D3F457865871,C25E3AB5E097993AADE5C087FF118191
SRR11933046,2020-06-11 09:51:34,2020-06-05 11:18:39,67770976,3284935143,0,48,2013,,https://sra-downloadb.be-md.ncbi.nlm.nih.gov/sos9/sra-pub-zq-924/SRR011/11933/SRR11933046/SRR11933046.lite.1,SRX8478260,L145,RNA-Seq,cDNA,TRANSCRIPTOMIC,PAIRED,0,0,ILLUMINA,Illumina HiSeq 2500,SRP266111,PRJNA637522,,637522,SRS6778203,SAMN15144885,simple,4577,Zea mays,CIMBL139_WS1,,,,,,,no,,,,,CHINA AGRICULTURAL UNIVERSITY,SRA1083660,,public,00BF5817D3D8E54BBBFE8CCDDDFE23E0,BF1978685C25204F8284CA462065DBA8
SRR11933045,2020-06-11 09:51:34,2020-06-05 11:12:47,47531522,2369136611,0,49,1240,,https://sra-downloadb.be-md.ncbi.nlm.nih.gov/sos9/sra-pub-zq-922/SRR011/11933/SRR11933045/SRR11933045.lite.1,SRX8478261,L146,RNA-Seq,cDNA,TRANSCRIPTOMIC,PAIRED,0,0,ILLUMINA,Illumina HiSeq 2500,SRP266111,PRJNA637522,,637522,SRS6778204,SAMN15144886,simple,4577,Zea mays,CIMBL139_WS2,,,,,,,no,,,,,CHINA AGRICULTURAL UNIVERSITY,SRA1083660,,public,65C1F3A75FD573A9538ACAA969E533D2,D721E644EE7D5F31FE5D0005865E97CF
SRR11933044,2020-06-11 09:51:34,2020-06-05 11:10:30,46109517,2346240737,0,50,895,,https://sra-downloadb.be-md.ncbi.nlm.nih.gov/sos9/sra-pub-zq-922/SRR011/11933/SRR11933044/SRR11933044.lite.1,SRX8478262,L147,RNA-Seq,cDNA,TRANSCRIPTOMIC,PAIRED,0,0,ILLUMINA,Illumina HiSeq 2500,SRP266111,PRJNA637522,,637522,SRS6778205,SAMN15144887,simple,4577,Zea mays,CIMBL141_WS1,,,,,,,no,,,,,CHINA AGRICULTURAL UNIVERSITY,SRA1083660,,public,6F4E9434D59DC309078E4BF4C50D9C7E,7B69BA83D7D74A6FB4C55E40D53B974F
SRR11933043,2020-06-11 09:51:34,2020-06-05 11:08:59,41873422,2132756807,0,50,757,,https://sra-downloadb.be-md.ncbi.nlm.nih.gov/sos9/sra-pub-zq-922/SRR011/11933/SRR11933043/SRR11933043.lite.1,SRX8478263,L148,RNA-Seq,cDNA,TRANSCRIPTOMIC,PAIRED,0,0,ILLUMINA,Illumina HiSeq 2500,SRP266111,PRJNA637522,,637522,SRS6778206,SAMN15144888,simple,4577,Zea mays,CIMBL141_WS2,,,,,,,no,,,,,CHINA AGRICULTURAL UNIVERSITY,SRA1083660,,public,01E665F7D88A5C65E020780C3D80DDD5,14FC6BAF17923056B8C00428EA00B5FB
SRR11933042,2020-06-11 09:51:34,2020-06-05 11:07:46,34838897,1774169482,0,50,617,,https://sra-downloadb.be-md.ncbi.nlm.nih.gov/sos9/sra-pub-zq-922/SRR011/11933/SRR11933042/SRR11933042.lite.1,SRX8478264,L149,RNA-Seq,cDNA,TRANSCRIPTOMIC,PAIRED,0,0,ILLUMINA,Illumina HiSeq 2500,SRP266111,PRJNA637522,,637522,SRS6778207,SAMN15144889,simple,4577,Zea mays,CIMBL141_WW,,,,,,,no,,,,,CHINA AGRICULTURAL UNIVERSITY,SRA1083660,,public,8939B9BF2A01B3388E5FFCFAFD7580C4,0EBBF9CA073F8FBB5E1D0B400A2EBC1D
SRR11933041,2020-06-11 09:51:34,2020-06-05 11:12:17,35150343,1788900383,0,50,695,,https://sra-downloadb.be-md.ncbi.nlm.nih.gov/sos9/sra-pub-zq-924/SRR011/11933/SRR11933041/SRR11933041.lite.1,SRX8478265,L150,RNA-Seq,cDNA,TRANSCRIPTOMIC,PAIRED,0,0,ILLUMINA,Illumina HiSeq 2500,SRP266111,PRJNA637522,,637522,SRS6778208,SAMN15144890,simple,4577,Zea mays,CIMBL142_WS1,,,,,,,no,,,,,CHINA AGRICULTURAL UNIVERSITY,SRA1083660,,public,BA83271F351A34F143EEDB2E7E10B044,CC6830CFB33E445B60F3DAE0861CE0D2
SRR11933039,2020-06-11 09:51:34,2020-06-05 11:11:15,44283807,2255265090,0,50,809,,https://sra-downloadb.be-md.ncbi.nlm.nih.gov/sos9/sra-pub-zq-922/SRR011/11933/SRR11933039/SRR11933039.lite.1,SRX8478267,L151,RNA-Seq,cDNA,TRANSCRIPTOMIC,PAIRED,0,0,ILLUMINA,Illumina HiSeq 2500,SRP266111,PRJNA637522,,637522,SRS6778210,SAMN15144891,simple,4577,Zea mays,CIMBL142_WS2,,,,,,,no,,,,,CHINA AGRICULTURAL UNIVERSITY,SRA1083660,,public,7DD0ED858AE237938A1425964E20C39A,2E9E4E15048BD1287FD53E915FDBA1B1
SRR11933038,2020-06-11 09:51:34,2020-06-05 11:08:27,33359126,1697486633,0,50,663,,https://sra-downloadb.be-md.ncbi.nlm.nih.gov/sos9/sra-pub-zq-922/SRR011/11933/SRR11933038/SRR11933038.lite.1,SRX8478268,L152,RNA-Seq,cDNA,TRANSCRIPTOMIC,PAIRED,0,0,ILLUMINA,Illumina HiSeq 2500,SRP266111,PRJNA637522,,637522,SRS6778211,SAMN15144892,simple,4577,Zea mays,CIMBL142_WW,,,,,,,no,,,,,CHINA AGRICULTURAL UNIVERSITY,SRA1083660,,public,054711211770764691BC5D680CC7C1BF,0C4467924CCF3DD034D446DC444C97F8
SRR11933037,2020-06-11 09:51:34,2020-06-05 11:11:08,42646808,2171393660,0,50,786,,https://sra-downloadb.be-md.ncbi.nlm.nih.gov/sos9/sra-pub-zq-922/SRR011/11933/SRR11933037/SRR11933037.lite.1,SRX8478269,L153,RNA-Seq,cDNA,TRANSCRIPTOMIC,PAIRED,0,0,ILLUMINA,Illumina HiSeq 2500,SRP266111,PRJNA637522,,637522,SRS6778212,SAMN15144893,simple,4577,Zea mays,CIMBL143_WS1,,,,,,,no,,,,,CHINA AGRICULTURAL UNIVERSITY,SRA1083660,,public,C51F8E48FA5D8A142578E09606C072AA,1F19699C104095CF4A60C0252CF651A1
SRR11933036,2020-06-11 09:51:34,2020-06-05 11:10:46,33530019,1707328706,0,50,647,,https://sra-downloadb.be-md.ncbi.nlm.nih.gov/sos9/sra-pub-zq-924/SRR011/11933/SRR11933036/SRR11933036.lite.1,SRX8478270,L154,RNA-Seq,cDNA,TRANSCRIPTOMIC,PAIRED,0,0,ILLUMINA,Illumina HiSeq 2500,SRP266111,PRJNA637522,,637522,SRS6778213,SAMN15144894,simple,4577,Zea mays,CIMBL143_WS2,,,,,,,no,,,,,CHINA AGRICULTURAL UNIVERSITY,SRA1083660,,public,A82118F62BBA8316326A9CA065DE1421,E143E822A5F60868ED8B392E9B60E8B4
SRR11933035,2020-06-11 09:51:34,2020-06-05 11:10:55,39490023,1967171600,0,49,951,,https://sra-downloadb.be-md.ncbi.nlm.nih.gov/sos9/sra-pub-zq-922/SRR011/11933/SRR11933035/SRR11933035.lite.1,SRX8478271,L155,RNA-Seq,cDNA,TRANSCRIPTOMIC,PAIRED,0,0,ILLUMINA,Illumina HiSeq 2500,SRP266111,PRJNA637522,,637522,SRS6778214,SAMN15144895,simple,4577,Zea mays,CIMBL143_WW,,,,,,,no,,,,,CHINA AGRICULTURAL UNIVERSITY,SRA1083660,,public,367935A33204B0284C4DD963D64746C2,1644CB6615D5DBBC2FBEEA2D06585177
SRR11933034,2020-06-11 09:51:34,2020-06-05 11:12:57,58809809,2986682450,0,50,1162,,https://sra-downloadb.be-md.ncbi.nlm.nih.gov/sos9/sra-pub-zq-924/SRR011/11933/SRR11933034/SRR11933034.lite.1,SRX8478272,L156,RNA-Seq,cDNA,TRANSCRIPTOMIC,PAIRED,0,0,ILLUMINA,Illumina HiSeq 2500,SRP266111,PRJNA637522,,637522,SRS6778215,SAMN15144896,simple,4577,Zea mays,CIMBL144_WS1,,,,,,,no,,,,,CHINA AGRICULTURAL UNIVERSITY,SRA1083660,,public,AFD8D32552883F088F089405AC8B2F87,D3E96B97FD6E1AFD2A4DC3832ECBE3F0
SRR11933033,2020-06-11 09:51:34,2020-06-05 11:12:55,41447977,2111433200,0,50,745,,https://sra-downloadb.be-md.ncbi.nlm.nih.gov/sos9/sra-pub-zq-922/SRR011/11933/SRR11933033/SRR11933033.lite.1,SRX8478273,L157,RNA-Seq,cDNA,TRANSCRIPTOMIC,PAIRED,0,0,ILLUMINA,Illumina HiSeq 2500,SRP266111,PRJNA637522,,637522,SRS6778216,SAMN15144897,simple,4577,Zea mays,CIMBL144_WS2,,,,,,,no,,,,,CHINA AGRICULTURAL UNIVERSITY,SRA1083660,,public,4A3587FCF90D4C11FEDF75AC4E221D96,02F352F1E2B1F180BA3E85A37E1EE48B
SRR11933032,2020-06-11 09:51:34,2020-06-05 11:09:54,41785347,2127244075,0,50,790,,https://sra-downloadb.be-md.ncbi.nlm.nih.gov/sos9/sra-pub-zq-922/SRR011/11933/SRR11933032/SRR11933032.lite.1,SRX8478274,L158,RNA-Seq,cDNA,TRANSCRIPTOMIC,PAIRED,0,0,ILLUMINA,Illumina HiSeq 2500,SRP266111,PRJNA637522,,637522,SRS6778217,SAMN15144898,simple,4577,Zea mays,CIMBL144_WW,,,,,,,no,,,,,CHINA AGRICULTURAL UNIVERSITY,SRA1083660,,public,F5B93E3668A0DDA01A2D1C2E288285A7,9FAF82E9BDC43F2F6A8711BCE4328B9A
SRR11933031,2020-06-11 09:51:34,2020-06-05 11:06:37,30274080,1531393253,0,50,594,,https://sra-downloadb.be-md.ncbi.nlm.nih.gov/sos9/sra-pub-zq-922/SRR011/11933/SRR11933031/SRR11933031.lite.1,SRX8478275,L159,RNA-Seq,cDNA,TRANSCRIPTOMIC,PAIRED,0,0,ILLUMINA,Illumina HiSeq 2500,SRP266111,PRJNA637522,,637522,SRS6778218,SAMN15144899,simple,4577,Zea mays,CIMBL145_WS2,,,,,,,no,,,,,CHINA AGRICULTURAL UNIVERSITY,SRA1083660,,public,DB34958EFC516D02D30F9506BE408CAC,88353F2E74666C1027E4474800CE223C
SRR11933030,2020-06-11 09:51:34,2020-06-05 11:08:12,38067524,1932685486,0,50,876,,https://sra-downloadb.be-md.ncbi.nlm.nih.gov/sos9/sra-pub-zq-922/SRR011/11933/SRR11933030/SRR11933030.lite.1,SRX8478276,L160,RNA-Seq,cDNA,TRANSCRIPTOMIC,PAIRED,0,0,ILLUMINA,Illumina HiSeq 2500,SRP266111,PRJNA637522,,637522,SRS6778219,SAMN15144900,simple,4577,Zea mays,CIMBL145_WW,,,,,,,no,,,,,CHINA AGRICULTURAL UNIVERSITY,SRA1083660,,public,45CE0FBE9CDBF81CD703E0448AFDA4F9,3E226BB6FEBC2D5261D757018C945878
SRR11933028,2020-06-11 09:51:34,2020-06-05 11:07:46,41058444,2086312227,0,50,919,,https://sra-downloadb.be-md.ncbi.nlm.nih.gov/sos9/sra-pub-zq-924/SRR011/11933/SRR11933028/SRR11933028.lite.1,SRX8478278,L161,RNA-Seq,cDNA,TRANSCRIPTOMIC,PAIRED,0,0,ILLUMINA,Illumina HiSeq 2500,SRP266111,PRJNA637522,,637522,SRS6778221,SAMN15144901,simple,4577,Zea mays,CIMBL147_WW,,,,,,,no,,,,,CHINA AGRICULTURAL UNIVERSITY,SRA1083660,,public,6144FF59775AA2C371690895DDE1436C,7AE4844A02D105DF60126299A6F3FC25
SRR11933027,2020-06-11 09:51:34,2020-06-05 11:12:02,41820069,2128475888,0,50,790,,https://sra-downloadb.be-md.ncbi.nlm.nih.gov/sos9/sra-pub-zq-924/SRR011/11933/SRR11933027/SRR11933027.lite.1,SRX8478279,L162,RNA-Seq,cDNA,TRANSCRIPTOMIC,PAIRED,0,0,ILLUMINA,Illumina HiSeq 2500,SRP266111,PRJNA637522,,637522,SRS6778222,SAMN15144902,simple,4577,Zea mays,CIMBL149_WS1,,,,,,,no,,,,,CHINA AGRICULTURAL UNIVERSITY,SRA1083660,,public,3EB18DB77F05A8A8019C895BACBBD360,C1AFCA3B9A4AE34A52DA7D6AEEACF769
SRR11933026,2020-06-11 09:51:34,2020-06-05 11:09:33,46085237,2346371548,0,50,873,,https://sra-downloadb.be-md.ncbi.nlm.nih.gov/sos9/sra-pub-zq-922/SRR011/11933/SRR11933026/SRR11933026.lite.1,SRX8478280,L163,RNA-Seq,cDNA,TRANSCRIPTOMIC,PAIRED,0,0,ILLUMINA,Illumina HiSeq 2500,SRP266111,PRJNA637522,,637522,SRS6778223,SAMN15144903,simple,4577,Zea mays,CIMBL149_WS2,,,,,,,no,,,,,CHINA AGRICULTURAL UNIVERSITY,SRA1083660,,public,0070AF85E231AF3DC28D3D7FE433B986,FEC7756602E5E64BA52F974DA5A668A9
SRR11933001,2020-06-11 09:51:35,2020-06-05 11:06:11,29878664,1466317870,0,49,880,,https://sra-downloadb.be-md.ncbi.nlm.nih.gov/sos9/sra-pub-zq-924/SRR011/11933/SRR11933001/SRR11933001.lite.1,SRX8478305,L164,RNA-Seq,cDNA,TRANSCRIPTOMIC,PAIRED,0,0,ILLUMINA,Illumina HiSeq 2500,SRP266111,PRJNA637522,,637522,SRS6778248,SAMN15144904,simple,4577,Zea mays,CIMBL149_WW,,,,,,,no,,,,,CHINA AGRICULTURAL UNIVERSITY,SRA1083660,,public,694751CF76E833EA311CAC73C069198A,B75C75EF20CE3451133313342DBABC33
SRR11932997,2020-06-11 09:51:35,2020-06-05 11:12:53,61408425,3098802766,0,50,1453,,https://sra-downloadb.be-md.ncbi.nlm.nih.gov/sos9/sra-pub-zq-922/SRR011/11932/SRR11932997/SRR11932997.lite.1,SRX8478309,L168,RNA-Seq,cDNA,TRANSCRIPTOMIC,PAIRED,0,0,ILLUMINA,Illumina HiSeq 2500,SRP266111,PRJNA637522,,637522,SRS6778252,SAMN15144908,simple,4577,Zea mays,CIMBL150_WS1,,,,,,,no,,,,,CHINA AGRICULTURAL UNIVERSITY,SRA1083660,,public,8F53B674F2633B27D14BDD2F5A7A9495,552D41C8673740250345FCE6661E4124
SRR11932996,2020-06-11 09:51:35,2020-06-05 11:04:12,28751787,1460956210,0,50,659,,https://sra-downloadb.be-md.ncbi.nlm.nih.gov/sos9/sra-pub-zq-924/SRR011/11932/SRR11932996/SRR11932996.lite.1,SRX8478310,L169,RNA-Seq,cDNA,TRANSCRIPTOMIC,PAIRED,0,0,ILLUMINA,Illumina HiSeq 2500,SRP266111,PRJNA637522,,637522,SRS6778253,SAMN15144909,simple,4577,Zea mays,CIMBL150_WW,,,,,,,no,,,,,CHINA AGRICULTURAL UNIVERSITY,SRA1083660,,public,7852759BAC3A1912799D1B625CC325EA,5F5951634A0F43B6018BEAD81DC3E482
SRR11932995,2020-06-11 09:51:35,2020-06-05 11:06:46,35913561,1829025971,0,50,679,,https://sra-downloadb.be-md.ncbi.nlm.nih.gov/sos9/sra-pub-zq-922/SRR011/11932/SRR11932995/SRR11932995.lite.1,SRX8478311,L170,RNA-Seq,cDNA,TRANSCRIPTOMIC,PAIRED,0,0,ILLUMINA,Illumina HiSeq 2500,SRP266111,PRJNA637522,,637522,SRS6778254,SAMN15144910,simple,4577,Zea mays,CIMBL153_WS1,,,,,,,no,,,,,CHINA AGRICULTURAL UNIVERSITY,SRA1083660,,public,D6A5E5878946C2597B76829AF1D09D35,F44F7BA2E37BAF36B083D11FCDCA5F2C
SRR11932993,2020-06-11 09:51:35,2020-06-05 11:03:43,18859075,851053990,0,45,540,,https://sra-downloadb.be-md.ncbi.nlm.nih.gov/sos9/sra-pub-zq-924/SRR011/11932/SRR11932993/SRR11932993.lite.1,SRX8478313,L171,RNA-Seq,cDNA,TRANSCRIPTOMIC,PAIRED,0,0,ILLUMINA,Illumina HiSeq 2500,SRP266111,PRJNA637522,,637522,SRS6778256,SAMN15144911,simple,4577,Zea mays,CIMBL153_WS2,,,,,,,no,,,,,CHINA AGRICULTURAL UNIVERSITY,SRA1083660,,public,A9B55B38177ACE413FAFB740F079B8BD,9AC61FAA82F88D9BD6D214F770C9B6FE
SRR11932992,2020-06-11 09:51:35,2020-06-05 11:05:48,35176888,1790217737,0,50,672,,https://sra-downloadb.be-md.ncbi.nlm.nih.gov/sos9/sra-pub-zq-922/SRR011/11932/SRR11932992/SRR11932992.lite.1,SRX8478314,L172,RNA-Seq,cDNA,TRANSCRIPTOMIC,PAIRED,0,0,ILLUMINA,Illumina HiSeq 2500,SRP266111,PRJNA637522,,637522,SRS6778257,SAMN15144912,simple,4577,Zea mays,CIMBL153_WW,,,,,,,no,,,,,CHINA AGRICULTURAL UNIVERSITY,SRA1083660,,public,D0FB177EE0FA3C1320FCC092FD824962,CD033CE2988D7A8C2872168160D6718D
SRR11932991,2020-06-11 09:51:35,2020-06-05 11:08:14,33072831,1683504665,0,50,645,,https://sra-downloadb.be-md.ncbi.nlm.nih.gov/sos9/sra-pub-zq-922/SRR011/11932/SRR11932991/SRR11932991.lite.1,SRX8478315,L173,RNA-Seq,cDNA,TRANSCRIPTOMIC,PAIRED,0,0,ILLUMINA,Illumina HiSeq 2500,SRP266111,PRJNA637522,,637522,SRS6778258,SAMN15144913,simple,4577,Zea mays,CIMBL157_WS1,,,,,,,no,,,,,CHINA AGRICULTURAL UNIVERSITY,SRA1083660,,public,285AC191DCC11617D546BD9CAB12BFB6,E9E07509CD1ED554DCA5AC20ED012FF7
SRR11932990,2020-06-11 09:51:35,2020-06-05 11:06:09,41671446,2121766192,0,50,753,,https://sra-downloadb.be-md.ncbi.nlm.nih.gov/sos9/sra-pub-zq-922/SRR011/11932/SRR11932990/SRR11932990.lite.1,SRX8478316,L174,RNA-Seq,cDNA,TRANSCRIPTOMIC,PAIRED,0,0,ILLUMINA,Illumina HiSeq 2500,SRP266111,PRJNA637522,,637522,SRS6778259,SAMN15144914,simple,4577,Zea mays,CIMBL157_WS2,,,,,,,no,,,,,CHINA AGRICULTURAL UNIVERSITY,SRA1083660,,public,F21DCCAB53305FD7E723F4D6E03C8CB1,FC3198DE98E610BB3FF2E3A2EAA98CA5
SRR11932989,2020-06-11 09:51:35,2020-06-05 11:05:15,32234625,1640718940,0,50,633,,https://sra-downloadb.be-md.ncbi.nlm.nih.gov/sos9/sra-pub-zq-922/SRR011/11932/SRR11932989/SRR11932989.lite.1,SRX8478317,L175,RNA-Seq,cDNA,TRANSCRIPTOMIC,PAIRED,0,0,ILLUMINA,Illumina HiSeq 2500,SRP266111,PRJNA637522,,637522,SRS6778260,SAMN15144915,simple,4577,Zea mays,CIMBL157_WW,,,,,,,no,,,,,CHINA AGRICULTURAL UNIVERSITY,SRA1083660,,public,4F4DC1600A31298EBDF05514E2424792,076FD943E1F0E15A4C4DA292B18F2FE6
SRR11933000,2020-06-11 09:51:35,2020-06-05 11:10:43,42918430,2184774558,0,50,814,,https://sra-downloadb.be-md.ncbi.nlm.nih.gov/sos9/sra-pub-zq-922/SRR011/11933/SRR11933000/SRR11933000.lite.1,SRX8478306,L165,RNA-Seq,cDNA,TRANSCRIPTOMIC,PAIRED,0,0,ILLUMINA,Illumina HiSeq 2500,SRP266111,PRJNA637522,,637522,SRS6778249,SAMN15144905,simple,4577,Zea mays,CIMBL15_WS1,,,,,,,no,,,,,CHINA AGRICULTURAL UNIVERSITY,SRA1083660,,public,2CDA34D9EEBABF641FEA9AB1D8C56B5D,BA099CF2D70D51479044C138509C35D4
SRR11932999,2020-06-11 09:51:35,2020-06-05 11:07:08,50248198,2559695456,0,50,877,,https://sra-downloadb.be-md.ncbi.nlm.nih.gov/sos9/sra-pub-zq-924/SRR011/11932/SRR11932999/SRR11932999.lite.1,SRX8478307,L166,RNA-Seq,cDNA,TRANSCRIPTOMIC,PAIRED,0,0,ILLUMINA,Illumina HiSeq 2500,SRP266111,PRJNA637522,,637522,SRS6778250,SAMN15144906,simple,4577,Zea mays,CIMBL15_WS2,,,,,,,no,,,,,CHINA AGRICULTURAL UNIVERSITY,SRA1083660,,public,4202C32837C537562AD2126A4BFEBFD8,4F0C81C9956EAF81B1CA9B99BF1A5683
SRR11932998,2020-06-11 09:51:35,2020-06-05 11:09:45,48307245,2455391025,0,50,911,,https://sra-downloadb.be-md.ncbi.nlm.nih.gov/sos9/sra-pub-zq-924/SRR011/11932/SRR11932998/SRR11932998.lite.1,SRX8478308,L167,RNA-Seq,cDNA,TRANSCRIPTOMIC,PAIRED,0,0,ILLUMINA,Illumina HiSeq 2500,SRP266111,PRJNA637522,,637522,SRS6778251,SAMN15144907,simple,4577,Zea mays,CIMBL15_WW,,,,,,,no,,,,,CHINA AGRICULTURAL UNIVERSITY,SRA1083660,,public,6C784EE9D77BE963F824B218CFDBA5E8,EAE022C67AF15A3A9CF3F0F78536902A
SRR11932988,2020-06-11 09:51:35,2020-06-05 11:04:52,34309430,1746165210,0,50,557,,https://sra-downloadb.be-md.ncbi.nlm.nih.gov/sos9/sra-pub-zq-922/SRR011/11932/SRR11932988/SRR11932988.lite.1,SRX8478318,L176,RNA-Seq,cDNA,TRANSCRIPTOMIC,PAIRED,0,0,ILLUMINA,Illumina HiSeq 2500,SRP266111,PRJNA637522,,637522,SRS6778261,SAMN15144916,simple,4577,Zea mays,CIMBL17_WS1,,,,,,,no,,,,,CHINA AGRICULTURAL UNIVERSITY,SRA1083660,,public,13E896254D3922D2641B31F97B43EA6A,DCA2DC38B286B420E265A8AD437A0D53
SRR11932987,2020-06-11 09:51:35,2020-06-05 11:08:22,42752079,2145134225,0,50,1080,,https://sra-downloadb.be-md.ncbi.nlm.nih.gov/sos9/sra-pub-zq-924/SRR011/11932/SRR11932987/SRR11932987.lite.1,SRX8478319,L177,RNA-Seq,cDNA,TRANSCRIPTOMIC,PAIRED,0,0,ILLUMINA,Illumina HiSeq 2500,SRP266111,PRJNA637522,,637522,SRS6778262,SAMN15144917,simple,4577,Zea mays,CIMBL17_WS2,,,,,,,no,,,,,CHINA AGRICULTURAL UNIVERSITY,SRA1083660,,public,844A9FDA7D11AB1905546A5C58B39AF4,58070B186DBB951FEF62BCF5F5E0A280
SRR11932986,2020-06-11 09:51:35,2020-06-05 11:07:51,63477669,3222874508,0,50,1162,,https://sra-downloadb.be-md.ncbi.nlm.nih.gov/sos9/sra-pub-zq-924/SRR011/11932/SRR11932986/SRR11932986.lite.1,SRX8478320,L178,RNA-Seq,cDNA,TRANSCRIPTOMIC,PAIRED,0,0,ILLUMINA,Illumina HiSeq 2500,SRP266111,PRJNA637522,,637522,SRS6778263,SAMN15144918,simple,4577,Zea mays,CIMBL17_WW,,,,,,,no,,,,,CHINA AGRICULTURAL UNIVERSITY,SRA1083660,,public,AC32F73BF7E545855E7DA9FCADEBB92C,65037396D4D69B05055857F668F1EBBC
SRR11932985,2020-06-11 09:51:35,2020-06-05 11:03:26,27847771,1417170712,0,50,471,,https://sra-downloadb.be-md.ncbi.nlm.nih.gov/sos9/sra-pub-zq-924/SRR011/11932/SRR11932985/SRR11932985.lite.1,SRX8478321,L179,RNA-Seq,cDNA,TRANSCRIPTOMIC,PAIRED,0,0,ILLUMINA,Illumina HiSeq 2500,SRP266111,PRJNA637522,,637522,SRS6778264,SAMN15144919,simple,4577,Zea mays,CIMBL18_WS1,,,,,,,no,,,,,CHINA AGRICULTURAL UNIVERSITY,SRA1083660,,public,B787685FCE8F8A5437075F85C06AE81C,3C0103AE7572C5EFB29C4291E070F13B
SRR11932984,2020-06-11 09:51:35,2020-06-05 11:06:20,52562345,2673173150,0,50,932,,https://sra-downloadb.be-md.ncbi.nlm.nih.gov/sos9/sra-pub-zq-924/SRR011/11932/SRR11932984/SRR11932984.lite.1,SRX8478322,L180,RNA-Seq,cDNA,TRANSCRIPTOMIC,PAIRED,0,0,ILLUMINA,Illumina HiSeq 2500,SRP266111,PRJNA637522,,637522,SRS6778265,SAMN15144920,simple,4577,Zea mays,CIMBL18_WW,,,,,,,no,,,,,CHINA AGRICULTURAL UNIVERSITY,SRA1083660,,public,07A560628D0E5EA2319BACF925DE8E93,AAB3404CF596513B755CE1A7767610FF
SRR11932982,2020-06-11 09:51:35,2020-06-05 11:09:09,54217910,2760631418,0,50,1016,,https://sra-downloadb.be-md.ncbi.nlm.nih.gov/sos9/sra-pub-zq-924/SRR011/11932/SRR11932982/SRR11932982.lite.1,SRX8478324,L181,RNA-Seq,cDNA,TRANSCRIPTOMIC,PAIRED,0,0,ILLUMINA,Illumina HiSeq 2500,SRP266111,PRJNA637522,,637522,SRS6778267,SAMN15144921,simple,4577,Zea mays,CIMBL19_WS1,,,,,,,no,,,,,CHINA AGRICULTURAL UNIVERSITY,SRA1083660,,public,CB23357283C75649DED4E7C5FECA53DC,5A546E3F4F3F6814E8960DAB1DDD9BDD
SRR11932981,2020-06-11 09:51:35,2020-06-05 11:07:13,47417131,2411826981,0,50,909,,https://sra-downloadb.be-md.ncbi.nlm.nih.gov/sos9/sra-pub-zq-924/SRR011/11932/SRR11932981/SRR11932981.lite.1,SRX8478325,L182,RNA-Seq,cDNA,TRANSCRIPTOMIC,PAIRED,0,0,ILLUMINA,Illumina HiSeq 2500,SRP266111,PRJNA637522,,637522,SRS6778268,SAMN15144922,simple,4577,Zea mays,CIMBL19_WS2,,,,,,,no,,,,,CHINA AGRICULTURAL UNIVERSITY,SRA1083660,,public,7BA894E9E6F24421D49EC613F2CA1327,9B958CE4151D8DDAF8E1F3220AAE46AE
SRR11932980,2020-06-11 09:51:35,2020-06-05 11:01:56,26146619,1283711826,0,49,771,,https://sra-downloadb.be-md.ncbi.nlm.nih.gov/sos9/sra-pub-zq-922/SRR011/11932/SRR11932980/SRR11932980.lite.1,SRX8478326,L183,RNA-Seq,cDNA,TRANSCRIPTOMIC,PAIRED,0,0,ILLUMINA,Illumina HiSeq 2500,SRP266111,PRJNA637522,,637522,SRS6778269,SAMN15144923,simple,4577,Zea mays,CIMBL19_WW,,,,,,,no,,,,,CHINA AGRICULTURAL UNIVERSITY,SRA1083660,,public,5667037CD70064FD4DDAF2A0EC7B6094,EF84E51AAB58FCC458733BFB3DA324CC
SRR11932869,2020-06-11 09:51:36,2020-06-05 10:56:40,16868667,859893426,0,50,276,,https://sra-downloadb.be-md.ncbi.nlm.nih.gov/sos9/sra-pub-zq-922/SRR011/11932/SRR11932869/SRR11932869.lite.1,SRX8478437,L100,RNA-Seq,cDNA,TRANSCRIPTOMIC,PAIRED,0,0,ILLUMINA,Illumina HiSeq 2500,SRP266111,PRJNA637522,,637522,SRS6778380,SAMN15144840,simple,4577,Zea mays,CIMBL1_WS1,,,,,,,no,,,,,CHINA AGRICULTURAL UNIVERSITY,SRA1083660,,public,52BE2C3C591962A96D67D8E7683E5F24,A15326FDC5C849A69823AA81C926D268
SRR11933485,2020-06-11 09:51:39,2020-06-05 11:39:16,49778535,2475147388,0,49,1325,,https://sra-downloadb.be-md.ncbi.nlm.nih.gov/sos9/sra-pub-zq-922/SRR011/11933/SRR11933485/SRR11933485.lite.1,SRX8478681,L101,RNA-Seq,cDNA,TRANSCRIPTOMIC,PAIRED,0,0,ILLUMINA,Illumina HiSeq 2500,SRP266111,PRJNA637522,,637522,SRS6778623,SAMN15144841,simple,4577,Zea mays,CIMBL1_WS2,,,,,,,no,,,,,CHINA AGRICULTURAL UNIVERSITY,SRA1083660,,public,2C6C0A88E8851950B982481AA22C3F31,059962747F7FD7E1D2BE6C37C82E2807
SRR11933484,2020-06-11 09:51:38,2020-06-05 11:37:08,38913305,1774369467,0,45,1009,,https://sra-downloadb.be-md.ncbi.nlm.nih.gov/sos9/sra-pub-zq-924/SRR011/11933/SRR11933484/SRR11933484.lite.1,SRX8478682,L102,RNA-Seq,cDNA,TRANSCRIPTOMIC,PAIRED,0,0,ILLUMINA,Illumina HiSeq 2500,SRP266111,PRJNA637522,,637522,SRS6778625,SAMN15144842,simple,4577,Zea mays,CIMBL1_WW,,,,,,,no,,,,,CHINA AGRICULTURAL UNIVERSITY,SRA1083660,,public,469C5CD6F81E425C696D9579B8E104AB,B662F44FDD9DB8286816E7F16D43242D
SRR11932978,2020-06-11 09:51:35,2020-06-05 11:03:38,31362589,1539349523,0,49,932,,https://sra-downloadb.be-md.ncbi.nlm.nih.gov/sos9/sra-pub-zq-922/SRR011/11932/SRR11932978/SRR11932978.lite.1,SRX8478328,L185,RNA-Seq,cDNA,TRANSCRIPTOMIC,PAIRED,0,0,ILLUMINA,Illumina HiSeq 2500,SRP266111,PRJNA637522,,637522,SRS6778271,SAMN15144925,simple,4577,Zea mays,CIMBL22_WS1,,,,,,,no,,,,,CHINA AGRICULTURAL UNIVERSITY,SRA1083660,,public,55675834D34753D3B3A4614CEEDDFEDE,0D57C386207AAB73CD89BA7A25EB24D1
SRR11932953,2020-06-11 09:51:35,2020-06-05 11:08:18,66953389,3399874349,0,50,1542,,https://sra-downloadb.be-md.ncbi.nlm.nih.gov/sos9/sra-pub-zq-922/SRR011/11932/SRR11932953/SRR11932953.lite.1,SRX8478353,L186,RNA-Seq,cDNA,TRANSCRIPTOMIC,PAIRED,0,0,ILLUMINA,Illumina HiSeq 2500,SRP266111,PRJNA637522,,637522,SRS6778297,SAMN15144926,simple,4577,Zea mays,CIMBL22_WS1_REP,,,,,,,no,,,,,CHINA AGRICULTURAL UNIVERSITY,SRA1083660,,public,3CAD81C8C2106240222968E3AF1F1782,B475B77831B71E9E0F1981B0877E9014
SRR11932952,2020-06-11 09:51:35,2020-06-05 11:03:12,44240088,2251293435,0,50,853,,https://sra-downloadb.be-md.ncbi.nlm.nih.gov/sos9/sra-pub-zq-922/SRR011/11932/SRR11932952/SRR11932952.lite.1,SRX8478354,L187,RNA-Seq,cDNA,TRANSCRIPTOMIC,PAIRED,0,0,ILLUMINA,Illumina HiSeq 2500,SRP266111,PRJNA637522,,637522,SRS6778296,SAMN15144927,simple,4577,Zea mays,CIMBL22_WS2,,,,,,,no,,,,,CHINA AGRICULTURAL UNIVERSITY,SRA1083660,,public,53AB6994B391A9AFCBD85AAEFE573D6F,6FD52C44E0897D8FE22D8BCFF27008EF
SRR11932951,2020-06-11 09:51:35,2020-06-05 11:17:48,78038353,3968027791,0,50,1552,,https://sra-downloadb.be-md.ncbi.nlm.nih.gov/sos9/sra-pub-zq-922/SRR011/11932/SRR11932951/SRR11932951.lite.1,SRX8478355,L188,RNA-Seq,cDNA,TRANSCRIPTOMIC,PAIRED,0,0,ILLUMINA,Illumina HiSeq 2500,SRP266111,PRJNA637522,,637522,SRS6778298,SAMN15144928,simple,4577,Zea mays,CIMBL22_WS2_REP,,,,,,,no,,,,,CHINA AGRICULTURAL UNIVERSITY,SRA1083660,,public,4C5EE5CADC3D18C4F7421F492F7F293B,D3299FD8E1F12971AF56D7DA720542AB
SRR11932950,2020-06-11 09:51:35,2020-06-05 11:05:01,37907584,1890829486,0,49,922,,https://sra-downloadb.be-md.ncbi.nlm.nih.gov/sos9/sra-pub-zq-922/SRR011/11932/SRR11932950/SRR11932950.lite.1,SRX8478356,L189,RNA-Seq,cDNA,TRANSCRIPTOMIC,PAIRED,0,0,ILLUMINA,Illumina HiSeq 2500,SRP266111,PRJNA637522,,637522,SRS6778299,SAMN15144929,simple,4577,Zea mays,CIMBL22_WW,,,,,,,no,,,,,CHINA AGRICULTURAL UNIVERSITY,SRA1083660,,public,8805ACD81D8B5ECC315FAFBD7FB09F63,3960E96104B06546D355F07550BA10AE
SRR11932949,2020-06-11 09:51:35,2020-06-05 11:04:53,49378703,2509228496,0,50,1126,,https://sra-downloadb.be-md.ncbi.nlm.nih.gov/sos9/sra-pub-zq-924/SRR011/11932/SRR11932949/SRR11932949.lite.1,SRX8478357,L190,RNA-Seq,cDNA,TRANSCRIPTOMIC,PAIRED,0,0,ILLUMINA,Illumina HiSeq 2500,SRP266111,PRJNA637522,,637522,SRS6778300,SAMN15144930,simple,4577,Zea mays,CIMBL22_WW_REP,,,,,,,no,,,,,CHINA AGRICULTURAL UNIVERSITY,SRA1083660,,public,286F3DC9BEEE29588E8639AAA014944F,3E6D9B31FF7487D5591F6BE69379E07A
SRR11932947,2020-06-11 09:51:35,2020-06-05 10:57:42,20462961,1005594886,0,49,613,,https://sra-downloadb.be-md.ncbi.nlm.nih.gov/sos9/sra-pub-zq-922/SRR011/11932/SRR11932947/SRR11932947.lite.1,SRX8478359,L191,RNA-Seq,cDNA,TRANSCRIPTOMIC,PAIRED,0,0,ILLUMINA,Illumina HiSeq 2500,SRP266111,PRJNA637522,,637522,SRS6778302,SAMN15144931,simple,4577,Zea mays,CIMBL23_WS1,,,,,,,no,,,,,CHINA AGRICULTURAL UNIVERSITY,SRA1083660,,public,6296DE4EE3C8012559A5B14DFFFC46BF,1CEC1F37EF2CB6132706A2CDC3D70C9C
SRR11932946,2020-06-11 09:51:35,2020-06-05 11:03:02,44505848,2260550892,0,50,1017,,https://sra-downloadb.be-md.ncbi.nlm.nih.gov/sos9/sra-pub-zq-924/SRR011/11932/SRR11932946/SRR11932946.lite.1,SRX8478360,L192,RNA-Seq,cDNA,TRANSCRIPTOMIC,PAIRED,0,0,ILLUMINA,Illumina HiSeq 2500,SRP266111,PRJNA637522,,637522,SRS6778303,SAMN15144932,simple,4577,Zea mays,CIMBL23_WS1_REP,,,,,,,no,,,,,CHINA AGRICULTURAL UNIVERSITY,SRA1083660,,public,F337B75872A6084FBD2DDF07C66843E6,E371167C762E4A067E9242C17A05AFE2
SRR11932945,2020-06-11 09:51:35,2020-06-05 11:08:26,53711966,2733980871,0,50,1013,,https://sra-downloadb.be-md.ncbi.nlm.nih.gov/sos9/sra-pub-zq-924/SRR011/11932/SRR11932945/SRR11932945.lite.1,SRX8478361,L193,RNA-Seq,cDNA,TRANSCRIPTOMIC,PAIRED,0,0,ILLUMINA,Illumina HiSeq 2500,SRP266111,PRJNA637522,,637522,SRS6778304,SAMN15144933,simple,4577,Zea mays,CIMBL23_WS2,,,,,,,no,,,,,CHINA AGRICULTURAL UNIVERSITY,SRA1083660,,public,CE741DBB66835F0F5C204BEACB9A3B16,042652AD3FD73E5F0DF9F902C37194E7
SRR11932944,2020-06-11 09:51:35,2020-06-05 11:16:15,61498954,3128538321,0,50,1286,,https://sra-downloadb.be-md.ncbi.nlm.nih.gov/sos9/sra-pub-zq-922/SRR011/11932/SRR11932944/SRR11932944.lite.1,SRX8478362,L194,RNA-Seq,cDNA,TRANSCRIPTOMIC,PAIRED,0,0,ILLUMINA,Illumina HiSeq 2500,SRP266111,PRJNA637522,,637522,SRS6778305,SAMN15144934,simple,4577,Zea mays,CIMBL23_WS2_REP,,,,,,,no,,,,,CHINA AGRICULTURAL UNIVERSITY,SRA1083660,,public,188AA9E5B9D5EA5B628189253D1CA1F8,48CE8642B888B050B75D8553CDA7891B
SRR11932943,2020-06-11 09:51:35,2020-06-05 11:08:56,73465804,3657569470,0,49,1716,,https://sra-downloadb.be-md.ncbi.nlm.nih.gov/sos9/sra-pub-zq-924/SRR011/11932/SRR11932943/SRR11932943.lite.1,SRX8478363,L195,RNA-Seq,cDNA,TRANSCRIPTOMIC,PAIRED,0,0,ILLUMINA,Illumina HiSeq 2500,SRP266111,PRJNA637522,,637522,SRS6778306,SAMN15144935,simple,4577,Zea mays,CIMBL23_WW,,,,,,,no,,,,,CHINA AGRICULTURAL UNIVERSITY,SRA1083660,,public,ED4C396FA2656D12F05AAFC823C7B855,4ABA52D1336B6E9C80C7C045AC990CA7
SRR11932942,2020-06-11 09:51:35,2020-06-05 11:02:39,44285311,2249887325,0,50,1004,,https://sra-downloadb.be-md.ncbi.nlm.nih.gov/sos9/sra-pub-zq-924/SRR011/11932/SRR11932942/SRR11932942.lite.1,SRX8478364,L196,RNA-Seq,cDNA,TRANSCRIPTOMIC,PAIRED,0,0,ILLUMINA,Illumina HiSeq 2500,SRP266111,PRJNA637522,,637522,SRS6778307,SAMN15144936,simple,4577,Zea mays,CIMBL23_WW_REP,,,,,,,no,,,,,CHINA AGRICULTURAL UNIVERSITY,SRA1083660,,public,0DAA979D552EEF346A50302356966E96,EAEA5B7289EAC7BBF0D5FD5742E65E5E
SRR11932941,2020-06-11 09:51:35,2020-06-05 10:59:26,27598542,1404559398,0,50,458,,https://sra-downloadb.be-md.ncbi.nlm.nih.gov/sos9/sra-pub-zq-922/SRR011/11932/SRR11932941/SRR11932941.lite.1,SRX8478365,L197,RNA-Seq,cDNA,TRANSCRIPTOMIC,PAIRED,0,0,ILLUMINA,Illumina HiSeq 2500,SRP266111,PRJNA637522,,637522,SRS6778308,SAMN15144937,simple,4577,Zea mays,CIMBL27_WS1,,,,,,,no,,,,,CHINA AGRICULTURAL UNIVERSITY,SRA1083660,,public,C178CFE794089928E6B7E325C82586D1,0D7D7B3FF182D5E263ADA741904CAD4A
SRR11932940,2020-06-11 09:51:35,2020-06-05 11:05:22,69516842,3531819881,0,50,1198,,https://sra-downloadb.be-md.ncbi.nlm.nih.gov/sos9/sra-pub-zq-924/SRR011/11932/SRR11932940/SRR11932940.lite.1,SRX8478366,L198,RNA-Seq,cDNA,TRANSCRIPTOMIC,PAIRED,0,0,ILLUMINA,Illumina HiSeq 2500,SRP266111,PRJNA637522,,637522,SRS6778309,SAMN15144938,simple,4577,Zea mays,CIMBL27_WS2,,,,,,,no,,,,,CHINA AGRICULTURAL UNIVERSITY,SRA1083660,,public,64BB8CB9D06D57C2300EAA89D2051ED5,6AFB15907283B292169B05A0B1997763
SRR11932939,2020-06-11 09:51:35,2020-06-05 11:05:08,52042595,2648641527,0,50,907,,https://sra-downloadb.be-md.ncbi.nlm.nih.gov/sos9/sra-pub-zq-924/SRR011/11932/SRR11932939/SRR11932939.lite.1,SRX8478367,L199,RNA-Seq,cDNA,TRANSCRIPTOMIC,PAIRED,0,0,ILLUMINA,Illumina HiSeq 2500,SRP266111,PRJNA637522,,637522,SRS6778310,SAMN15144939,simple,4577,Zea mays,CIMBL27_WW,,,,,,,no,,,,,CHINA AGRICULTURAL UNIVERSITY,SRA1083660,,public,96CC7617053E25A3266DAD5E59B31293,A3E3A2CF66558E285EACB0D4946F4A47
SRR11932938,2020-06-11 09:51:35,2020-06-05 11:08:08,45713630,2223896887,0,48,1226,,https://sra-downloadb.be-md.ncbi.nlm.nih.gov/sos9/sra-pub-zq-924/SRR011/11932/SRR11932938/SRR11932938.lite.1,SRX8478368,L200,RNA-Seq,cDNA,TRANSCRIPTOMIC,PAIRED,0,0,ILLUMINA,Illumina HiSeq 2500,SRP266111,PRJNA637522,,637522,SRS6778312,SAMN15144940,simple,4577,Zea mays,CIMBL28_WS1,,,,,,,no,,,,,CHINA AGRICULTURAL UNIVERSITY,SRA1083660,,public,B2FD02CBF5C626927940C4271735B6CC,BF55EDF3B673BADEF867D259F882E316
SRR11932935,2020-06-11 09:51:35,2020-06-05 11:23:51,65088938,3307076533,0,50,1499,,https://sra-downloadb.be-md.ncbi.nlm.nih.gov/sos9/sra-pub-zq-924/SRR011/11932/SRR11932935/SRR11932935.lite.1,SRX8478371,L201,RNA-Seq,cDNA,TRANSCRIPTOMIC,PAIRED,0,0,ILLUMINA,Illumina HiSeq 2500,SRP266111,PRJNA637522,,637522,SRS6778314,SAMN15144941,simple,4577,Zea mays,CIMBL28_WS1_REP,,,,,,,no,,,,,CHINA AGRICULTURAL UNIVERSITY,SRA1083660,,public,E45C22AD89C3B66ECBC65E85B22ACD5A,D2BD675E7633A24385BD5B986DAA7FF9
SRR11932934,2020-06-11 09:51:35,2020-06-05 11:03:56,49993268,2544537048,0,50,908,,https://sra-downloadb.be-md.ncbi.nlm.nih.gov/sos9/sra-pub-zq-924/SRR011/11932/SRR11932934/SRR11932934.lite.1,SRX8478372,L202,RNA-Seq,cDNA,TRANSCRIPTOMIC,PAIRED,0,0,ILLUMINA,Illumina HiSeq 2500,SRP266111,PRJNA637522,,637522,SRS6778315,SAMN15144942,simple,4577,Zea mays,CIMBL28_WS2,,,,,,,no,,,,,CHINA AGRICULTURAL UNIVERSITY,SRA1083660,,public,66C6AE048F514784BE5B13138BAA5001,9EBE814B6CBCAD3EC94700A9BFBEAC5F
SRR11932933,2020-06-11 09:51:35,2020-06-05 11:12:49,63539510,3232343778,0,50,1333,,https://sra-downloadb.be-md.ncbi.nlm.nih.gov/sos9/sra-pub-zq-922/SRR011/11932/SRR11932933/SRR11932933.lite.1,SRX8478373,L203,RNA-Seq,cDNA,TRANSCRIPTOMIC,PAIRED,0,0,ILLUMINA,Illumina HiSeq 2500,SRP266111,PRJNA637522,,637522,SRS6778316,SAMN15144943,simple,4577,Zea mays,CIMBL28_WS2_REP,,,,,,,no,,,,,CHINA AGRICULTURAL UNIVERSITY,SRA1083660,,public,3229A15323BD926D8DAC9A357B30F29F,058D1B7B2129579DAFC2CDC401C0AD7B
SRR11932932,2020-06-11 09:51:35,2020-06-05 11:10:57,57450872,2863953669,0,49,1350,,https://sra-downloadb.be-md.ncbi.nlm.nih.gov/sos9/sra-pub-zq-922/SRR011/11932/SRR11932932/SRR11932932.lite.1,SRX8478374,L204,RNA-Seq,cDNA,TRANSCRIPTOMIC,PAIRED,0,0,ILLUMINA,Illumina HiSeq 2500,SRP266111,PRJNA637522,,637522,SRS6778317,SAMN15144944,simple,4577,Zea mays,CIMBL28_WW,,,,,,,no,,,,,CHINA AGRICULTURAL UNIVERSITY,SRA1083660,,public,67F26E0695998F38E052323E268AA6FB,C00F1D14DC13DA253C9DE0A402181DA9
SRR11932931,2020-06-11 09:51:35,2020-06-05 11:03:30,44994679,2285784842,0,50,1002,,https://sra-downloadb.be-md.ncbi.nlm.nih.gov/sos9/sra-pub-zq-922/SRR011/11932/SRR11932931/SRR11932931.lite.1,SRX8478375,L205,RNA-Seq,cDNA,TRANSCRIPTOMIC,PAIRED,0,0,ILLUMINA,Illumina HiSeq 2500,SRP266111,PRJNA637522,,637522,SRS6778318,SAMN15144945,simple,4577,Zea mays,CIMBL28_WW_REP,,,,,,,no,,,,,CHINA AGRICULTURAL UNIVERSITY,SRA1083660,,public,C1D203729993BCBA40B3310BA5D8653F,549AA67464955F3315DEBBF8827E45D6
SRR11932930,2020-06-11 09:51:35,2020-06-05 10:58:58,22549916,1106880638,0,49,672,,https://sra-downloadb.be-md.ncbi.nlm.nih.gov/sos9/sra-pub-zq-922/SRR011/11932/SRR11932930/SRR11932930.lite.1,SRX8478376,L206,RNA-Seq,cDNA,TRANSCRIPTOMIC,PAIRED,0,0,ILLUMINA,Illumina HiSeq 2500,SRP266111,PRJNA637522,,637522,SRS6778319,SAMN15144946,simple,4577,Zea mays,CIMBL29_WS1,,,,,,,no,,,,,CHINA AGRICULTURAL UNIVERSITY,SRA1083660,,public,BD920A3728CC5DFF9443E6D8521A4935,4999D3E9BA8B73C7EFA94AB569E4F184
SRR11932905,2020-06-11 09:51:35,2020-06-05 11:11:16,49415035,2512304036,0,50,1113,,https://sra-downloadb.be-md.ncbi.nlm.nih.gov/sos9/sra-pub-zq-922/SRR011/11932/SRR11932905/SRR11932905.lite.1,SRX8478401,L207,RNA-Seq,cDNA,TRANSCRIPTOMIC,PAIRED,0,0,ILLUMINA,Illumina HiSeq 2500,SRP266111,PRJNA637522,,637522,SRS6778344,SAMN15144947,simple,4577,Zea mays,CIMBL29_WS1_REP,,,,,,,no,,,,,CHINA AGRICULTURAL UNIVERSITY,SRA1083660,,public,9BFA8C71271DE5B139A86A1F0BC71EC8,72B09E7B120B7CF9A6100E2B3C7D8FF6
SRR11932904,2020-06-11 09:51:35,2020-06-05 11:03:23,43504632,2213438474,0,50,837,,https://sra-downloadb.be-md.ncbi.nlm.nih.gov/sos9/sra-pub-zq-922/SRR011/11932/SRR11932904/SRR11932904.lite.1,SRX8478402,L208,RNA-Seq,cDNA,TRANSCRIPTOMIC,PAIRED,0,0,ILLUMINA,Illumina HiSeq 2500,SRP266111,PRJNA637522,,637522,SRS6778345,SAMN15144948,simple,4577,Zea mays,CIMBL29_WS2,,,,,,,no,,,,,CHINA AGRICULTURAL UNIVERSITY,SRA1083660,,public,75A1795579FF5C0D76AC292A6D7FF766,08A794788693C885750958463A63F8A3
SRR11932903,2020-06-11 09:51:35,2020-06-05 11:08:56,45981972,2337238297,0,50,989,,https://sra-downloadb.be-md.ncbi.nlm.nih.gov/sos9/sra-pub-zq-922/SRR011/11932/SRR11932903/SRR11932903.lite.1,SRX8478403,L209,RNA-Seq,cDNA,TRANSCRIPTOMIC,PAIRED,0,0,ILLUMINA,Illumina HiSeq 2500,SRP266111,PRJNA637522,,637522,SRS6778346,SAMN15144949,simple,4577,Zea mays,CIMBL29_WS2_REP,,,,,,,no,,,,,CHINA AGRICULTURAL UNIVERSITY,SRA1083660,,public,9F86F1F3F10CF31808204BA9750458DC,F4079F8982CBFCC39AA6B2BAE70B9D29
SRR11932902,2020-06-11 09:51:35,2020-06-05 11:02:22,39692634,1980638550,0,49,962,,https://sra-downloadb.be-md.ncbi.nlm.nih.gov/sos9/sra-pub-zq-922/SRR011/11932/SRR11932902/SRR11932902.lite.1,SRX8478404,L210,RNA-Seq,cDNA,TRANSCRIPTOMIC,PAIRED,0,0,ILLUMINA,Illumina HiSeq 2500,SRP266111,PRJNA637522,,637522,SRS6778347,SAMN15144950,simple,4577,Zea mays,CIMBL29_WW,,,,,,,no,,,,,CHINA AGRICULTURAL UNIVERSITY,SRA1083660,,public,1F1E7E1B9A824BE0BCBD6EA54F942A8D,DA27B99A4F34A1875F8476ECF9DD9826
SRR11932979,2020-06-11 09:51:35,2020-06-05 11:11:01,54544846,2753101115,0,50,1143,,https://sra-downloadb.be-md.ncbi.nlm.nih.gov/sos9/sra-pub-zq-924/SRR011/11932/SRR11932979/SRR11932979.lite.1,SRX8478327,L184,RNA-Seq,cDNA,TRANSCRIPTOMIC,PAIRED,0,0,ILLUMINA,Illumina HiSeq 2500,SRP266111,PRJNA637522,,637522,SRS6778270,SAMN15144924,simple,4577,Zea mays,CIMBL2_WS1,,,,,,,no,,,,,CHINA AGRICULTURAL UNIVERSITY,SRA1083660,,public,19BDF603C2D18884D36A979AF67F05DE,E1321D7287BC41BAB3B588D6F13D5010
SRR11932900,2020-06-11 09:51:35,2020-06-05 11:03:32,52950642,2562592645,0,48,1605,,https://sra-downloadb.be-md.ncbi.nlm.nih.gov/sos9/sra-pub-zq-922/SRR011/11932/SRR11932900/SRR11932900.lite.1,SRX8478406,L211,RNA-Seq,cDNA,TRANSCRIPTOMIC,PAIRED,0,0,ILLUMINA,Illumina HiSeq 2500,SRP266111,PRJNA637522,,637522,SRS6778349,SAMN15144951,simple,4577,Zea mays,CIMBL32_WS1,,,,,,,no,,,,,CHINA AGRICULTURAL UNIVERSITY,SRA1083660,,public,BBD278584B89ED8650CDEBF5B1CBA28B,75BE9B97E8996C7A755E37E1E1644C07
SRR11932899,2020-06-11 09:51:35,2020-06-05 10:59:03,32750117,1519213064,0,46,898,,https://sra-downloadb.be-md.ncbi.nlm.nih.gov/sos9/sra-pub-zq-924/SRR011/11932/SRR11932899/SRR11932899.lite.1,SRX8478407,L212,RNA-Seq,cDNA,TRANSCRIPTOMIC,PAIRED,0,0,ILLUMINA,Illumina HiSeq 2500,SRP266111,PRJNA637522,,637522,SRS6778350,SAMN15144952,simple,4577,Zea mays,CIMBL32_WS2,,,,,,,no,,,,,CHINA AGRICULTURAL UNIVERSITY,SRA1083660,,public,5530D74E3072B36E6A932C9468AB4EB7,8E11C99E384486C1FE76A0898AF6C53C
SRR11932898,2020-06-11 09:51:35,2020-06-05 11:05:41,50529860,2300715766,0,45,1321,,https://sra-downloadb.be-md.ncbi.nlm.nih.gov/sos9/sra-pub-zq-924/SRR011/11932/SRR11932898/SRR11932898.lite.1,SRX8478408,L213,RNA-Seq,cDNA,TRANSCRIPTOMIC,PAIRED,0,0,ILLUMINA,Illumina HiSeq 2500,SRP266111,PRJNA637522,,637522,SRS6778351,SAMN15144953,simple,4577,Zea mays,CIMBL32_WW,,,,,,,no,,,,,CHINA AGRICULTURAL UNIVERSITY,SRA1083660,,public,3575FB434239AF14B2A8B456E04635A9,F76F615197DB128E234B041CDB4CDF26
SRR11932894,2020-06-11 09:51:36,2020-06-05 11:02:07,40427788,1953374743,0,48,1203,,https://sra-downloadb.be-md.ncbi.nlm.nih.gov/sos9/sra-pub-zq-924/SRR011/11932/SRR11932894/SRR11932894.lite.1,SRX8478412,L217,RNA-Seq,cDNA,TRANSCRIPTOMIC,PAIRED,0,0,ILLUMINA,Illumina HiSeq 2500,SRP266111,PRJNA637522,,637522,SRS6778355,SAMN15144957,simple,4577,Zea mays,CIMBL40_WS1,,,,,,,no,,,,,CHINA AGRICULTURAL UNIVERSITY,SRA1083660,,public,1CD4D6D1C26ED06F6C2EDBDC761C940F,7C6FCFF2160701476DA9284567D40A53
SRR11932893,2020-06-11 09:51:35,2020-06-05 11:01:42,47647122,2365010817,0,49,1269,,https://sra-downloadb.be-md.ncbi.nlm.nih.gov/sos9/sra-pub-zq-924/SRR011/11932/SRR11932893/SRR11932893.lite.1,SRX8478413,L218,RNA-Seq,cDNA,TRANSCRIPTOMIC,PAIRED,0,0,ILLUMINA,Illumina HiSeq 2500,SRP266111,PRJNA637522,,637522,SRS6778357,SAMN15144958,simple,4577,Zea mays,CIMBL40_WS2,,,,,,,no,,,,,CHINA AGRICULTURAL UNIVERSITY,SRA1083660,,public,8D83597DF7EBD08D73978CFC8768C319,8BA034D7EBDF1624B4DD07CB6122BAFE
SRR11932892,2020-06-11 09:51:35,2020-06-05 11:00:24,31817099,1449859796,0,45,833,,https://sra-downloadb.be-md.ncbi.nlm.nih.gov/sos9/sra-pub-zq-924/SRR011/11932/SRR11932892/SRR11932892.lite.1,SRX8478414,L219,RNA-Seq,cDNA,TRANSCRIPTOMIC,PAIRED,0,0,ILLUMINA,Illumina HiSeq 2500,SRP266111,PRJNA637522,,637522,SRS6778356,SAMN15144959,simple,4577,Zea mays,CIMBL40_WW,,,,,,,no,,,,,CHINA AGRICULTURAL UNIVERSITY,SRA1083660,,public,9B80217BA9A914BCB27A3E2514A40D7F,0E8099A82C2B1D8B83975DE4FB33D934
SRR11932891,2020-06-11 09:51:36,2020-06-05 11:00:02,36990643,1883014479,0,50,685,,https://sra-downloadb.be-md.ncbi.nlm.nih.gov/sos9/sra-pub-zq-922/SRR011/11932/SRR11932891/SRR11932891.lite.1,SRX8478415,L220,RNA-Seq,cDNA,TRANSCRIPTOMIC,PAIRED,0,0,ILLUMINA,Illumina HiSeq 2500,SRP266111,PRJNA637522,,637522,SRS6778359,SAMN15144960,simple,4577,Zea mays,CIMBL42_WS1,,,,,,,no,,,,,CHINA AGRICULTURAL UNIVERSITY,SRA1083660,,public,BD84C465F250D2BA60E521F5717DBF2E,356590648C775BE19B47479C0FD1A755
SRR11932889,2020-06-11 09:51:36,2020-06-05 11:09:08,84100710,3721281035,0,44,2284,,https://sra-downloadb.be-md.ncbi.nlm.nih.gov/sos9/sra-pub-zq-924/SRR011/11932/SRR11932889/SRR11932889.lite.1,SRX8478417,L221,RNA-Seq,cDNA,TRANSCRIPTOMIC,PAIRED,0,0,ILLUMINA,Illumina HiSeq 2500,SRP266111,PRJNA637522,,637522,SRS6778360,SAMN15144961,simple,4577,Zea mays,CIMBL42_WS2,,,,,,,no,,,,,CHINA AGRICULTURAL UNIVERSITY,SRA1083660,,public,740BCDDBFD3E71325505AA4F3A5EA71A,3D710089C92F42D0D8F5E02F122D5118
SRR11932888,2020-06-11 09:51:36,2020-06-05 11:01:15,39350309,2001313689,0,50,746,,https://sra-downloadb.be-md.ncbi.nlm.nih.gov/sos9/sra-pub-zq-924/SRR011/11932/SRR11932888/SRR11932888.lite.1,SRX8478418,L222,RNA-Seq,cDNA,TRANSCRIPTOMIC,PAIRED,0,0,ILLUMINA,Illumina HiSeq 2500,SRP266111,PRJNA637522,,637522,SRS6778361,SAMN15144962,simple,4577,Zea mays,CIMBL42_WW,,,,,,,no,,,,,CHINA AGRICULTURAL UNIVERSITY,SRA1083660,,public,79B72D1156FD3FE01E34FD272E11A545,364A358331BA18478352DD8F6E63B67B
SRR11932887,2020-06-11 09:51:36,2020-06-05 11:01:20,36158859,1840023266,0,50,658,,https://sra-downloadb.be-md.ncbi.nlm.nih.gov/sos9/sra-pub-zq-922/SRR011/11932/SRR11932887/SRR11932887.lite.1,SRX8478419,L223,RNA-Seq,cDNA,TRANSCRIPTOMIC,PAIRED,0,0,ILLUMINA,Illumina HiSeq 2500,SRP266111,PRJNA637522,,637522,SRS6778362,SAMN15144963,simple,4577,Zea mays,CIMBL46_WS1,,,,,,,no,,,,,CHINA AGRICULTURAL UNIVERSITY,SRA1083660,,public,3118559E978B363E5E625053EBDED26F,6C96FFBAF72CA3CFAD1D08B80F88EB30
SRR11932886,2020-06-11 09:51:36,2020-06-05 11:00:54,40221962,2045867671,0,50,779,,https://sra-downloadb.be-md.ncbi.nlm.nih.gov/sos9/sra-pub-zq-922/SRR011/11932/SRR11932886/SRR11932886.lite.1,SRX8478420,L224,RNA-Seq,cDNA,TRANSCRIPTOMIC,PAIRED,0,0,ILLUMINA,Illumina HiSeq 2500,SRP266111,PRJNA637522,,637522,SRS6778363,SAMN15144964,simple,4577,Zea mays,CIMBL46_WS2,,,,,,,no,,,,,CHINA AGRICULTURAL UNIVERSITY,SRA1083660,,public,8B952CCAC6735FDC675513EB4DA54014,0EA8261BD4A6D95377C3E28A04CD017E
SRR11932885,2020-06-11 09:51:36,2020-06-05 10:59:45,35821523,1819670525,0,50,642,,https://sra-downloadb.be-md.ncbi.nlm.nih.gov/sos9/sra-pub-zq-922/SRR011/11932/SRR11932885/SRR11932885.lite.1,SRX8478421,L225,RNA-Seq,cDNA,TRANSCRIPTOMIC,PAIRED,0,0,ILLUMINA,Illumina HiSeq 2500,SRP266111,PRJNA637522,,637522,SRS6778364,SAMN15144965,simple,4577,Zea mays,CIMBL46_WW,,,,,,,no,,,,,CHINA AGRICULTURAL UNIVERSITY,SRA1083660,,public,4C96F1EE01507488030C25770954C063,8CB87B453BDBABCC852A4050DD1F0886
SRR11932884,2020-06-11 09:51:36,2020-06-05 11:14:01,64260520,3271835024,0,50,1203,,https://sra-downloadb.be-md.ncbi.nlm.nih.gov/sos9/sra-pub-zq-924/SRR011/11932/SRR11932884/SRR11932884.lite.1,SRX8478422,L226,RNA-Seq,cDNA,TRANSCRIPTOMIC,PAIRED,0,0,ILLUMINA,Illumina HiSeq 2500,SRP266111,PRJNA637522,,637522,SRS6778365,SAMN15144966,simple,4577,Zea mays,CIMBL47_WS1,,,,,,,no,,,,,CHINA AGRICULTURAL UNIVERSITY,SRA1083660,,public,4B3E3F29003544C44391A88FE404B117,73651559CD92265CD86051C68382FBA6
SRR11932883,2020-06-11 09:51:36,2020-06-05 11:03:08,41508707,2114174196,0,50,751,,https://sra-downloadb.be-md.ncbi.nlm.nih.gov/sos9/sra-pub-zq-922/SRR011/11932/SRR11932883/SRR11932883.lite.1,SRX8478423,L227,RNA-Seq,cDNA,TRANSCRIPTOMIC,PAIRED,0,0,ILLUMINA,Illumina HiSeq 2500,SRP266111,PRJNA637522,,637522,SRS6778366,SAMN15144967,simple,4577,Zea mays,CIMBL47_WS2,,,,,,,no,,,,,CHINA AGRICULTURAL UNIVERSITY,SRA1083660,,public,1D3232715808669A62BD69CB02FE8F77,7AC796C8B6D58B8E2CDDC9CADEDC4D5B
SRR11932882,2020-06-11 09:51:36,2020-06-05 11:01:21,34579650,1761395295,0,50,600,,https://sra-downloadb.be-md.ncbi.nlm.nih.gov/sos9/sra-pub-zq-924/SRR011/11932/SRR11932882/SRR11932882.lite.1,SRX8478424,L228,RNA-Seq,cDNA,TRANSCRIPTOMIC,PAIRED,0,0,ILLUMINA,Illumina HiSeq 2500,SRP266111,PRJNA637522,,637522,SRS6778367,SAMN15144968,simple,4577,Zea mays,CIMBL47_WW,,,,,,,no,,,,,CHINA AGRICULTURAL UNIVERSITY,SRA1083660,,public,4480EE59D32957F54A1216634D5E3392,2AEE4C94C4919405648BD50B7A73F68E
SRR11932897,2020-06-11 09:51:36,2020-06-05 11:10:48,46618802,2372398498,0,50,882,,https://sra-downloadb.be-md.ncbi.nlm.nih.gov/sos9/sra-pub-zq-924/SRR011/11932/SRR11932897/SRR11932897.lite.1,SRX8478409,L214,RNA-Seq,cDNA,TRANSCRIPTOMIC,PAIRED,0,0,ILLUMINA,Illumina HiSeq 2500,SRP266111,PRJNA637522,,637522,SRS6778352,SAMN15144954,simple,4577,Zea mays,CIMBL4_WS1,,,,,,,no,,,,,CHINA AGRICULTURAL UNIVERSITY,SRA1083660,,public,3AFF9B092DF9FD54BAAAE3F8898F8684,C5E9AB8CABE49EB5C583AAF39EE72E3D
SRR11932896,2020-06-11 09:51:36,2020-06-05 11:09:24,46992091,2393723425,0,50,798,,https://sra-downloadb.be-md.ncbi.nlm.nih.gov/sos9/sra-pub-zq-922/SRR011/11932/SRR11932896/SRR11932896.lite.1,SRX8478410,L215,RNA-Seq,cDNA,TRANSCRIPTOMIC,PAIRED,0,0,ILLUMINA,Illumina HiSeq 2500,SRP266111,PRJNA637522,,637522,SRS6778353,SAMN15144955,simple,4577,Zea mays,CIMBL4_WS2,,,,,,,no,,,,,CHINA AGRICULTURAL UNIVERSITY,SRA1083660,,public,47F305C2043DFA5E9FE47C4D7A5E8027,09C3B83D9F2869E08B62B319A89F87B1
SRR11932895,2020-06-11 09:51:36,2020-06-05 10:59:32,29985382,1526108996,0,50,578,,https://sra-downloadb.be-md.ncbi.nlm.nih.gov/sos9/sra-pub-zq-922/SRR011/11932/SRR11932895/SRR11932895.lite.1,SRX8478411,L216,RNA-Seq,cDNA,TRANSCRIPTOMIC,PAIRED,0,0,ILLUMINA,Illumina HiSeq 2500,SRP266111,PRJNA637522,,637522,SRS6778354,SAMN15144956,simple,4577,Zea mays,CIMBL4_WW,,,,,,,no,,,,,CHINA AGRICULTURAL UNIVERSITY,SRA1083660,,public,0699C4384C1EB0D73B4BC652AE1A1FB8,19502E96D02ACA183918E5B9E10FDFFC
SRR11932868,2020-06-11 09:51:36,2020-06-05 10:59:48,38107029,1939889942,0,50,707,,https://sra-downloadb.be-md.ncbi.nlm.nih.gov/sos9/sra-pub-zq-922/SRR011/11932/SRR11932868/SRR11932868.lite.1,SRX8478438,L229,RNA-Seq,cDNA,TRANSCRIPTOMIC,PAIRED,0,0,ILLUMINA,Illumina HiSeq 2500,SRP266111,PRJNA637522,,637522,SRS6778381,SAMN15144969,simple,4577,Zea mays,CIMBL51_WS1,,,,,,,no,,,,,CHINA AGRICULTURAL UNIVERSITY,SRA1083660,,public,1671DA9FBAD8A68D9CE5C0EA886E21A2,5CFAA68066D049440049E01573295180
SRR11932867,2020-06-11 09:51:36,2020-06-05 11:07:14,49427416,2517285362,0,50,893,,https://sra-downloadb.be-md.ncbi.nlm.nih.gov/sos9/sra-pub-zq-922/SRR011/11932/SRR11932867/SRR11932867.lite.1,SRX8478439,L230,RNA-Seq,cDNA,TRANSCRIPTOMIC,PAIRED,0,0,ILLUMINA,Illumina HiSeq 2500,SRP266111,PRJNA637522,,637522,SRS6778382,SAMN15144970,simple,4577,Zea mays,CIMBL51_WS2,,,,,,,no,,,,,CHINA AGRICULTURAL UNIVERSITY,SRA1083660,,public,A227CC64BE9B8FC9A7E1365101AC6CDB,61A18D7E625AC510DF7C3A2CE42E40D2
SRR11932865,2020-06-11 09:51:36,2020-06-05 10:58:58,35958544,1829944201,0,50,665,,https://sra-downloadb.be-md.ncbi.nlm.nih.gov/sos9/sra-pub-zq-922/SRR011/11932/SRR11932865/SRR11932865.lite.1,SRX8478441,L231,RNA-Seq,cDNA,TRANSCRIPTOMIC,PAIRED,0,0,ILLUMINA,Illumina HiSeq 2500,SRP266111,PRJNA637522,,637522,SRS6778384,SAMN15144971,simple,4577,Zea mays,CIMBL51_WW,,,,,,,no,,,,,CHINA AGRICULTURAL UNIVERSITY,SRA1083660,,public,8071E102BD77055FF2747C4AB09C2FA4,324F095997666A26A5BEB9E837001BB3
SRR11932864,2020-06-11 09:51:36,2020-06-05 11:00:19,33986654,1729496410,0,50,665,,https://sra-downloadb.be-md.ncbi.nlm.nih.gov/sos9/sra-pub-zq-922/SRR011/11932/SRR11932864/SRR11932864.lite.1,SRX8478442,L232,RNA-Seq,cDNA,TRANSCRIPTOMIC,PAIRED,0,0,ILLUMINA,Illumina HiSeq 2500,SRP266111,PRJNA637522,,637522,SRS6778385,SAMN15144972,simple,4577,Zea mays,CIMBL52_WS1,,,,,,,no,,,,,CHINA AGRICULTURAL UNIVERSITY,SRA1083660,,public,B5C33825C6F7D05C8DD39ADD1B1A4B53,D6200C8957AB66DCE1AC2F951786FF04
SRR11932863,2020-06-11 09:51:36,2020-06-05 11:00:24,45096312,2296927787,0,50,803,,https://sra-downloadb.be-md.ncbi.nlm.nih.gov/sos9/sra-pub-zq-924/SRR011/11932/SRR11932863/SRR11932863.lite.1,SRX8478443,L233,RNA-Seq,cDNA,TRANSCRIPTOMIC,PAIRED,0,0,ILLUMINA,Illumina HiSeq 2500,SRP266111,PRJNA637522,,637522,SRS6778386,SAMN15144973,simple,4577,Zea mays,CIMBL52_WS2,,,,,,,no,,,,,CHINA AGRICULTURAL UNIVERSITY,SRA1083660,,public,40C4545D5282F0CC6227C0C9FF324BEF,EEA785D95EC92E63D155BF0573022D51
SRR11932862,2020-06-11 09:51:36,2020-06-05 11:02:34,59459876,3015991078,0,50,1112,,https://sra-downloadb.be-md.ncbi.nlm.nih.gov/sos9/sra-pub-zq-924/SRR011/11932/SRR11932862/SRR11932862.lite.1,SRX8478444,L234,RNA-Seq,cDNA,TRANSCRIPTOMIC,PAIRED,0,0,ILLUMINA,Illumina HiSeq 2500,SRP266111,PRJNA637522,,637522,SRS6778388,SAMN15144974,simple,4577,Zea mays,CIMBL52_WW,,,,,,,no,,,,,CHINA AGRICULTURAL UNIVERSITY,SRA1083660,,public,940F1DD49173C4D200FE390CBE9D28DD,A3D4EA168F88CD171CE006EAA84AB777
SRR11932861,2020-06-11 09:51:36,2020-06-05 10:57:14,22285217,1135908988,0,50,293,,https://sra-downloadb.be-md.ncbi.nlm.nih.gov/sos9/sra-pub-zq-922/SRR011/11932/SRR11932861/SRR11932861.lite.1,SRX8478445,L235,RNA-Seq,cDNA,TRANSCRIPTOMIC,PAIRED,0,0,ILLUMINA,Illumina HiSeq 2500,SRP266111,PRJNA637522,,637522,SRS6778387,SAMN15144975,simple,4577,Zea mays,CIMBL53_WS1,,,,,,,no,,,,,CHINA AGRICULTURAL UNIVERSITY,SRA1083660,,public,7E7CD4B86663F8FA47A3BFD72A5A3270,C09DE767CD4441C6FDF42165D7B03056
SRR11932860,2020-06-11 09:51:36,2020-06-05 10:57:37,24886333,1267578623,0,50,355,,https://sra-downloadb.be-md.ncbi.nlm.nih.gov/sos9/sra-pub-zq-924/SRR011/11932/SRR11932860/SRR11932860.lite.1,SRX8478446,L236,RNA-Seq,cDNA,TRANSCRIPTOMIC,PAIRED,0,0,ILLUMINA,Illumina HiSeq 2500,SRP266111,PRJNA637522,,637522,SRS6778389,SAMN15144976,simple,4577,Zea mays,CIMBL53_WS2,,,,,,,no,,,,,CHINA AGRICULTURAL UNIVERSITY,SRA1083660,,public,B60DBEBE86FF2E6333E22CDBF3E58244,17F9F44C36BACC111C8B1F442B91A615
SRR11932859,2020-06-11 09:51:36,2020-06-05 10:59:07,39593640,2013175046,0,50,807,,https://sra-downloadb.be-md.ncbi.nlm.nih.gov/sos9/sra-pub-zq-922/SRR011/11932/SRR11932859/SRR11932859.lite.1,SRX8478447,L237,RNA-Seq,cDNA,TRANSCRIPTOMIC,PAIRED,0,0,ILLUMINA,Illumina HiSeq 2500,SRP266111,PRJNA637522,,637522,SRS6778390,SAMN15144977,simple,4577,Zea mays,CIMBL53_WW,,,,,,,no,,,,,CHINA AGRICULTURAL UNIVERSITY,SRA1083660,,public,8C596B6B2A98A1D2BDAC39028E140084,905E6E870109418A96D50CEF5E7AB8D5
SRR11932858,2020-06-11 09:51:36,2020-06-05 11:06:05,53452626,2723635346,0,50,814,,https://sra-downloadb.be-md.ncbi.nlm.nih.gov/sos9/sra-pub-zq-922/SRR011/11932/SRR11932858/SRR11932858.lite.1,SRX8478448,L238,RNA-Seq,cDNA,TRANSCRIPTOMIC,PAIRED,0,0,ILLUMINA,Illumina HiSeq 2500,SRP266111,PRJNA637522,,637522,SRS6778391,SAMN15144978,simple,4577,Zea mays,CIMBL54_WS1,,,,,,,no,,,,,CHINA AGRICULTURAL UNIVERSITY,SRA1083660,,public,94C1C2786C85EB47D847F932EEC9EBDB,46D0840CE48758C81378D868F3AA54B2
SRR11932857,2020-06-11 09:51:36,2020-06-05 11:00:33,26063254,1294790216,0,49,723,,https://sra-downloadb.be-md.ncbi.nlm.nih.gov/sos9/sra-pub-zq-922/SRR011/11932/SRR11932857/SRR11932857.lite.1,SRX8478449,L239,RNA-Seq,cDNA,TRANSCRIPTOMIC,PAIRED,0,0,ILLUMINA,Illumina HiSeq 2500,SRP266111,PRJNA637522,,637522,SRS6778393,SAMN15144979,simple,4577,Zea mays,CIMBL54_WS2,,,,,,,no,,,,,CHINA AGRICULTURAL UNIVERSITY,SRA1083660,,public,4F681C730D5B01630CB063823AF0518B,90F557791BFCD625FCCA2003D56B6203
SRR11932856,2020-06-11 09:51:36,2020-06-05 10:59:36,31865058,1449500994,0,45,851,,https://sra-downloadb.be-md.ncbi.nlm.nih.gov/sos9/sra-pub-zq-924/SRR011/11932/SRR11932856/SRR11932856.lite.1,SRX8478450,L240,RNA-Seq,cDNA,TRANSCRIPTOMIC,PAIRED,0,0,ILLUMINA,Illumina HiSeq 2500,SRP266111,PRJNA637522,,637522,SRS6778392,SAMN15144980,simple,4577,Zea mays,CIMBL54_WW,,,,,,,no,,,,,CHINA AGRICULTURAL UNIVERSITY,SRA1083660,,public,E470B6224B888D609B8421649225B156,28D024AA08A097D6305659959E9419FC
SRR11932854,2020-06-11 09:51:36,2020-06-05 11:03:40,42786771,2180162334,0,50,637,,https://sra-downloadb.be-md.ncbi.nlm.nih.gov/sos9/sra-pub-zq-922/SRR011/11932/SRR11932854/SRR11932854.lite.1,SRX8478452,L241,RNA-Seq,cDNA,TRANSCRIPTOMIC,PAIRED,0,0,ILLUMINA,Illumina HiSeq 2500,SRP266111,PRJNA637522,,637522,SRS6778396,SAMN15144981,simple,4577,Zea mays,CIMBL55_WS1,,,,,,,no,,,,,CHINA AGRICULTURAL UNIVERSITY,SRA1083660,,public,D68DA218EB507943717A963DE143B6F1,7B9DF703315B4BCCFE3AF046DCBDA88D
SRR11932853,2020-06-11 09:51:36,2020-06-05 11:10:07,105284296,5190670746,0,49,2390,,https://sra-downloadb.be-md.ncbi.nlm.nih.gov/sos9/sra-pub-zq-922/SRR011/11932/SRR11932853/SRR11932853.lite.1,SRX8478453,L242,RNA-Seq,cDNA,TRANSCRIPTOMIC,PAIRED,0,0,ILLUMINA,Illumina HiSeq 2500,SRP266111,PRJNA637522,,637522,SRS6778395,SAMN15144982,simple,4577,Zea mays,CIMBL55_WS2,,,,,,,no,,,,,CHINA AGRICULTURAL UNIVERSITY,SRA1083660,,public,28BB870F05BC581BE27FB4118CBC60DD,0BC8775F09A508D1FC3C3CBC718D9426
SRR11932852,2020-06-11 09:51:36,2020-06-05 11:04:09,58141336,2915351686,0,50,1302,,https://sra-downloadb.be-md.ncbi.nlm.nih.gov/sos9/sra-pub-zq-922/SRR011/11932/SRR11932852/SRR11932852.lite.1,SRX8478454,L243,RNA-Seq,cDNA,TRANSCRIPTOMIC,PAIRED,0,0,ILLUMINA,Illumina HiSeq 2500,SRP266111,PRJNA637522,,637522,SRS6778397,SAMN15144983,simple,4577,Zea mays,CIMBL55_WW,,,,,,,no,,,,,CHINA AGRICULTURAL UNIVERSITY,SRA1083660,,public,40A0108C6A3E4BE9A62C7B9C2EA9496D,8B09FCED2A0ADB5F36098218C751A08C
SRR11932851,2020-06-11 09:51:36,2020-06-05 11:03:11,43258633,2121237429,0,49,1266,,https://sra-downloadb.be-md.ncbi.nlm.nih.gov/sos9/sra-pub-zq-924/SRR011/11932/SRR11932851/SRR11932851.lite.1,SRX8478455,L244,RNA-Seq,cDNA,TRANSCRIPTOMIC,PAIRED,0,0,ILLUMINA,Illumina HiSeq 2500,SRP266111,PRJNA637522,,637522,SRS6778399,SAMN15144984,simple,4577,Zea mays,CIMBL56_WS1,,,,,,,no,,,,,CHINA AGRICULTURAL UNIVERSITY,SRA1083660,,public,18BE8F778D140C974D3DBC89D782A7C5,BF55AD3C00B2FF30201CA487BC7DBDD7
SRR11932850,2020-06-11 09:51:36,2020-06-05 11:12:11,53237507,2705139259,0,50,1155,,https://sra-downloadb.be-md.ncbi.nlm.nih.gov/sos9/sra-pub-zq-924/SRR011/11932/SRR11932850/SRR11932850.lite.1,SRX8478456,L245,RNA-Seq,cDNA,TRANSCRIPTOMIC,PAIRED,0,0,ILLUMINA,Illumina HiSeq 2500,SRP266111,PRJNA637522,,637522,SRS6778398,SAMN15144985,simple,4577,Zea mays,CIMBL56_WS1_REP,,,,,,,no,,,,,CHINA AGRICULTURAL UNIVERSITY,SRA1083660,,public,517D09B888EA95183149388A25F650B4,080B12EE276151962421E2AA6487C4F9
SRR11932849,2020-06-11 09:51:36,2020-06-05 11:03:57,65344856,3320083760,0,50,1438,,https://sra-downloadb.be-md.ncbi.nlm.nih.gov/sos9/sra-pub-zq-922/SRR011/11932/SRR11932849/SRR11932849.lite.1,SRX8478457,L246,RNA-Seq,cDNA,TRANSCRIPTOMIC,PAIRED,0,0,ILLUMINA,Illumina HiSeq 2500,SRP266111,PRJNA637522,,637522,SRS6778400,SAMN15144986,simple,4577,Zea mays,CIMBL56_WS2,,,,,,,no,,,,,CHINA AGRICULTURAL UNIVERSITY,SRA1083660,,public,7515E3C7995CCF6B00C986ED6ADF6781,9AD2CB7F68C7BDB5401F1AA6CBFCEA83
SRR11932848,2020-06-11 09:51:36,2020-06-05 11:02:30,47263924,2358935794,0,49,1112,,https://sra-downloadb.be-md.ncbi.nlm.nih.gov/sos9/sra-pub-zq-922/SRR011/11932/SRR11932848/SRR11932848.lite.1,SRX8478458,L247,RNA-Seq,cDNA,TRANSCRIPTOMIC,PAIRED,0,0,ILLUMINA,Illumina HiSeq 2500,SRP266111,PRJNA637522,,637522,SRS6778402,SAMN15144987,simple,4577,Zea mays,CIMBL56_WW,,,,,,,no,,,,,CHINA AGRICULTURAL UNIVERSITY,SRA1083660,,public,B0F3C9546F77DCDB40CADC0E340F4653,9AC453EE0D3B2FC0720172679A010461
SRR11932847,2020-06-11 09:51:36,2020-06-05 11:05:00,49007791,2490320243,0,50,1110,,https://sra-downloadb.be-md.ncbi.nlm.nih.gov/sos9/sra-pub-zq-922/SRR011/11932/SRR11932847/SRR11932847.lite.1,SRX8478459,L248,RNA-Seq,cDNA,TRANSCRIPTOMIC,PAIRED,0,0,ILLUMINA,Illumina HiSeq 2500,SRP266111,PRJNA637522,,637522,SRS6778401,SAMN15144988,simple,4577,Zea mays,CIMBL56_WW_REP,,,,,,,no,,,,,CHINA AGRICULTURAL UNIVERSITY,SRA1083660,,public,6E29DFAAEBE302C5953D5C1B940C43F2,AC23D0E3FF29B31089F35BFB14C260E7
SRR11932846,2020-06-11 09:51:36,2020-06-05 11:18:33,98980809,5038569758,0,50,1883,,https://sra-downloadb.be-md.ncbi.nlm.nih.gov/sos9/sra-pub-zq-922/SRR011/11932/SRR11932846/SRR11932846.lite.1,SRX8478460,L249,RNA-Seq,cDNA,TRANSCRIPTOMIC,PAIRED,0,0,ILLUMINA,Illumina HiSeq 2500,SRP266111,PRJNA637522,,637522,SRS6778403,SAMN15144989,simple,4577,Zea mays,CIMBL58_WS2,,,,,,,no,,,,,CHINA AGRICULTURAL UNIVERSITY,SRA1083660,,public,0841E97BE2F0E2C19D4B040FBC2CDCBA,94AA823AF18DD33B01EFB9E26AC0B2E0
SRR11932845,2020-06-11 09:51:36,2020-06-05 11:18:43,92470779,4696903801,0,50,1761,,https://sra-downloadb.be-md.ncbi.nlm.nih.gov/sos9/sra-pub-zq-922/SRR011/11932/SRR11932845/SRR11932845.lite.1,SRX8478461,L250,RNA-Seq,cDNA,TRANSCRIPTOMIC,PAIRED,0,0,ILLUMINA,Illumina HiSeq 2500,SRP266111,PRJNA637522,,637522,SRS6778405,SAMN15144990,simple,4577,Zea mays,CIMBL58_WW,,,,,,,no,,,,,CHINA AGRICULTURAL UNIVERSITY,SRA1083660,,public,EF44FC8D425FC63A8E1B83E6391D72FD,D9104ABCE4F676F03C97D40552780188
SRR11932843,2020-06-11 09:51:36,2020-06-05 11:01:33,52486626,2672080627,0,50,976,,https://sra-downloadb.be-md.ncbi.nlm.nih.gov/sos9/sra-pub-zq-924/SRR011/11932/SRR11932843/SRR11932843.lite.1,SRX8478463,L251,RNA-Seq,cDNA,TRANSCRIPTOMIC,PAIRED,0,0,ILLUMINA,Illumina HiSeq 2500,SRP266111,PRJNA637522,,637522,SRS6778406,SAMN15144991,simple,4577,Zea mays,CIMBL59_WS1,,,,,,,no,,,,,CHINA AGRICULTURAL UNIVERSITY,SRA1083660,,public,13C3604BC38E6AA1DF66FA8A1B4F65F6,AC60CD1CAA434C641BA59CC2CC12EAB8
SRR11932842,2020-06-11 09:51:36,2020-06-05 10:59:14,37698161,1920029282,0,50,675,,https://sra-downloadb.be-md.ncbi.nlm.nih.gov/sos9/sra-pub-zq-924/SRR011/11932/SRR11932842/SRR11932842.lite.1,SRX8478464,L252,RNA-Seq,cDNA,TRANSCRIPTOMIC,PAIRED,0,0,ILLUMINA,Illumina HiSeq 2500,SRP266111,PRJNA637522,,637522,SRS6778407,SAMN15144992,simple,4577,Zea mays,CIMBL59_WS2,,,,,,,no,,,,,CHINA AGRICULTURAL UNIVERSITY,SRA1083660,,public,FF5500CDCA6F40D295E947B9C810FA3E,C312C53BDA2D8D1F695F99600007F16D
SRR11932841,2020-06-11 09:51:36,2020-06-05 10:59:15,42503199,2163828643,0,50,798,,https://sra-downloadb.be-md.ncbi.nlm.nih.gov/sos9/sra-pub-zq-922/SRR011/11932/SRR11932841/SRR11932841.lite.1,SRX8478465,L253,RNA-Seq,cDNA,TRANSCRIPTOMIC,PAIRED,0,0,ILLUMINA,Illumina HiSeq 2500,SRP266111,PRJNA637522,,637522,SRS6778408,SAMN15144993,simple,4577,Zea mays,CIMBL59_WW,,,,,,,no,,,,,CHINA AGRICULTURAL UNIVERSITY,SRA1083660,,public,572181AAE88E079538A033DD1C169DC1,EE4EF017DDC3971C0D6876B76D7C256F
SRR11932837,2020-06-11 09:51:37,2020-06-05 11:02:45,44962942,2090974169,0,46,1197,,https://sra-downloadb.be-md.ncbi.nlm.nih.gov/sos9/sra-pub-zq-922/SRR011/11932/SRR11932837/SRR11932837.lite.1,SRX8478469,L257,RNA-Seq,cDNA,TRANSCRIPTOMIC,PAIRED,0,0,ILLUMINA,Illumina HiSeq 2500,SRP266111,PRJNA637522,,637522,SRS6778412,SAMN15144997,simple,4577,Zea mays,CIMBL60_WS2,,,,,,,no,,,,,CHINA AGRICULTURAL UNIVERSITY,SRA1083660,,public,E98D4783906D3D1A61A1E936F756A5FA,264F27E1909051A08372B0AF80806EC5
SRR11932836,2020-06-11 09:51:36,2020-06-05 11:17:48,72874894,3540229111,0,48,2206,,https://sra-downloadb.be-md.ncbi.nlm.nih.gov/sos9/sra-pub-zq-922/SRR011/11932/SRR11932836/SRR11932836.lite.1,SRX8478470,L258,RNA-Seq,cDNA,TRANSCRIPTOMIC,PAIRED,0,0,ILLUMINA,Illumina HiSeq 2500,SRP266111,PRJNA637522,,637522,SRS6778413,SAMN15144998,simple,4577,Zea mays,CIMBL60_WW,,,,,,,no,,,,,CHINA AGRICULTURAL UNIVERSITY,SRA1083660,,public,3912DCDF3A2027F0C0F4E90EFEE94C6F,0A0688FC4262276B372C7DF9EC41E756
SRR11932835,2020-06-11 09:51:36,2020-06-05 11:09:57,89000263,3962592411,0,44,2339,,https://sra-downloadb.be-md.ncbi.nlm.nih.gov/sos9/sra-pub-zq-922/SRR011/11932/SRR11932835/SRR11932835.lite.1,SRX8478471,L259,RNA-Seq,cDNA,TRANSCRIPTOMIC,PAIRED,0,0,ILLUMINA,Illumina HiSeq 2500,SRP266111,PRJNA637522,,637522,SRS6778414,SAMN15144999,simple,4577,Zea mays,CIMBL62_WS1,,,,,,,no,,,,,CHINA AGRICULTURAL UNIVERSITY,SRA1083660,,public,887D90F6BF53DE3E3177EB646D4CB44D,FE19004D1451CF24DE1327BF67AF5DB9
SRR11932834,2020-06-11 09:51:36,2020-06-05 10:58:05,24578447,1221670863,0,49,675,,https://sra-downloadb.be-md.ncbi.nlm.nih.gov/sos9/sra-pub-zq-922/SRR011/11932/SRR11932834/SRR11932834.lite.1,SRX8478472,L260,RNA-Seq,cDNA,TRANSCRIPTOMIC,PAIRED,0,0,ILLUMINA,Illumina HiSeq 2500,SRP266111,PRJNA637522,,637522,SRS6778415,SAMN15145000,simple,4577,Zea mays,CIMBL62_WS2,,,,,,,no,,,,,CHINA AGRICULTURAL UNIVERSITY,SRA1083660,,public,2DED57AD2CCB7FA8E0447DDD8E5CC710,434F3669DCB73C9E863AAE511AB47F18
SRR11932832,2020-06-11 09:51:36,2020-06-05 11:04:07,44602040,2034201698,0,45,1137,,https://sra-downloadb.be-md.ncbi.nlm.nih.gov/sos9/sra-pub-zq-922/SRR011/11932/SRR11932832/SRR11932832.lite.1,SRX8478474,L261,RNA-Seq,cDNA,TRANSCRIPTOMIC,PAIRED,0,0,ILLUMINA,Illumina HiSeq 2500,SRP266111,PRJNA637522,,637522,SRS6778417,SAMN15145001,simple,4577,Zea mays,CIMBL62_WW,,,,,,,no,,,,,CHINA AGRICULTURAL UNIVERSITY,SRA1083660,,public,2409DD8899014D4B2B5B07479665321A,DC185CD36D3095D5AFA31585715057DA
SRR11932831,2020-06-11 09:51:37,2020-06-05 11:03:27,46582181,2370025965,0,50,875,,https://sra-downloadb.be-md.ncbi.nlm.nih.gov/sos9/sra-pub-zq-922/SRR011/11932/SRR11932831/SRR11932831.lite.1,SRX8478475,L262,RNA-Seq,cDNA,TRANSCRIPTOMIC,PAIRED,0,0,ILLUMINA,Illumina HiSeq 2500,SRP266111,PRJNA637522,,637522,SRS6778419,SAMN15145002,simple,4577,Zea mays,CIMBL68_WS1,,,,,,,no,,,,,CHINA AGRICULTURAL UNIVERSITY,SRA1083660,,public,D2EC4392F032839467BB12B132262592,F6AF07DC7B6E1DDAFA6308DCC3D60238
SRR11932830,2020-06-11 09:51:36,2020-06-05 11:04:01,46697371,2377811148,0,50,821,,https://sra-downloadb.be-md.ncbi.nlm.nih.gov/sos9/sra-pub-zq-924/SRR011/11932/SRR11932830/SRR11932830.lite.1,SRX8478476,L263,RNA-Seq,cDNA,TRANSCRIPTOMIC,PAIRED,0,0,ILLUMINA,Illumina HiSeq 2500,SRP266111,PRJNA637522,,637522,SRS6778418,SAMN15145003,simple,4577,Zea mays,CIMBL68_WS2,,,,,,,no,,,,,CHINA AGRICULTURAL UNIVERSITY,SRA1083660,,public,F842081574AAB3DA99E9703999FBF0F5,62FAC2145C42EA1844D3EEF7B0645246
SRR11932829,2020-06-11 09:51:36,2020-06-05 11:06:52,59712035,3040274637,0,50,1092,,https://sra-downloadb.be-md.ncbi.nlm.nih.gov/sos9/sra-pub-zq-924/SRR011/11932/SRR11932829/SRR11932829.lite.1,SRX8478477,L264,RNA-Seq,cDNA,TRANSCRIPTOMIC,PAIRED,0,0,ILLUMINA,Illumina HiSeq 2500,SRP266111,PRJNA637522,,637522,SRS6778420,SAMN15145004,simple,4577,Zea mays,CIMBL68_WW,,,,,,,no,,,,,CHINA AGRICULTURAL UNIVERSITY,SRA1083660,,public,B30939C8E7A2160270EAC0415E93D9DC,1A6C655117F361BD18E16310072C3456
SRR11932828,2020-06-11 09:51:36,2020-06-05 11:12:35,57050842,2901697839,0,50,1151,,https://sra-downloadb.be-md.ncbi.nlm.nih.gov/sos9/sra-pub-zq-922/SRR011/11932/SRR11932828/SRR11932828.lite.1,SRX8478478,L265,RNA-Seq,cDNA,TRANSCRIPTOMIC,PAIRED,0,0,ILLUMINA,Illumina HiSeq 2500,SRP266111,PRJNA637522,,637522,SRS6778421,SAMN15145005,simple,4577,Zea mays,CIMBL69_WS1,,,,,,,no,,,,,CHINA AGRICULTURAL UNIVERSITY,SRA1083660,,public,A319BB2CA850993DCA35B07349BE855A,1108C28459349746EF4D6C17CC2DDDBC
SRR11932827,2020-06-11 09:51:36,2020-06-05 10:59:33,39695696,2021644882,0,50,717,,https://sra-downloadb.be-md.ncbi.nlm.nih.gov/sos9/sra-pub-zq-922/SRR011/11932/SRR11932827/SRR11932827.lite.1,SRX8478479,L266,RNA-Seq,cDNA,TRANSCRIPTOMIC,PAIRED,0,0,ILLUMINA,Illumina HiSeq 2500,SRP266111,PRJNA637522,,637522,SRS6778422,SAMN15145006,simple,4577,Zea mays,CIMBL69_WS2,,,,,,,no,,,,,CHINA AGRICULTURAL UNIVERSITY,SRA1083660,,public,E71705A7F9F09739CB4845EFA242F603,FF1C11DCF4BA786137E29B30C09F6234
SRR11932826,2020-06-11 09:51:36,2020-06-05 10:59:35,42093297,2142181511,0,50,812,,https://sra-downloadb.be-md.ncbi.nlm.nih.gov/sos9/sra-pub-zq-924/SRR011/11932/SRR11932826/SRR11932826.lite.1,SRX8478480,L267,RNA-Seq,cDNA,TRANSCRIPTOMIC,PAIRED,0,0,ILLUMINA,Illumina HiSeq 2500,SRP266111,PRJNA637522,,637522,SRS6778423,SAMN15145007,simple,4577,Zea mays,CIMBL69_WW,,,,,,,no,,,,,CHINA AGRICULTURAL UNIVERSITY,SRA1083660,,public,7BD8C30C152A565FEF2E23EA12F5D12B,5C999247AF2384CE64F9E2A78F985533
SRR11932840,2020-06-11 09:51:36,2020-06-05 10:59:12,28799537,1466008040,0,50,520,,https://sra-downloadb.be-md.ncbi.nlm.nih.gov/sos9/sra-pub-zq-922/SRR011/11932/SRR11932840/SRR11932840.lite.1,SRX8478466,L254,RNA-Seq,cDNA,TRANSCRIPTOMIC,PAIRED,0,0,ILLUMINA,Illumina HiSeq 2500,SRP266111,PRJNA637522,,637522,SRS6778409,SAMN15144994,simple,4577,Zea mays,CIMBL6_WS1,,,,,,,no,,,,,CHINA AGRICULTURAL UNIVERSITY,SRA1083660,,public,1C4DA3EB37DA386FCBF8D85092745AC0,2177BE27FF0AAC408161F70BE31BC526
SRR11932839,2020-06-11 09:51:36,2020-06-05 11:04:26,51065853,2596261420,0,50,986,,https://sra-downloadb.be-md.ncbi.nlm.nih.gov/sos9/sra-pub-zq-922/SRR011/11932/SRR11932839/SRR11932839.lite.1,SRX8478467,L255,RNA-Seq,cDNA,TRANSCRIPTOMIC,PAIRED,0,0,ILLUMINA,Illumina HiSeq 2500,SRP266111,PRJNA637522,,637522,SRS6778410,SAMN15144995,simple,4577,Zea mays,CIMBL6_WS2,,,,,,,no,,,,,CHINA AGRICULTURAL UNIVERSITY,SRA1083660,,public,DE7AD2CF0FD321CBBC268B360B489058,1A27F168FE962156A6CE8DF4C94981C3
SRR11932838,2020-06-11 09:51:36,2020-06-05 11:00:27,32515133,1654861578,0,50,612,,https://sra-downloadb.be-md.ncbi.nlm.nih.gov/sos9/sra-pub-zq-922/SRR011/11932/SRR11932838/SRR11932838.lite.1,SRX8478468,L256,RNA-Seq,cDNA,TRANSCRIPTOMIC,PAIRED,0,0,ILLUMINA,Illumina HiSeq 2500,SRP266111,PRJNA637522,,637522,SRS6778411,SAMN15144996,simple,4577,Zea mays,CIMBL6_WW,,,,,,,no,,,,,CHINA AGRICULTURAL UNIVERSITY,SRA1083660,,public,A7D744D4563E3F8412B6FE6055FEB377,71F1404F0CDE37D677AC905BAF07E6E2
SRR11932823,2020-06-11 09:51:36,2020-06-05 11:02:47,41884690,2128732616,0,50,753,,https://sra-downloadb.be-md.ncbi.nlm.nih.gov/sos9/sra-pub-zq-924/SRR011/11932/SRR11932823/SRR11932823.lite.1,SRX8478483,L270,RNA-Seq,cDNA,TRANSCRIPTOMIC,PAIRED,0,0,ILLUMINA,Illumina HiSeq 2500,SRP266111,PRJNA637522,,637522,SRS6778427,SAMN15145010,simple,4577,Zea mays,CIMBL70_WS1,,,,,,,no,,,,,CHINA AGRICULTURAL UNIVERSITY,SRA1083660,,public,E38F1D43D6F8B09BCD7375201F9A7034,212579B74A0EFDBA0C2B690D40396EC7
SRR11932821,2020-06-11 09:51:36,2020-06-05 11:00:37,50128517,2549583170,0,50,912,,https://sra-downloadb.be-md.ncbi.nlm.nih.gov/sos9/sra-pub-zq-922/SRR011/11932/SRR11932821/SRR11932821.lite.1,SRX8478485,L271,RNA-Seq,cDNA,TRANSCRIPTOMIC,PAIRED,0,0,ILLUMINA,Illumina HiSeq 2500,SRP266111,PRJNA637522,,637522,SRS6778429,SAMN15145011,simple,4577,Zea mays,CIMBL70_WS2,,,,,,,no,,,,,CHINA AGRICULTURAL UNIVERSITY,SRA1083660,,public,EEC7B8FFCF4C5389A4735ADD23D7BEA3,F13A2BACCBD8B006BA9BA1CEFF3B81E5
SRR11932820,2020-06-11 09:51:36,2020-06-05 11:02:37,48210244,2454638551,0,50,920,,https://sra-downloadb.be-md.ncbi.nlm.nih.gov/sos9/sra-pub-zq-922/SRR011/11932/SRR11932820/SRR11932820.lite.1,SRX8478486,L272,RNA-Seq,cDNA,TRANSCRIPTOMIC,PAIRED,0,0,ILLUMINA,Illumina HiSeq 2500,SRP266111,PRJNA637522,,637522,SRS6778428,SAMN15145012,simple,4577,Zea mays,CIMBL70_WW,,,,,,,no,,,,,CHINA AGRICULTURAL UNIVERSITY,SRA1083660,,public,B9CB1C6864D8729788935781443851AB,59984878B5487C7E74737265807DAB3A
SRR11932819,2020-06-11 09:51:36,2020-06-05 11:07:24,70878969,3606157993,0,50,1446,,https://sra-downloadb.be-md.ncbi.nlm.nih.gov/sos9/sra-pub-zq-922/SRR011/11932/SRR11932819/SRR11932819.lite.1,SRX8478487,L273,RNA-Seq,cDNA,TRANSCRIPTOMIC,PAIRED,0,0,ILLUMINA,Illumina HiSeq 2500,SRP266111,PRJNA637522,,637522,SRS6778431,SAMN15145013,simple,4577,Zea mays,CIMBL74_WS1,,,,,,,no,,,,,CHINA AGRICULTURAL UNIVERSITY,SRA1083660,,public,83452F477C7AE30422CA1FA06E9C1686,81430C8ED609D58B88847F7414CDB1B0
SRR11932818,2020-06-11 09:51:36,2020-06-05 11:00:18,40152563,2043321087,0,50,747,,https://sra-downloadb.be-md.ncbi.nlm.nih.gov/sos9/sra-pub-zq-922/SRR011/11932/SRR11932818/SRR11932818.lite.1,SRX8478488,L274,RNA-Seq,cDNA,TRANSCRIPTOMIC,PAIRED,0,0,ILLUMINA,Illumina HiSeq 2500,SRP266111,PRJNA637522,,637522,SRS6778430,SAMN15145014,simple,4577,Zea mays,CIMBL74_WS2,,,,,,,no,,,,,CHINA AGRICULTURAL UNIVERSITY,SRA1083660,,public,3A0DDE9C567BAFBED5517151ABDFA07F,8C8433D7B7063657D73195FAE96078FF
SRR11932817,2020-06-11 09:51:36,2020-06-05 10:59:38,37003205,1883887027,0,50,677,,https://sra-downloadb.be-md.ncbi.nlm.nih.gov/sos9/sra-pub-zq-922/SRR011/11932/SRR11932817/SRR11932817.lite.1,SRX8478489,L275,RNA-Seq,cDNA,TRANSCRIPTOMIC,PAIRED,0,0,ILLUMINA,Illumina HiSeq 2500,SRP266111,PRJNA637522,,637522,SRS6778432,SAMN15145015,simple,4577,Zea mays,CIMBL74_WW,,,,,,,no,,,,,CHINA AGRICULTURAL UNIVERSITY,SRA1083660,,public,CEDA20E87D2263F9F2340A57F981ACD4,A8C0FFBB84C6E97E91C0A1F23A1EF097
SRR11932816,2020-06-11 09:51:36,2020-06-05 10:59:54,32032375,1629974353,0,50,614,,https://sra-downloadb.be-md.ncbi.nlm.nih.gov/sos9/sra-pub-zq-922/SRR011/11932/SRR11932816/SRR11932816.lite.1,SRX8478490,L276,RNA-Seq,cDNA,TRANSCRIPTOMIC,PAIRED,0,0,ILLUMINA,Illumina HiSeq 2500,SRP266111,PRJNA637522,,637522,SRS6778433,SAMN15145016,simple,4577,Zea mays,CIMBL75_WS1,,,,,,,no,,,,,CHINA AGRICULTURAL UNIVERSITY,SRA1083660,,public,502283F9175E9618492797CB4138CF49,7493F7433C0FE5675709539AD1C40E8B
SRR11932815,2020-06-11 09:51:36,2020-06-05 11:11:47,86642161,4409202159,0,50,1720,,https://sra-downloadb.be-md.ncbi.nlm.nih.gov/sos9/sra-pub-zq-922/SRR011/11932/SRR11932815/SRR11932815.lite.1,SRX8478491,L277,RNA-Seq,cDNA,TRANSCRIPTOMIC,PAIRED,0,0,ILLUMINA,Illumina HiSeq 2500,SRP266111,PRJNA637522,,637522,SRS6778434,SAMN15145017,simple,4577,Zea mays,CIMBL75_WS2,,,,,,,no,,,,,CHINA AGRICULTURAL UNIVERSITY,SRA1083660,,public,E93D8C40A3B232E532F154F640A3161D,0BCD2AE5E82359238E602619F9C68984
SRR11932814,2020-06-11 09:51:36,2020-06-05 11:02:28,36941745,1879512391,0,50,704,,https://sra-downloadb.be-md.ncbi.nlm.nih.gov/sos9/sra-pub-zq-924/SRR011/11932/SRR11932814/SRR11932814.lite.1,SRX8478492,L278,RNA-Seq,cDNA,TRANSCRIPTOMIC,PAIRED,0,0,ILLUMINA,Illumina HiSeq 2500,SRP266111,PRJNA637522,,637522,SRS6778435,SAMN15145018,simple,4577,Zea mays,CIMBL75_WW,,,,,,,no,,,,,CHINA AGRICULTURAL UNIVERSITY,SRA1083660,,public,29FDC38D4370EF7447242C964EBB9FB6,7F7E1EA7651CD9C1FB6337B279F45696
SRR11932825,2020-06-11 09:51:36,2020-06-05 10:59:22,30103431,1495348735,0,49,779,,https://sra-downloadb.be-md.ncbi.nlm.nih.gov/sos9/sra-pub-zq-922/SRR011/11932/SRR11932825/SRR11932825.lite.1,SRX8478481,L268,RNA-Seq,cDNA,TRANSCRIPTOMIC,PAIRED,0,0,ILLUMINA,Illumina HiSeq 2500,SRP266111,PRJNA637522,,637522,SRS6778425,SAMN15145008,simple,4577,Zea mays,CIMBL7_WS2,,,,,,,no,,,,,CHINA AGRICULTURAL UNIVERSITY,SRA1083660,,public,D04CB96A4A46312ACF9BFAFE6977437D,B8B123B5D5495DCE12B801F646CCF83B
SRR11932824,2020-06-11 09:51:36,2020-06-05 10:55:33,13605470,643656326,0,47,427,,https://sra-downloadb.be-md.ncbi.nlm.nih.gov/sos9/sra-pub-zq-922/SRR011/11932/SRR11932824/SRR11932824.lite.1,SRX8478482,L269,RNA-Seq,cDNA,TRANSCRIPTOMIC,PAIRED,0,0,ILLUMINA,Illumina HiSeq 2500,SRP266111,PRJNA637522,,637522,SRS6778424,SAMN15145009,simple,4577,Zea mays,CIMBL7_WW,,,,,,,no,,,,,CHINA AGRICULTURAL UNIVERSITY,SRA1083660,,public,8F96483E30D6B582F91706D42494CBF7,0371689B4FBA4D1A8F71EDDEE637EE95
SRR11932813,2020-06-11 09:51:36,2020-06-05 11:07:28,55296236,2814391859,0,50,1019,,https://sra-downloadb.be-md.ncbi.nlm.nih.gov/sos9/sra-pub-zq-924/SRR011/11932/SRR11932813/SRR11932813.lite.1,SRX8478493,L279,RNA-Seq,cDNA,TRANSCRIPTOMIC,PAIRED,0,0,ILLUMINA,Illumina HiSeq 2500,SRP266111,PRJNA637522,,637522,SRS6778436,SAMN15145019,simple,4577,Zea mays,CIMBL81_WS1,,,,,,,no,,,,,CHINA AGRICULTURAL UNIVERSITY,SRA1083660,,public,F4ED11287EF0042745E9FF21858B14C0,5D2CF8B9EA46400E7B479F98F26B0F01
SRR11932812,2020-06-11 09:51:36,2020-06-05 11:09:00,44755530,1972931925,0,44,1176,,https://sra-downloadb.be-md.ncbi.nlm.nih.gov/sos9/sra-pub-zq-922/SRR011/11932/SRR11932812/SRR11932812.lite.1,SRX8478494,L280,RNA-Seq,cDNA,TRANSCRIPTOMIC,PAIRED,0,0,ILLUMINA,Illumina HiSeq 2500,SRP266111,PRJNA637522,,637522,SRS6778437,SAMN15145020,simple,4577,Zea mays,CIMBL81_WS2,,,,,,,no,,,,,CHINA AGRICULTURAL UNIVERSITY,SRA1083660,,public,34A7EE16ACC3B636F9019F90C834BB56,31A9047FDF1D19ED8C34C49CEED98EB1
SRR11932810,2020-06-11 09:51:36,2020-06-05 11:11:07,42460380,2159924718,0,50,777,,https://sra-downloadb.be-md.ncbi.nlm.nih.gov/sos9/sra-pub-zq-922/SRR011/11932/SRR11932810/SRR11932810.lite.1,SRX8478496,L281,RNA-Seq,cDNA,TRANSCRIPTOMIC,PAIRED,0,0,ILLUMINA,Illumina HiSeq 2500,SRP266111,PRJNA637522,,637522,SRS6778439,SAMN15145021,simple,4577,Zea mays,CIMBL81_WW,,,,,,,no,,,,,CHINA AGRICULTURAL UNIVERSITY,SRA1083660,,public,8B6D7FFBF854756AADBD588A91F19F75,33DA4E566F5D7DD1A6018284A3D91B82
SRR11932809,2020-06-11 09:51:36,2020-06-05 10:57:37,32177303,1632562987,0,50,566,,https://sra-downloadb.be-md.ncbi.nlm.nih.gov/sos9/sra-pub-zq-922/SRR011/11932/SRR11932809/SRR11932809.lite.1,SRX8478497,L282,RNA-Seq,cDNA,TRANSCRIPTOMIC,PAIRED,0,0,ILLUMINA,Illumina HiSeq 2500,SRP266111,PRJNA637522,,637522,SRS6778440,SAMN15145022,simple,4577,Zea mays,CIMBL82_WS1,,,,,,,no,,,,,CHINA AGRICULTURAL UNIVERSITY,SRA1083660,,public,E34E7F2320E2DA5DD024F90906985D2D,E5D2546FB28183E0A0AD58BC32EF6E7C
SRR11932808,2020-06-11 09:51:36,2020-06-05 10:59:51,35404637,1801979551,0,50,643,,https://sra-downloadb.be-md.ncbi.nlm.nih.gov/sos9/sra-pub-zq-922/SRR011/11932/SRR11932808/SRR11932808.lite.1,SRX8478498,L283,RNA-Seq,cDNA,TRANSCRIPTOMIC,PAIRED,0,0,ILLUMINA,Illumina HiSeq 2500,SRP266111,PRJNA637522,,637522,SRS6778441,SAMN15145023,simple,4577,Zea mays,CIMBL82_WW,,,,,,,no,,,,,CHINA AGRICULTURAL UNIVERSITY,SRA1083660,,public,5D28BD56A2DD16754D957A995B51DC1A,87A17FC90269DE986B8ED9AE51F4C97B
SRR11932807,2020-06-11 09:51:36,2020-06-05 11:00:46,46821952,2382608243,0,50,898,,https://sra-downloadb.be-md.ncbi.nlm.nih.gov/sos9/sra-pub-zq-922/SRR011/11932/SRR11932807/SRR11932807.lite.1,SRX8478499,L284,RNA-Seq,cDNA,TRANSCRIPTOMIC,PAIRED,0,0,ILLUMINA,Illumina HiSeq 2500,SRP266111,PRJNA637522,,637522,SRS6778442,SAMN15145024,simple,4577,Zea mays,CIMBL89_WS1,,,,,,,no,,,,,CHINA AGRICULTURAL UNIVERSITY,SRA1083660,,public,0463A6415359CC09921DE0BFC6CDA53F,6705BED032289B3C013D9C5D8096D59E
SRR11932806,2020-06-11 09:51:36,2020-06-05 11:03:22,44580086,2270814233,0,50,798,,https://sra-downloadb.be-md.ncbi.nlm.nih.gov/sos9/sra-pub-zq-922/SRR011/11932/SRR11932806/SRR11932806.lite.1,SRX8478500,L285,RNA-Seq,cDNA,TRANSCRIPTOMIC,PAIRED,0,0,ILLUMINA,Illumina HiSeq 2500,SRP266111,PRJNA637522,,637522,SRS6778443,SAMN15145025,simple,4577,Zea mays,CIMBL89_WS2,,,,,,,no,,,,,CHINA AGRICULTURAL UNIVERSITY,SRA1083660,,public,1A2D869125E69417F89B7DDEE93FB4CA,C7092F5635E32404E4CFE7189C16C446
SRR11932805,2020-06-11 09:51:36,2020-06-05 11:04:43,49092747,2498825575,0,50,906,,https://sra-downloadb.be-md.ncbi.nlm.nih.gov/sos9/sra-pub-zq-922/SRR011/11932/SRR11932805/SRR11932805.lite.1,SRX8478501,L286,RNA-Seq,cDNA,TRANSCRIPTOMIC,PAIRED,0,0,ILLUMINA,Illumina HiSeq 2500,SRP266111,PRJNA637522,,637522,SRS6778445,SAMN15145026,simple,4577,Zea mays,CIMBL89_WW,,,,,,,no,,,,,CHINA AGRICULTURAL UNIVERSITY,SRA1083660,,public,C71F87D49EE545287525826124F565A2,EA368C286B8C2698F521497FE3BEF627
SRR11933231,2020-06-11 09:51:37,2020-06-05 11:20:05,46958740,2389295569,0,50,896,,https://sra-downloadb.be-md.ncbi.nlm.nih.gov/sos9/sra-pub-zq-924/SRR011/11933/SRR11933231/SRR11933231.lite.1,SRX8478505,L290,RNA-Seq,cDNA,TRANSCRIPTOMIC,PAIRED,0,0,ILLUMINA,Illumina HiSeq 2500,SRP266111,PRJNA637522,,637522,SRS6778448,SAMN15145030,simple,4577,Zea mays,CIMBL90_WS1,,,,,,,no,,,,,CHINA AGRICULTURAL UNIVERSITY,SRA1083660,,public,D9B377BC9D5DE9CC2413286F212C14C9,8C4FFDC33BB7D6761698A8232DA3CAE7
SRR11933229,2020-06-11 09:51:37,2020-06-05 11:23:37,39725352,2023530609,0,50,701,,https://sra-downloadb.be-md.ncbi.nlm.nih.gov/sos9/sra-pub-zq-922/SRR011/11933/SRR11933229/SRR11933229.lite.1,SRX8478507,L291,RNA-Seq,cDNA,TRANSCRIPTOMIC,PAIRED,0,0,ILLUMINA,Illumina HiSeq 2500,SRP266111,PRJNA637522,,637522,SRS6778450,SAMN15145031,simple,4577,Zea mays,CIMBL90_WS2,,,,,,,no,,,,,CHINA AGRICULTURAL UNIVERSITY,SRA1083660,,public,CE469613C9303BD7AC77B83A24D395C7,55C2D4F1B233A1EDA35C8065B2373B7B
SRR11933228,2020-06-11 09:51:37,2020-06-05 11:23:19,37777495,1924050346,0,50,666,,https://sra-downloadb.be-md.ncbi.nlm.nih.gov/sos9/sra-pub-zq-922/SRR011/11933/SRR11933228/SRR11933228.lite.1,SRX8478508,L292,RNA-Seq,cDNA,TRANSCRIPTOMIC,PAIRED,0,0,ILLUMINA,Illumina HiSeq 2500,SRP266111,PRJNA637522,,637522,SRS6778451,SAMN15145032,simple,4577,Zea mays,CIMBL90_WW,,,,,,,no,,,,,CHINA AGRICULTURAL UNIVERSITY,SRA1083660,,public,F11B0684438D4336A3C2871ED9BFACEF,A1CCF0FFF4F9815C60AF535C247763EB
SRR11933227,2020-06-11 09:51:37,2020-06-05 11:29:57,62502628,2768032524,0,44,1693,,https://sra-downloadb.be-md.ncbi.nlm.nih.gov/sos9/sra-pub-zq-922/SRR011/11933/SRR11933227/SRR11933227.lite.1,SRX8478509,L293,RNA-Seq,cDNA,TRANSCRIPTOMIC,PAIRED,0,0,ILLUMINA,Illumina HiSeq 2500,SRP266111,PRJNA637522,,637522,SRS6778453,SAMN15145033,simple,4577,Zea mays,CIMBL91_WS1,,,,,,,no,,,,,CHINA AGRICULTURAL UNIVERSITY,SRA1083660,,public,1E0EF32AE23BB187126B70EBE3C00B33,EDA786162D53F345C0C708DB561EE124
SRR11933226,2020-06-11 09:51:37,2020-06-05 11:23:36,53863000,2720436034,0,50,1235,,https://sra-downloadb.be-md.ncbi.nlm.nih.gov/sos9/sra-pub-zq-922/SRR011/11933/SRR11933226/SRR11933226.lite.1,SRX8478510,L294,RNA-Seq,cDNA,TRANSCRIPTOMIC,PAIRED,0,0,ILLUMINA,Illumina HiSeq 2500,SRP266111,PRJNA637522,,637522,SRS6778452,SAMN15145034,simple,4577,Zea mays,CIMBL91_WS1_REP,,,,,,,no,,,,,CHINA AGRICULTURAL UNIVERSITY,SRA1083660,,public,31E23FFF38AAA420359AF43C89BC7883,3159408BD10A7E95C8DB443C37122412
SRR11933225,2020-06-11 09:51:37,2020-06-05 11:18:58,36298524,1800664548,0,49,1003,,https://sra-downloadb.be-md.ncbi.nlm.nih.gov/sos9/sra-pub-zq-922/SRR011/11933/SRR11933225/SRR11933225.lite.1,SRX8478511,L295,RNA-Seq,cDNA,TRANSCRIPTOMIC,PAIRED,0,0,ILLUMINA,Illumina HiSeq 2500,SRP266111,PRJNA637522,,637522,SRS6778454,SAMN15145035,simple,4577,Zea mays,CIMBL91_WS2,,,,,,,no,,,,,CHINA AGRICULTURAL UNIVERSITY,SRA1083660,,public,BDB2ED16FCE8BA386B17CE7F83B30F4B,1AB8BF2396F72DDFE44357BAB1C33004
SRR11933224,2020-06-11 09:51:37,2020-06-05 11:25:17,59906524,2955704477,0,49,1710,,https://sra-downloadb.be-md.ncbi.nlm.nih.gov/sos9/sra-pub-zq-924/SRR011/11933/SRR11933224/SRR11933224.lite.1,SRX8478512,L296,RNA-Seq,cDNA,TRANSCRIPTOMIC,PAIRED,0,0,ILLUMINA,Illumina HiSeq 2500,SRP266111,PRJNA637522,,637522,SRS6778455,SAMN15145036,simple,4577,Zea mays,CIMBL91_WS2_REP,,,,,,,no,,,,,CHINA AGRICULTURAL UNIVERSITY,SRA1083660,,public,BD97B292BB5D8C0FF3D479AA402653C3,3A31B345BA1E8AC05A76B0DF7378AAE2
SRR11933223,2020-06-11 09:51:37,2020-06-05 11:16:53,18968840,896291900,0,47,594,,https://sra-downloadb.be-md.ncbi.nlm.nih.gov/sos9/sra-pub-zq-924/SRR011/11933/SRR11933223/SRR11933223.lite.1,SRX8478513,L297,RNA-Seq,cDNA,TRANSCRIPTOMIC,PAIRED,0,0,ILLUMINA,Illumina HiSeq 2500,SRP266111,PRJNA637522,,637522,SRS6778456,SAMN15145037,simple,4577,Zea mays,CIMBL91_WW,,,,,,,no,,,,,CHINA AGRICULTURAL UNIVERSITY,SRA1083660,,public,3B6450C82089A55BC1DAB24FE775B61F,21A2CD65EF992FE3D055D44F44A0223C
SRR11933222,2020-06-11 09:51:37,2020-06-05 11:21:52,30460891,1551298212,0,50,534,,https://sra-downloadb.be-md.ncbi.nlm.nih.gov/sos9/sra-pub-zq-922/SRR011/11933/SRR11933222/SRR11933222.lite.1,SRX8478514,L298,RNA-Seq,cDNA,TRANSCRIPTOMIC,PAIRED,0,0,ILLUMINA,Illumina HiSeq 2500,SRP266111,PRJNA637522,,637522,SRS6778458,SAMN15145038,simple,4577,Zea mays,CIMBL91_WW_REP,,,,,,,no,,,,,CHINA AGRICULTURAL UNIVERSITY,SRA1083660,,public,D6725E2FCAED3A2E4F8A7ECBB809CE93,3F91ADCD7C847C553EA5C3B9AC9001D7
SRR11933221,2020-06-11 09:51:37,2020-06-05 11:21:34,28749040,1462603437,0,50,493,,https://sra-downloadb.be-md.ncbi.nlm.nih.gov/sos9/sra-pub-zq-924/SRR011/11933/SRR11933221/SRR11933221.lite.1,SRX8478515,L299,RNA-Seq,cDNA,TRANSCRIPTOMIC,PAIRED,0,0,ILLUMINA,Illumina HiSeq 2500,SRP266111,PRJNA637522,,637522,SRS6778457,SAMN15145039,simple,4577,Zea mays,CIMBL92_WS1,,,,,,,no,,,,,CHINA AGRICULTURAL UNIVERSITY,SRA1083660,,public,DDB6BF78D383370A533DB2693A42B4B2,17D4F94C159950BD326DDA112D58BA13
SRR11933220,2020-06-11 09:51:37,2020-06-05 11:20:44,35439441,1778813848,0,50,903,,https://sra-downloadb.be-md.ncbi.nlm.nih.gov/sos9/sra-pub-zq-922/SRR011/11933/SRR11933220/SRR11933220.lite.1,SRX8478516,L300,RNA-Seq,cDNA,TRANSCRIPTOMIC,PAIRED,0,0,ILLUMINA,Illumina HiSeq 2500,SRP266111,PRJNA637522,,637522,SRS6778459,SAMN15145040,simple,4577,Zea mays,CIMBL92_WS2,,,,,,,no,,,,,CHINA AGRICULTURAL UNIVERSITY,SRA1083660,,public,70C544BCACB5706A6CA64798046715A7,A28269A9443510E87C74EB5EF289421E
SRR11933217,2020-06-11 09:51:37,2020-06-05 11:20:46,41604095,2116389464,0,50,772,,https://sra-downloadb.be-md.ncbi.nlm.nih.gov/sos9/sra-pub-zq-922/SRR011/11933/SRR11933217/SRR11933217.lite.1,SRX8478519,L301,RNA-Seq,cDNA,TRANSCRIPTOMIC,PAIRED,0,0,ILLUMINA,Illumina HiSeq 2500,SRP266111,PRJNA637522,,637522,SRS6778462,SAMN15145041,simple,4577,Zea mays,CIMBL92_WW,,,,,,,no,,,,,CHINA AGRICULTURAL UNIVERSITY,SRA1083660,,public,17604210CB821D192395CF9392022C6A,09A54F85796BD1A2E1E4E661DFB6B0C6
SRR11933216,2020-06-11 09:51:37,2020-06-05 11:21:36,45235413,2302144075,0,50,878,,https://sra-downloadb.be-md.ncbi.nlm.nih.gov/sos9/sra-pub-zq-924/SRR011/11933/SRR11933216/SRR11933216.lite.1,SRX8478520,L302,RNA-Seq,cDNA,TRANSCRIPTOMIC,PAIRED,0,0,ILLUMINA,Illumina HiSeq 2500,SRP266111,PRJNA637522,,637522,SRS6778463,SAMN15145042,simple,4577,Zea mays,CIMBL94_WS1,,,,,,,no,,,,,CHINA AGRICULTURAL UNIVERSITY,SRA1083660,,public,43315465FE8300FF894B582A1D47BC54,A9367E916DBBECA53FDF6CF76053B2E8
SRR11933215,2020-06-11 09:51:37,2020-06-05 11:20:30,41788585,2128408080,0,50,745,,https://sra-downloadb.be-md.ncbi.nlm.nih.gov/sos9/sra-pub-zq-924/SRR011/11933/SRR11933215/SRR11933215.lite.1,SRX8478521,L303,RNA-Seq,cDNA,TRANSCRIPTOMIC,PAIRED,0,0,ILLUMINA,Illumina HiSeq 2500,SRP266111,PRJNA637522,,637522,SRS6778465,SAMN15145043,simple,4577,Zea mays,CIMBL94_WS2,,,,,,,no,,,,,CHINA AGRICULTURAL UNIVERSITY,SRA1083660,,public,E522B41500DB681B11266353226896B5,4AA5C23AB3592C86CEFD173668D9DE02
SRR11933214,2020-06-11 09:51:37,2020-06-05 11:23:31,55063855,2801650442,0,50,1041,,https://sra-downloadb.be-md.ncbi.nlm.nih.gov/sos9/sra-pub-zq-924/SRR011/11933/SRR11933214/SRR11933214.lite.1,SRX8478522,L304,RNA-Seq,cDNA,TRANSCRIPTOMIC,PAIRED,0,0,ILLUMINA,Illumina HiSeq 2500,SRP266111,PRJNA637522,,637522,SRS6778464,SAMN15145044,simple,4577,Zea mays,CIMBL94_WW,,,,,,,no,,,,,CHINA AGRICULTURAL UNIVERSITY,SRA1083660,,public,801CF99D5A0805E62D6203C9A9D34DC8,701795FF3C2411629F64442A2A7EC61C
SRR11933213,2020-06-11 09:51:37,2020-06-05 11:15:13,15744354,802560351,0,50,262,,https://sra-downloadb.be-md.ncbi.nlm.nih.gov/sos9/sra-pub-zq-924/SRR011/11933/SRR11933213/SRR11933213.lite.1,SRX8478523,L305,RNA-Seq,cDNA,TRANSCRIPTOMIC,PAIRED,0,0,ILLUMINA,Illumina HiSeq 2500,SRP266111,PRJNA637522,,637522,SRS6778466,SAMN15145045,simple,4577,Zea mays,CIMBL95_WS1,,,,,,,no,,,,,CHINA AGRICULTURAL UNIVERSITY,SRA1083660,,public,FC190CEE721F80792B652420EF655250,08813594418C3DEFD6845F86CF3EB13C
SRR11933212,2020-06-11 09:51:37,2020-06-05 11:18:51,34514501,1714434005,0,49,951,,https://sra-downloadb.be-md.ncbi.nlm.nih.gov/sos9/sra-pub-zq-922/SRR011/11933/SRR11933212/SRR11933212.lite.1,SRX8478524,L306,RNA-Seq,cDNA,TRANSCRIPTOMIC,PAIRED,0,0,ILLUMINA,Illumina HiSeq 2500,SRP266111,PRJNA637522,,637522,SRS6778468,SAMN15145046,simple,4577,Zea mays,CIMBL95_WS2,,,,,,,no,,,,,CHINA AGRICULTURAL UNIVERSITY,SRA1083660,,public,C6D065459AB47CCFFA19767440AED259,8C04A5CE1400A424AAC37B9065E0DBB4
SRR11933211,2020-06-11 09:51:37,2020-06-05 11:15:17,15902619,754239775,0,47,493,,https://sra-downloadb.be-md.ncbi.nlm.nih.gov/sos9/sra-pub-zq-922/SRR011/11933/SRR11933211/SRR11933211.lite.1,SRX8478525,L307,RNA-Seq,cDNA,TRANSCRIPTOMIC,PAIRED,0,0,ILLUMINA,Illumina HiSeq 2500,SRP266111,PRJNA637522,,637522,SRS6778467,SAMN15145047,simple,4577,Zea mays,CIMBL95_WW,,,,,,,no,,,,,CHINA AGRICULTURAL UNIVERSITY,SRA1083660,,public,571DE070D4CBFB6A6A9407248DA7BC60,970983FF691104235E42E8C6AEEE51AC
SRR11933210,2020-06-11 09:51:37,2020-06-05 11:19:01,41803273,2126613621,0,50,775,,https://sra-downloadb.be-md.ncbi.nlm.nih.gov/sos9/sra-pub-zq-922/SRR011/11933/SRR11933210/SRR11933210.lite.1,SRX8478526,L308,RNA-Seq,cDNA,TRANSCRIPTOMIC,PAIRED,0,0,ILLUMINA,Illumina HiSeq 2500,SRP266111,PRJNA637522,,637522,SRS6778469,SAMN15145048,simple,4577,Zea mays,CIMBL96_WS1,,,,,,,no,,,,,CHINA AGRICULTURAL UNIVERSITY,SRA1083660,,public,80AAAFC5549D2CB93DC8379D67B3AEAB,B3F810D7B46EE3BCBF48952CE150967E
SRR11933209,2020-06-11 09:51:37,2020-06-05 11:22:11,51352248,2612790650,0,50,961,,https://sra-downloadb.be-md.ncbi.nlm.nih.gov/sos9/sra-pub-zq-922/SRR011/11933/SRR11933209/SRR11933209.lite.1,SRX8478527,L309,RNA-Seq,cDNA,TRANSCRIPTOMIC,PAIRED,0,0,ILLUMINA,Illumina HiSeq 2500,SRP266111,PRJNA637522,,637522,SRS6778470,SAMN15145049,simple,4577,Zea mays,CIMBL96_WS2,,,,,,,no,,,,,CHINA AGRICULTURAL UNIVERSITY,SRA1083660,,public,2B5F7AFBE18F8880F910D780CCE8CB85,0A676BA4C6EE75EFC349B7B5867764A5
SRR11933208,2020-06-11 09:51:37,2020-06-05 11:18:08,32824232,1670901862,0,50,608,,https://sra-downloadb.be-md.ncbi.nlm.nih.gov/sos9/sra-pub-zq-924/SRR011/11933/SRR11933208/SRR11933208.lite.1,SRX8478528,L310,RNA-Seq,cDNA,TRANSCRIPTOMIC,PAIRED,0,0,ILLUMINA,Illumina HiSeq 2500,SRP266111,PRJNA637522,,637522,SRS6778471,SAMN15145050,simple,4577,Zea mays,CIMBL96_WW,,,,,,,no,,,,,CHINA AGRICULTURAL UNIVERSITY,SRA1083660,,public,811F35AD19FC745CE7524D47DCFB1B41,2887690D9F379D3636EC7FB41EA0EEF5
SRR11933206,2020-06-11 09:51:37,2020-06-05 11:21:15,44239074,2252532104,0,50,825,,https://sra-downloadb.be-md.ncbi.nlm.nih.gov/sos9/sra-pub-zq-922/SRR011/11933/SRR11933206/SRR11933206.lite.1,SRX8478530,L311,RNA-Seq,cDNA,TRANSCRIPTOMIC,PAIRED,0,0,ILLUMINA,Illumina HiSeq 2500,SRP266111,PRJNA637522,,637522,SRS6778474,SAMN15145051,simple,4577,Zea mays,CIMBL98_WS1,,,,,,,no,,,,,CHINA AGRICULTURAL UNIVERSITY,SRA1083660,,public,B65A96B988C8BDCCA9118F53720C33F1,AAB829E5C35D575AC83A3173F71D10BD
SRR11933205,2020-06-11 09:51:37,2020-06-05 11:15:18,23367205,1051162461,0,44,626,,https://sra-downloadb.be-md.ncbi.nlm.nih.gov/sos9/sra-pub-zq-922/SRR011/11933/SRR11933205/SRR11933205.lite.1,SRX8478531,L312,RNA-Seq,cDNA,TRANSCRIPTOMIC,PAIRED,0,0,ILLUMINA,Illumina HiSeq 2500,SRP266111,PRJNA637522,,637522,SRS6778473,SAMN15145052,simple,4577,Zea mays,CIMBL98_WS2,,,,,,,no,,,,,CHINA AGRICULTURAL UNIVERSITY,SRA1083660,,public,9AFE73B93EC2F4CC361F74CD791C522F,C89FA603681106D3F5107D5256A0CF03
SRR11933204,2020-06-11 09:51:37,2020-06-05 11:21:55,50492987,2569766951,0,50,948,,https://sra-downloadb.be-md.ncbi.nlm.nih.gov/sos9/sra-pub-zq-922/SRR011/11933/SRR11933204/SRR11933204.lite.1,SRX8478532,L313,RNA-Seq,cDNA,TRANSCRIPTOMIC,PAIRED,0,0,ILLUMINA,Illumina HiSeq 2500,SRP266111,PRJNA637522,,637522,SRS6778475,SAMN15145053,simple,4577,Zea mays,CIMBL98_WW,,,,,,,no,,,,,CHINA AGRICULTURAL UNIVERSITY,SRA1083660,,public,E734D1F950DEF415D9EAE5F551CBB125,BF98EC0BBEFF5774BD8C90319405691D
SRR11933203,2020-06-11 09:51:37,2020-06-05 11:19:24,40309719,2051791301,0,50,771,,https://sra-downloadb.be-md.ncbi.nlm.nih.gov/sos9/sra-pub-zq-924/SRR011/11933/SRR11933203/SRR11933203.lite.1,SRX8478533,L314,RNA-Seq,cDNA,TRANSCRIPTOMIC,PAIRED,0,0,ILLUMINA,Illumina HiSeq 2500,SRP266111,PRJNA637522,,637522,SRS6778476,SAMN15145054,simple,4577,Zea mays,CIMBL99_WS1,,,,,,,no,,,,,CHINA AGRICULTURAL UNIVERSITY,SRA1083660,,public,8DC7F51C149B7D1C4B2201EBD5EC70B8,614BDA8D707B49D63E566BFF7DCDFD09
SRR11933202,2020-06-11 09:51:37,2020-06-05 11:41:41,114441455,5821705038,0,50,2297,,https://sra-downloadb.be-md.ncbi.nlm.nih.gov/sos9/sra-pub-zq-924/SRR011/11933/SRR11933202/SRR11933202.lite.1,SRX8478534,L315,RNA-Seq,cDNA,TRANSCRIPTOMIC,PAIRED,0,0,ILLUMINA,Illumina HiSeq 2500,SRP266111,PRJNA637522,,637522,SRS6778478,SAMN15145055,simple,4577,Zea mays,CIMBL99_WS2,,,,,,,no,,,,,CHINA AGRICULTURAL UNIVERSITY,SRA1083660,,public,D21F96C7658B5746BAAEAC7511D9AEE6,EB7630CBBE4BF2F14893C27B6556EF76
SRR11933201,2020-06-11 09:51:37,2020-06-05 11:18:11,38870107,1978040891,0,50,725,,https://sra-downloadb.be-md.ncbi.nlm.nih.gov/sos9/sra-pub-zq-922/SRR011/11933/SRR11933201/SRR11933201.lite.1,SRX8478535,L316,RNA-Seq,cDNA,TRANSCRIPTOMIC,PAIRED,0,0,ILLUMINA,Illumina HiSeq 2500,SRP266111,PRJNA637522,,637522,SRS6778477,SAMN15145056,simple,4577,Zea mays,CIMBL99_WW,,,,,,,no,,,,,CHINA AGRICULTURAL UNIVERSITY,SRA1083660,,public,52D6FAA0EDE783F4AA20ECD546BB0AF4,AE927391A612A94069D85479A5231EDC
SRR11932804,2020-06-11 09:51:37,2020-06-05 11:01:05,42971281,2184396819,0,50,773,,https://sra-downloadb.be-md.ncbi.nlm.nih.gov/sos9/sra-pub-zq-922/SRR011/11932/SRR11932804/SRR11932804.lite.1,SRX8478502,L287,RNA-Seq,cDNA,TRANSCRIPTOMIC,PAIRED,0,0,ILLUMINA,Illumina HiSeq 2500,SRP266111,PRJNA637522,,637522,SRS6778444,SAMN15145027,simple,4577,Zea mays,CIMBL9_WS1,,,,,,,no,,,,,CHINA AGRICULTURAL UNIVERSITY,SRA1083660,,public,FB2807427E3DC5399E6AD66DAD5B823A,49634ABB6F3BFAC2E976F765D29F9C47
SRR11933233,2020-06-11 09:51:37,2020-06-05 11:22:45,48882273,2486166058,0,50,924,,https://sra-downloadb.be-md.ncbi.nlm.nih.gov/sos9/sra-pub-zq-924/SRR011/11933/SRR11933233/SRR11933233.lite.1,SRX8478503,L288,RNA-Seq,cDNA,TRANSCRIPTOMIC,PAIRED,0,0,ILLUMINA,Illumina HiSeq 2500,SRP266111,PRJNA637522,,637522,SRS6778446,SAMN15145028,simple,4577,Zea mays,CIMBL9_WS2,,,,,,,no,,,,,CHINA AGRICULTURAL UNIVERSITY,SRA1083660,,public,E8E54AB962A5E6AF0CF8D6A093431A9E,3DCC8093079BBA10FCE3908E1106D824
SRR11933232,2020-06-11 09:51:37,2020-06-05 11:21:20,40921099,2078307502,0,50,724,,https://sra-downloadb.be-md.ncbi.nlm.nih.gov/sos9/sra-pub-zq-922/SRR011/11933/SRR11933232/SRR11933232.lite.1,SRX8478504,L289,RNA-Seq,cDNA,TRANSCRIPTOMIC,PAIRED,0,0,ILLUMINA,Illumina HiSeq 2500,SRP266111,PRJNA637522,,637522,SRS6778447,SAMN15145029,simple,4577,Zea mays,CIMBL9_WW,,,,,,,no,,,,,CHINA AGRICULTURAL UNIVERSITY,SRA1083660,,public,9C9AE33A5696AC76D4FB3CAD5C9BEB11,40649BDFDEA1CCD3846059545E1D4633
SRR11933200,2020-06-11 09:51:37,2020-06-05 11:19:00,33773266,1719633291,0,50,640,,https://sra-downloadb.be-md.ncbi.nlm.nih.gov/sos9/sra-pub-zq-924/SRR011/11933/SRR11933200/SRR11933200.lite.1,SRX8478536,L317,RNA-Seq,cDNA,TRANSCRIPTOMIC,PAIRED,0,0,ILLUMINA,Illumina HiSeq 2500,SRP266111,PRJNA637522,,637522,SRS6778480,SAMN15145057,simple,4577,Zea mays,CML115_WS1,,,,,,,no,,,,,CHINA AGRICULTURAL UNIVERSITY,SRA1083660,,public,4568FEC03F59F96BA12B96C289029B8F,E1D2D7B3192CC5F99CC6E7AA77E6D5E8
SRR11933199,2020-06-11 09:51:37,2020-06-05 11:20:08,41942181,2136363223,0,50,754,,https://sra-downloadb.be-md.ncbi.nlm.nih.gov/sos9/sra-pub-zq-922/SRR011/11933/SRR11933199/SRR11933199.lite.1,SRX8478537,L318,RNA-Seq,cDNA,TRANSCRIPTOMIC,PAIRED,0,0,ILLUMINA,Illumina HiSeq 2500,SRP266111,PRJNA637522,,637522,SRS6778479,SAMN15145058,simple,4577,Zea mays,CML115_WS2,,,,,,,no,,,,,CHINA AGRICULTURAL UNIVERSITY,SRA1083660,,public,8D820FFF7EF72F36ABC71E4FE3C1B223,E692935D66EAEE5C218E9F6AF307EDF1
SRR11933198,2020-06-11 09:51:37,2020-06-05 11:23:36,56341661,2858252398,0,50,1080,,https://sra-downloadb.be-md.ncbi.nlm.nih.gov/sos9/sra-pub-zq-922/SRR011/11933/SRR11933198/SRR11933198.lite.1,SRX8478538,L319,RNA-Seq,cDNA,TRANSCRIPTOMIC,PAIRED,0,0,ILLUMINA,Illumina HiSeq 2500,SRP266111,PRJNA637522,,637522,SRS6778481,SAMN15145059,simple,4577,Zea mays,CML115_WW,,,,,,,no,,,,,CHINA AGRICULTURAL UNIVERSITY,SRA1083660,,public,BB711EAD16EFDF00A4686C2320D68142,0427BE648077F2F4681C9E740DA7F195
SRR11933197,2020-06-11 09:51:37,2020-06-05 11:25:24,64660899,3134285649,0,48,1889,,https://sra-downloadb.be-md.ncbi.nlm.nih.gov/sos9/sra-pub-zq-922/SRR011/11933/SRR11933197/SRR11933197.lite.1,SRX8478539,L320,RNA-Seq,cDNA,TRANSCRIPTOMIC,PAIRED,0,0,ILLUMINA,Illumina HiSeq 2500,SRP266111,PRJNA637522,,637522,SRS6778482,SAMN15145060,simple,4577,Zea mays,CML116_WS1,,,,,,,no,,,,,CHINA AGRICULTURAL UNIVERSITY,SRA1083660,,public,D8BC3A773227C574D9252285565DF399,2F35A6C84A6487D14580363BEBD57AAF
SRR11933195,2020-06-11 09:51:37,2020-06-05 11:25:07,76457852,3701195409,0,48,2233,,https://sra-downloadb.be-md.ncbi.nlm.nih.gov/sos9/sra-pub-zq-922/SRR011/11933/SRR11933195/SRR11933195.lite.1,SRX8478541,L321,RNA-Seq,cDNA,TRANSCRIPTOMIC,PAIRED,0,0,ILLUMINA,Illumina HiSeq 2500,SRP266111,PRJNA637522,,637522,SRS6778484,SAMN15145061,simple,4577,Zea mays,CML116_WW,,,,,,,no,,,,,CHINA AGRICULTURAL UNIVERSITY,SRA1083660,,public,FA9AEF38461DB3686E55E2A4762576C6,A3FD1A19EE95086A1F79542B97931FAE
SRR11933194,2020-06-11 09:51:37,2020-06-05 11:21:32,49907546,2501999399,0,50,1084,,https://sra-downloadb.be-md.ncbi.nlm.nih.gov/sos9/sra-pub-zq-922/SRR011/11933/SRR11933194/SRR11933194.lite.1,SRX8478542,L322,RNA-Seq,cDNA,TRANSCRIPTOMIC,PAIRED,0,0,ILLUMINA,Illumina HiSeq 2500,SRP266111,PRJNA637522,,637522,SRS6778487,SAMN15145062,simple,4577,Zea mays,CML118_WS1,,,,,,,no,,,,,CHINA AGRICULTURAL UNIVERSITY,SRA1083660,,public,58D1C87E64E797D95BEA3321E819ABD0,C89CA73726F179266FA93F6CDDCC0561
SRR11933193,2020-06-11 09:51:37,2020-06-05 11:22:23,51789950,2560705737,0,49,1291,,https://sra-downloadb.be-md.ncbi.nlm.nih.gov/sos9/sra-pub-zq-922/SRR011/11933/SRR11933193/SRR11933193.lite.1,SRX8478543,L323,RNA-Seq,cDNA,TRANSCRIPTOMIC,PAIRED,0,0,ILLUMINA,Illumina HiSeq 2500,SRP266111,PRJNA637522,,637522,SRS6778485,SAMN15145063,simple,4577,Zea mays,CML118_WS2,,,,,,,no,,,,,CHINA AGRICULTURAL UNIVERSITY,SRA1083660,,public,DF2E879417312247F4AB6910D3612710,DA7CF8D72E881681C1A239ECD7CB76E4
SRR11933192,2020-06-11 09:51:37,2020-06-05 11:24:14,64371068,3227020153,0,50,1329,,https://sra-downloadb.be-md.ncbi.nlm.nih.gov/sos9/sra-pub-zq-922/SRR011/11933/SRR11933192/SRR11933192.lite.1,SRX8478544,L324,RNA-Seq,cDNA,TRANSCRIPTOMIC,PAIRED,0,0,ILLUMINA,Illumina HiSeq 2500,SRP266111,PRJNA637522,,637522,SRS6778486,SAMN15145064,simple,4577,Zea mays,CML118_WW,,,,,,,no,,,,,CHINA AGRICULTURAL UNIVERSITY,SRA1083660,,public,EA4D22A208A07432CDE468EB0474A8BF,FD7F5F59477B72D1237ACC68C18C3871
SRR11933191,2020-06-11 09:51:37,2020-06-05 11:24:53,45218292,2302026270,0,50,774,,https://sra-downloadb.be-md.ncbi.nlm.nih.gov/sos9/sra-pub-zq-922/SRR011/11933/SRR11933191/SRR11933191.lite.1,SRX8478545,L325,RNA-Seq,cDNA,TRANSCRIPTOMIC,PAIRED,0,0,ILLUMINA,Illumina HiSeq 2500,SRP266111,PRJNA637522,,637522,SRS6778488,SAMN15145065,simple,4577,Zea mays,CML121_WS1,,,,,,,no,,,,,CHINA AGRICULTURAL UNIVERSITY,SRA1083660,,public,A1558084A98DCC79732BA157A6000172,C4C722A93D3B1C42DCB5D098B4A91608
SRR11933190,2020-06-11 09:51:37,2020-06-05 11:27:04,65916181,2926771516,0,44,1853,,https://sra-downloadb.be-md.ncbi.nlm.nih.gov/sos9/sra-pub-zq-922/SRR011/11933/SRR11933190/SRR11933190.lite.1,SRX8478546,L326,RNA-Seq,cDNA,TRANSCRIPTOMIC,PAIRED,0,0,ILLUMINA,Illumina HiSeq 2500,SRP266111,PRJNA637522,,637522,SRS6778490,SAMN15145066,simple,4577,Zea mays,CML121_WS2,,,,,,,no,,,,,CHINA AGRICULTURAL UNIVERSITY,SRA1083660,,public,19FC93805EE0C5ABDB2724EF1F0B35B7,1E3F50639F5AD2A7B4B7EFF9BC58A41C
SRR11933189,2020-06-11 09:51:37,2020-06-05 11:24:05,73596978,3735338676,0,50,1422,,https://sra-downloadb.be-md.ncbi.nlm.nih.gov/sos9/sra-pub-zq-922/SRR011/11933/SRR11933189/SRR11933189.lite.1,SRX8478547,L327,RNA-Seq,cDNA,TRANSCRIPTOMIC,PAIRED,0,0,ILLUMINA,Illumina HiSeq 2500,SRP266111,PRJNA637522,,637522,SRS6778489,SAMN15145067,simple,4577,Zea mays,CML121_WW,,,,,,,no,,,,,CHINA AGRICULTURAL UNIVERSITY,SRA1083660,,public,CF607CC5D88564D0692F1164A2243A20,6A12BE1ADB7163924E9E6131ED596FA8
SRR11933188,2020-06-11 09:51:37,2020-06-05 11:22:58,58248423,2943334406,0,50,1276,,https://sra-downloadb.be-md.ncbi.nlm.nih.gov/sos9/sra-pub-zq-924/SRR011/11933/SRR11933188/SRR11933188.lite.1,SRX8478548,L328,RNA-Seq,cDNA,TRANSCRIPTOMIC,PAIRED,0,0,ILLUMINA,Illumina HiSeq 2500,SRP266111,PRJNA637522,,637522,SRS6778492,SAMN15145068,simple,4577,Zea mays,CML130_WS2,,,,,,,no,,,,,CHINA AGRICULTURAL UNIVERSITY,SRA1083660,,public,B2ED282B6807DC44B48232D1ACCCCD5F,4C5F5E837E9C654E34B129AB73ED5651
SRR11933187,2020-06-11 09:51:37,2020-06-05 11:19:52,50245920,2558551979,0,50,920,,https://sra-downloadb.be-md.ncbi.nlm.nih.gov/sos9/sra-pub-zq-924/SRR011/11933/SRR11933187/SRR11933187.lite.1,SRX8478549,L329,RNA-Seq,cDNA,TRANSCRIPTOMIC,PAIRED,0,0,ILLUMINA,Illumina HiSeq 2500,SRP266111,PRJNA637522,,637522,SRS6778491,SAMN15145069,simple,4577,Zea mays,CML134_WS1,,,,,,,no,,,,,CHINA AGRICULTURAL UNIVERSITY,SRA1083660,,public,53BF97022EFD7CB5C02ECB1E0428C70F,34030EAA54A0041F3C08F7CCB07DBC67
SRR11933186,2020-06-11 09:51:37,2020-06-05 11:15:06,23467288,1055353890,0,44,628,,https://sra-downloadb.be-md.ncbi.nlm.nih.gov/sos9/sra-pub-zq-922/SRR011/11933/SRR11933186/SRR11933186.lite.1,SRX8478550,L330,RNA-Seq,cDNA,TRANSCRIPTOMIC,PAIRED,0,0,ILLUMINA,Illumina HiSeq 2500,SRP266111,PRJNA637522,,637522,SRS6778493,SAMN15145070,simple,4577,Zea mays,CML134_WS2,,,,,,,no,,,,,CHINA AGRICULTURAL UNIVERSITY,SRA1083660,,public,A69521F8A53DF0DC09B88EE69B3EB5EA,4A8FDA94414F5E49719A6B001E2A21FF
SRR11933184,2020-06-11 09:51:37,2020-06-05 11:20:04,42424085,2157750999,0,50,819,,https://sra-downloadb.be-md.ncbi.nlm.nih.gov/sos9/sra-pub-zq-922/SRR011/11933/SRR11933184/SRR11933184.lite.1,SRX8478552,L331,RNA-Seq,cDNA,TRANSCRIPTOMIC,PAIRED,0,0,ILLUMINA,Illumina HiSeq 2500,SRP266111,PRJNA637522,,637522,SRS6778495,SAMN15145071,simple,4577,Zea mays,CML134_WW,,,,,,,no,,,,,CHINA AGRICULTURAL UNIVERSITY,SRA1083660,,public,3A67806651E1B2B9826EC33365D2843D,F4B639D76F99640D2D622DD4101FFF27
SRR11933183,2020-06-11 09:51:37,2020-06-05 11:24:44,58908292,2975648471,0,50,1404,,https://sra-downloadb.be-md.ncbi.nlm.nih.gov/sos9/sra-pub-zq-922/SRR011/11933/SRR11933183/SRR11933183.lite.1,SRX8478553,L332,RNA-Seq,cDNA,TRANSCRIPTOMIC,PAIRED,0,0,ILLUMINA,Illumina HiSeq 2500,SRP266111,PRJNA637522,,637522,SRS6778496,SAMN15145072,simple,4577,Zea mays,CML162_WS1,,,,,,,no,,,,,CHINA AGRICULTURAL UNIVERSITY,SRA1083660,,public,6F2B9BC393D397433F127C0778484D73,AA0F5941E616219C8DC6E676DEF261D3
SRR11933182,2020-06-11 09:51:37,2020-06-05 11:34:56,58529698,2960210659,0,50,1304,,https://sra-downloadb.be-md.ncbi.nlm.nih.gov/sos9/sra-pub-zq-922/SRR011/11933/SRR11933182/SRR11933182.lite.1,SRX8478554,L333,RNA-Seq,cDNA,TRANSCRIPTOMIC,PAIRED,0,0,ILLUMINA,Illumina HiSeq 2500,SRP266111,PRJNA637522,,637522,SRS6778497,SAMN15145073,simple,4577,Zea mays,CML162_WS2,,,,,,,no,,,,,CHINA AGRICULTURAL UNIVERSITY,SRA1083660,,public,C77341E5677C9B730C2CF3CF0983E796,D359D1AEA6F1D3886AF94B12AFFBAF9F
SRR11933181,2020-06-11 09:51:37,2020-06-05 11:16:24,31845434,1617816194,0,50,695,,https://sra-downloadb.be-md.ncbi.nlm.nih.gov/sos9/sra-pub-zq-922/SRR011/11933/SRR11933181/SRR11933181.lite.1,SRX8478555,L334,RNA-Seq,cDNA,TRANSCRIPTOMIC,PAIRED,0,0,ILLUMINA,Illumina HiSeq 2500,SRP266111,PRJNA637522,,637522,SRS6778500,SAMN15145074,simple,4577,Zea mays,CML162_WW,,,,,,,no,,,,,CHINA AGRICULTURAL UNIVERSITY,SRA1083660,,public,214EEF5C7AA3119E9F6D052331729D00,C644B16DB205A8BCAEBE4EBDA76B548F
SRR11933180,2020-06-11 09:51:37,2020-06-05 11:16:56,27654436,1358145330,0,49,826,,https://sra-downloadb.be-md.ncbi.nlm.nih.gov/sos9/sra-pub-zq-922/SRR011/11933/SRR11933180/SRR11933180.lite.1,SRX8478556,L335,RNA-Seq,cDNA,TRANSCRIPTOMIC,PAIRED,0,0,ILLUMINA,Illumina HiSeq 2500,SRP266111,PRJNA637522,,637522,SRS6778499,SAMN15145075,simple,4577,Zea mays,CML163_WS1,,,,,,,no,,,,,CHINA AGRICULTURAL UNIVERSITY,SRA1083660,,public,FE4ADEB046A3761C89D49E60C3F21874,9F381D4E5E778D230E75028720C6E205
SRR11933179,2020-06-11 09:51:37,2020-06-05 11:17:14,38137368,1936308316,0,50,925,,https://sra-downloadb.be-md.ncbi.nlm.nih.gov/sos9/sra-pub-zq-922/SRR011/11933/SRR11933179/SRR11933179.lite.1,SRX8478557,L336,RNA-Seq,cDNA,TRANSCRIPTOMIC,PAIRED,0,0,ILLUMINA,Illumina HiSeq 2500,SRP266111,PRJNA637522,,637522,SRS6778498,SAMN15145076,simple,4577,Zea mays,CML163_WS1_REP,,,,,,,no,,,,,CHINA AGRICULTURAL UNIVERSITY,SRA1083660,,public,05C8CB127BB2FAA2E54A5778D11A9149,22B0BB2006181F352A9D5C506D086F17
SRR11933178,2020-06-11 09:51:37,2020-06-05 11:18:12,43846599,2231889364,0,50,825,,https://sra-downloadb.be-md.ncbi.nlm.nih.gov/sos9/sra-pub-zq-922/SRR011/11933/SRR11933178/SRR11933178.lite.1,SRX8478558,L337,RNA-Seq,cDNA,TRANSCRIPTOMIC,PAIRED,0,0,ILLUMINA,Illumina HiSeq 2500,SRP266111,PRJNA637522,,637522,SRS6778502,SAMN15145077,simple,4577,Zea mays,CML163_WS2,,,,,,,no,,,,,CHINA AGRICULTURAL UNIVERSITY,SRA1083660,,public,D7C894E86267B5DBF171F4E25B6C4F74,529FC914CDA7F3C05CCD3CFB11945025
SRR11933177,2020-06-11 09:51:37,2020-06-05 11:20:46,56726759,2882279470,0,50,1210,,https://sra-downloadb.be-md.ncbi.nlm.nih.gov/sos9/sra-pub-zq-924/SRR011/11933/SRR11933177/SRR11933177.lite.1,SRX8478559,L338,RNA-Seq,cDNA,TRANSCRIPTOMIC,PAIRED,0,0,ILLUMINA,Illumina HiSeq 2500,SRP266111,PRJNA637522,,637522,SRS6778501,SAMN15145078,simple,4577,Zea mays,CML163_WS2_REP,,,,,,,no,,,,,CHINA AGRICULTURAL UNIVERSITY,SRA1083660,,public,EBB79A780A6145EE5048CBDBB09049FD,7D312736E40CB4F0C3DFB52CF5289CF3
SRR11933176,2020-06-11 09:51:37,2020-06-05 11:30:45,72162003,3600194958,0,49,1713,,https://sra-downloadb.be-md.ncbi.nlm.nih.gov/sos9/sra-pub-zq-922/SRR011/11933/SRR11933176/SRR11933176.lite.1,SRX8478560,L339,RNA-Seq,cDNA,TRANSCRIPTOMIC,PAIRED,0,0,ILLUMINA,Illumina HiSeq 2500,SRP266111,PRJNA637522,,637522,SRS6778503,SAMN15145079,simple,4577,Zea mays,CML163_WW,,,,,,,no,,,,,CHINA AGRICULTURAL UNIVERSITY,SRA1083660,,public,5159EA7A50719AF5F05ED85990470D8F,D71943F1028F5D869DC2E4E166BFA595
SRR11933175,2020-06-11 09:51:37,2020-06-05 11:22:25,50428763,2562286869,0,50,1152,,https://sra-downloadb.be-md.ncbi.nlm.nih.gov/sos9/sra-pub-zq-924/SRR011/11933/SRR11933175/SRR11933175.lite.1,SRX8478561,L340,RNA-Seq,cDNA,TRANSCRIPTOMIC,PAIRED,0,0,ILLUMINA,Illumina HiSeq 2500,SRP266111,PRJNA637522,,637522,SRS6778504,SAMN15145080,simple,4577,Zea mays,CML163_WW_REP,,,,,,,no,,,,,CHINA AGRICULTURAL UNIVERSITY,SRA1083660,,public,138CEF5DD8C79223CA4336CEB9A7679A,576FAA013405A4280CF015C3C3DC637F
SRR11933173,2020-06-11 09:51:37,2020-06-05 11:27:01,100102928,4836910720,0,48,2858,,https://sra-downloadb.be-md.ncbi.nlm.nih.gov/sos9/sra-pub-zq-922/SRR011/11933/SRR11933173/SRR11933173.lite.1,SRX8478563,L341,RNA-Seq,cDNA,TRANSCRIPTOMIC,PAIRED,0,0,ILLUMINA,Illumina HiSeq 2500,SRP266111,PRJNA637522,,637522,SRS6778506,SAMN15145081,simple,4577,Zea mays,CML165_WS1,,,,,,,no,,,,,CHINA AGRICULTURAL UNIVERSITY,SRA1083660,,public,B1FF642A47F52B34068D99D28FB85CF6,5D754BCE4AB37B1507BDBA28CA9E23A5
SRR11933172,2020-06-11 09:51:37,2020-06-05 11:16:48,41472989,1899238542,0,45,920,,https://sra-downloadb.be-md.ncbi.nlm.nih.gov/sos9/sra-pub-zq-922/SRR011/11933/SRR11933172/SRR11933172.lite.1,SRX8478564,L342,RNA-Seq,cDNA,TRANSCRIPTOMIC,PAIRED,0,0,ILLUMINA,Illumina HiSeq 2500,SRP266111,PRJNA637522,,637522,SRS6778507,SAMN15145082,simple,4577,Zea mays,CML165_WS2,,,,,,,no,,,,,CHINA AGRICULTURAL UNIVERSITY,SRA1083660,,public,7D5E376655F3C301C96409A09B3F817E,B810B2C799AB1DFAB6D8A9367A7635BB
SRR11933171,2020-06-11 09:51:37,2020-06-05 11:30:18,104375148,5091648198,0,48,3099,,https://sra-downloadb.be-md.ncbi.nlm.nih.gov/sos9/sra-pub-zq-924/SRR011/11933/SRR11933171/SRR11933171.lite.1,SRX8478565,L343,RNA-Seq,cDNA,TRANSCRIPTOMIC,PAIRED,0,0,ILLUMINA,Illumina HiSeq 2500,SRP266111,PRJNA637522,,637522,SRS6778508,SAMN15145083,simple,4577,Zea mays,CML165_WW,,,,,,,no,,,,,CHINA AGRICULTURAL UNIVERSITY,SRA1083660,,public,49B0C9C9385283E0CB9087AEDD7219D0,C7423D37E16BB33FDAD7148722FFBBC2
SRR11933170,2020-06-11 09:51:37,2020-06-05 11:16:38,25666824,1308288307,0,50,389,,https://sra-downloadb.be-md.ncbi.nlm.nih.gov/sos9/sra-pub-zq-924/SRR011/11933/SRR11933170/SRR11933170.lite.1,SRX8478566,L344,RNA-Seq,cDNA,TRANSCRIPTOMIC,PAIRED,0,0,ILLUMINA,Illumina HiSeq 2500,SRP266111,PRJNA637522,,637522,SRS6778509,SAMN15145084,simple,4577,Zea mays,CML170_WS1,,,,,,,no,,,,,CHINA AGRICULTURAL UNIVERSITY,SRA1083660,,public,01A760FCE1C38303E64746D6D66A4FD3,36E5FA5B04C7ED36383C47DE14F437FA
SRR11933169,2020-06-11 09:51:37,2020-06-05 11:24:03,73559934,3642957540,0,49,1887,,https://sra-downloadb.be-md.ncbi.nlm.nih.gov/sos9/sra-pub-zq-922/SRR011/11933/SRR11933169/SRR11933169.lite.1,SRX8478567,L345,RNA-Seq,cDNA,TRANSCRIPTOMIC,PAIRED,0,0,ILLUMINA,Illumina HiSeq 2500,SRP266111,PRJNA637522,,637522,SRS6778510,SAMN15145085,simple,4577,Zea mays,CML170_WS2,,,,,,,no,,,,,CHINA AGRICULTURAL UNIVERSITY,SRA1083660,,public,8AD081BF7D471B1D25F7E0C10949AE41,2C7BFAAA463745C88F8909D63CE79C10
SRR11933168,2020-06-11 09:51:37,2020-06-05 11:24:22,74098021,3365263390,0,45,1886,,https://sra-downloadb.be-md.ncbi.nlm.nih.gov/sos9/sra-pub-zq-922/SRR011/11933/SRR11933168/SRR11933168.lite.1,SRX8478568,L346,RNA-Seq,cDNA,TRANSCRIPTOMIC,PAIRED,0,0,ILLUMINA,Illumina HiSeq 2500,SRP266111,PRJNA637522,,637522,SRS6778511,SAMN15145086,simple,4577,Zea mays,CML170_WW,,,,,,,no,,,,,CHINA AGRICULTURAL UNIVERSITY,SRA1083660,,public,6E4A959DD4D3B5DC431226C6D4AC44D9,9E5E14B54817102F18CD553B0014918C
SRR11933167,2020-06-11 09:51:37,2020-06-05 11:16:06,28745374,1463127001,0,50,521,,https://sra-downloadb.be-md.ncbi.nlm.nih.gov/sos9/sra-pub-zq-922/SRR011/11933/SRR11933167/SRR11933167.lite.1,SRX8478569,L347,RNA-Seq,cDNA,TRANSCRIPTOMIC,PAIRED,0,0,ILLUMINA,Illumina HiSeq 2500,SRP266111,PRJNA637522,,637522,SRS6778513,SAMN15145087,simple,4577,Zea mays,CML171_WS1,,,,,,,no,,,,,CHINA AGRICULTURAL UNIVERSITY,SRA1083660,,public,3D859972AC160F5DEC385C9205EBD7E5,EB9FFE2B8B658D5A8CEA24875C22CECE
SRR11933166,2020-06-11 09:51:37,2020-06-05 11:19:19,51403322,2602859261,0,50,957,,https://sra-downloadb.be-md.ncbi.nlm.nih.gov/sos9/sra-pub-zq-922/SRR011/11933/SRR11933166/SRR11933166.lite.1,SRX8478570,L348,RNA-Seq,cDNA,TRANSCRIPTOMIC,PAIRED,0,0,ILLUMINA,Illumina HiSeq 2500,SRP266111,PRJNA637522,,637522,SRS6778512,SAMN15145088,simple,4577,Zea mays,CML171_WS2,,,,,,,no,,,,,CHINA AGRICULTURAL UNIVERSITY,SRA1083660,,public,0926772FB71D96144EC93338DF0E6DB3,D6DA82191B67EF5F66B8E0F27F92B78F
SRR11933165,2020-06-11 09:51:37,2020-06-05 11:16:15,31158137,1585104941,0,50,539,,https://sra-downloadb.be-md.ncbi.nlm.nih.gov/sos9/sra-pub-zq-924/SRR011/11933/SRR11933165/SRR11933165.lite.1,SRX8478571,L349,RNA-Seq,cDNA,TRANSCRIPTOMIC,PAIRED,0,0,ILLUMINA,Illumina HiSeq 2500,SRP266111,PRJNA637522,,637522,SRS6778515,SAMN15145089,simple,4577,Zea mays,CML171_WW,,,,,,,no,,,,,CHINA AGRICULTURAL UNIVERSITY,SRA1083660,,public,477108BEF23D36BE81BF97E515516A42,276D86DF05BC4AC9022BE9076B0FBD49
SRR11933164,2020-06-11 09:51:37,2020-06-05 11:17:15,35367308,1800500411,0,50,644,,https://sra-downloadb.be-md.ncbi.nlm.nih.gov/sos9/sra-pub-zq-922/SRR011/11933/SRR11933164/SRR11933164.lite.1,SRX8478572,L350,RNA-Seq,cDNA,TRANSCRIPTOMIC,PAIRED,0,0,ILLUMINA,Illumina HiSeq 2500,SRP266111,PRJNA637522,,637522,SRS6778514,SAMN15145090,simple,4577,Zea mays,CML172_WS1,,,,,,,no,,,,,CHINA AGRICULTURAL UNIVERSITY,SRA1083660,,public,8DBA9B1D34C6EB68A0C7E112EF2F8E57,49B91FA9900D24E000C3B8057E503D68
SRR11933162,2020-06-11 09:51:37,2020-06-05 11:17:51,42760379,2174707339,0,50,837,,https://sra-downloadb.be-md.ncbi.nlm.nih.gov/sos9/sra-pub-zq-922/SRR011/11933/SRR11933162/SRR11933162.lite.1,SRX8478574,L351,RNA-Seq,cDNA,TRANSCRIPTOMIC,PAIRED,0,0,ILLUMINA,Illumina HiSeq 2500,SRP266111,PRJNA637522,,637522,SRS6778517,SAMN15145091,simple,4577,Zea mays,CML172_WS2,,,,,,,no,,,,,CHINA AGRICULTURAL UNIVERSITY,SRA1083660,,public,28EAF5F5ADC69D8E820131D5D20131C0,8F00A99A1778160C86FAAE102E9705D2
SRR11933161,2020-06-11 09:51:37,2020-06-05 11:16:01,26709044,1359670729,0,50,502,,https://sra-downloadb.be-md.ncbi.nlm.nih.gov/sos9/sra-pub-zq-922/SRR011/11933/SRR11933161/SRR11933161.lite.1,SRX8478575,L352,RNA-Seq,cDNA,TRANSCRIPTOMIC,PAIRED,0,0,ILLUMINA,Illumina HiSeq 2500,SRP266111,PRJNA637522,,637522,SRS6778519,SAMN15145092,simple,4577,Zea mays,CML172_WW,,,,,,,no,,,,,CHINA AGRICULTURAL UNIVERSITY,SRA1083660,,public,6724BD006E88E54BA4A02649E2E5B26D,2018B86EB4E4A2ECDFF1ECBABA505C3D
SRR11933160,2020-06-11 09:51:37,2020-06-05 11:17:12,45739615,2328791224,0,50,864,,https://sra-downloadb.be-md.ncbi.nlm.nih.gov/sos9/sra-pub-zq-922/SRR011/11933/SRR11933160/SRR11933160.lite.1,SRX8478576,L353,RNA-Seq,cDNA,TRANSCRIPTOMIC,PAIRED,0,0,ILLUMINA,Illumina HiSeq 2500,SRP266111,PRJNA637522,,637522,SRS6778518,SAMN15145093,simple,4577,Zea mays,CML189_WS1,,,,,,,no,,,,,CHINA AGRICULTURAL UNIVERSITY,SRA1083660,,public,1BC56334D74534D9DBD06B61A4882D15,627AE46E517A6B7AB1725C572C18BA76
SRR11933159,2020-06-11 09:51:37,2020-06-05 11:17:39,42838403,2181287711,0,50,805,,https://sra-downloadb.be-md.ncbi.nlm.nih.gov/sos9/sra-pub-zq-922/SRR011/11933/SRR11933159/SRR11933159.lite.1,SRX8478577,L354,RNA-Seq,cDNA,TRANSCRIPTOMIC,PAIRED,0,0,ILLUMINA,Illumina HiSeq 2500,SRP266111,PRJNA637522,,637522,SRS6778520,SAMN15145094,simple,4577,Zea mays,CML189_WS2,,,,,,,no,,,,,CHINA AGRICULTURAL UNIVERSITY,SRA1083660,,public,47E19AA3B400C8063CF4354A93776DED,DB8A7EDAA66BF489A3B5AA5758C3F94E
SRR11933158,2020-06-11 09:51:37,2020-06-05 11:17:55,35338416,1763874346,0,49,869,,https://sra-downloadb.be-md.ncbi.nlm.nih.gov/sos9/sra-pub-zq-924/SRR011/11933/SRR11933158/SRR11933158.lite.1,SRX8478578,L355,RNA-Seq,cDNA,TRANSCRIPTOMIC,PAIRED,0,0,ILLUMINA,Illumina HiSeq 2500,SRP266111,PRJNA637522,,637522,SRS6778521,SAMN15145095,simple,4577,Zea mays,CML189_WW,,,,,,,no,,,,,CHINA AGRICULTURAL UNIVERSITY,SRA1083660,,public,F0BD71857635764C5265EAAEC3DB0C8F,8080F9F671B4A83B4E70F8D5C3E56970
SRR11933157,2020-06-11 09:51:37,2020-06-05 11:19:02,43962486,2237878657,0,50,843,,https://sra-downloadb.be-md.ncbi.nlm.nih.gov/sos9/sra-pub-zq-922/SRR011/11933/SRR11933157/SRR11933157.lite.1,SRX8478579,L356,RNA-Seq,cDNA,TRANSCRIPTOMIC,PAIRED,0,0,ILLUMINA,Illumina HiSeq 2500,SRP266111,PRJNA637522,,637522,SRS6778522,SAMN15145096,simple,4577,Zea mays,CML192_WS1,,,,,,,no,,,,,CHINA AGRICULTURAL UNIVERSITY,SRA1083660,,public,4FCF691286168E12C6D45E3778122F02,43FD783B9304820B541CC4297B42557D
SRR11933156,2020-06-11 09:51:37,2020-06-05 11:19:49,47878873,2438201385,0,50,828,,https://sra-downloadb.be-md.ncbi.nlm.nih.gov/sos9/sra-pub-zq-922/SRR011/11933/SRR11933156/SRR11933156.lite.1,SRX8478580,L357,RNA-Seq,cDNA,TRANSCRIPTOMIC,PAIRED,0,0,ILLUMINA,Illumina HiSeq 2500,SRP266111,PRJNA637522,,637522,SRS6778525,SAMN15145097,simple,4577,Zea mays,CML192_WS2,,,,,,,no,,,,,CHINA AGRICULTURAL UNIVERSITY,SRA1083660,,public,1DF66B02EFB6B7772109105A452225B2,938FE4D16EEC4D12300837D534C18B1E
SRR11933155,2020-06-11 09:51:37,2020-06-05 11:20:16,49809163,2531379604,0,50,953,,https://sra-downloadb.be-md.ncbi.nlm.nih.gov/sos9/sra-pub-zq-924/SRR011/11933/SRR11933155/SRR11933155.lite.1,SRX8478581,L358,RNA-Seq,cDNA,TRANSCRIPTOMIC,PAIRED,0,0,ILLUMINA,Illumina HiSeq 2500,SRP266111,PRJNA637522,,637522,SRS6778523,SAMN15145098,simple,4577,Zea mays,CML192_WW,,,,,,,no,,,,,CHINA AGRICULTURAL UNIVERSITY,SRA1083660,,public,69363923033A2AED66E124AF56AF0ADC,C31664218059DE66C4820F4E6262364E
SRR11933154,2020-06-11 09:51:37,2020-06-05 11:15:22,27233118,1386521381,0,50,468,,https://sra-downloadb.be-md.ncbi.nlm.nih.gov/sos9/sra-pub-zq-922/SRR011/11933/SRR11933154/SRR11933154.lite.1,SRX8478582,L359,RNA-Seq,cDNA,TRANSCRIPTOMIC,PAIRED,0,0,ILLUMINA,Illumina HiSeq 2500,SRP266111,PRJNA637522,,637522,SRS6778524,SAMN15145099,simple,4577,Zea mays,CML20_WS1,,,,,,,no,,,,,CHINA AGRICULTURAL UNIVERSITY,SRA1083660,,public,04ABB0C34B2F3CBBF6854E2ABC36D307,215A4BF1E4FE362DA37841236B8E968D
SRR11933153,2020-06-11 09:51:37,2020-06-05 11:15:43,31096490,1581875578,0,50,580,,https://sra-downloadb.be-md.ncbi.nlm.nih.gov/sos9/sra-pub-zq-922/SRR011/11933/SRR11933153/SRR11933153.lite.1,SRX8478583,L360,RNA-Seq,cDNA,TRANSCRIPTOMIC,PAIRED,0,0,ILLUMINA,Illumina HiSeq 2500,SRP266111,PRJNA637522,,637522,SRS6778526,SAMN15145100,simple,4577,Zea mays,CML20_WW,,,,,,,no,,,,,CHINA AGRICULTURAL UNIVERSITY,SRA1083660,,public,AA21F7C09D29BFC9C70C91C6B35F9E63,59C66BFEED2F85647F0DAB2D491AB368
SRR11933151,2020-06-11 09:51:37,2020-06-05 11:17:58,52151032,2529706021,0,48,1562,,https://sra-downloadb.be-md.ncbi.nlm.nih.gov/sos9/sra-pub-zq-922/SRR011/11933/SRR11933151/SRR11933151.lite.1,SRX8478585,L361,RNA-Seq,cDNA,TRANSCRIPTOMIC,PAIRED,0,0,ILLUMINA,Illumina HiSeq 2500,SRP266111,PRJNA637522,,637522,SRS6778528,SAMN15145101,simple,4577,Zea mays,CML298_WS1,,,,,,,no,,,,,CHINA AGRICULTURAL UNIVERSITY,SRA1083660,,public,8E7440D57018D4A800FF8F6FB0AF0447,C366298088B48A4BB1ABCC50D8EAB396
SRR11933150,2020-06-11 09:51:37,2020-06-05 11:20:19,49015721,2432033590,0,49,1315,,https://sra-downloadb.be-md.ncbi.nlm.nih.gov/sos9/sra-pub-zq-922/SRR011/11933/SRR11933150/SRR11933150.lite.1,SRX8478586,L362,RNA-Seq,cDNA,TRANSCRIPTOMIC,PAIRED,0,0,ILLUMINA,Illumina HiSeq 2500,SRP266111,PRJNA637522,,637522,SRS6778529,SAMN15145102,simple,4577,Zea mays,CML298_WS2,,,,,,,no,,,,,CHINA AGRICULTURAL UNIVERSITY,SRA1083660,,public,91777175F18D302DF31791E405E0BCBA,82616846D508C28DB142BF2A01C94F63
SRR11933149,2020-06-11 09:51:37,2020-06-05 11:16:29,36956998,1687001413,0,45,900,,https://sra-downloadb.be-md.ncbi.nlm.nih.gov/sos9/sra-pub-zq-924/SRR011/11933/SRR11933149/SRR11933149.lite.1,SRX8478587,L363,RNA-Seq,cDNA,TRANSCRIPTOMIC,PAIRED,0,0,ILLUMINA,Illumina HiSeq 2500,SRP266111,PRJNA637522,,637522,SRS6778530,SAMN15145103,simple,4577,Zea mays,CML298_WW,,,,,,,no,,,,,CHINA AGRICULTURAL UNIVERSITY,SRA1083660,,public,CFB6894C6A0854BC3DA37428868179B9,34BE4EDBAC1CA32A783D646D998B845F
SRR11933148,2020-06-11 09:51:37,2020-06-05 11:28:33,55298892,2691247023,0,48,1612,,https://sra-downloadb.be-md.ncbi.nlm.nih.gov/sos9/sra-pub-zq-922/SRR011/11933/SRR11933148/SRR11933148.lite.1,SRX8478588,L364,RNA-Seq,cDNA,TRANSCRIPTOMIC,PAIRED,0,0,ILLUMINA,Illumina HiSeq 2500,SRP266111,PRJNA637522,,637522,SRS6778531,SAMN15145104,simple,4577,Zea mays,CML304_WS1,,,,,,,no,,,,,CHINA AGRICULTURAL UNIVERSITY,SRA1083660,,public,133A3AD109D5B0076D5E5C73D64EE294,BBC89EF15012975AF8C17B9221550279
SRR11933147,2020-06-11 09:51:37,2020-06-05 11:14:43,34291835,1584784670,0,46,910,,https://sra-downloadb.be-md.ncbi.nlm.nih.gov/sos9/sra-pub-zq-924/SRR011/11933/SRR11933147/SRR11933147.lite.1,SRX8478589,L365,RNA-Seq,cDNA,TRANSCRIPTOMIC,PAIRED,0,0,ILLUMINA,Illumina HiSeq 2500,SRP266111,PRJNA637522,,637522,SRS6778532,SAMN15145105,simple,4577,Zea mays,CML304_WS2,,,,,,,no,,,,,CHINA AGRICULTURAL UNIVERSITY,SRA1083660,,public,247B03618B04F6EB3288F2D0B20E8911,21B25BAE2E05A482FC554E8B04D0EE01
SRR11933146,2020-06-11 09:51:37,2020-06-05 11:32:08,119923881,5834206643,0,48,3578,,https://sra-downloadb.be-md.ncbi.nlm.nih.gov/sos9/sra-pub-zq-922/SRR011/11933/SRR11933146/SRR11933146.lite.1,SRX8478590,L366,RNA-Seq,cDNA,TRANSCRIPTOMIC,PAIRED,0,0,ILLUMINA,Illumina HiSeq 2500,SRP266111,PRJNA637522,,637522,SRS6778533,SAMN15145106,simple,4577,Zea mays,CML304_WW,,,,,,,no,,,,,CHINA AGRICULTURAL UNIVERSITY,SRA1083660,,public,B6231B3B029B0B16514BEC16F7A5B739,CEB3C7FD796400E13522BB94E3D9EECC
SRR11933145,2020-06-11 09:51:37,2020-06-05 11:17:05,40129694,2044050140,0,50,623,,https://sra-downloadb.be-md.ncbi.nlm.nih.gov/sos9/sra-pub-zq-922/SRR011/11933/SRR11933145/SRR11933145.lite.1,SRX8478591,L367,RNA-Seq,cDNA,TRANSCRIPTOMIC,PAIRED,0,0,ILLUMINA,Illumina HiSeq 2500,SRP266111,PRJNA637522,,637522,SRS6778534,SAMN15145107,simple,4577,Zea mays,CML31_WS1,,,,,,,no,,,,,CHINA AGRICULTURAL UNIVERSITY,SRA1083660,,public,91CF7DB96839371CFA72266720F4CB6C,D77AF76F0E33C6C5EA71F41EF91D531D
SRR11933144,2020-06-11 09:51:37,2020-06-05 11:16:50,38433849,1913054436,0,49,1037,,https://sra-downloadb.be-md.ncbi.nlm.nih.gov/sos9/sra-pub-zq-922/SRR011/11933/SRR11933144/SRR11933144.lite.1,SRX8478592,L368,RNA-Seq,cDNA,TRANSCRIPTOMIC,PAIRED,0,0,ILLUMINA,Illumina HiSeq 2500,SRP266111,PRJNA637522,,637522,SRS6778535,SAMN15145108,simple,4577,Zea mays,CML31_WS2,,,,,,,no,,,,,CHINA AGRICULTURAL UNIVERSITY,SRA1083660,,public,F2D6B85D9E8EFCE99DB32CFB6D67E117,32AEDFF51E37C23C2167909CB8297D70
SRR11933143,2020-06-11 09:51:37,2020-06-05 11:11:29,13150318,621883751,0,47,411,,https://sra-downloadb.be-md.ncbi.nlm.nih.gov/sos9/sra-pub-zq-922/SRR011/11933/SRR11933143/SRR11933143.lite.1,SRX8478593,L369,RNA-Seq,cDNA,TRANSCRIPTOMIC,PAIRED,0,0,ILLUMINA,Illumina HiSeq 2500,SRP266111,PRJNA637522,,637522,SRS6778536,SAMN15145109,simple,4577,Zea mays,CML31_WW,,,,,,,no,,,,,CHINA AGRICULTURAL UNIVERSITY,SRA1083660,,public,20291D861ABC9C515344739BFB63E6FD,3C7CE9DBD050FF063B9AF4B44F8B0884
SRR11933138,2020-06-11 09:51:38,2020-06-05 11:15:20,31252103,1448605032,0,46,836,,https://sra-downloadb.be-md.ncbi.nlm.nih.gov/sos9/sra-pub-zq-922/SRR011/11933/SRR11933138/SRR11933138.lite.1,SRX8478598,L373,RNA-Seq,cDNA,TRANSCRIPTOMIC,PAIRED,0,0,ILLUMINA,Illumina HiSeq 2500,SRP266111,PRJNA637522,,637522,SRS6778540,SAMN15145113,simple,4577,Zea mays,CML325_WS2,,,,,,,no,,,,,CHINA AGRICULTURAL UNIVERSITY,SRA1083660,,public,D337434CDC0A0B4CCA3604D79E9B7079,868ECBF8812C16F57DEF165BE50F03F3
SRR11933137,2020-06-11 09:51:38,2020-06-05 11:19:43,65628649,3180443264,0,48,1932,,https://sra-downloadb.be-md.ncbi.nlm.nih.gov/sos9/sra-pub-zq-922/SRR011/11933/SRR11933137/SRR11933137.lite.1,SRX8478599,L374,RNA-Seq,cDNA,TRANSCRIPTOMIC,PAIRED,0,0,ILLUMINA,Illumina HiSeq 2500,SRP266111,PRJNA637522,,637522,SRS6778542,SAMN15145114,simple,4577,Zea mays,CML325_WW,,,,,,,no,,,,,CHINA AGRICULTURAL UNIVERSITY,SRA1083660,,public,3A0B346D543BA9C874752689A2284595,84126FE848885D7CEA8EEA70D020A9CC
SRR11933142,2020-06-11 09:51:37,2020-06-05 11:16:45,38559104,1959912848,0,50,766,,https://sra-downloadb.be-md.ncbi.nlm.nih.gov/sos9/sra-pub-zq-922/SRR011/11933/SRR11933142/SRR11933142.lite.1,SRX8478594,L370,RNA-Seq,cDNA,TRANSCRIPTOMIC,PAIRED,0,0,ILLUMINA,Illumina HiSeq 2500,SRP266111,PRJNA637522,,637522,SRS6778537,SAMN15145110,simple,4577,Zea mays,CML32_WS1,,,,,,,no,,,,,CHINA AGRICULTURAL UNIVERSITY,SRA1083660,,public,3802DF7CB435A345ED79445C24EE6C64,DC1FCDFD4B510097700E62156BE5C462
SRR11933140,2020-06-11 09:51:38,2020-06-05 11:16:58,54897633,2795941983,0,50,788,,https://sra-downloadb.be-md.ncbi.nlm.nih.gov/sos9/sra-pub-zq-924/SRR011/11933/SRR11933140/SRR11933140.lite.1,SRX8478596,L371,RNA-Seq,cDNA,TRANSCRIPTOMIC,PAIRED,0,0,ILLUMINA,Illumina HiSeq 2500,SRP266111,PRJNA637522,,637522,SRS6778539,SAMN15145111,simple,4577,Zea mays,CML32_WS2,,,,,,,no,,,,,CHINA AGRICULTURAL UNIVERSITY,SRA1083660,,public,4C84B873F6BCF3D7BA0AC1C9B15B3CC1,F24CA4EF1771C740D434802E7038515C
SRR11933139,2020-06-11 09:51:38,2020-06-05 11:13:05,27534334,1401528632,0,50,534,,https://sra-downloadb.be-md.ncbi.nlm.nih.gov/sos9/sra-pub-zq-922/SRR011/11933/SRR11933139/SRR11933139.lite.1,SRX8478597,L372,RNA-Seq,cDNA,TRANSCRIPTOMIC,PAIRED,0,0,ILLUMINA,Illumina HiSeq 2500,SRP266111,PRJNA637522,,637522,SRS6778541,SAMN15145112,simple,4577,Zea mays,CML32_WW,,,,,,,no,,,,,CHINA AGRICULTURAL UNIVERSITY,SRA1083660,,public,11EFAFE8FB3CE32EE69C8DDE1D6B0662,A7707AD362F27646A60B8E2D11E0C95B
SRR11933136,2020-06-11 09:51:38,2020-06-05 11:13:50,27889694,1368139832,0,49,821,,https://sra-downloadb.be-md.ncbi.nlm.nih.gov/sos9/sra-pub-zq-922/SRR011/11933/SRR11933136/SRR11933136.lite.1,SRX8478600,L375,RNA-Seq,cDNA,TRANSCRIPTOMIC,PAIRED,0,0,ILLUMINA,Illumina HiSeq 2500,SRP266111,PRJNA637522,,637522,SRS6778543,SAMN15145115,simple,4577,Zea mays,CML360_WS1,,,,,,,no,,,,,CHINA AGRICULTURAL UNIVERSITY,SRA1083660,,public,4215D938D709D8CE7642826311C3EFC8,F960426BFC511303F8D6E9F3DEE9BC04
SRR11933135,2020-06-11 09:51:38,2020-06-05 11:16:12,33752223,1714884165,0,50,788,,https://sra-downloadb.be-md.ncbi.nlm.nih.gov/sos9/sra-pub-zq-922/SRR011/11933/SRR11933135/SRR11933135.lite.1,SRX8478601,L376,RNA-Seq,cDNA,TRANSCRIPTOMIC,PAIRED,0,0,ILLUMINA,Illumina HiSeq 2500,SRP266111,PRJNA637522,,637522,SRS6778544,SAMN15145116,simple,4577,Zea mays,CML360_WS1_REP,,,,,,,no,,,,,CHINA AGRICULTURAL UNIVERSITY,SRA1083660,,public,DB8539367E38E6B4D8144659435C45B5,B46279D43F79581ABAEB29CAE88FE4F7
SRR11933134,2020-06-11 09:51:38,2020-06-05 11:19:28,56875891,2893598397,0,50,1047,,https://sra-downloadb.be-md.ncbi.nlm.nih.gov/sos9/sra-pub-zq-922/SRR011/11933/SRR11933134/SRR11933134.lite.1,SRX8478602,L377,RNA-Seq,cDNA,TRANSCRIPTOMIC,PAIRED,0,0,ILLUMINA,Illumina HiSeq 2500,SRP266111,PRJNA637522,,637522,SRS6778546,SAMN15145117,simple,4577,Zea mays,CML360_WS2,,,,,,,no,,,,,CHINA AGRICULTURAL UNIVERSITY,SRA1083660,,public,CFB2B80E45E77983968EB5FC1EC26D46,384E9D0575C2874D08FCEDC0C2A026D6
SRR11933133,2020-06-11 09:51:38,2020-06-05 11:18:40,56849932,2891278872,0,50,1181,,https://sra-downloadb.be-md.ncbi.nlm.nih.gov/sos9/sra-pub-zq-922/SRR011/11933/SRR11933133/SRR11933133.lite.1,SRX8478603,L378,RNA-Seq,cDNA,TRANSCRIPTOMIC,PAIRED,0,0,ILLUMINA,Illumina HiSeq 2500,SRP266111,PRJNA637522,,637522,SRS6778545,SAMN15145118,simple,4577,Zea mays,CML360_WS2_REP,,,,,,,no,,,,,CHINA AGRICULTURAL UNIVERSITY,SRA1083660,,public,E691E8B0E0AB4A9794CC00FBA2443EA5,378DB99CE0CEFACA1DCF40F88CC195D2
SRR11933132,2020-06-11 09:51:38,2020-06-05 11:21:51,57501170,2859919411,0,49,1334,,https://sra-downloadb.be-md.ncbi.nlm.nih.gov/sos9/sra-pub-zq-924/SRR011/11933/SRR11933132/SRR11933132.lite.1,SRX8478604,L379,RNA-Seq,cDNA,TRANSCRIPTOMIC,PAIRED,0,0,ILLUMINA,Illumina HiSeq 2500,SRP266111,PRJNA637522,,637522,SRS6778547,SAMN15145119,simple,4577,Zea mays,CML360_WW,,,,,,,no,,,,,CHINA AGRICULTURAL UNIVERSITY,SRA1083660,,public,2BD736754FD6E95FA4FD90395A960338,AFA4E2B3C5F0503AEB4C3E1C73A1C0D3
SRR11933131,2020-06-11 09:51:37,2020-06-05 11:14:38,45297186,2300810289,0,50,1027,,https://sra-downloadb.be-md.ncbi.nlm.nih.gov/sos9/sra-pub-zq-922/SRR011/11933/SRR11933131/SRR11933131.lite.1,SRX8478605,L380,RNA-Seq,cDNA,TRANSCRIPTOMIC,PAIRED,0,0,ILLUMINA,Illumina HiSeq 2500,SRP266111,PRJNA637522,,637522,SRS6778548,SAMN15145120,simple,4577,Zea mays,CML360_WW_REP,,,,,,,no,,,,,CHINA AGRICULTURAL UNIVERSITY,SRA1083660,,public,98843CC40E2B89C7DC135AC29287AA15,EA7BE2D1C85B76AE864DDE48BB609082
SRR11933129,2020-06-11 09:51:38,2020-06-05 11:14:32,41427331,2109501716,0,50,791,,https://sra-downloadb.be-md.ncbi.nlm.nih.gov/sos9/sra-pub-zq-922/SRR011/11933/SRR11933129/SRR11933129.lite.1,SRX8478607,L381,RNA-Seq,cDNA,TRANSCRIPTOMIC,PAIRED,0,0,ILLUMINA,Illumina HiSeq 2500,SRP266111,PRJNA637522,,637522,SRS6778550,SAMN15145121,simple,4577,Zea mays,CML361_WS1,,,,,,,no,,,,,CHINA AGRICULTURAL UNIVERSITY,SRA1083660,,public,678840F1255B5046C33DF1D8A5991937,0AA59E059267A4C757223812BBB55154
SRR11933128,2020-06-11 09:51:38,2020-06-05 11:14:11,34822702,1773092171,0,50,664,,https://sra-downloadb.be-md.ncbi.nlm.nih.gov/sos9/sra-pub-zq-922/SRR011/11933/SRR11933128/SRR11933128.lite.1,SRX8478608,L382,RNA-Seq,cDNA,TRANSCRIPTOMIC,PAIRED,0,0,ILLUMINA,Illumina HiSeq 2500,SRP266111,PRJNA637522,,637522,SRS6778551,SAMN15145122,simple,4577,Zea mays,CML361_WS2,,,,,,,no,,,,,CHINA AGRICULTURAL UNIVERSITY,SRA1083660,,public,4E354533C6E37D3280C2E69BC98FAC40,D6AE84A9C3DF33C64547B0F9E92F4326
SRR11933127,2020-06-11 09:51:38,2020-06-05 11:16:54,41101374,2049109822,0,49,1003,,https://sra-downloadb.be-md.ncbi.nlm.nih.gov/sos9/sra-pub-zq-922/SRR011/11933/SRR11933127/SRR11933127.lite.1,SRX8478609,L383,RNA-Seq,cDNA,TRANSCRIPTOMIC,PAIRED,0,0,ILLUMINA,Illumina HiSeq 2500,SRP266111,PRJNA637522,,637522,SRS6778552,SAMN15145123,simple,4577,Zea mays,CML361_WW,,,,,,,no,,,,,CHINA AGRICULTURAL UNIVERSITY,SRA1083660,,public,A38128A7C66D92DF4C913A72222B98DC,AF47D4B11B5569B8A51B34A430DDCF9C
SRR11933126,2020-06-11 09:51:38,2020-06-05 11:18:48,55042880,2802266370,0,50,1041,,https://sra-downloadb.be-md.ncbi.nlm.nih.gov/sos9/sra-pub-zq-924/SRR011/11933/SRR11933126/SRR11933126.lite.1,SRX8478610,L384,RNA-Seq,cDNA,TRANSCRIPTOMIC,PAIRED,0,0,ILLUMINA,Illumina HiSeq 2500,SRP266111,PRJNA637522,,637522,SRS6778553,SAMN15145124,simple,4577,Zea mays,CML411_WS1,,,,,,,no,,,,,CHINA AGRICULTURAL UNIVERSITY,SRA1083660,,public,3E42443D6C16C75720A24A39462021E2,8CF1D83523EF344F161A7E736CC787A7
SRR11933125,2020-06-11 09:51:38,2020-06-05 11:17:08,41236233,2100335333,0,50,703,,https://sra-downloadb.be-md.ncbi.nlm.nih.gov/sos9/sra-pub-zq-922/SRR011/11933/SRR11933125/SRR11933125.lite.1,SRX8478611,L385,RNA-Seq,cDNA,TRANSCRIPTOMIC,PAIRED,0,0,ILLUMINA,Illumina HiSeq 2500,SRP266111,PRJNA637522,,637522,SRS6778554,SAMN15145125,simple,4577,Zea mays,CML411_WS2,,,,,,,no,,,,,CHINA AGRICULTURAL UNIVERSITY,SRA1083660,,public,9FAE8533A4768E6F2C4B2305E2347078,DD724702362F51AE66953BC96C1E7598
SRR11933124,2020-06-11 09:51:38,2020-06-05 11:17:11,44925846,2286820709,0,50,849,,https://sra-downloadb.be-md.ncbi.nlm.nih.gov/sos9/sra-pub-zq-924/SRR011/11933/SRR11933124/SRR11933124.lite.1,SRX8478612,L386,RNA-Seq,cDNA,TRANSCRIPTOMIC,PAIRED,0,0,ILLUMINA,Illumina HiSeq 2500,SRP266111,PRJNA637522,,637522,SRS6778555,SAMN15145126,simple,4577,Zea mays,CML411_WW,,,,,,,no,,,,,CHINA AGRICULTURAL UNIVERSITY,SRA1083660,,public,0C6541381F69104E261E1B6EBD2BBA6B,E8CE755491A0449BE7C54E68844D3B52
SRR11933123,2020-06-11 09:51:38,2020-06-05 11:14:26,46092921,2347054088,0,50,858,,https://sra-downloadb.be-md.ncbi.nlm.nih.gov/sos9/sra-pub-zq-922/SRR011/11933/SRR11933123/SRR11933123.lite.1,SRX8478613,L387,RNA-Seq,cDNA,TRANSCRIPTOMIC,PAIRED,0,0,ILLUMINA,Illumina HiSeq 2500,SRP266111,PRJNA637522,,637522,SRS6778556,SAMN15145127,simple,4577,Zea mays,CML423_WS1,,,,,,,no,,,,,CHINA AGRICULTURAL UNIVERSITY,SRA1083660,,public,24AC20E592A1CF17849B6178C2A5ED77,A341BC97A71531246C296FBCC21D460D
SRR11933122,2020-06-11 09:51:38,2020-06-05 11:10:26,20155461,906846888,0,44,570,,https://sra-downloadb.be-md.ncbi.nlm.nih.gov/sos9/sra-pub-zq-924/SRR011/11933/SRR11933122/SRR11933122.lite.1,SRX8478614,L388,RNA-Seq,cDNA,TRANSCRIPTOMIC,PAIRED,0,0,ILLUMINA,Illumina HiSeq 2500,SRP266111,PRJNA637522,,637522,SRS6778557,SAMN15145128,simple,4577,Zea mays,CML423_WS2,,,,,,,no,,,,,CHINA AGRICULTURAL UNIVERSITY,SRA1083660,,public,E9ED60E57409606CE6DCE5E88178291B,CA8AA5608B4171AD6DDD5526D1B826EF
SRR11933121,2020-06-11 09:51:38,2020-06-05 11:14:28,34344175,1748089238,0,50,657,,https://sra-downloadb.be-md.ncbi.nlm.nih.gov/sos9/sra-pub-zq-924/SRR011/11933/SRR11933121/SRR11933121.lite.1,SRX8478615,L389,RNA-Seq,cDNA,TRANSCRIPTOMIC,PAIRED,0,0,ILLUMINA,Illumina HiSeq 2500,SRP266111,PRJNA637522,,637522,SRS6778558,SAMN15145129,simple,4577,Zea mays,CML423_WW,,,,,,,no,,,,,CHINA AGRICULTURAL UNIVERSITY,SRA1083660,,public,A77EB0B3A2B7B7902253D4CBA2F2D16B,BD6A00B186B9E60A422A50A20EA565D6
SRR11933120,2020-06-11 09:51:38,2020-06-05 11:19:28,57295141,2893705280,0,50,1365,,https://sra-downloadb.be-md.ncbi.nlm.nih.gov/sos9/sra-pub-zq-922/SRR011/11933/SRR11933120/SRR11933120.lite.1,SRX8478616,L390,RNA-Seq,cDNA,TRANSCRIPTOMIC,PAIRED,0,0,ILLUMINA,Illumina HiSeq 2500,SRP266111,PRJNA637522,,637522,SRS6778560,SAMN15145130,simple,4577,Zea mays,CML431_WS1,,,,,,,no,,,,,CHINA AGRICULTURAL UNIVERSITY,SRA1083660,,public,81397A8E42898248D2BDE22A657EB767,8DD4F8B3F93739BF59D382B136B00980
SRR11933118,2020-06-11 09:51:38,2020-06-05 11:15:42,56212117,2838400531,0,50,1181,,https://sra-downloadb.be-md.ncbi.nlm.nih.gov/sos9/sra-pub-zq-922/SRR011/11933/SRR11933118/SRR11933118.lite.1,SRX8478618,L391,RNA-Seq,cDNA,TRANSCRIPTOMIC,PAIRED,0,0,ILLUMINA,Illumina HiSeq 2500,SRP266111,PRJNA637522,,637522,SRS6778561,SAMN15145131,simple,4577,Zea mays,CML431_WS2,,,,,,,no,,,,,CHINA AGRICULTURAL UNIVERSITY,SRA1083660,,public,EDEB2C49700C14E507A6086E61D256BC,3A0AA899E18E30BE30847EBBFF148EFA
SRR11933117,2020-06-11 09:51:38,2020-06-05 11:35:08,115718728,5891961647,0,50,1775,,https://sra-downloadb.be-md.ncbi.nlm.nih.gov/sos9/sra-pub-zq-922/SRR011/11933/SRR11933117/SRR11933117.lite.1,SRX8478619,L392,RNA-Seq,cDNA,TRANSCRIPTOMIC,PAIRED,0,0,ILLUMINA,Illumina HiSeq 2500,SRP266111,PRJNA637522,,637522,SRS6778562,SAMN15145132,simple,4577,Zea mays,CML432_WS1,,,,,,,no,,,,,CHINA AGRICULTURAL UNIVERSITY,SRA1083660,,public,6D63ED99B8BBA84CD62F25B1DDD4F692,5CF80753067DA6A5389F2D95C69F6394
SRR11933116,2020-06-11 09:51:38,2020-06-05 11:11:05,26673629,1358295081,0,50,436,,https://sra-downloadb.be-md.ncbi.nlm.nih.gov/sos9/sra-pub-zq-922/SRR011/11933/SRR11933116/SRR11933116.lite.1,SRX8478620,L393,RNA-Seq,cDNA,TRANSCRIPTOMIC,PAIRED,0,0,ILLUMINA,Illumina HiSeq 2500,SRP266111,PRJNA637522,,637522,SRS6778563,SAMN15145133,simple,4577,Zea mays,CML433_WS1,,,,,,,no,,,,,CHINA AGRICULTURAL UNIVERSITY,SRA1083660,,public,CC6826AA2C93F8A2642B6DFB982A4231,32A5D0BF495C2370BC8164A28E8D54B4
SRR11933115,2020-06-11 09:51:38,2020-06-05 11:15:42,48360418,2460790725,0,50,913,,https://sra-downloadb.be-md.ncbi.nlm.nih.gov/sos9/sra-pub-zq-924/SRR011/11933/SRR11933115/SRR11933115.lite.1,SRX8478621,L394,RNA-Seq,cDNA,TRANSCRIPTOMIC,PAIRED,0,0,ILLUMINA,Illumina HiSeq 2500,SRP266111,PRJNA637522,,637522,SRS6778564,SAMN15145134,simple,4577,Zea mays,CML433_WS2,,,,,,,no,,,,,CHINA AGRICULTURAL UNIVERSITY,SRA1083660,,public,AEB73E5506A290218F0EF4E912F54A43,B3E83C3215121F33ABF4342E275CDC19
SRR11933114,2020-06-11 09:51:38,2020-06-05 11:22:07,51593637,2624579578,0,50,922,,https://sra-downloadb.be-md.ncbi.nlm.nih.gov/sos9/sra-pub-zq-924/SRR011/11933/SRR11933114/SRR11933114.lite.1,SRX8478622,L395,RNA-Seq,cDNA,TRANSCRIPTOMIC,PAIRED,0,0,ILLUMINA,Illumina HiSeq 2500,SRP266111,PRJNA637522,,637522,SRS6778565,SAMN15145135,simple,4577,Zea mays,CML433_WW,,,,,,,no,,,,,CHINA AGRICULTURAL UNIVERSITY,SRA1083660,,public,78C1E6CA6278FD5AEE9774B9D160E128,016D70EDCBB27C342D389D0E79E42E9F
SRR11933113,2020-06-11 09:51:38,2020-06-05 11:14:49,29878702,1516528888,0,50,413,,https://sra-downloadb.be-md.ncbi.nlm.nih.gov/sos9/sra-pub-zq-922/SRR011/11933/SRR11933113/SRR11933113.lite.1,SRX8478623,L396,RNA-Seq,cDNA,TRANSCRIPTOMIC,PAIRED,0,0,ILLUMINA,Illumina HiSeq 2500,SRP266111,PRJNA637522,,637522,SRS6778566,SAMN15145136,simple,4577,Zea mays,CML454_WS1,,,,,,,no,,,,,CHINA AGRICULTURAL UNIVERSITY,SRA1083660,,public,D76CB5F90FFF099999563475B3DA3D4A,B3C971DBD0CB3E41CD6674A08658E25A
SRR11933112,2020-06-11 09:51:38,2020-06-05 11:17:49,48233645,2398630236,0,49,1209,,https://sra-downloadb.be-md.ncbi.nlm.nih.gov/sos9/sra-pub-zq-922/SRR011/11933/SRR11933112/SRR11933112.lite.1,SRX8478624,L397,RNA-Seq,cDNA,TRANSCRIPTOMIC,PAIRED,0,0,ILLUMINA,Illumina HiSeq 2500,SRP266111,PRJNA637522,,637522,SRS6778568,SAMN15145137,simple,4577,Zea mays,CML454_WS2,,,,,,,no,,,,,CHINA AGRICULTURAL UNIVERSITY,SRA1083660,,public,556F3784F1E612B5988DA9988FCAB14C,911963BB085885D48A1DD341C8C2F099
SRR11933111,2020-06-11 09:51:38,2020-06-05 11:09:33,17963055,847045160,0,47,559,,https://sra-downloadb.be-md.ncbi.nlm.nih.gov/sos9/sra-pub-zq-924/SRR011/11933/SRR11933111/SRR11933111.lite.1,SRX8478625,L398,RNA-Seq,cDNA,TRANSCRIPTOMIC,PAIRED,0,0,ILLUMINA,Illumina HiSeq 2500,SRP266111,PRJNA637522,,637522,SRS6778567,SAMN15145138,simple,4577,Zea mays,CML454_WW,,,,,,,no,,,,,CHINA AGRICULTURAL UNIVERSITY,SRA1083660,,public,DF1000FE3466C5B7A3822D87FFD901FC,3F3017AB36F22606F1D8826740EBC8A3
SRR11933110,2020-06-11 09:51:38,2020-06-05 11:16:01,46725391,2381244100,0,50,708,,https://sra-downloadb.be-md.ncbi.nlm.nih.gov/sos9/sra-pub-zq-924/SRR011/11933/SRR11933110/SRR11933110.lite.1,SRX8478626,L399,RNA-Seq,cDNA,TRANSCRIPTOMIC,PAIRED,0,0,ILLUMINA,Illumina HiSeq 2500,SRP266111,PRJNA637522,,637522,SRS6778569,SAMN15145139,simple,4577,Zea mays,CML470_WS1,,,,,,,no,,,,,CHINA AGRICULTURAL UNIVERSITY,SRA1083660,,public,1DE096F750F449A80717E4FD4995672D,F4E830404C61C9AA738428BA3E507178
SRR11933109,2020-06-11 09:51:38,2020-06-05 11:12:31,30177924,1377413772,0,45,791,,https://sra-downloadb.be-md.ncbi.nlm.nih.gov/sos9/sra-pub-zq-922/SRR011/11933/SRR11933109/SRR11933109.lite.1,SRX8478627,L400,RNA-Seq,cDNA,TRANSCRIPTOMIC,PAIRED,0,0,ILLUMINA,Illumina HiSeq 2500,SRP266111,PRJNA637522,,637522,SRS6778570,SAMN15145140,simple,4577,Zea mays,CML470_WW,,,,,,,no,,,,,CHINA AGRICULTURAL UNIVERSITY,SRA1083660,,public,39238AB813F2797C66A214998CA7D840,9383406CF62E853C69372A08201F8461
SRR11933106,2020-06-11 09:51:38,2020-06-05 11:11:31,27548947,1401806411,0,50,486,,https://sra-downloadb.be-md.ncbi.nlm.nih.gov/sos9/sra-pub-zq-922/SRR011/11933/SRR11933106/SRR11933106.lite.1,SRX8478630,L401,RNA-Seq,cDNA,TRANSCRIPTOMIC,PAIRED,0,0,ILLUMINA,Illumina HiSeq 2500,SRP266111,PRJNA637522,,637522,SRS6778573,SAMN15145141,simple,4577,Zea mays,CML479_WS1,,,,,,,no,,,,,CHINA AGRICULTURAL UNIVERSITY,SRA1083660,,public,5A07ADA63288E5287BCFDBB3B317A2D3,E62A47C00885EDD7CC4231B34A40AB43
SRR11933105,2020-06-11 09:51:38,2020-06-05 11:13:21,40893636,2082568246,0,50,724,,https://sra-downloadb.be-md.ncbi.nlm.nih.gov/sos9/sra-pub-zq-924/SRR011/11933/SRR11933105/SRR11933105.lite.1,SRX8478631,L402,RNA-Seq,cDNA,TRANSCRIPTOMIC,PAIRED,0,0,ILLUMINA,Illumina HiSeq 2500,SRP266111,PRJNA637522,,637522,SRS6778574,SAMN15145142,simple,4577,Zea mays,CML479_WS2,,,,,,,no,,,,,CHINA AGRICULTURAL UNIVERSITY,SRA1083660,,public,C854AAA0D827D23DC45A32DC01940638,995A332C3AB38695CB64A1E920D2B775
SRR11933104,2020-06-11 09:51:38,2020-06-05 11:14:00,35518159,1807654738,0,50,658,,https://sra-downloadb.be-md.ncbi.nlm.nih.gov/sos9/sra-pub-zq-922/SRR011/11933/SRR11933104/SRR11933104.lite.1,SRX8478632,L403,RNA-Seq,cDNA,TRANSCRIPTOMIC,PAIRED,0,0,ILLUMINA,Illumina HiSeq 2500,SRP266111,PRJNA637522,,637522,SRS6778575,SAMN15145143,simple,4577,Zea mays,CML479_WW,,,,,,,no,,,,,CHINA AGRICULTURAL UNIVERSITY,SRA1083660,,public,D264E9CA03D35C46760ECE42716AFF9C,348F83622B278B3DD5FCD287A88186BE
SRR11933103,2020-06-11 09:51:38,2020-06-05 11:13:32,37515460,1909582411,0,50,658,,https://sra-downloadb.be-md.ncbi.nlm.nih.gov/sos9/sra-pub-zq-922/SRR011/11933/SRR11933103/SRR11933103.lite.1,SRX8478633,L404,RNA-Seq,cDNA,TRANSCRIPTOMIC,PAIRED,0,0,ILLUMINA,Illumina HiSeq 2500,SRP266111,PRJNA637522,,637522,SRS6778576,SAMN15145144,simple,4577,Zea mays,CML479_WW_REP,,,,,,,no,,,,,CHINA AGRICULTURAL UNIVERSITY,SRA1083660,,public,04737E84671C84A3E8FB1D5C117FA80D,641557E811597AB37C0F7D3F613535BE
SRR11933102,2020-06-11 09:51:38,2020-06-05 11:12:20,40427747,2056343000,0,50,786,,https://sra-downloadb.be-md.ncbi.nlm.nih.gov/sos9/sra-pub-zq-924/SRR011/11933/SRR11933102/SRR11933102.lite.1,SRX8478634,L405,RNA-Seq,cDNA,TRANSCRIPTOMIC,PAIRED,0,0,ILLUMINA,Illumina HiSeq 2500,SRP266111,PRJNA637522,,637522,SRS6778577,SAMN15145145,simple,4577,Zea mays,CML480_WS1,,,,,,,no,,,,,CHINA AGRICULTURAL UNIVERSITY,SRA1083660,,public,68D752C954F1F4EB7A885FAFD1C0B602,FD32739688688788772BA09442723DD7
SRR11933101,2020-06-11 09:51:38,2020-06-05 11:15:18,42499547,2164912143,0,50,767,,https://sra-downloadb.be-md.ncbi.nlm.nih.gov/sos9/sra-pub-zq-924/SRR011/11933/SRR11933101/SRR11933101.lite.1,SRX8478635,L406,RNA-Seq,cDNA,TRANSCRIPTOMIC,PAIRED,0,0,ILLUMINA,Illumina HiSeq 2500,SRP266111,PRJNA637522,,637522,SRS6778578,SAMN15145146,simple,4577,Zea mays,CML480_WS2,,,,,,,no,,,,,CHINA AGRICULTURAL UNIVERSITY,SRA1083660,,public,A7080893D24A604F5B8635FA6CF8FC59,E43C41B458984D3C7CDD87052D5AD5F3
SRR11933100,2020-06-11 09:51:38,2020-06-05 11:12:49,36180360,1841657725,0,50,701,,https://sra-downloadb.be-md.ncbi.nlm.nih.gov/sos9/sra-pub-zq-922/SRR011/11933/SRR11933100/SRR11933100.lite.1,SRX8478636,L407,RNA-Seq,cDNA,TRANSCRIPTOMIC,PAIRED,0,0,ILLUMINA,Illumina HiSeq 2500,SRP266111,PRJNA637522,,637522,SRS6778580,SAMN15145147,simple,4577,Zea mays,CML480_WW,,,,,,,no,,,,,CHINA AGRICULTURAL UNIVERSITY,SRA1083660,,public,B857571BCCE23F3DBA2422E1B219C557,0F111318D82FA4AC0E013CA33D6DA296
SRR11933099,2020-06-11 09:51:38,2020-06-05 11:13:46,43791892,2229769680,0,50,803,,https://sra-downloadb.be-md.ncbi.nlm.nih.gov/sos9/sra-pub-zq-922/SRR011/11933/SRR11933099/SRR11933099.lite.1,SRX8478637,L408,RNA-Seq,cDNA,TRANSCRIPTOMIC,PAIRED,0,0,ILLUMINA,Illumina HiSeq 2500,SRP266111,PRJNA637522,,637522,SRS6778581,SAMN15145148,simple,4577,Zea mays,CML493_WS1,,,,,,,no,,,,,CHINA AGRICULTURAL UNIVERSITY,SRA1083660,,public,9A50491840700C5AEF83E2A02C26A2C8,93849E590757D29E272F64B238554C8D
SRR11933098,2020-06-11 09:51:38,2020-06-05 11:18:47,53743506,2362931551,0,43,1477,,https://sra-downloadb.be-md.ncbi.nlm.nih.gov/sos9/sra-pub-zq-924/SRR011/11933/SRR11933098/SRR11933098.lite.1,SRX8478638,L409,RNA-Seq,cDNA,TRANSCRIPTOMIC,PAIRED,0,0,ILLUMINA,Illumina HiSeq 2500,SRP266111,PRJNA637522,,637522,SRS6778579,SAMN15145149,simple,4577,Zea mays,CML493_WS2,,,,,,,no,,,,,CHINA AGRICULTURAL UNIVERSITY,SRA1083660,,public,DBF9471E65D8340E970FAF45A94E1C5B,576FDD4472D3A0430F49A74BFB6A3686
SRR11933097,2020-06-11 09:51:38,2020-06-05 11:13:44,39965724,2032988990,0,50,758,,https://sra-downloadb.be-md.ncbi.nlm.nih.gov/sos9/sra-pub-zq-924/SRR011/11933/SRR11933097/SRR11933097.lite.1,SRX8478639,L410,RNA-Seq,cDNA,TRANSCRIPTOMIC,PAIRED,0,0,ILLUMINA,Illumina HiSeq 2500,SRP266111,PRJNA637522,,637522,SRS6778583,SAMN15145150,simple,4577,Zea mays,CML493_WW,,,,,,,no,,,,,CHINA AGRICULTURAL UNIVERSITY,SRA1083660,,public,FB4D6E4BB876CDAA788F45BDA016CFC6,20B413D4896FF237D56D79849D0C0DA8
SRR11933095,2020-06-11 09:51:38,2020-06-05 11:16:06,55150422,2669122868,0,48,1649,,https://sra-downloadb.be-md.ncbi.nlm.nih.gov/sos9/sra-pub-zq-924/SRR011/11933/SRR11933095/SRR11933095.lite.1,SRX8478641,L411,RNA-Seq,cDNA,TRANSCRIPTOMIC,PAIRED,0,0,ILLUMINA,Illumina HiSeq 2500,SRP266111,PRJNA637522,,637522,SRS6778584,SAMN15145151,simple,4577,Zea mays,CML496_WS1,,,,,,,no,,,,,CHINA AGRICULTURAL UNIVERSITY,SRA1083660,,public,FDF6C5B1D35475E8E6ADA1396AE236DE,761E6A081978CE0AB3FFBDD0174FF6D4
SRR11933094,2020-06-11 09:51:38,2020-06-05 11:12:17,34287449,1593080571,0,46,935,,https://sra-downloadb.be-md.ncbi.nlm.nih.gov/sos9/sra-pub-zq-922/SRR011/11933/SRR11933094/SRR11933094.lite.1,SRX8478642,L412,RNA-Seq,cDNA,TRANSCRIPTOMIC,PAIRED,0,0,ILLUMINA,Illumina HiSeq 2500,SRP266111,PRJNA637522,,637522,SRS6778585,SAMN15145152,simple,4577,Zea mays,CML496_WS2,,,,,,,no,,,,,CHINA AGRICULTURAL UNIVERSITY,SRA1083660,,public,42E9FB103323E0029F59C8B75354061A,A2A0D41CB8C3A9D55521B0C2C30D7D0F
SRR11933093,2020-06-11 09:51:38,2020-06-05 11:14:01,46984303,2392060683,0,50,879,,https://sra-downloadb.be-md.ncbi.nlm.nih.gov/sos9/sra-pub-zq-922/SRR011/11933/SRR11933093/SRR11933093.lite.1,SRX8478643,L413,RNA-Seq,cDNA,TRANSCRIPTOMIC,PAIRED,0,0,ILLUMINA,Illumina HiSeq 2500,SRP266111,PRJNA637522,,637522,SRS6778586,SAMN15145153,simple,4577,Zea mays,CML50_WS1,,,,,,,no,,,,,CHINA AGRICULTURAL UNIVERSITY,SRA1083660,,public,7793546BAEAEDB4F93A620CCBD6A772C,3D3DBDD8BAD58020A675C7FAA3DC52CF
SRR11933092,2020-06-11 09:51:38,2020-06-05 11:14:00,44372996,2260066026,0,50,807,,https://sra-downloadb.be-md.ncbi.nlm.nih.gov/sos9/sra-pub-zq-924/SRR011/11933/SRR11933092/SRR11933092.lite.1,SRX8478644,L414,RNA-Seq,cDNA,TRANSCRIPTOMIC,PAIRED,0,0,ILLUMINA,Illumina HiSeq 2500,SRP266111,PRJNA637522,,637522,SRS6778587,SAMN15145154,simple,4577,Zea mays,CML50_WS2,,,,,,,no,,,,,CHINA AGRICULTURAL UNIVERSITY,SRA1083660,,public,9EBCFB5194EFF3A586187A4DC281B462,71B94144E1F26FE915D1A61B30FFF15D
SRR11933091,2020-06-11 09:51:38,2020-06-05 11:10:45,28238839,1438553849,0,50,509,,https://sra-downloadb.be-md.ncbi.nlm.nih.gov/sos9/sra-pub-zq-922/SRR011/11933/SRR11933091/SRR11933091.lite.1,SRX8478645,L415,RNA-Seq,cDNA,TRANSCRIPTOMIC,PAIRED,0,0,ILLUMINA,Illumina HiSeq 2500,SRP266111,PRJNA637522,,637522,SRS6778588,SAMN15145155,simple,4577,Zea mays,CML50_WW,,,,,,,no,,,,,CHINA AGRICULTURAL UNIVERSITY,SRA1083660,,public,E6077F779C931D5C1A4E7CB6AC1E36B6,B09FF2AFA1444684D7F063E370870346
SRR11933090,2020-06-11 09:51:38,2020-06-05 11:11:29,41727644,1942785746,0,46,1150,,https://sra-downloadb.be-md.ncbi.nlm.nih.gov/sos9/sra-pub-zq-922/SRR011/11933/SRR11933090/SRR11933090.lite.1,SRX8478646,L416,RNA-Seq,cDNA,TRANSCRIPTOMIC,PAIRED,0,0,ILLUMINA,Illumina HiSeq 2500,SRP266111,PRJNA637522,,637522,SRS6778589,SAMN15145156,simple,4577,Zea mays,CML69_WS2,,,,,,,no,,,,,CHINA AGRICULTURAL UNIVERSITY,SRA1083660,,public,AE5616CE2562B7C204EEBCE4C6CF57B5,8F96DB39DE53D17C648D949C8058D466
SRR11933089,2020-06-11 09:51:38,2020-06-05 11:43:07,164674640,7926086584,0,48,4674,,https://sra-downloadb.be-md.ncbi.nlm.nih.gov/sos9/sra-pub-zq-922/SRR011/11933/SRR11933089/SRR11933089.lite.1,SRX8478647,L417,RNA-Seq,cDNA,TRANSCRIPTOMIC,PAIRED,0,0,ILLUMINA,Illumina HiSeq 2500,SRP266111,PRJNA637522,,637522,SRS6778591,SAMN15145157,simple,4577,Zea mays,CML69_WW,,,,,,,no,,,,,CHINA AGRICULTURAL UNIVERSITY,SRA1083660,,public,90B6B0B914677DCFD5DAE212E7D12971,4BDE67C2FB73219ED1E01823F4D794BB
SRR11933088,2020-06-11 09:51:38,2020-06-05 11:31:00,82329937,3740804335,0,45,2040,,https://sra-downloadb.be-md.ncbi.nlm.nih.gov/sos9/sra-pub-zq-922/SRR011/11933/SRR11933088/SRR11933088.lite.1,SRX8478648,L418,RNA-Seq,cDNA,TRANSCRIPTOMIC,PAIRED,0,0,ILLUMINA,Illumina HiSeq 2500,SRP266111,PRJNA637522,,637522,SRS6778590,SAMN15145158,simple,4577,Zea mays,D863F_WS1,,,,,,,no,,,,,CHINA AGRICULTURAL UNIVERSITY,SRA1083660,,public,798C9017FBF3A5C0A4CC1A1171568A78,43DC2DD6D7F5808BAF36FB3599B37168
SRR11933087,2020-06-11 09:51:38,2020-06-05 11:11:57,34449263,1694725057,0,49,1039,,https://sra-downloadb.be-md.ncbi.nlm.nih.gov/sos9/sra-pub-zq-922/SRR011/11933/SRR11933087/SRR11933087.lite.1,SRX8478649,L419,RNA-Seq,cDNA,TRANSCRIPTOMIC,PAIRED,0,0,ILLUMINA,Illumina HiSeq 2500,SRP266111,PRJNA637522,,637522,SRS6778592,SAMN15145159,simple,4577,Zea mays,D863F_WS2,,,,,,,no,,,,,CHINA AGRICULTURAL UNIVERSITY,SRA1083660,,public,A6A66F0117A9D939040E5F414F8D6640,75363C8450B8BD707CCC522516D84B11
SRR11933086,2020-06-11 09:51:38,2020-06-05 11:11:35,37456723,1906980031,0,50,714,,https://sra-downloadb.be-md.ncbi.nlm.nih.gov/sos9/sra-pub-zq-924/SRR011/11933/SRR11933086/SRR11933086.lite.1,SRX8478650,L420,RNA-Seq,cDNA,TRANSCRIPTOMIC,PAIRED,0,0,ILLUMINA,Illumina HiSeq 2500,SRP266111,PRJNA637522,,637522,SRS6778593,SAMN15145160,simple,4577,Zea mays,DAN3130_WS1,,,,,,,no,,,,,CHINA AGRICULTURAL UNIVERSITY,SRA1083660,,public,435504B27A86BA54E54EE6FEDB288179,2B5C2122426655DD9CBB8C40D65BBEE8
SRR11933084,2020-06-11 09:51:38,2020-06-05 11:11:54,37344267,1901241691,0,50,723,,https://sra-downloadb.be-md.ncbi.nlm.nih.gov/sos9/sra-pub-zq-922/SRR011/11933/SRR11933084/SRR11933084.lite.1,SRX8478652,L421,RNA-Seq,cDNA,TRANSCRIPTOMIC,PAIRED,0,0,ILLUMINA,Illumina HiSeq 2500,SRP266111,PRJNA637522,,637522,SRS6778595,SAMN15145161,simple,4577,Zea mays,DAN3130_WS2,,,,,,,no,,,,,CHINA AGRICULTURAL UNIVERSITY,SRA1083660,,public,7AFA7C4C1A7F72A289C8CA785AE3C273,538231C37BEED9A7C862A8E56D044E6B
SRR11933083,2020-06-11 09:51:38,2020-06-05 11:08:24,24109614,1201134668,0,49,597,,https://sra-downloadb.be-md.ncbi.nlm.nih.gov/sos9/sra-pub-zq-922/SRR011/11933/SRR11933083/SRR11933083.lite.1,SRX8478653,L422,RNA-Seq,cDNA,TRANSCRIPTOMIC,PAIRED,0,0,ILLUMINA,Illumina HiSeq 2500,SRP266111,PRJNA637522,,637522,SRS6778596,SAMN15145162,simple,4577,Zea mays,DAN3130_WW,,,,,,,no,,,,,CHINA AGRICULTURAL UNIVERSITY,SRA1083660,,public,64970899B5ED821A41981DE574CCE4D7,EDE24D3D3604D6D051C8EA27FE3EE98D
SRR11933082,2020-06-11 09:51:38,2020-06-05 11:08:31,19800140,1009329425,0,50,314,,https://sra-downloadb.be-md.ncbi.nlm.nih.gov/sos9/sra-pub-zq-922/SRR011/11933/SRR11933082/SRR11933082.lite.1,SRX8478654,L423,RNA-Seq,cDNA,TRANSCRIPTOMIC,PAIRED,0,0,ILLUMINA,Illumina HiSeq 2500,SRP266111,PRJNA637522,,637522,SRS6778597,SAMN15145163,simple,4577,Zea mays,DAN599_WS1,,,,,,,no,,,,,CHINA AGRICULTURAL UNIVERSITY,SRA1083660,,public,FC3626C9C346F6C7654BB3140917891A,10BAAAB2A52F43EB88CB761AE1AF22AE
SRR11933081,2020-06-11 09:51:38,2020-06-05 11:15:23,59559312,2957117772,0,49,1590,,https://sra-downloadb.be-md.ncbi.nlm.nih.gov/sos9/sra-pub-zq-924/SRR011/11933/SRR11933081/SRR11933081.lite.1,SRX8478655,L424,RNA-Seq,cDNA,TRANSCRIPTOMIC,PAIRED,0,0,ILLUMINA,Illumina HiSeq 2500,SRP266111,PRJNA637522,,637522,SRS6778598,SAMN15145164,simple,4577,Zea mays,DAN599_WS2,,,,,,,no,,,,,CHINA AGRICULTURAL UNIVERSITY,SRA1083660,,public,2AF05F4611412CEF86770DF63E24D7EA,515E12F6F1FD30AAC66EFF336A071993
SRR11933080,2020-06-11 09:51:38,2020-06-05 11:08:38,19683740,932174448,0,47,601,,https://sra-downloadb.be-md.ncbi.nlm.nih.gov/sos9/sra-pub-zq-922/SRR011/11933/SRR11933080/SRR11933080.lite.1,SRX8478656,L425,RNA-Seq,cDNA,TRANSCRIPTOMIC,PAIRED,0,0,ILLUMINA,Illumina HiSeq 2500,SRP266111,PRJNA637522,,637522,SRS6778599,SAMN15145165,simple,4577,Zea mays,DAN599_WW,,,,,,,no,,,,,CHINA AGRICULTURAL UNIVERSITY,SRA1083660,,public,655822371F2D235B2F2F797E829F3A65,57E3532DE8BAB5CD274278D533309031
SRR11933079,2020-06-11 09:51:38,2020-06-05 11:13:52,42191652,1865946411,0,44,1137,,https://sra-downloadb.be-md.ncbi.nlm.nih.gov/sos9/sra-pub-zq-922/SRR011/11933/SRR11933079/SRR11933079.lite.1,SRX8478657,L426,RNA-Seq,cDNA,TRANSCRIPTOMIC,PAIRED,0,0,ILLUMINA,Illumina HiSeq 2500,SRP266111,PRJNA637522,,637522,SRS6778600,SAMN15145166,simple,4577,Zea mays,DONG237_WS1,,,,,,,no,,,,,CHINA AGRICULTURAL UNIVERSITY,SRA1083660,,public,175EED3A3DF68AC8556E64662069BAD6,B980EBFE710E1B3BDC2230965244398E
SRR11933078,2020-06-11 09:51:38,2020-06-05 11:11:07,27174139,1348376213,0,49,752,,https://sra-downloadb.be-md.ncbi.nlm.nih.gov/sos9/sra-pub-zq-924/SRR011/11933/SRR11933078/SRR11933078.lite.1,SRX8478658,L427,RNA-Seq,cDNA,TRANSCRIPTOMIC,PAIRED,0,0,ILLUMINA,Illumina HiSeq 2500,SRP266111,PRJNA637522,,637522,SRS6778601,SAMN15145167,simple,4577,Zea mays,DONG237_WS2,,,,,,,no,,,,,CHINA AGRICULTURAL UNIVERSITY,SRA1083660,,public,DE4D6646319C1F92D3C84F092FF81CDE,F6D0A9BD1863E4D666DFCC036A7F0927
SRR11933077,2020-06-11 09:51:38,2020-06-05 11:50:18,74919056,3527819998,0,47,2215,,https://sra-downloadb.be-md.ncbi.nlm.nih.gov/sos9/sra-pub-zq-922/SRR011/11933/SRR11933077/SRR11933077.lite.1,SRX8478659,L428,RNA-Seq,cDNA,TRANSCRIPTOMIC,PAIRED,0,0,ILLUMINA,Illumina HiSeq 2500,SRP266111,PRJNA637522,,637522,SRS6778602,SAMN15145168,simple,4577,Zea mays,DONG237_WW,,,,,,,no,,,,,CHINA AGRICULTURAL UNIVERSITY,SRA1083660,,public,066189246F7DAB00FE3CEB40BB02620D,8F191E32631844975216F7BA814F862D
SRR11933076,2020-06-11 09:51:38,2020-06-05 11:10:21,35299849,1796515425,0,50,605,,https://sra-downloadb.be-md.ncbi.nlm.nih.gov/sos9/sra-pub-zq-922/SRR011/11933/SRR11933076/SRR11933076.lite.1,SRX8478660,L429,RNA-Seq,cDNA,TRANSCRIPTOMIC,PAIRED,0,0,ILLUMINA,Illumina HiSeq 2500,SRP266111,PRJNA637522,,637522,SRS6778603,SAMN15145169,simple,4577,Zea mays,FCD0602_WS1,,,,,,,no,,,,,CHINA AGRICULTURAL UNIVERSITY,SRA1083660,,public,96A8B81CA9A979C1902D4914DB90FB09,8756A353C0177048BC7551E138827971
SRR11933075,2020-06-11 09:51:38,2020-06-05 11:12:06,38477017,1924653961,0,50,1000,,https://sra-downloadb.be-md.ncbi.nlm.nih.gov/sos9/sra-pub-zq-924/SRR011/11933/SRR11933075/SRR11933075.lite.1,SRX8478661,L430,RNA-Seq,cDNA,TRANSCRIPTOMIC,PAIRED,0,0,ILLUMINA,Illumina HiSeq 2500,SRP266111,PRJNA637522,,637522,SRS6778604,SAMN15145170,simple,4577,Zea mays,FCD0602_WS2,,,,,,,no,,,,,CHINA AGRICULTURAL UNIVERSITY,SRA1083660,,public,06BF0F98A6F5D77D394DBAE1ED35062E,92E4D52E52DD74970912C6C7B5450AE7
SRR11933073,2020-06-11 09:51:38,2020-06-05 11:12:50,48362078,2458666532,0,50,862,,https://sra-downloadb.be-md.ncbi.nlm.nih.gov/sos9/sra-pub-zq-924/SRR011/11933/SRR11933073/SRR11933073.lite.1,SRX8478663,L431,RNA-Seq,cDNA,TRANSCRIPTOMIC,PAIRED,0,0,ILLUMINA,Illumina HiSeq 2500,SRP266111,PRJNA637522,,637522,SRS6778606,SAMN15145171,simple,4577,Zea mays,FCD0602_WW,,,,,,,no,,,,,CHINA AGRICULTURAL UNIVERSITY,SRA1083660,,public,F5FF290DB763366038D959922AC97CBE,3EFEB2087E91194311162D0B6857D098
SRR11933072,2020-06-11 09:51:38,2020-06-05 11:13:48,47365415,2409942697,0,50,873,,https://sra-downloadb.be-md.ncbi.nlm.nih.gov/sos9/sra-pub-zq-924/SRR011/11933/SRR11933072/SRR11933072.lite.1,SRX8478664,L432,RNA-Seq,cDNA,TRANSCRIPTOMIC,PAIRED,0,0,ILLUMINA,Illumina HiSeq 2500,SRP266111,PRJNA637522,,637522,SRS6778608,SAMN15145172,simple,4577,Zea mays,GEMS10_WS1,,,,,,,no,,,,,CHINA AGRICULTURAL UNIVERSITY,SRA1083660,,public,EA0AA5367D38EF9287CC40D30E4CE509,DDDEEEAD858B116AD75B6931FA4FB031
SRR11933071,2020-06-11 09:51:38,2020-06-05 11:10:15,30058541,1503888319,0,50,809,,https://sra-downloadb.be-md.ncbi.nlm.nih.gov/sos9/sra-pub-zq-922/SRR011/11933/SRR11933071/SRR11933071.lite.1,SRX8478665,L433,RNA-Seq,cDNA,TRANSCRIPTOMIC,PAIRED,0,0,ILLUMINA,Illumina HiSeq 2500,SRP266111,PRJNA637522,,637522,SRS6778607,SAMN15145173,simple,4577,Zea mays,GEMS10_WS2,,,,,,,no,,,,,CHINA AGRICULTURAL UNIVERSITY,SRA1083660,,public,A56219E361A425145F8A5460CB747908,5A83552E12A3B4AE01A2D89179D83E16
SRR11933070,2020-06-11 09:51:38,2020-06-05 11:12:33,32282031,1642238704,0,50,596,,https://sra-downloadb.be-md.ncbi.nlm.nih.gov/sos9/sra-pub-zq-924/SRR011/11933/SRR11933070/SRR11933070.lite.1,SRX8478666,L434,RNA-Seq,cDNA,TRANSCRIPTOMIC,PAIRED,0,0,ILLUMINA,Illumina HiSeq 2500,SRP266111,PRJNA637522,,637522,SRS6778609,SAMN15145174,simple,4577,Zea mays,GEMS10_WW,,,,,,,no,,,,,CHINA AGRICULTURAL UNIVERSITY,SRA1083660,,public,18180D1CF0448C7582B6E78FBA5A6B01,60FB31BB1B907543F5CD9A956A3816E2
SRR11933069,2020-06-11 09:51:38,2020-06-05 11:11:20,33761938,1656398000,0,49,985,,https://sra-downloadb.be-md.ncbi.nlm.nih.gov/sos9/sra-pub-zq-922/SRR011/11933/SRR11933069/SRR11933069.lite.1,SRX8478667,L435,RNA-Seq,cDNA,TRANSCRIPTOMIC,PAIRED,0,0,ILLUMINA,Illumina HiSeq 2500,SRP266111,PRJNA637522,,637522,SRS6778610,SAMN15145175,simple,4577,Zea mays,GEMS11_WS1,,,,,,,no,,,,,CHINA AGRICULTURAL UNIVERSITY,SRA1083660,,public,4DF4B7C5508B3735F330488DEBF10BA8,71F4C8892992EABBCA535C535F9B148E
SRR11933068,2020-06-11 09:51:38,2020-06-05 11:14:15,40179250,2045776913,0,50,765,,https://sra-downloadb.be-md.ncbi.nlm.nih.gov/sos9/sra-pub-zq-924/SRR011/11933/SRR11933068/SRR11933068.lite.1,SRX8478668,L436,RNA-Seq,cDNA,TRANSCRIPTOMIC,PAIRED,0,0,ILLUMINA,Illumina HiSeq 2500,SRP266111,PRJNA637522,,637522,SRS6778611,SAMN15145176,simple,4577,Zea mays,GEMS11_WS2,,,,,,,no,,,,,CHINA AGRICULTURAL UNIVERSITY,SRA1083660,,public,AF2FE963E0F5D2AA898A514323FEFD96,787EC731426C079F179739C4A28B1A9A
SRR11933067,2020-06-11 09:51:38,2020-06-05 11:17:13,60794727,3028993144,0,49,1443,,https://sra-downloadb.be-md.ncbi.nlm.nih.gov/sos9/sra-pub-zq-924/SRR011/11933/SRR11933067/SRR11933067.lite.1,SRX8478669,L437,RNA-Seq,cDNA,TRANSCRIPTOMIC,PAIRED,0,0,ILLUMINA,Illumina HiSeq 2500,SRP266111,PRJNA637522,,637522,SRS6778612,SAMN15145177,simple,4577,Zea mays,GEMS11_WW,,,,,,,no,,,,,CHINA AGRICULTURAL UNIVERSITY,SRA1083660,,public,10142723AB63CA7033B0C21A8FBE9395,C39770EF0C438481EABE4D653BA1FB19
SRR11933066,2020-06-11 09:51:38,2020-06-05 11:17:06,55969929,2849777549,0,50,1066,,https://sra-downloadb.be-md.ncbi.nlm.nih.gov/sos9/sra-pub-zq-924/SRR011/11933/SRR11933066/SRR11933066.lite.1,SRX8478670,L438,RNA-Seq,cDNA,TRANSCRIPTOMIC,PAIRED,0,0,ILLUMINA,Illumina HiSeq 2500,SRP266111,PRJNA637522,,637522,SRS6778613,SAMN15145178,simple,4577,Zea mays,GEMS13_WS1,,,,,,,no,,,,,CHINA AGRICULTURAL UNIVERSITY,SRA1083660,,public,A5CC90E18D56B4CD3CF1577357993FA0,E9ABE9A7E22E1280B900B72718607DE9
SRR11933065,2020-06-11 09:51:38,2020-06-05 11:12:05,38405068,1956185989,0,50,682,,https://sra-downloadb.be-md.ncbi.nlm.nih.gov/sos9/sra-pub-zq-922/SRR011/11933/SRR11933065/SRR11933065.lite.1,SRX8478671,L439,RNA-Seq,cDNA,TRANSCRIPTOMIC,PAIRED,0,0,ILLUMINA,Illumina HiSeq 2500,SRP266111,PRJNA637522,,637522,SRS6778614,SAMN15145179,simple,4577,Zea mays,GEMS13_WW,,,,,,,no,,,,,CHINA AGRICULTURAL UNIVERSITY,SRA1083660,,public,0140289D69A64C62EDDE6989AC07277A,9C95E13C52F7D5169FFA574F860A8D2A
SRR11933064,2020-06-11 09:51:38,2020-06-05 11:14:31,49882561,2434994973,0,48,1419,,https://sra-downloadb.be-md.ncbi.nlm.nih.gov/sos9/sra-pub-zq-924/SRR011/11933/SRR11933064/SRR11933064.lite.1,SRX8478672,L440,RNA-Seq,cDNA,TRANSCRIPTOMIC,PAIRED,0,0,ILLUMINA,Illumina HiSeq 2500,SRP266111,PRJNA637522,,637522,SRS6778615,SAMN15145180,simple,4577,Zea mays,GEMS14_WS1,,,,,,,no,,,,,CHINA AGRICULTURAL UNIVERSITY,SRA1083660,,public,672FD846D6659F631CAF037CB91C05C9,C9F129AEEBA271B0A1A07647B7259C8B
SRR11933062,2020-06-11 09:51:38,2020-06-05 11:11:55,42316705,2152140729,0,50,817,,https://sra-downloadb.be-md.ncbi.nlm.nih.gov/sos9/sra-pub-zq-924/SRR011/11933/SRR11933062/SRR11933062.lite.1,SRX8478674,L441,RNA-Seq,cDNA,TRANSCRIPTOMIC,PAIRED,0,0,ILLUMINA,Illumina HiSeq 2500,SRP266111,PRJNA637522,,637522,SRS6778616,SAMN15145181,simple,4577,Zea mays,GEMS14_WS2,,,,,,,no,,,,,CHINA AGRICULTURAL UNIVERSITY,SRA1083660,,public,8C750FF50FB87477D040047579744EC3,37C3A48AC13E13F6377A08190882EE29
SRR11933061,2020-06-11 09:51:38,2020-06-05 11:09:16,29240089,1458173732,0,49,708,,https://sra-downloadb.be-md.ncbi.nlm.nih.gov/sos9/sra-pub-zq-922/SRR011/11933/SRR11933061/SRR11933061.lite.1,SRX8478675,L442,RNA-Seq,cDNA,TRANSCRIPTOMIC,PAIRED,0,0,ILLUMINA,Illumina HiSeq 2500,SRP266111,PRJNA637522,,637522,SRS6778619,SAMN15145182,simple,4577,Zea mays,GEMS14_WW,,,,,,,no,,,,,CHINA AGRICULTURAL UNIVERSITY,SRA1083660,,public,3DD3C2EC98E8C3C2F2E79B68CB13DD26,799DF5B6272A0287731004AB0979F14A
SRR11933463,2020-06-11 09:51:40,2020-06-05 11:41:33,62509273,3155952941,0,50,1293,,https://sra-downloadb.be-md.ncbi.nlm.nih.gov/sos9/sra-pub-zq-922/SRR011/11933/SRR11933463/SRR11933463.lite.1,SRX8478703,L446,RNA-Seq,cDNA,TRANSCRIPTOMIC,PAIRED,0,0,ILLUMINA,Illumina HiSeq 2500,SRP266111,PRJNA637522,,637522,SRS6778646,SAMN15145186,simple,4577,Zea mays,GEMS20_WS1,,,,,,,no,,,,,CHINA AGRICULTURAL UNIVERSITY,SRA1083660,,public,75E55DB1AB7C492111489F9F320B1A20,A2FFE54B32B8D381BBFE020C7FBA607C
SRR11933462,2020-06-11 09:51:40,2020-06-05 12:00:13,143829833,7310783138,0,50,3046,,https://sra-downloadb.be-md.ncbi.nlm.nih.gov/sos9/sra-pub-zq-924/SRR011/11933/SRR11933462/SRR11933462.lite.1,SRX8478704,L447,RNA-Seq,cDNA,TRANSCRIPTOMIC,PAIRED,0,0,ILLUMINA,Illumina HiSeq 2500,SRP266111,PRJNA637522,,637522,SRS6778647,SAMN15145187,simple,4577,Zea mays,GEMS20_WS2,,,,,,,no,,,,,CHINA AGRICULTURAL UNIVERSITY,SRA1083660,,public,91FEC8801AD811AD5C61ABD646DB7E6C,CC28AF67067078367C94A82E0788B2ED
SRR11933461,2020-06-11 09:51:40,2020-06-05 11:34:31,34891615,1773455865,0,50,795,,https://sra-downloadb.be-md.ncbi.nlm.nih.gov/sos9/sra-pub-zq-922/SRR011/11933/SRR11933461/SRR11933461.lite.1,SRX8478705,L448,RNA-Seq,cDNA,TRANSCRIPTOMIC,PAIRED,0,0,ILLUMINA,Illumina HiSeq 2500,SRP266111,PRJNA637522,,637522,SRS6778648,SAMN15145188,simple,4577,Zea mays,GEMS20_WW,,,,,,,no,,,,,CHINA AGRICULTURAL UNIVERSITY,SRA1083660,,public,5BF803134CE34BFCA4E8B297FAB976CB,E223F7F1303736B6F6BCEB519263ADD3
SRR11933460,2020-06-11 09:51:40,2020-06-05 11:34:16,35176326,1788702735,0,50,583,,https://sra-downloadb.be-md.ncbi.nlm.nih.gov/sos9/sra-pub-zq-924/SRR011/11933/SRR11933460/SRR11933460.lite.1,SRX8478706,L449,RNA-Seq,cDNA,TRANSCRIPTOMIC,PAIRED,0,0,ILLUMINA,Illumina HiSeq 2500,SRP266111,PRJNA637522,,637522,SRS6778649,SAMN15145189,simple,4577,Zea mays,GEMS21_WS1,,,,,,,no,,,,,CHINA AGRICULTURAL UNIVERSITY,SRA1083660,,public,CA0E7FF788FBC915E31B26619CBFD8B2,03B9DCEAE8787183592DFA3E244454D3
SRR11933459,2020-06-11 09:51:40,2020-06-05 11:37:42,51883863,2582680645,0,49,1394,,https://sra-downloadb.be-md.ncbi.nlm.nih.gov/sos9/sra-pub-zq-922/SRR011/11933/SRR11933459/SRR11933459.lite.1,SRX8478707,L450,RNA-Seq,cDNA,TRANSCRIPTOMIC,PAIRED,0,0,ILLUMINA,Illumina HiSeq 2500,SRP266111,PRJNA637522,,637522,SRS6778650,SAMN15145190,simple,4577,Zea mays,GEMS21_WS2,,,,,,,no,,,,,CHINA AGRICULTURAL UNIVERSITY,SRA1083660,,public,097617BEFE5E5F2E5982406FEC750DE2,B5AD179F6375FD2438D05FBEBB7C1DF6
SRR11933457,2020-06-11 09:51:39,2020-06-05 11:38:31,58113588,2950357220,0,50,1054,,https://sra-downloadb.be-md.ncbi.nlm.nih.gov/sos9/sra-pub-zq-924/SRR011/11933/SRR11933457/SRR11933457.lite.1,SRX8478709,L451,RNA-Seq,cDNA,TRANSCRIPTOMIC,PAIRED,0,0,ILLUMINA,Illumina HiSeq 2500,SRP266111,PRJNA637522,,637522,SRS6778652,SAMN15145191,simple,4577,Zea mays,GEMS21_WW,,,,,,,no,,,,,CHINA AGRICULTURAL UNIVERSITY,SRA1083660,,public,5F5584843AF44D6154C32F7C5CA7FFE1,0F17B8A33A0370ED30730F23CA40CB19
SRR11933456,2020-06-11 09:51:39,2020-06-05 11:33:58,36396108,1852434363,0,50,708,,https://sra-downloadb.be-md.ncbi.nlm.nih.gov/sos9/sra-pub-zq-924/SRR011/11933/SRR11933456/SRR11933456.lite.1,SRX8478710,L452,RNA-Seq,cDNA,TRANSCRIPTOMIC,PAIRED,0,0,ILLUMINA,Illumina HiSeq 2500,SRP266111,PRJNA637522,,637522,SRS6778653,SAMN15145192,simple,4577,Zea mays,GEMS28_WS1,,,,,,,no,,,,,CHINA AGRICULTURAL UNIVERSITY,SRA1083660,,public,9D81712F2F14F4A7CCD1C610AA76A812,8A0344433F090792C3AA6240D2576999
SRR11933455,2020-06-11 09:51:39,2020-06-05 11:35:53,51061805,2600377889,0,50,936,,https://sra-downloadb.be-md.ncbi.nlm.nih.gov/sos9/sra-pub-zq-924/SRR011/11933/SRR11933455/SRR11933455.lite.1,SRX8478711,L453,RNA-Seq,cDNA,TRANSCRIPTOMIC,PAIRED,0,0,ILLUMINA,Illumina HiSeq 2500,SRP266111,PRJNA637522,,637522,SRS6778654,SAMN15145193,simple,4577,Zea mays,GEMS28_WS2,,,,,,,no,,,,,CHINA AGRICULTURAL UNIVERSITY,SRA1083660,,public,28E9E12C2889A76237D52E43ED0A5CFA,3EB88A5AEA7D8554C677437063608043
SRR11933454,2020-06-11 09:51:39,2020-06-05 11:34:34,44671575,2273386040,0,50,788,,https://sra-downloadb.be-md.ncbi.nlm.nih.gov/sos9/sra-pub-zq-922/SRR011/11933/SRR11933454/SRR11933454.lite.1,SRX8478712,L454,RNA-Seq,cDNA,TRANSCRIPTOMIC,PAIRED,0,0,ILLUMINA,Illumina HiSeq 2500,SRP266111,PRJNA637522,,637522,SRS6778655,SAMN15145194,simple,4577,Zea mays,GEMS28_WW,,,,,,,no,,,,,CHINA AGRICULTURAL UNIVERSITY,SRA1083660,,public,9DDCB310C61DB1B82910330692FB02B9,C584B2BADA71ADFFDA8610D7C49A2968
SRR11933060,2020-06-11 09:51:39,2020-06-05 11:17:09,61718796,3118172707,0,50,1410,,https://sra-downloadb.be-md.ncbi.nlm.nih.gov/sos9/sra-pub-zq-922/SRR011/11933/SRR11933060/SRR11933060.lite.1,SRX8478676,L443,RNA-Seq,cDNA,TRANSCRIPTOMIC,PAIRED,0,0,ILLUMINA,Illumina HiSeq 2500,SRP266111,PRJNA637522,,637522,SRS6778618,SAMN15145183,simple,4577,Zea mays,GEMS2_WS1,,,,,,,no,,,,,CHINA AGRICULTURAL UNIVERSITY,SRA1083660,,public,86E7857161C2385A3368FA9A311CABFF,38C24FDCC49EA191F9285B5B09C1145B
SRR11933059,2020-06-11 09:51:39,2020-06-05 11:31:47,94903772,4825215966,0,50,2095,,https://sra-downloadb.be-md.ncbi.nlm.nih.gov/sos9/sra-pub-zq-924/SRR011/11933/SRR11933059/SRR11933059.lite.1,SRX8478677,L444,RNA-Seq,cDNA,TRANSCRIPTOMIC,PAIRED,0,0,ILLUMINA,Illumina HiSeq 2500,SRP266111,PRJNA637522,,637522,SRS6778620,SAMN15145184,simple,4577,Zea mays,GEMS2_WS2,,,,,,,no,,,,,CHINA AGRICULTURAL UNIVERSITY,SRA1083660,,public,EEFD85B1080E419D113D284B3F564E1E,FED7391F943ED31DE281DAB330C327BB
SRR11933464,2020-06-11 09:51:39,2020-06-05 11:37:25,46553558,2361722501,0,50,990,,https://sra-downloadb.be-md.ncbi.nlm.nih.gov/sos9/sra-pub-zq-924/SRR011/11933/SRR11933464/SRR11933464.lite.1,SRX8478702,L445,RNA-Seq,cDNA,TRANSCRIPTOMIC,PAIRED,0,0,ILLUMINA,Illumina HiSeq 2500,SRP266111,PRJNA637522,,637522,SRS6778645,SAMN15145185,simple,4577,Zea mays,GEMS2_WW,,,,,,,no,,,,,CHINA AGRICULTURAL UNIVERSITY,SRA1083660,,public,A219D6DDFB20C76B02FFBF48E63ABFDF,266D716D9E715DB8D3369A246A51883E
SRR11933453,2020-06-11 09:51:39,2020-06-05 11:35:13,35212950,1792326841,0,50,580,,https://sra-downloadb.be-md.ncbi.nlm.nih.gov/sos9/sra-pub-zq-924/SRR011/11933/SRR11933453/SRR11933453.lite.1,SRX8478713,L455,RNA-Seq,cDNA,TRANSCRIPTOMIC,PAIRED,0,0,ILLUMINA,Illumina HiSeq 2500,SRP266111,PRJNA637522,,637522,SRS6778656,SAMN15145195,simple,4577,Zea mays,GEMS30_WS1,,,,,,,no,,,,,CHINA AGRICULTURAL UNIVERSITY,SRA1083660,,public,34EB56C182662EAD47BB958E0A6A031D,0D9F6CCEEE084A2ABD7CF08A89B048DF
SRR11933452,2020-06-11 09:51:39,2020-06-05 11:35:02,42710182,2131552092,0,49,1131,,https://sra-downloadb.be-md.ncbi.nlm.nih.gov/sos9/sra-pub-zq-924/SRR011/11933/SRR11933452/SRR11933452.lite.1,SRX8478714,L456,RNA-Seq,cDNA,TRANSCRIPTOMIC,PAIRED,0,0,ILLUMINA,Illumina HiSeq 2500,SRP266111,PRJNA637522,,637522,SRS6778657,SAMN15145196,simple,4577,Zea mays,GEMS30_WS2,,,,,,,no,,,,,CHINA AGRICULTURAL UNIVERSITY,SRA1083660,,public,0D9B77874C07A3246F29B8841CF9258F,1756309270328DFC80049D308D2FA412
SRR11933451,2020-06-11 09:51:39,2020-06-05 11:34:35,47761700,2428050472,0,50,867,,https://sra-downloadb.be-md.ncbi.nlm.nih.gov/sos9/sra-pub-zq-924/SRR011/11933/SRR11933451/SRR11933451.lite.1,SRX8478715,L457,RNA-Seq,cDNA,TRANSCRIPTOMIC,PAIRED,0,0,ILLUMINA,Illumina HiSeq 2500,SRP266111,PRJNA637522,,637522,SRS6778658,SAMN15145197,simple,4577,Zea mays,GEMS30_WW,,,,,,,no,,,,,CHINA AGRICULTURAL UNIVERSITY,SRA1083660,,public,770B68C78258E845D71643959D47277C,A2C139A80CAFF9E174EF3FF31A27322D
SRR11933450,2020-06-11 09:51:39,2020-06-05 11:38:04,51706029,2630338378,0,50,973,,https://sra-downloadb.be-md.ncbi.nlm.nih.gov/sos9/sra-pub-zq-922/SRR011/11933/SRR11933450/SRR11933450.lite.1,SRX8478716,L458,RNA-Seq,cDNA,TRANSCRIPTOMIC,PAIRED,0,0,ILLUMINA,Illumina HiSeq 2500,SRP266111,PRJNA637522,,637522,SRS6778659,SAMN15145198,simple,4577,Zea mays,GEMS32_WS1,,,,,,,no,,,,,CHINA AGRICULTURAL UNIVERSITY,SRA1083660,,public,B2AC7F16742FF83D4BF9E8A5FE2C5848,948677F06A600E566F4C56D2736B6245
SRR11933449,2020-06-11 09:51:39,2020-06-05 11:33:40,44018185,2241534223,0,50,856,,https://sra-downloadb.be-md.ncbi.nlm.nih.gov/sos9/sra-pub-zq-922/SRR011/11933/SRR11933449/SRR11933449.lite.1,SRX8478717,L459,RNA-Seq,cDNA,TRANSCRIPTOMIC,PAIRED,0,0,ILLUMINA,Illumina HiSeq 2500,SRP266111,PRJNA637522,,637522,SRS6778661,SAMN15145199,simple,4577,Zea mays,GEMS32_WS2,,,,,,,no,,,,,CHINA AGRICULTURAL UNIVERSITY,SRA1083660,,public,1AE5CE718C76E72923AE7622C7008C45,427F8F84516AE4C5460171678C818064
SRR11933448,2020-06-11 09:51:39,2020-06-05 11:38:45,56778323,2831200392,0,49,1377,,https://sra-downloadb.be-md.ncbi.nlm.nih.gov/sos9/sra-pub-zq-924/SRR011/11933/SRR11933448/SRR11933448.lite.1,SRX8478718,L460,RNA-Seq,cDNA,TRANSCRIPTOMIC,PAIRED,0,0,ILLUMINA,Illumina HiSeq 2500,SRP266111,PRJNA637522,,637522,SRS6778660,SAMN15145200,simple,4577,Zea mays,GEMS32_WW,,,,,,,no,,,,,CHINA AGRICULTURAL UNIVERSITY,SRA1083660,,public,C516C1FE65AD49000D0A74DB15C61473,978197C6F52175877339B3E64DB6AF9D
SRR11933446,2020-06-11 09:51:39,2020-06-05 11:33:42,39498909,2010847701,0,50,777,,https://sra-downloadb.be-md.ncbi.nlm.nih.gov/sos9/sra-pub-zq-922/SRR011/11933/SRR11933446/SRR11933446.lite.1,SRX8478720,L461,RNA-Seq,cDNA,TRANSCRIPTOMIC,PAIRED,0,0,ILLUMINA,Illumina HiSeq 2500,SRP266111,PRJNA637522,,637522,SRS6778663,SAMN15145201,simple,4577,Zea mays,GEMS36_WS1,,,,,,,no,,,,,CHINA AGRICULTURAL UNIVERSITY,SRA1083660,,public,23EE1D69532E5D92F3D96F526516CE24,7FFE8CF480DDDB4FB87E6E01921740A1
SRR11933445,2020-06-11 09:51:39,2020-06-05 11:40:25,65032476,3312138373,0,50,1160,,https://sra-downloadb.be-md.ncbi.nlm.nih.gov/sos9/sra-pub-zq-922/SRR011/11933/SRR11933445/SRR11933445.lite.1,SRX8478721,L462,RNA-Seq,cDNA,TRANSCRIPTOMIC,PAIRED,0,0,ILLUMINA,Illumina HiSeq 2500,SRP266111,PRJNA637522,,637522,SRS6778664,SAMN15145202,simple,4577,Zea mays,GEMS36_WS2,,,,,,,no,,,,,CHINA AGRICULTURAL UNIVERSITY,SRA1083660,,public,481D59888BC15E5EE8C3C11975EB5032,7B8307ECAA2ADC29E59DC09464A13268
SRR11933444,2020-06-11 09:51:39,2020-06-05 11:33:33,32765281,1668171485,0,50,586,,https://sra-downloadb.be-md.ncbi.nlm.nih.gov/sos9/sra-pub-zq-922/SRR011/11933/SRR11933444/SRR11933444.lite.1,SRX8478722,L463,RNA-Seq,cDNA,TRANSCRIPTOMIC,PAIRED,0,0,ILLUMINA,Illumina HiSeq 2500,SRP266111,PRJNA637522,,637522,SRS6778666,SAMN15145203,simple,4577,Zea mays,GEMS36_WW,,,,,,,no,,,,,CHINA AGRICULTURAL UNIVERSITY,SRA1083660,,public,41640F0D995339C4E39E025C9FD63CC4,4CF8C7180A46501F1352CF5FA6C7B720
SRR11933443,2020-06-11 09:51:39,2020-06-05 11:38:57,65144362,3317204209,0,50,1165,,https://sra-downloadb.be-md.ncbi.nlm.nih.gov/sos9/sra-pub-zq-922/SRR011/11933/SRR11933443/SRR11933443.lite.1,SRX8478723,L464,RNA-Seq,cDNA,TRANSCRIPTOMIC,PAIRED,0,0,ILLUMINA,Illumina HiSeq 2500,SRP266111,PRJNA637522,,637522,SRS6778665,SAMN15145204,simple,4577,Zea mays,GEMS37_WS1,,,,,,,no,,,,,CHINA AGRICULTURAL UNIVERSITY,SRA1083660,,public,A6D1CE0D4AD8CFBE1B0131EBC416DCF3,01304A36F80E58DD84CE601716450E48
SRR11933442,2020-06-11 09:51:39,2020-06-05 11:29:13,16139633,723378778,0,44,423,,https://sra-downloadb.be-md.ncbi.nlm.nih.gov/sos9/sra-pub-zq-922/SRR011/11933/SRR11933442/SRR11933442.lite.1,SRX8478724,L465,RNA-Seq,cDNA,TRANSCRIPTOMIC,PAIRED,0,0,ILLUMINA,Illumina HiSeq 2500,SRP266111,PRJNA637522,,637522,SRS6778667,SAMN15145205,simple,4577,Zea mays,GEMS37_WS2,,,,,,,no,,,,,CHINA AGRICULTURAL UNIVERSITY,SRA1083660,,public,EDC8D150BBB582FB78C772BBD64F18FE,D8F4628E834B0F1E0D859610C4EDD8DE
SRR11933441,2020-06-11 09:51:39,2020-06-05 11:32:03,34355027,1749803192,0,50,594,,https://sra-downloadb.be-md.ncbi.nlm.nih.gov/sos9/sra-pub-zq-922/SRR011/11933/SRR11933441/SRR11933441.lite.1,SRX8478725,L466,RNA-Seq,cDNA,TRANSCRIPTOMIC,PAIRED,0,0,ILLUMINA,Illumina HiSeq 2500,SRP266111,PRJNA637522,,637522,SRS6778669,SAMN15145206,simple,4577,Zea mays,GEMS37_WW,,,,,,,no,,,,,CHINA AGRICULTURAL UNIVERSITY,SRA1083660,,public,652F087336ABA789BF8E1B40F821CDF4,5F81483C7BE1053AECD4870B15B06E14
SRR11933440,2020-06-11 09:51:39,2020-06-05 11:33:19,42304337,2154927597,0,50,636,,https://sra-downloadb.be-md.ncbi.nlm.nih.gov/sos9/sra-pub-zq-922/SRR011/11933/SRR11933440/SRR11933440.lite.1,SRX8478726,L467,RNA-Seq,cDNA,TRANSCRIPTOMIC,PAIRED,0,0,ILLUMINA,Illumina HiSeq 2500,SRP266111,PRJNA637522,,637522,SRS6778668,SAMN15145207,simple,4577,Zea mays,GEMS39_WS1,,,,,,,no,,,,,CHINA AGRICULTURAL UNIVERSITY,SRA1083660,,public,524EBBF8C67349827B45D6D8CDE91524,968FBA79E7711C38D4D019F51B9C8055
SRR11933437,2020-06-11 09:51:39,2020-06-05 11:39:46,55571147,2806342367,0,50,1287,,https://sra-downloadb.be-md.ncbi.nlm.nih.gov/sos9/sra-pub-zq-924/SRR011/11933/SRR11933437/SRR11933437.lite.1,SRX8478729,L470,RNA-Seq,cDNA,TRANSCRIPTOMIC,PAIRED,0,0,ILLUMINA,Illumina HiSeq 2500,SRP266111,PRJNA637522,,637522,SRS6778672,SAMN15145210,simple,4577,Zea mays,GEMS40_WS1,,,,,,,no,,,,,CHINA AGRICULTURAL UNIVERSITY,SRA1083660,,public,E850FA17244D0B6F6A33328348102616,DB985ACDD69B8B3015ADCF0C2628CAB7
SRR11933435,2020-06-11 09:51:39,2020-06-05 11:42:34,63250497,3200044308,0,50,1438,,https://sra-downloadb.be-md.ncbi.nlm.nih.gov/sos9/sra-pub-zq-922/SRR011/11933/SRR11933435/SRR11933435.lite.1,SRX8478731,L471,RNA-Seq,cDNA,TRANSCRIPTOMIC,PAIRED,0,0,ILLUMINA,Illumina HiSeq 2500,SRP266111,PRJNA637522,,637522,SRS6778674,SAMN15145211,simple,4577,Zea mays,GEMS40_WS2,,,,,,,no,,,,,CHINA AGRICULTURAL UNIVERSITY,SRA1083660,,public,DFD4C56BB1E6A0413315C6463534C9E7,9E7E9315D2540CB0C5315814A08F957A
SRR11933434,2020-06-11 09:51:39,2020-06-05 11:38:42,56628081,2507207944,0,44,1528,,https://sra-downloadb.be-md.ncbi.nlm.nih.gov/sos9/sra-pub-zq-922/SRR011/11933/SRR11933434/SRR11933434.lite.1,SRX8478732,L472,RNA-Seq,cDNA,TRANSCRIPTOMIC,PAIRED,0,0,ILLUMINA,Illumina HiSeq 2500,SRP266111,PRJNA637522,,637522,SRS6778675,SAMN15145212,simple,4577,Zea mays,GEMS41_WS1,,,,,,,no,,,,,CHINA AGRICULTURAL UNIVERSITY,SRA1083660,,public,E4C981BB0D79A119A22A38C252DFC817,8F0214C37FF8F1AFFBE631456E4F9C6D
SRR11933433,2020-06-11 09:51:39,2020-06-05 11:36:37,56920476,2758705384,0,48,1583,,https://sra-downloadb.be-md.ncbi.nlm.nih.gov/sos9/sra-pub-zq-922/SRR011/11933/SRR11933433/SRR11933433.lite.1,SRX8478733,L473,RNA-Seq,cDNA,TRANSCRIPTOMIC,PAIRED,0,0,ILLUMINA,Illumina HiSeq 2500,SRP266111,PRJNA637522,,637522,SRS6778676,SAMN15145213,simple,4577,Zea mays,GEMS41_WS2,,,,,,,no,,,,,CHINA AGRICULTURAL UNIVERSITY,SRA1083660,,public,F6AD47B879B842E73BCDFC6A57792F7D,2A492F0F2B261D0546AF3064D6D05E5D
SRR11933432,2020-06-11 09:51:39,2020-06-05 11:34:23,52301488,2376415657,0,45,1355,,https://sra-downloadb.be-md.ncbi.nlm.nih.gov/sos9/sra-pub-zq-922/SRR011/11933/SRR11933432/SRR11933432.lite.1,SRX8478734,L474,RNA-Seq,cDNA,TRANSCRIPTOMIC,PAIRED,0,0,ILLUMINA,Illumina HiSeq 2500,SRP266111,PRJNA637522,,637522,SRS6778677,SAMN15145214,simple,4577,Zea mays,GEMS41_WW,,,,,,,no,,,,,CHINA AGRICULTURAL UNIVERSITY,SRA1083660,,public,4ECCC390EA475ED595FD7101867011C6,5AC1452C283DB7B298046616D56D41AD
SRR11933431,2020-06-11 09:51:39,2020-06-05 11:34:40,46908544,2387395565,0,50,881,,https://sra-downloadb.be-md.ncbi.nlm.nih.gov/sos9/sra-pub-zq-924/SRR011/11933/SRR11933431/SRR11933431.lite.1,SRX8478735,L475,RNA-Seq,cDNA,TRANSCRIPTOMIC,PAIRED,0,0,ILLUMINA,Illumina HiSeq 2500,SRP266111,PRJNA637522,,637522,SRS6778678,SAMN15145215,simple,4577,Zea mays,GEMS42_WS1,,,,,,,no,,,,,CHINA AGRICULTURAL UNIVERSITY,SRA1083660,,public,C3810D25D4E3B6C958D625DB3DB4F45F,17F6BE5E770BB900373FFB639ACC323D
SRR11933430,2020-06-11 09:51:39,2020-06-05 11:32:26,36166803,1815635471,0,50,948,,https://sra-downloadb.be-md.ncbi.nlm.nih.gov/sos9/sra-pub-zq-924/SRR011/11933/SRR11933430/SRR11933430.lite.1,SRX8478736,L476,RNA-Seq,cDNA,TRANSCRIPTOMIC,PAIRED,0,0,ILLUMINA,Illumina HiSeq 2500,SRP266111,PRJNA637522,,637522,SRS6778679,SAMN15145216,simple,4577,Zea mays,GEMS42_WS2,,,,,,,no,,,,,CHINA AGRICULTURAL UNIVERSITY,SRA1083660,,public,8CB7B071204D65A6777EF01BFB603A66,433265C1741638B8392310A0C8FEAD96
SRR11933429,2020-06-11 09:51:39,2020-06-05 11:47:03,66303459,3372341179,0,50,1145,,https://sra-downloadb.be-md.ncbi.nlm.nih.gov/sos9/sra-pub-zq-924/SRR011/11933/SRR11933429/SRR11933429.lite.1,SRX8478737,L477,RNA-Seq,cDNA,TRANSCRIPTOMIC,PAIRED,0,0,ILLUMINA,Illumina HiSeq 2500,SRP266111,PRJNA637522,,637522,SRS6778680,SAMN15145217,simple,4577,Zea mays,GEMS42_WW,,,,,,,no,,,,,CHINA AGRICULTURAL UNIVERSITY,SRA1083660,,public,7C78A9E03E3E327D0C744B2A45D88820,500E9267A5165D60B59321D5606DEE8B
SRR11933428,2020-06-11 09:51:39,2020-06-05 11:32:39,35863193,1826039306,0,50,685,,https://sra-downloadb.be-md.ncbi.nlm.nih.gov/sos9/sra-pub-zq-922/SRR011/11933/SRR11933428/SRR11933428.lite.1,SRX8478738,L478,RNA-Seq,cDNA,TRANSCRIPTOMIC,PAIRED,0,0,ILLUMINA,Illumina HiSeq 2500,SRP266111,PRJNA637522,,637522,SRS6778681,SAMN15145218,simple,4577,Zea mays,GEMS44_WS1,,,,,,,no,,,,,CHINA AGRICULTURAL UNIVERSITY,SRA1083660,,public,7684660D136C2CCE3AD3722AF3F63209,CAAE6C187DE8E39A0B5BAADDADBEF031
SRR11933427,2020-06-11 09:51:39,2020-06-05 11:36:06,53002991,2699007820,0,50,978,,https://sra-downloadb.be-md.ncbi.nlm.nih.gov/sos9/sra-pub-zq-922/SRR011/11933/SRR11933427/SRR11933427.lite.1,SRX8478739,L479,RNA-Seq,cDNA,TRANSCRIPTOMIC,PAIRED,0,0,ILLUMINA,Illumina HiSeq 2500,SRP266111,PRJNA637522,,637522,SRS6778682,SAMN15145219,simple,4577,Zea mays,GEMS44_WS2,,,,,,,no,,,,,CHINA AGRICULTURAL UNIVERSITY,SRA1083660,,public,94B60E0893BA1F5DDCF3AA45CE949486,A29B92308ED2EE65060B00C6B9160C26
SRR11933426,2020-06-11 09:51:39,2020-06-05 11:33:30,57697061,2929191914,0,50,1040,,https://sra-downloadb.be-md.ncbi.nlm.nih.gov/sos9/sra-pub-zq-922/SRR011/11933/SRR11933426/SRR11933426.lite.1,SRX8478740,L480,RNA-Seq,cDNA,TRANSCRIPTOMIC,PAIRED,0,0,ILLUMINA,Illumina HiSeq 2500,SRP266111,PRJNA637522,,637522,SRS6778683,SAMN15145220,simple,4577,Zea mays,GEMS44_WW,,,,,,,no,,,,,CHINA AGRICULTURAL UNIVERSITY,SRA1083660,,public,1CBD950BEC218C82002E30C5E00B24AF,C1636163EBD195C8F03FD3C2505C4365
SRR11933424,2020-06-11 09:51:39,2020-06-05 11:34:03,41758678,2126230726,0,50,790,,https://sra-downloadb.be-md.ncbi.nlm.nih.gov/sos9/sra-pub-zq-924/SRR011/11933/SRR11933424/SRR11933424.lite.1,SRX8478742,L481,RNA-Seq,cDNA,TRANSCRIPTOMIC,PAIRED,0,0,ILLUMINA,Illumina HiSeq 2500,SRP266111,PRJNA637522,,637522,SRS6778685,SAMN15145221,simple,4577,Zea mays,GEMS46_WS1,,,,,,,no,,,,,CHINA AGRICULTURAL UNIVERSITY,SRA1083660,,public,9336D46D8EDB4A7F9FC3BBAF89B987CC,976CD85C98302C6D2187CDA5954BBAA4
SRR11933423,2020-06-11 09:51:39,2020-06-05 11:32:04,34653519,1530471778,0,44,993,,https://sra-downloadb.be-md.ncbi.nlm.nih.gov/sos9/sra-pub-zq-922/SRR011/11933/SRR11933423/SRR11933423.lite.1,SRX8478743,L482,RNA-Seq,cDNA,TRANSCRIPTOMIC,PAIRED,0,0,ILLUMINA,Illumina HiSeq 2500,SRP266111,PRJNA637522,,637522,SRS6778686,SAMN15145222,simple,4577,Zea mays,GEMS46_WS2,,,,,,,no,,,,,CHINA AGRICULTURAL UNIVERSITY,SRA1083660,,public,DD2A7388DDCE48B06585B6BBE2D2E4D8,B5C28B506D66B19B97C2DF3E45699385
SRR11933422,2020-06-11 09:51:39,2020-06-05 11:41:59,34421932,1751653360,0,50,662,,https://sra-downloadb.be-md.ncbi.nlm.nih.gov/sos9/sra-pub-zq-922/SRR011/11933/SRR11933422/SRR11933422.lite.1,SRX8478744,L483,RNA-Seq,cDNA,TRANSCRIPTOMIC,PAIRED,0,0,ILLUMINA,Illumina HiSeq 2500,SRP266111,PRJNA637522,,637522,SRS6778687,SAMN15145223,simple,4577,Zea mays,GEMS46_WW,,,,,,,no,,,,,CHINA AGRICULTURAL UNIVERSITY,SRA1083660,,public,51A962907F33EB5F3DB626CC958EA510,1B6F3343304A349D7254DD0433E1F4C7
SRR11933439,2020-06-11 09:51:39,2020-06-05 11:50:33,143906207,7318001913,0,50,3060,,https://sra-downloadb.be-md.ncbi.nlm.nih.gov/sos9/sra-pub-zq-924/SRR011/11933/SRR11933439/SRR11933439.lite.1,SRX8478727,L468,RNA-Seq,cDNA,TRANSCRIPTOMIC,PAIRED,0,0,ILLUMINA,Illumina HiSeq 2500,SRP266111,PRJNA637522,,637522,SRS6778670,SAMN15145208,simple,4577,Zea mays,GEMS4_WS2,,,,,,,no,,,,,CHINA AGRICULTURAL UNIVERSITY,SRA1083660,,public,B0B55E892A07E4AB848C8C67AC3BB1B7,191AE586F3CBB6A2F234DA7FD89089F0
SRR11933438,2020-06-11 09:51:39,2020-06-05 11:42:10,71205681,3592692120,0,50,1640,,https://sra-downloadb.be-md.ncbi.nlm.nih.gov/sos9/sra-pub-zq-924/SRR011/11933/SRR11933438/SRR11933438.lite.1,SRX8478728,L469,RNA-Seq,cDNA,TRANSCRIPTOMIC,PAIRED,0,0,ILLUMINA,Illumina HiSeq 2500,SRP266111,PRJNA637522,,637522,SRS6778671,SAMN15145209,simple,4577,Zea mays,GEMS4_WW,,,,,,,no,,,,,CHINA AGRICULTURAL UNIVERSITY,SRA1083660,,public,C33F9E403DC71B70B00FB3629BFE3C7C,CD36DBF1F001D54A9CCEA72C840C0610
SRR11933418,2020-06-11 09:51:39,2020-06-05 11:30:50,32023975,1625925577,0,50,679,,https://sra-downloadb.be-md.ncbi.nlm.nih.gov/sos9/sra-pub-zq-924/SRR011/11933/SRR11933418/SRR11933418.lite.1,SRX8478748,L487,RNA-Seq,cDNA,TRANSCRIPTOMIC,PAIRED,0,0,ILLUMINA,Illumina HiSeq 2500,SRP266111,PRJNA637522,,637522,SRS6778691,SAMN15145227,simple,4577,Zea mays,GEMS51_WW,,,,,,,no,,,,,CHINA AGRICULTURAL UNIVERSITY,SRA1083660,,public,54417E12807D7C657AA5884BD16B3843,DA37EC212CFAE3D366000C95177BF8C8
SRR11933417,2020-06-11 09:51:39,2020-06-05 11:31:20,41243418,1910315392,0,46,1124,,https://sra-downloadb.be-md.ncbi.nlm.nih.gov/sos9/sra-pub-zq-922/SRR011/11933/SRR11933417/SRR11933417.lite.1,SRX8478749,L488,RNA-Seq,cDNA,TRANSCRIPTOMIC,PAIRED,0,0,ILLUMINA,Illumina HiSeq 2500,SRP266111,PRJNA637522,,637522,SRS6778692,SAMN15145228,simple,4577,Zea mays,GEMS54_WS1,,,,,,,no,,,,,CHINA AGRICULTURAL UNIVERSITY,SRA1083660,,public,974399730AD88FBC54E00AD7A76D6D3C,D859D666FAB25663E349585942FBFA90
SRR11933416,2020-06-11 09:51:39,2020-06-05 11:32:59,54723652,2761507222,0,50,1297,,https://sra-downloadb.be-md.ncbi.nlm.nih.gov/sos9/sra-pub-zq-924/SRR011/11933/SRR11933416/SRR11933416.lite.1,SRX8478750,L489,RNA-Seq,cDNA,TRANSCRIPTOMIC,PAIRED,0,0,ILLUMINA,Illumina HiSeq 2500,SRP266111,PRJNA637522,,637522,SRS6778693,SAMN15145229,simple,4577,Zea mays,GEMS54_WS1_REP,,,,,,,no,,,,,CHINA AGRICULTURAL UNIVERSITY,SRA1083660,,public,5A4E8FB8EF913DC1E712E4109D062AE4,599341B37F2F8A63DB257B17199C1C53
SRR11933415,2020-06-11 09:51:39,2020-06-05 11:38:20,62097104,3042149416,0,48,1862,,https://sra-downloadb.be-md.ncbi.nlm.nih.gov/sos9/sra-pub-zq-924/SRR011/11933/SRR11933415/SRR11933415.lite.1,SRX8478751,L490,RNA-Seq,cDNA,TRANSCRIPTOMIC,PAIRED,0,0,ILLUMINA,Illumina HiSeq 2500,SRP266111,PRJNA637522,,637522,SRS6778695,SAMN15145230,simple,4577,Zea mays,GEMS54_WS2,,,,,,,no,,,,,CHINA AGRICULTURAL UNIVERSITY,SRA1083660,,public,054A52F497B3FE03DD06FA7FF5E93748,EB3A9CA0835ABE81594D8BA24F0F060C
SRR11933413,2020-06-11 09:51:39,2020-06-05 11:37:11,62692333,3101799469,0,49,1831,,https://sra-downloadb.be-md.ncbi.nlm.nih.gov/sos9/sra-pub-zq-922/SRR011/11933/SRR11933413/SRR11933413.lite.1,SRX8478753,L491,RNA-Seq,cDNA,TRANSCRIPTOMIC,PAIRED,0,0,ILLUMINA,Illumina HiSeq 2500,SRP266111,PRJNA637522,,637522,SRS6778696,SAMN15145231,simple,4577,Zea mays,GEMS54_WS2_REP,,,,,,,no,,,,,CHINA AGRICULTURAL UNIVERSITY,SRA1083660,,public,72F8DFE993F0F356CD34CA634402D695,5FA8A549CAE973A732B7B0BA152BD6D1
SRR11933412,2020-06-11 09:51:39,2020-06-05 11:37:40,67365855,3379533053,0,50,1539,,https://sra-downloadb.be-md.ncbi.nlm.nih.gov/sos9/sra-pub-zq-924/SRR011/11933/SRR11933412/SRR11933412.lite.1,SRX8478754,L492,RNA-Seq,cDNA,TRANSCRIPTOMIC,PAIRED,0,0,ILLUMINA,Illumina HiSeq 2500,SRP266111,PRJNA637522,,637522,SRS6778697,SAMN15145232,simple,4577,Zea mays,GEMS54_WW,,,,,,,no,,,,,CHINA AGRICULTURAL UNIVERSITY,SRA1083660,,public,59DA14C0F90C0403DBEC9933BC4C7461,FD1E0CB2B145E4DA65D3285A902B2C1F
SRR11933411,2020-06-11 09:51:39,2020-06-05 11:33:13,45760348,2328153356,0,50,894,,https://sra-downloadb.be-md.ncbi.nlm.nih.gov/sos9/sra-pub-zq-924/SRR011/11933/SRR11933411/SRR11933411.lite.1,SRX8478755,L493,RNA-Seq,cDNA,TRANSCRIPTOMIC,PAIRED,0,0,ILLUMINA,Illumina HiSeq 2500,SRP266111,PRJNA637522,,637522,SRS6778698,SAMN15145233,simple,4577,Zea mays,GEMS55_WS1,,,,,,,no,,,,,CHINA AGRICULTURAL UNIVERSITY,SRA1083660,,public,CC36544D7BEC1D5D6F6E18428C7EB7BA,C68C87F6490F888AEA3A44A345F87808
SRR11933410,2020-06-11 09:51:39,2020-06-05 11:34:47,60062954,3059416975,0,50,1057,,https://sra-downloadb.be-md.ncbi.nlm.nih.gov/sos9/sra-pub-zq-922/SRR011/11933/SRR11933410/SRR11933410.lite.1,SRX8478756,L494,RNA-Seq,cDNA,TRANSCRIPTOMIC,PAIRED,0,0,ILLUMINA,Illumina HiSeq 2500,SRP266111,PRJNA637522,,637522,SRS6778699,SAMN15145234,simple,4577,Zea mays,GEMS55_WS2,,,,,,,no,,,,,CHINA AGRICULTURAL UNIVERSITY,SRA1083660,,public,727E2BAA6F7A788A200330BA6E5D13DA,F9B6DFEC69D284657EB8A7AC430B255D
SRR11933409,2020-06-11 09:51:39,2020-06-05 11:30:39,37049241,1885967943,0,50,655,,https://sra-downloadb.be-md.ncbi.nlm.nih.gov/sos9/sra-pub-zq-922/SRR011/11933/SRR11933409/SRR11933409.lite.1,SRX8478757,L495,RNA-Seq,cDNA,TRANSCRIPTOMIC,PAIRED,0,0,ILLUMINA,Illumina HiSeq 2500,SRP266111,PRJNA637522,,637522,SRS6778700,SAMN15145235,simple,4577,Zea mays,GEMS55_WW,,,,,,,no,,,,,CHINA AGRICULTURAL UNIVERSITY,SRA1083660,,public,4C900A0B628D53C9AA14D1B6C8EA02C3,1A0AC6670C961210604C8C7E83FC310E
SRR11933408,2020-06-11 09:51:39,2020-06-05 11:32:59,50772425,2248733827,0,44,1394,,https://sra-downloadb.be-md.ncbi.nlm.nih.gov/sos9/sra-pub-zq-922/SRR011/11933/SRR11933408/SRR11933408.lite.1,SRX8478758,L496,RNA-Seq,cDNA,TRANSCRIPTOMIC,PAIRED,0,0,ILLUMINA,Illumina HiSeq 2500,SRP266111,PRJNA637522,,637522,SRS6778701,SAMN15145236,simple,4577,Zea mays,GEMS58_WS1,,,,,,,no,,,,,CHINA AGRICULTURAL UNIVERSITY,SRA1083660,,public,53DD9D79CC8B9D2F3EB013978F330CAA,C9DF2BFD1105DBCF5BFB6AB941280C6F
SRR11933407,2020-06-11 09:51:39,2020-06-05 11:34:04,62960687,3094883397,0,49,1888,,https://sra-downloadb.be-md.ncbi.nlm.nih.gov/sos9/sra-pub-zq-922/SRR011/11933/SRR11933407/SRR11933407.lite.1,SRX8478759,L497,RNA-Seq,cDNA,TRANSCRIPTOMIC,PAIRED,0,0,ILLUMINA,Illumina HiSeq 2500,SRP266111,PRJNA637522,,637522,SRS6778702,SAMN15145237,simple,4577,Zea mays,GEMS58_WS2,,,,,,,no,,,,,CHINA AGRICULTURAL UNIVERSITY,SRA1083660,,public,501F33CA363A14AD9D1CBFE5F5A0D159,C201B27D15507DAA02794F2E84CEF016
SRR11933406,2020-06-11 09:51:39,2020-06-05 11:32:13,40527933,1843022028,0,45,1064,,https://sra-downloadb.be-md.ncbi.nlm.nih.gov/sos9/sra-pub-zq-922/SRR011/11933/SRR11933406/SRR11933406.lite.1,SRX8478760,L498,RNA-Seq,cDNA,TRANSCRIPTOMIC,PAIRED,0,0,ILLUMINA,Illumina HiSeq 2500,SRP266111,PRJNA637522,,637522,SRS6778703,SAMN15145238,simple,4577,Zea mays,GEMS58_WW,,,,,,,no,,,,,CHINA AGRICULTURAL UNIVERSITY,SRA1083660,,public,1BEDD56D33DA16DB1E83A15D97519399,531A01B4C8C90FD1A55F8AD22694815A
SRR11933421,2020-06-11 09:51:39,2020-06-05 11:44:28,117973632,6007420262,0,50,2135,,https://sra-downloadb.be-md.ncbi.nlm.nih.gov/sos9/sra-pub-zq-922/SRR011/11933/SRR11933421/SRR11933421.lite.1,SRX8478745,L484,RNA-Seq,cDNA,TRANSCRIPTOMIC,PAIRED,0,0,ILLUMINA,Illumina HiSeq 2500,SRP266111,PRJNA637522,,637522,SRS6778688,SAMN15145224,simple,4577,Zea mays,GEMS5_WS1,,,,,,,no,,,,,CHINA AGRICULTURAL UNIVERSITY,SRA1083660,,public,8AB1D0E765073F0DBA3E5F9339815312,E2F29AF1C11DBC498A9822C938633054
SRR11933420,2020-06-11 09:51:39,2020-06-05 11:36:11,62833125,3199529513,0,50,1086,,https://sra-downloadb.be-md.ncbi.nlm.nih.gov/sos9/sra-pub-zq-922/SRR011/11933/SRR11933420/SRR11933420.lite.1,SRX8478746,L485,RNA-Seq,cDNA,TRANSCRIPTOMIC,PAIRED,0,0,ILLUMINA,Illumina HiSeq 2500,SRP266111,PRJNA637522,,637522,SRS6778689,SAMN15145225,simple,4577,Zea mays,GEMS5_WS2,,,,,,,no,,,,,CHINA AGRICULTURAL UNIVERSITY,SRA1083660,,public,016513E2FF8C564731F5FCA5A2313E71,52BBC5FEA7C6AD1CEC5E549629C633A2
SRR11933419,2020-06-11 09:51:39,2020-06-05 11:30:20,32365358,1648554830,0,50,559,,https://sra-downloadb.be-md.ncbi.nlm.nih.gov/sos9/sra-pub-zq-924/SRR011/11933/SRR11933419/SRR11933419.lite.1,SRX8478747,L486,RNA-Seq,cDNA,TRANSCRIPTOMIC,PAIRED,0,0,ILLUMINA,Illumina HiSeq 2500,SRP266111,PRJNA637522,,637522,SRS6778690,SAMN15145226,simple,4577,Zea mays,GEMS5_WW,,,,,,,no,,,,,CHINA AGRICULTURAL UNIVERSITY,SRA1083660,,public,87787F03D9449E829DD4EDB2B8085162,8CFDB06B9B4815881DC07F1A3808C946
SRR11933400,2020-06-11 09:51:39,2020-06-05 11:32:30,61073574,3085084485,0,50,1468,,https://sra-downloadb.be-md.ncbi.nlm.nih.gov/sos9/sra-pub-zq-922/SRR011/11933/SRR11933400/SRR11933400.lite.1,SRX8478766,L502,RNA-Seq,cDNA,TRANSCRIPTOMIC,PAIRED,0,0,ILLUMINA,Illumina HiSeq 2500,SRP266111,PRJNA637522,,637522,SRS6778709,SAMN15145242,simple,4577,Zea mays,GEMS60_WS1,,,,,,,no,,,,,CHINA AGRICULTURAL UNIVERSITY,SRA1083660,,public,8B75AFA0E410A4E6769F5CEE054D43B1,5557DCC2D60E2655649CDF40274FB8B7
SRR11933399,2020-06-11 09:51:39,2020-06-05 11:32:23,58658820,2964933817,0,50,1307,,https://sra-downloadb.be-md.ncbi.nlm.nih.gov/sos9/sra-pub-zq-922/SRR011/11933/SRR11933399/SRR11933399.lite.1,SRX8478767,L503,RNA-Seq,cDNA,TRANSCRIPTOMIC,PAIRED,0,0,ILLUMINA,Illumina HiSeq 2500,SRP266111,PRJNA637522,,637522,SRS6778710,SAMN15145243,simple,4577,Zea mays,GEMS60_WS2,,,,,,,no,,,,,CHINA AGRICULTURAL UNIVERSITY,SRA1083660,,public,50833DDCE59A0137A77775142ACA7FD1,43168ED8F416D0819F37A4ED9B7025EA
SRR11933398,2020-06-11 09:51:39,2020-06-05 11:34:12,54704781,2780895438,0,50,1216,,https://sra-downloadb.be-md.ncbi.nlm.nih.gov/sos9/sra-pub-zq-922/SRR011/11933/SRR11933398/SRR11933398.lite.1,SRX8478768,L504,RNA-Seq,cDNA,TRANSCRIPTOMIC,PAIRED,0,0,ILLUMINA,Illumina HiSeq 2500,SRP266111,PRJNA637522,,637522,SRS6778711,SAMN15145244,simple,4577,Zea mays,GEMS60_WW,,,,,,,no,,,,,CHINA AGRICULTURAL UNIVERSITY,SRA1083660,,public,8303ED83F4F2735BBD2335C104484AB8,E54727D3B74D3F16EFC3FE2847B557CC
SRR11933397,2020-06-11 09:51:39,2020-06-05 11:32:10,50500492,2569106973,0,50,982,,https://sra-downloadb.be-md.ncbi.nlm.nih.gov/sos9/sra-pub-zq-922/SRR011/11933/SRR11933397/SRR11933397.lite.1,SRX8478769,L505,RNA-Seq,cDNA,TRANSCRIPTOMIC,PAIRED,0,0,ILLUMINA,Illumina HiSeq 2500,SRP266111,PRJNA637522,,637522,SRS6778712,SAMN15145245,simple,4577,Zea mays,GEMS63_WS1,,,,,,,no,,,,,CHINA AGRICULTURAL UNIVERSITY,SRA1083660,,public,B9B997D4E21703A0261BB9977646CAAD,A34B8A2C15B94FD9D68BA1D7A1D09579
SRR11933396,2020-06-11 09:51:39,2020-06-05 11:29:41,34625233,1762239124,0,50,606,,https://sra-downloadb.be-md.ncbi.nlm.nih.gov/sos9/sra-pub-zq-924/SRR011/11933/SRR11933396/SRR11933396.lite.1,SRX8478770,L506,RNA-Seq,cDNA,TRANSCRIPTOMIC,PAIRED,0,0,ILLUMINA,Illumina HiSeq 2500,SRP266111,PRJNA637522,,637522,SRS6778713,SAMN15145246,simple,4577,Zea mays,GEMS63_WW,,,,,,,no,,,,,CHINA AGRICULTURAL UNIVERSITY,SRA1083660,,public,1AFAAC97427696B2959D2612CF49A4FC,A96BC3B74BBEAB7135B0E6CF1EE3032A
SRR11933395,2020-06-11 09:51:39,2020-06-05 11:28:27,28986347,1475857087,0,50,494,,https://sra-downloadb.be-md.ncbi.nlm.nih.gov/sos9/sra-pub-zq-922/SRR011/11933/SRR11933395/SRR11933395.lite.1,SRX8478771,L507,RNA-Seq,cDNA,TRANSCRIPTOMIC,PAIRED,0,0,ILLUMINA,Illumina HiSeq 2500,SRP266111,PRJNA637522,,637522,SRS6778714,SAMN15145247,simple,4577,Zea mays,GEMS65_WS1,,,,,,,no,,,,,CHINA AGRICULTURAL UNIVERSITY,SRA1083660,,public,9BBDE83FD1191EE9FBFC832B0768B574,9596F8354932DE84CA88BC08371CCB3C
SRR11933394,2020-06-11 09:51:39,2020-06-05 11:29:03,29147716,1453036862,0,49,756,,https://sra-downloadb.be-md.ncbi.nlm.nih.gov/sos9/sra-pub-zq-922/SRR011/11933/SRR11933394/SRR11933394.lite.1,SRX8478772,L508,RNA-Seq,cDNA,TRANSCRIPTOMIC,PAIRED,0,0,ILLUMINA,Illumina HiSeq 2500,SRP266111,PRJNA637522,,637522,SRS6778716,SAMN15145248,simple,4577,Zea mays,GEMS65_WS2,,,,,,,no,,,,,CHINA AGRICULTURAL UNIVERSITY,SRA1083660,,public,24AD053FEF00BEE63892B6D8352D8EA5,207FB36D13C7C414CC2E6C71B96812BA
SRR11933393,2020-06-11 09:51:39,2020-06-05 11:28:57,30509961,1553325256,0,50,540,,https://sra-downloadb.be-md.ncbi.nlm.nih.gov/sos9/sra-pub-zq-924/SRR011/11933/SRR11933393/SRR11933393.lite.1,SRX8478773,L509,RNA-Seq,cDNA,TRANSCRIPTOMIC,PAIRED,0,0,ILLUMINA,Illumina HiSeq 2500,SRP266111,PRJNA637522,,637522,SRS6778715,SAMN15145249,simple,4577,Zea mays,GEMS65_WW,,,,,,,no,,,,,CHINA AGRICULTURAL UNIVERSITY,SRA1083660,,public,ED5BAC036AE2D56867C63D703789F01B,4B9CB9643C895FB7F84B68633D1EEAD6
SRR11933392,2020-06-11 09:51:39,2020-06-05 11:39:01,86574629,4405466412,0,50,1670,,https://sra-downloadb.be-md.ncbi.nlm.nih.gov/sos9/sra-pub-zq-924/SRR011/11933/SRR11933392/SRR11933392.lite.1,SRX8478774,L510,RNA-Seq,cDNA,TRANSCRIPTOMIC,PAIRED,0,0,ILLUMINA,Illumina HiSeq 2500,SRP266111,PRJNA637522,,637522,SRS6778717,SAMN15145250,simple,4577,Zea mays,GEMS66_WS1,,,,,,,no,,,,,CHINA AGRICULTURAL UNIVERSITY,SRA1083660,,public,CA9698A1D269635BB6AA3F30C69650E6,CD8602F74D099C92B868420EA192DA8C
SRR11933390,2020-06-11 09:51:39,2020-06-05 11:30:21,35230569,1556156098,0,44,949,,https://sra-downloadb.be-md.ncbi.nlm.nih.gov/sos9/sra-pub-zq-922/SRR011/11933/SRR11933390/SRR11933390.lite.1,SRX8478776,L511,RNA-Seq,cDNA,TRANSCRIPTOMIC,PAIRED,0,0,ILLUMINA,Illumina HiSeq 2500,SRP266111,PRJNA637522,,637522,SRS6778719,SAMN15145251,simple,4577,Zea mays,GEMS66_WS2,,,,,,,no,,,,,CHINA AGRICULTURAL UNIVERSITY,SRA1083660,,public,52088FCAB2BB228F7B2A78DA911C6412,6DF2E91A170C07E7B6F1F9171FD2621A
SRR11933389,2020-06-11 09:51:39,2020-06-05 11:29:46,44934826,2287396167,0,50,830,,https://sra-downloadb.be-md.ncbi.nlm.nih.gov/sos9/sra-pub-zq-922/SRR011/11933/SRR11933389/SRR11933389.lite.1,SRX8478777,L512,RNA-Seq,cDNA,TRANSCRIPTOMIC,PAIRED,0,0,ILLUMINA,Illumina HiSeq 2500,SRP266111,PRJNA637522,,637522,SRS6778721,SAMN15145252,simple,4577,Zea mays,GEMS66_WW,,,,,,,no,,,,,CHINA AGRICULTURAL UNIVERSITY,SRA1083660,,public,33A791028677C25EBDD23A696708AFFD,DF35C7E52ABCCAF38EE841AB881B9168
SRR11933405,2020-06-11 09:51:39,2020-06-05 11:30:12,36402939,1853454543,0,50,623,,https://sra-downloadb.be-md.ncbi.nlm.nih.gov/sos9/sra-pub-zq-922/SRR011/11933/SRR11933405/SRR11933405.lite.1,SRX8478761,L499,RNA-Seq,cDNA,TRANSCRIPTOMIC,PAIRED,0,0,ILLUMINA,Illumina HiSeq 2500,SRP266111,PRJNA637522,,637522,SRS6778704,SAMN15145239,simple,4577,Zea mays,GEMS6_WS1,,,,,,,no,,,,,CHINA AGRICULTURAL UNIVERSITY,SRA1083660,,public,F108D09708540F42E151FCDA5EDFB3FE,3F8EF150514D12C8342692A1CB541CEA
SRR11933404,2020-06-11 09:51:39,2020-06-05 11:33:15,49826028,2479605725,0,49,1232,,https://sra-downloadb.be-md.ncbi.nlm.nih.gov/sos9/sra-pub-zq-922/SRR011/11933/SRR11933404/SRR11933404.lite.1,SRX8478762,L500,RNA-Seq,cDNA,TRANSCRIPTOMIC,PAIRED,0,0,ILLUMINA,Illumina HiSeq 2500,SRP266111,PRJNA637522,,637522,SRS6778706,SAMN15145240,simple,4577,Zea mays,GEMS6_WS2,,,,,,,no,,,,,CHINA AGRICULTURAL UNIVERSITY,SRA1083660,,public,33ABBA45F229F677967B9813EEC82DFA,106A7BC262F5389E726B1F5DF8B1847C
SRR11933401,2020-06-11 09:51:39,2020-06-05 11:28:52,35884569,1826028839,0,50,650,,https://sra-downloadb.be-md.ncbi.nlm.nih.gov/sos9/sra-pub-zq-922/SRR011/11933/SRR11933401/SRR11933401.lite.1,SRX8478765,L501,RNA-Seq,cDNA,TRANSCRIPTOMIC,PAIRED,0,0,ILLUMINA,Illumina HiSeq 2500,SRP266111,PRJNA637522,,637522,SRS6778708,SAMN15145241,simple,4577,Zea mays,GEMS6_WW,,,,,,,no,,,,,CHINA AGRICULTURAL UNIVERSITY,SRA1083660,,public,ED86AB5DE32E7D52822AFE2CBDB1E03D,7C51430FE3DD98C243ED8A56B2CB6A9F
SRR11933388,2020-06-11 09:51:39,2020-06-05 11:33:37,57666915,2555961368,0,44,1567,,https://sra-downloadb.be-md.ncbi.nlm.nih.gov/sos9/sra-pub-zq-922/SRR011/11933/SRR11933388/SRR11933388.lite.1,SRX8478778,L513,RNA-Seq,cDNA,TRANSCRIPTOMIC,PAIRED,0,0,ILLUMINA,Illumina HiSeq 2500,SRP266111,PRJNA637522,,637522,SRS6778720,SAMN15145253,simple,4577,Zea mays,GEMS9_WS1,,,,,,,no,,,,,CHINA AGRICULTURAL UNIVERSITY,SRA1083660,,public,81C333597994C62703B56490049462D7,03D467791C4E609C217BAC712CB1C105
SRR11933387,2020-06-11 09:51:39,2020-06-05 11:34:24,72672769,3568990895,0,49,2188,,https://sra-downloadb.be-md.ncbi.nlm.nih.gov/sos9/sra-pub-zq-922/SRR011/11933/SRR11933387/SRR11933387.lite.1,SRX8478779,L514,RNA-Seq,cDNA,TRANSCRIPTOMIC,PAIRED,0,0,ILLUMINA,Illumina HiSeq 2500,SRP266111,PRJNA637522,,637522,SRS6778722,SAMN15145254,simple,4577,Zea mays,GEMS9_WS2,,,,,,,no,,,,,CHINA AGRICULTURAL UNIVERSITY,SRA1083660,,public,FA1B5ACAF7AE005A8057BA1583022181,67055E228768D09C31A4CB001C3C2DA5
SRR11933386,2020-06-11 09:51:39,2020-06-05 11:24:24,11934467,563127872,0,47,373,,https://sra-downloadb.be-md.ncbi.nlm.nih.gov/sos9/sra-pub-zq-924/SRR011/11933/SRR11933386/SRR11933386.lite.1,SRX8478780,L515,RNA-Seq,cDNA,TRANSCRIPTOMIC,PAIRED,0,0,ILLUMINA,Illumina HiSeq 2500,SRP266111,PRJNA637522,,637522,SRS6778723,SAMN15145255,simple,4577,Zea mays,GEMS9_WW,,,,,,,no,,,,,CHINA AGRICULTURAL UNIVERSITY,SRA1083660,,public,1B01C8DE523FB78570C754587711EA1E,98E470C7F72182500A2A23048EC3A904
SRR11933385,2020-06-11 09:51:39,2020-06-05 11:30:30,44880830,2284278899,0,50,847,,https://sra-downloadb.be-md.ncbi.nlm.nih.gov/sos9/sra-pub-zq-922/SRR011/11933/SRR11933385/SRR11933385.lite.1,SRX8478781,L516,RNA-Seq,cDNA,TRANSCRIPTOMIC,PAIRED,0,0,ILLUMINA,Illumina HiSeq 2500,SRP266111,PRJNA637522,,637522,SRS6778724,SAMN15145256,simple,4577,Zea mays,GY1032_WS1,,,,,,,no,,,,,CHINA AGRICULTURAL UNIVERSITY,SRA1083660,,public,50CAC296C047CD0A935A451160EE5031,C4CCC0C62C33B423D7FDB6F16556FAB7
SRR11933384,2020-06-11 09:51:39,2020-06-05 11:35:27,46298427,2045063135,0,44,1297,,https://sra-downloadb.be-md.ncbi.nlm.nih.gov/sos9/sra-pub-zq-924/SRR011/11933/SRR11933384/SRR11933384.lite.1,SRX8478782,L517,RNA-Seq,cDNA,TRANSCRIPTOMIC,PAIRED,0,0,ILLUMINA,Illumina HiSeq 2500,SRP266111,PRJNA637522,,637522,SRS6778725,SAMN15145257,simple,4577,Zea mays,GY1032_WS2,,,,,,,no,,,,,CHINA AGRICULTURAL UNIVERSITY,SRA1083660,,public,C60DFA0424016DDA2FCB5DFA6B9C38B9,6B164CBD2F2D7E1D5809045D4DF762B7
SRR11933383,2020-06-11 09:51:39,2020-06-05 11:29:31,41728837,2122870430,0,50,790,,https://sra-downloadb.be-md.ncbi.nlm.nih.gov/sos9/sra-pub-zq-922/SRR011/11933/SRR11933383/SRR11933383.lite.1,SRX8478783,L518,RNA-Seq,cDNA,TRANSCRIPTOMIC,PAIRED,0,0,ILLUMINA,Illumina HiSeq 2500,SRP266111,PRJNA637522,,637522,SRS6778726,SAMN15145258,simple,4577,Zea mays,GY1032_WW,,,,,,,no,,,,,CHINA AGRICULTURAL UNIVERSITY,SRA1083660,,public,1E8B83B5B3E69917865C2C1872C57058,86E0C57302F29AA4CC80042D6F37F0D0
SRR11933382,2020-06-11 09:51:40,2020-06-05 11:27:25,28878743,1470169426,0,50,490,,https://sra-downloadb.be-md.ncbi.nlm.nih.gov/sos9/sra-pub-zq-922/SRR011/11933/SRR11933382/SRR11933382.lite.1,SRX8478784,L519,RNA-Seq,cDNA,TRANSCRIPTOMIC,PAIRED,0,0,ILLUMINA,Illumina HiSeq 2500,SRP266111,PRJNA637522,,637522,SRS6778727,SAMN15145259,simple,4577,Zea mays,GY386_WS1,,,,,,,no,,,,,CHINA AGRICULTURAL UNIVERSITY,SRA1083660,,public,6A9D6329C38D70F0405DBCB4EA2F4BBB,EA1651A10FA62BCDACD94254B9F93606
SRR11933381,2020-06-11 09:51:40,2020-06-05 11:32:28,54714106,2730490868,0,49,1417,,https://sra-downloadb.be-md.ncbi.nlm.nih.gov/sos9/sra-pub-zq-922/SRR011/11933/SRR11933381/SRR11933381.lite.1,SRX8478785,L520,RNA-Seq,cDNA,TRANSCRIPTOMIC,PAIRED,0,0,ILLUMINA,Illumina HiSeq 2500,SRP266111,PRJNA637522,,637522,SRS6778728,SAMN15145260,simple,4577,Zea mays,GY386_WS2,,,,,,,no,,,,,CHINA AGRICULTURAL UNIVERSITY,SRA1083660,,public,37AEAE78406628EBCADAEC22DC0C0FDE,9F9799A0EBB61AAE22708A94899195DD
SRR11933379,2020-06-11 09:51:40,2020-06-05 11:30:29,37681298,1915617560,0,50,697,,https://sra-downloadb.be-md.ncbi.nlm.nih.gov/sos9/sra-pub-zq-924/SRR011/11933/SRR11933379/SRR11933379.lite.1,SRX8478787,L521,RNA-Seq,cDNA,TRANSCRIPTOMIC,PAIRED,0,0,ILLUMINA,Illumina HiSeq 2500,SRP266111,PRJNA637522,,637522,SRS6778730,SAMN15145261,simple,4577,Zea mays,GY386_WW,,,,,,,no,,,,,CHINA AGRICULTURAL UNIVERSITY,SRA1083660,,public,01496EE22CC005724989878AF17CD138,532C59404B8D147E041FA64AD29000A0
SRR11933378,2020-06-11 09:51:39,2020-06-05 11:28:08,40370474,2056292636,0,50,718,,https://sra-downloadb.be-md.ncbi.nlm.nih.gov/sos9/sra-pub-zq-922/SRR011/11933/SRR11933378/SRR11933378.lite.1,SRX8478788,L522,RNA-Seq,cDNA,TRANSCRIPTOMIC,PAIRED,0,0,ILLUMINA,Illumina HiSeq 2500,SRP266111,PRJNA637522,,637522,SRS6778731,SAMN15145262,simple,4577,Zea mays,HUANGC_WS1,,,,,,,no,,,,,CHINA AGRICULTURAL UNIVERSITY,SRA1083660,,public,4232BCE9D954FDA070ABE78D5B93E36F,3E0A1BE17E09F002071A886D340F844D
SRR11933377,2020-06-11 09:51:39,2020-06-05 11:29:52,40510321,1794399813,0,44,1154,,https://sra-downloadb.be-md.ncbi.nlm.nih.gov/sos9/sra-pub-zq-924/SRR011/11933/SRR11933377/SRR11933377.lite.1,SRX8478789,L523,RNA-Seq,cDNA,TRANSCRIPTOMIC,PAIRED,0,0,ILLUMINA,Illumina HiSeq 2500,SRP266111,PRJNA637522,,637522,SRS6778732,SAMN15145263,simple,4577,Zea mays,HUANGC_WS2,,,,,,,no,,,,,CHINA AGRICULTURAL UNIVERSITY,SRA1083660,,public,9959FB672BA081EECE2DAC1BC567A211,9E306D3F053787FD249C50A5CA730A21
SRR11933376,2020-06-11 09:51:39,2020-06-05 11:32:49,67515262,3418024636,0,50,1316,,https://sra-downloadb.be-md.ncbi.nlm.nih.gov/sos9/sra-pub-zq-924/SRR011/11933/SRR11933376/SRR11933376.lite.1,SRX8478790,L524,RNA-Seq,cDNA,TRANSCRIPTOMIC,PAIRED,0,0,ILLUMINA,Illumina HiSeq 2500,SRP266111,PRJNA637522,,637522,SRS6778733,SAMN15145264,simple,4577,Zea mays,HUANGC_WW,,,,,,,no,,,,,CHINA AGRICULTURAL UNIVERSITY,SRA1083660,,public,0C4388936F29A8155CF2D13CA1084FA2,23BE7ADBF05784CD21AA75D34C03C367
SRR11933375,2020-06-11 09:51:40,2020-06-05 11:27:16,30179922,1472881564,0,48,848,,https://sra-downloadb.be-md.ncbi.nlm.nih.gov/sos9/sra-pub-zq-922/SRR011/11933/SRR11933375/SRR11933375.lite.1,SRX8478791,L525,RNA-Seq,cDNA,TRANSCRIPTOMIC,PAIRED,0,0,ILLUMINA,Illumina HiSeq 2500,SRP266111,PRJNA637522,,637522,SRS6778734,SAMN15145265,simple,4577,Zea mays,J4112_WS1,,,,,,,no,,,,,CHINA AGRICULTURAL UNIVERSITY,SRA1083660,,public,ADE85B1B95016D5585CB72752C51585D,B21495F7418042A67E788ABABC0B0C79
SRR11933374,2020-06-11 09:51:40,2020-06-05 11:28:55,41906291,2129202042,0,50,981,,https://sra-downloadb.be-md.ncbi.nlm.nih.gov/sos9/sra-pub-zq-922/SRR011/11933/SRR11933374/SRR11933374.lite.1,SRX8478792,L526,RNA-Seq,cDNA,TRANSCRIPTOMIC,PAIRED,0,0,ILLUMINA,Illumina HiSeq 2500,SRP266111,PRJNA637522,,637522,SRS6778735,SAMN15145266,simple,4577,Zea mays,J4112_WS1_REP,,,,,,,no,,,,,CHINA AGRICULTURAL UNIVERSITY,SRA1083660,,public,EDFEF6D3BB96B266B25CCF38FCC95F58,167AF81499EBC96D7E3BB57545203021
SRR11933373,2020-06-11 09:51:40,2020-06-05 11:27:56,39967090,2035168719,0,50,779,,https://sra-downloadb.be-md.ncbi.nlm.nih.gov/sos9/sra-pub-zq-924/SRR011/11933/SRR11933373/SRR11933373.lite.1,SRX8478793,L527,RNA-Seq,cDNA,TRANSCRIPTOMIC,PAIRED,0,0,ILLUMINA,Illumina HiSeq 2500,SRP266111,PRJNA637522,,637522,SRS6778736,SAMN15145267,simple,4577,Zea mays,J4112_WS2,,,,,,,no,,,,,CHINA AGRICULTURAL UNIVERSITY,SRA1083660,,public,01677EFF1F2EA65E1AF1F0FD279D599E,A46774E4CDD00BB4907CA8D5CF65DD74
SRR11933372,2020-06-11 09:51:40,2020-06-05 11:39:11,78060334,3970897633,0,50,1631,,https://sra-downloadb.be-md.ncbi.nlm.nih.gov/sos9/sra-pub-zq-922/SRR011/11933/SRR11933372/SRR11933372.lite.1,SRX8478794,L528,RNA-Seq,cDNA,TRANSCRIPTOMIC,PAIRED,0,0,ILLUMINA,Illumina HiSeq 2500,SRP266111,PRJNA637522,,637522,SRS6778737,SAMN15145268,simple,4577,Zea mays,J4112_WS2_REP,,,,,,,no,,,,,CHINA AGRICULTURAL UNIVERSITY,SRA1083660,,public,E97581870905BDD6291513CB95CAF18A,E794682274A53C674E21FC4A72B092B6
SRR11933371,2020-06-11 09:51:40,2020-06-05 11:37:50,77122897,3846458694,0,49,1735,,https://sra-downloadb.be-md.ncbi.nlm.nih.gov/sos9/sra-pub-zq-922/SRR011/11933/SRR11933371/SRR11933371.lite.1,SRX8478795,L529,RNA-Seq,cDNA,TRANSCRIPTOMIC,PAIRED,0,0,ILLUMINA,Illumina HiSeq 2500,SRP266111,PRJNA637522,,637522,SRS6778738,SAMN15145269,simple,4577,Zea mays,J4112_WW,,,,,,,no,,,,,CHINA AGRICULTURAL UNIVERSITY,SRA1083660,,public,A7DDE70EDA88E4C054F01DF3A406F948,AC331B9BAA0D38C99D8C1F241AED6CAB
SRR11933370,2020-06-11 09:51:40,2020-06-05 11:27:54,34348345,1744249010,0,50,779,,https://sra-downloadb.be-md.ncbi.nlm.nih.gov/sos9/sra-pub-zq-922/SRR011/11933/SRR11933370/SRR11933370.lite.1,SRX8478796,L530,RNA-Seq,cDNA,TRANSCRIPTOMIC,PAIRED,0,0,ILLUMINA,Illumina HiSeq 2500,SRP266111,PRJNA637522,,637522,SRS6778739,SAMN15145270,simple,4577,Zea mays,J4112_WW_REP,,,,,,,no,,,,,CHINA AGRICULTURAL UNIVERSITY,SRA1083660,,public,A924A71F89D3AF92797D6C806EC7BF14,2214AB3CD0D2CBD6B507F3F473F829F3
SRR11933368,2020-06-11 09:51:40,2020-06-05 11:27:03,41589449,2117399173,0,50,771,,https://sra-downloadb.be-md.ncbi.nlm.nih.gov/sos9/sra-pub-zq-922/SRR011/11933/SRR11933368/SRR11933368.lite.1,SRX8478798,L531,RNA-Seq,cDNA,TRANSCRIPTOMIC,PAIRED,0,0,ILLUMINA,Illumina HiSeq 2500,SRP266111,PRJNA637522,,637522,SRS6778741,SAMN15145271,simple,4577,Zea mays,JH96C_WS1,,,,,,,no,,,,,CHINA AGRICULTURAL UNIVERSITY,SRA1083660,,public,AF03DBB0649950BA6F0CF16609B6D439,2D1BEE6D050289F4DBEA3D0BBB1D87A5
SRR11933367,2020-06-11 09:51:40,2020-06-05 11:29:01,47752131,2431380565,0,50,907,,https://sra-downloadb.be-md.ncbi.nlm.nih.gov/sos9/sra-pub-zq-922/SRR011/11933/SRR11933367/SRR11933367.lite.1,SRX8478799,L532,RNA-Seq,cDNA,TRANSCRIPTOMIC,PAIRED,0,0,ILLUMINA,Illumina HiSeq 2500,SRP266111,PRJNA637522,,637522,SRS6778742,SAMN15145272,simple,4577,Zea mays,JH96C_WS2,,,,,,,no,,,,,CHINA AGRICULTURAL UNIVERSITY,SRA1083660,,public,F530E1F75DA0F3808D00D752B46FFEBB,4818315026F19BCF69BECA6760ABFFDC
SRR11933366,2020-06-11 09:51:40,2020-06-05 11:24:40,24862146,1239941518,0,49,609,,https://sra-downloadb.be-md.ncbi.nlm.nih.gov/sos9/sra-pub-zq-924/SRR011/11933/SRR11933366/SRR11933366.lite.1,SRX8478800,L533,RNA-Seq,cDNA,TRANSCRIPTOMIC,PAIRED,0,0,ILLUMINA,Illumina HiSeq 2500,SRP266111,PRJNA637522,,637522,SRS6778743,SAMN15145273,simple,4577,Zea mays,JH96C_WW,,,,,,,no,,,,,CHINA AGRICULTURAL UNIVERSITY,SRA1083660,,public,C02A4A170E8CAE90FAA2A638E5F7A18D,5A03EC270E28E7E09C339DBA96A544BD
SRR11933365,2020-06-11 09:51:40,2020-06-05 11:29:05,41560465,2117868858,0,50,607,,https://sra-downloadb.be-md.ncbi.nlm.nih.gov/sos9/sra-pub-zq-922/SRR011/11933/SRR11933365/SRR11933365.lite.1,SRX8478801,L534,RNA-Seq,cDNA,TRANSCRIPTOMIC,PAIRED,0,0,ILLUMINA,Illumina HiSeq 2500,SRP266111,PRJNA637522,,637522,SRS6778745,SAMN15145274,simple,4577,Zea mays,JI853_WS1,,,,,,,no,,,,,CHINA AGRICULTURAL UNIVERSITY,SRA1083660,,public,89B8D9CC47020694917A1665E02C6CDB,66EEA7A724320B80FF635BD897DD54C3
SRR11933364,2020-06-11 09:51:40,2020-06-05 11:30:09,45788654,2315174555,0,50,985,,https://sra-downloadb.be-md.ncbi.nlm.nih.gov/sos9/sra-pub-zq-924/SRR011/11933/SRR11933364/SRR11933364.lite.1,SRX8478802,L535,RNA-Seq,cDNA,TRANSCRIPTOMIC,PAIRED,0,0,ILLUMINA,Illumina HiSeq 2500,SRP266111,PRJNA637522,,637522,SRS6778746,SAMN15145275,simple,4577,Zea mays,JI853_WS2,,,,,,,no,,,,,CHINA AGRICULTURAL UNIVERSITY,SRA1083660,,public,53C71E04391A0B0AD1F3164D0743E8D2,7C4CE1E014032AB1CDF02887E1D01024
SRR11933363,2020-06-11 09:51:40,2020-06-05 11:27:12,39729589,2022870932,0,50,741,,https://sra-downloadb.be-md.ncbi.nlm.nih.gov/sos9/sra-pub-zq-922/SRR011/11933/SRR11933363/SRR11933363.lite.1,SRX8478803,L536,RNA-Seq,cDNA,TRANSCRIPTOMIC,PAIRED,0,0,ILLUMINA,Illumina HiSeq 2500,SRP266111,PRJNA637522,,637522,SRS6778744,SAMN15145276,simple,4577,Zea mays,JIAO51_WS1,,,,,,,no,,,,,CHINA AGRICULTURAL UNIVERSITY,SRA1083660,,public,8C76E3F11CF80824DB8CEF868E96502E,439370B19626F3BD505982F3B66F92B0
SRR11933362,2020-06-11 09:51:40,2020-06-05 11:26:21,26610734,1171575434,0,44,740,,https://sra-downloadb.be-md.ncbi.nlm.nih.gov/sos9/sra-pub-zq-922/SRR011/11933/SRR11933362/SRR11933362.lite.1,SRX8478804,L537,RNA-Seq,cDNA,TRANSCRIPTOMIC,PAIRED,0,0,ILLUMINA,Illumina HiSeq 2500,SRP266111,PRJNA637522,,637522,SRS6778747,SAMN15145277,simple,4577,Zea mays,JIAO51_WS2,,,,,,,no,,,,,CHINA AGRICULTURAL UNIVERSITY,SRA1083660,,public,04AF124E0C6B3EF03C03C0B22B2FAD0C,0850F092D217701216D94E5C55C14F5A
SRR11933361,2020-06-11 09:51:40,2020-06-05 11:29:06,46013081,2339571299,0,50,859,,https://sra-downloadb.be-md.ncbi.nlm.nih.gov/sos9/sra-pub-zq-924/SRR011/11933/SRR11933361/SRR11933361.lite.1,SRX8478805,L538,RNA-Seq,cDNA,TRANSCRIPTOMIC,PAIRED,0,0,ILLUMINA,Illumina HiSeq 2500,SRP266111,PRJNA637522,,637522,SRS6778748,SAMN15145278,simple,4577,Zea mays,JIAO51_WW,,,,,,,no,,,,,CHINA AGRICULTURAL UNIVERSITY,SRA1083660,,public,6A91D59D46AC5C761E54A1E22D1468F3,1BA7DAE2637A0D2A20889FD861739A70
SRR11933360,2020-06-11 09:51:40,2020-06-05 11:28:54,45869566,2124794527,0,46,1259,,https://sra-downloadb.be-md.ncbi.nlm.nih.gov/sos9/sra-pub-zq-922/SRR011/11933/SRR11933360/SRR11933360.lite.1,SRX8478806,L539,RNA-Seq,cDNA,TRANSCRIPTOMIC,PAIRED,0,0,ILLUMINA,Illumina HiSeq 2500,SRP266111,PRJNA637522,,637522,SRS6778749,SAMN15145279,simple,4577,Zea mays,JY01_WS1,,,,,,,no,,,,,CHINA AGRICULTURAL UNIVERSITY,SRA1083660,,public,CFD2F74D7BF66D3FFDE5157C55DDB5B7,AF2AD6FEC468C7DDC9B55367E199A38B
SRR11933359,2020-06-11 09:51:40,2020-06-05 11:28:40,43703463,2111971614,0,48,1214,,https://sra-downloadb.be-md.ncbi.nlm.nih.gov/sos9/sra-pub-zq-922/SRR011/11933/SRR11933359/SRR11933359.lite.1,SRX8478807,L540,RNA-Seq,cDNA,TRANSCRIPTOMIC,PAIRED,0,0,ILLUMINA,Illumina HiSeq 2500,SRP266111,PRJNA637522,,637522,SRS6778750,SAMN15145280,simple,4577,Zea mays,JY01_WS2,,,,,,,no,,,,,CHINA AGRICULTURAL UNIVERSITY,SRA1083660,,public,1513860C14914CEFFA696DA3B5F28D34,51E53871CC74C9DCDD520CB5B13B205C
SRR11933357,2020-06-11 09:51:40,2020-06-05 11:37:45,98559309,4481068454,0,45,2558,,https://sra-downloadb.be-md.ncbi.nlm.nih.gov/sos9/sra-pub-zq-922/SRR011/11933/SRR11933357/SRR11933357.lite.1,SRX8478809,L541,RNA-Seq,cDNA,TRANSCRIPTOMIC,PAIRED,0,0,ILLUMINA,Illumina HiSeq 2500,SRP266111,PRJNA637522,,637522,SRS6778751,SAMN15145281,simple,4577,Zea mays,JY01_WW,,,,,,,no,,,,,CHINA AGRICULTURAL UNIVERSITY,SRA1083660,,public,F850A32A03B561C900E2BA8BE52B846B,90215DE8581B11DC6DA3A69D8A5A35C7
SRR11933356,2020-06-11 09:51:40,2020-06-05 11:29:54,40898583,2009185284,0,49,1193,,https://sra-downloadb.be-md.ncbi.nlm.nih.gov/sos9/sra-pub-zq-922/SRR011/11933/SRR11933356/SRR11933356.lite.1,SRX8478810,L542,RNA-Seq,cDNA,TRANSCRIPTOMIC,PAIRED,0,0,ILLUMINA,Illumina HiSeq 2500,SRP266111,PRJNA637522,,637522,SRS6778752,SAMN15145282,simple,4577,Zea mays,K10_WS1,,,,,,,no,,,,,CHINA AGRICULTURAL UNIVERSITY,SRA1083660,,public,6481F5491001A35887981A71E72799C4,284D3BD0B94B82462FAD57C9DAAE7476
SRR11933355,2020-06-11 09:51:40,2020-06-05 11:30:24,41204030,2097932393,0,50,788,,https://sra-downloadb.be-md.ncbi.nlm.nih.gov/sos9/sra-pub-zq-922/SRR011/11933/SRR11933355/SRR11933355.lite.1,SRX8478811,L543,RNA-Seq,cDNA,TRANSCRIPTOMIC,PAIRED,0,0,ILLUMINA,Illumina HiSeq 2500,SRP266111,PRJNA637522,,637522,SRS6778754,SAMN15145283,simple,4577,Zea mays,K10_WS2,,,,,,,no,,,,,CHINA AGRICULTURAL UNIVERSITY,SRA1083660,,public,359E5C1DC0A184F5176696149AC531E6,FDDFE0E9E8B2948F190102C30FF2B1FA
SRR11933354,2020-06-11 09:51:40,2020-06-05 11:25:07,31465353,1568346117,0,49,780,,https://sra-downloadb.be-md.ncbi.nlm.nih.gov/sos9/sra-pub-zq-924/SRR011/11933/SRR11933354/SRR11933354.lite.1,SRX8478812,L544,RNA-Seq,cDNA,TRANSCRIPTOMIC,PAIRED,0,0,ILLUMINA,Illumina HiSeq 2500,SRP266111,PRJNA637522,,637522,SRS6778755,SAMN15145284,simple,4577,Zea mays,K10_WW,,,,,,,no,,,,,CHINA AGRICULTURAL UNIVERSITY,SRA1083660,,public,B1D89A5F6C1CD9637392C781AACFF2E6,9FCF2FFFC2EDD60B678CBE040C5D3DF5
SRR11933353,2020-06-11 09:51:40,2020-06-05 11:30:17,56364880,2866111056,0,50,1059,,https://sra-downloadb.be-md.ncbi.nlm.nih.gov/sos9/sra-pub-zq-922/SRR011/11933/SRR11933353/SRR11933353.lite.1,SRX8478813,L545,RNA-Seq,cDNA,TRANSCRIPTOMIC,PAIRED,0,0,ILLUMINA,Illumina HiSeq 2500,SRP266111,PRJNA637522,,637522,SRS6778756,SAMN15145285,simple,4577,Zea mays,LIAO138_WS1,,,,,,,no,,,,,CHINA AGRICULTURAL UNIVERSITY,SRA1083660,,public,76968D0652F8005B4908CB058E5A0232,71D2289414E6896C587BF038E594E58C
SRR11933352,2020-06-11 09:51:40,2020-06-05 11:26:09,36222547,1816744243,0,50,963,,https://sra-downloadb.be-md.ncbi.nlm.nih.gov/sos9/sra-pub-zq-922/SRR011/11933/SRR11933352/SRR11933352.lite.1,SRX8478814,L546,RNA-Seq,cDNA,TRANSCRIPTOMIC,PAIRED,0,0,ILLUMINA,Illumina HiSeq 2500,SRP266111,PRJNA637522,,637522,SRS6778757,SAMN15145286,simple,4577,Zea mays,LIAO138_WS2,,,,,,,no,,,,,CHINA AGRICULTURAL UNIVERSITY,SRA1083660,,public,1C355179B94488A21761BA78E649503C,0913B8C9D206ACDB7353556BF4021564
SRR11933351,2020-06-11 09:51:40,2020-06-05 11:28:58,47272962,2403490069,0,50,858,,https://sra-downloadb.be-md.ncbi.nlm.nih.gov/sos9/sra-pub-zq-922/SRR011/11933/SRR11933351/SRR11933351.lite.1,SRX8478815,L547,RNA-Seq,cDNA,TRANSCRIPTOMIC,PAIRED,0,0,ILLUMINA,Illumina HiSeq 2500,SRP266111,PRJNA637522,,637522,SRS6778758,SAMN15145287,simple,4577,Zea mays,LIAO138_WW,,,,,,,no,,,,,CHINA AGRICULTURAL UNIVERSITY,SRA1083660,,public,A917B5EC9ED1B5E77606BF66D918D372,695BE19856F1C9F9325DAFE77DB39F33
SRR11933350,2020-06-11 09:51:40,2020-06-05 11:31:22,56309749,2843924339,0,50,1366,,https://sra-downloadb.be-md.ncbi.nlm.nih.gov/sos9/sra-pub-zq-924/SRR011/11933/SRR11933350/SRR11933350.lite.1,SRX8478816,L548,RNA-Seq,cDNA,TRANSCRIPTOMIC,PAIRED,0,0,ILLUMINA,Illumina HiSeq 2500,SRP266111,PRJNA637522,,637522,SRS6778759,SAMN15145288,simple,4577,Zea mays,LIAO159_WS1,,,,,,,no,,,,,CHINA AGRICULTURAL UNIVERSITY,SRA1083660,,public,63053F9A576525704F24A269342387D2,A0FC4DBA7C5AD25BE7B12FBCF619C969
SRR11933349,2020-06-11 09:51:40,2020-06-05 11:26:51,42772190,2173374546,0,50,947,,https://sra-downloadb.be-md.ncbi.nlm.nih.gov/sos9/sra-pub-zq-922/SRR011/11933/SRR11933349/SRR11933349.lite.1,SRX8478817,L549,RNA-Seq,cDNA,TRANSCRIPTOMIC,PAIRED,0,0,ILLUMINA,Illumina HiSeq 2500,SRP266111,PRJNA637522,,637522,SRS6778760,SAMN15145289,simple,4577,Zea mays,LIAO159_WS2,,,,,,,no,,,,,CHINA AGRICULTURAL UNIVERSITY,SRA1083660,,public,B0B5C4ABA52E2ECD0B0E18D29560BD52,7C434DC8C01103B8CA22B5123A2B11D9
SRR11933348,2020-06-11 09:51:40,2020-06-05 11:26:42,42748832,2172543164,0,50,956,,https://sra-downloadb.be-md.ncbi.nlm.nih.gov/sos9/sra-pub-zq-922/SRR011/11933/SRR11933348/SRR11933348.lite.1,SRX8478818,L550,RNA-Seq,cDNA,TRANSCRIPTOMIC,PAIRED,0,0,ILLUMINA,Illumina HiSeq 2500,SRP266111,PRJNA637522,,637522,SRS6778761,SAMN15145290,simple,4577,Zea mays,LIAO159_WW,,,,,,,no,,,,,CHINA AGRICULTURAL UNIVERSITY,SRA1083660,,public,290FABFEBFA9B5359F3F1E759D555060,EDBD43415A3DC4AFDF44B979FC49F154
SRR11933346,2020-06-11 09:51:40,2020-06-05 11:32:23,60187302,3041788180,0,50,1376,,https://sra-downloadb.be-md.ncbi.nlm.nih.gov/sos9/sra-pub-zq-922/SRR011/11933/SRR11933346/SRR11933346.lite.1,SRX8478820,L551,RNA-Seq,cDNA,TRANSCRIPTOMIC,PAIRED,0,0,ILLUMINA,Illumina HiSeq 2500,SRP266111,PRJNA637522,,637522,SRS6778762,SAMN15145291,simple,4577,Zea mays,LIAO5262_WS1,,,,,,,no,,,,,CHINA AGRICULTURAL UNIVERSITY,SRA1083660,,public,AA86215DE58069E40E4A9B73D7D92F1A,5CD5FBCC752C6792537D4FD5397CBE41
SRR11933345,2020-06-11 09:51:40,2020-06-05 11:31:50,65077493,3290307739,0,50,1230,,https://sra-downloadb.be-md.ncbi.nlm.nih.gov/sos9/sra-pub-zq-924/SRR011/11933/SRR11933345/SRR11933345.lite.1,SRX8478821,L552,RNA-Seq,cDNA,TRANSCRIPTOMIC,PAIRED,0,0,ILLUMINA,Illumina HiSeq 2500,SRP266111,PRJNA637522,,637522,SRS6778764,SAMN15145292,simple,4577,Zea mays,LIAO5262_WS2,,,,,,,no,,,,,CHINA AGRICULTURAL UNIVERSITY,SRA1083660,,public,D27A490E76C8A403125A749F6B5C1F2A,3D590018E771B67A510C6345409E36EE
SRR11933344,2020-06-11 09:51:40,2020-06-05 11:29:29,49597372,2516039781,0,50,1080,,https://sra-downloadb.be-md.ncbi.nlm.nih.gov/sos9/sra-pub-zq-922/SRR011/11933/SRR11933344/SRR11933344.lite.1,SRX8478822,L553,RNA-Seq,cDNA,TRANSCRIPTOMIC,PAIRED,0,0,ILLUMINA,Illumina HiSeq 2500,SRP266111,PRJNA637522,,637522,SRS6778765,SAMN15145293,simple,4577,Zea mays,LIAO5262_WW,,,,,,,no,,,,,CHINA AGRICULTURAL UNIVERSITY,SRA1083660,,public,CED594E595C647C9C209094A3E8ABD55,C2772146CB30C78439A66AEEB3715A12
SRR11933343,2020-06-11 09:51:40,2020-06-05 11:25:04,31225555,1589980374,0,50,535,,https://sra-downloadb.be-md.ncbi.nlm.nih.gov/sos9/sra-pub-zq-922/SRR011/11933/SRR11933343/SRR11933343.lite.1,SRX8478823,L554,RNA-Seq,cDNA,TRANSCRIPTOMIC,PAIRED,0,0,ILLUMINA,Illumina HiSeq 2500,SRP266111,PRJNA637522,,637522,SRS6778766,SAMN15145294,simple,4577,Zea mays,LY042_WS1,,,,,,,no,,,,,CHINA AGRICULTURAL UNIVERSITY,SRA1083660,,public,3B858B100763497C9C00DCE195F9FB86,007F8B4C835CD9E6E2BDF91D9F3807B6
SRR11933342,2020-06-11 09:51:40,2020-06-05 11:29:48,56634935,2825688701,0,49,1318,,https://sra-downloadb.be-md.ncbi.nlm.nih.gov/sos9/sra-pub-zq-924/SRR011/11933/SRR11933342/SRR11933342.lite.1,SRX8478824,L555,RNA-Seq,cDNA,TRANSCRIPTOMIC,PAIRED,0,0,ILLUMINA,Illumina HiSeq 2500,SRP266111,PRJNA637522,,637522,SRS6778767,SAMN15145295,simple,4577,Zea mays,LY042_WS2,,,,,,,no,,,,,CHINA AGRICULTURAL UNIVERSITY,SRA1083660,,public,2C4986870B8F56BCCB029B922304B060,504BD5306ED3199476BEA68F150CCD63
SRR11933341,2020-06-11 09:51:40,2020-06-05 11:26:48,42688349,2172113761,0,50,761,,https://sra-downloadb.be-md.ncbi.nlm.nih.gov/sos9/sra-pub-zq-922/SRR011/11933/SRR11933341/SRR11933341.lite.1,SRX8478825,L556,RNA-Seq,cDNA,TRANSCRIPTOMIC,PAIRED,0,0,ILLUMINA,Illumina HiSeq 2500,SRP266111,PRJNA637522,,637522,SRS6778768,SAMN15145296,simple,4577,Zea mays,LY042_WW,,,,,,,no,,,,,CHINA AGRICULTURAL UNIVERSITY,SRA1083660,,public,E8552318549C51057117241A9C2DCE9E,0A4B88E77F9868A372C5796A5FCBF23D
SRR11933340,2020-06-11 09:51:40,2020-06-05 11:26:07,42251868,2150343714,0,50,815,,https://sra-downloadb.be-md.ncbi.nlm.nih.gov/sos9/sra-pub-zq-922/SRR011/11933/SRR11933340/SRR11933340.lite.1,SRX8478826,L557,RNA-Seq,cDNA,TRANSCRIPTOMIC,PAIRED,0,0,ILLUMINA,Illumina HiSeq 2500,SRP266111,PRJNA637522,,637522,SRS6778769,SAMN15145297,simple,4577,Zea mays,M153_WS1,,,,,,,no,,,,,CHINA AGRICULTURAL UNIVERSITY,SRA1083660,,public,F567ECE3F316838BA48DE9F3A338B075,8D0746342166327D4065E50FDD9B4DDA
SRR11933339,2020-06-11 09:51:40,2020-06-05 11:25:41,38429689,1954157050,0,50,682,,https://sra-downloadb.be-md.ncbi.nlm.nih.gov/sos9/sra-pub-zq-922/SRR011/11933/SRR11933339/SRR11933339.lite.1,SRX8478827,L558,RNA-Seq,cDNA,TRANSCRIPTOMIC,PAIRED,0,0,ILLUMINA,Illumina HiSeq 2500,SRP266111,PRJNA637522,,637522,SRS6778771,SAMN15145298,simple,4577,Zea mays,M153_WW,,,,,,,no,,,,,CHINA AGRICULTURAL UNIVERSITY,SRA1083660,,public,C8F32D8020B9A4D9FEBBE231C64AC406,771AA6C0D50E60DFDD13A400E9959051
SRR11933338,2020-06-11 09:51:40,2020-06-05 11:32:35,62293765,3148293067,0,50,1396,,https://sra-downloadb.be-md.ncbi.nlm.nih.gov/sos9/sra-pub-zq-924/SRR011/11933/SRR11933338/SRR11933338.lite.1,SRX8478828,L559,RNA-Seq,cDNA,TRANSCRIPTOMIC,PAIRED,0,0,ILLUMINA,Illumina HiSeq 2500,SRP266111,PRJNA637522,,637522,SRS6778770,SAMN15145299,simple,4577,Zea mays,MO113_WS2,,,,,,,no,,,,,CHINA AGRICULTURAL UNIVERSITY,SRA1083660,,public,9FF704389C461B997381603443B905B9,29DB2E2C76F9CFDB608826043A589597
SRR11933337,2020-06-11 09:51:41,2020-06-05 11:28:09,40253691,2045812577,0,50,890,,https://sra-downloadb.be-md.ncbi.nlm.nih.gov/sos9/sra-pub-zq-922/SRR011/11933/SRR11933337/SRR11933337.lite.1,SRX8478829,L560,RNA-Seq,cDNA,TRANSCRIPTOMIC,PAIRED,0,0,ILLUMINA,Illumina HiSeq 2500,SRP266111,PRJNA637522,,637522,SRS6778772,SAMN15145300,simple,4577,Zea mays,MO113_WW,,,,,,,no,,,,,CHINA AGRICULTURAL UNIVERSITY,SRA1083660,,public,C9EA576F71A335A956BE74653BBB99CB,2AC798B84E9641E56C956A3D5179D2D1
SRR11933335,2020-06-11 09:51:41,2020-06-05 11:26:47,40350915,2056057963,0,50,559,,https://sra-downloadb.be-md.ncbi.nlm.nih.gov/sos9/sra-pub-zq-924/SRR011/11933/SRR11933335/SRR11933335.lite.1,SRX8478831,L561,RNA-Seq,cDNA,TRANSCRIPTOMIC,PAIRED,0,0,ILLUMINA,Illumina HiSeq 2500,SRP266111,PRJNA637522,,637522,SRS6778774,SAMN15145301,simple,4577,Zea mays,MO17_WS1,,,,,,,no,,,,,CHINA AGRICULTURAL UNIVERSITY,SRA1083660,,public,075142891CFAF99EA0CF3B4F0C238272,34997DA4BFCDC448B00084C636DAD68F
SRR11933334,2020-06-11 09:51:40,2020-06-05 11:32:48,81388615,4111066117,0,50,1919,,https://sra-downloadb.be-md.ncbi.nlm.nih.gov/sos9/sra-pub-zq-922/SRR011/11933/SRR11933334/SRR11933334.lite.1,SRX8478832,L562,RNA-Seq,cDNA,TRANSCRIPTOMIC,PAIRED,0,0,ILLUMINA,Illumina HiSeq 2500,SRP266111,PRJNA637522,,637522,SRS6778778,SAMN15145302,simple,4577,Zea mays,MO17_WS1_REP,,,,,,,no,,,,,CHINA AGRICULTURAL UNIVERSITY,SRA1083660,,public,C80A44675574F1914A21D89E4B0CEFD6,8B87DDB5DB45C0C6AAD64D8408ECA9CE
SRR11933333,2020-06-11 09:51:40,2020-06-05 11:23:36,30383088,1545694341,0,50,644,,https://sra-downloadb.be-md.ncbi.nlm.nih.gov/sos9/sra-pub-zq-922/SRR011/11933/SRR11933333/SRR11933333.lite.1,SRX8478833,L563,RNA-Seq,cDNA,TRANSCRIPTOMIC,PAIRED,0,0,ILLUMINA,Illumina HiSeq 2500,SRP266111,PRJNA637522,,637522,SRS6778777,SAMN15145303,simple,4577,Zea mays,MO17_WS2,,,,,,,no,,,,,CHINA AGRICULTURAL UNIVERSITY,SRA1083660,,public,AF7EA9167E7EB4AA9A1278EA7DD4200F,ADC40EDE38AF65E09B9AC78C0BBB95EA
SRR11933332,2020-06-11 09:51:40,2020-06-05 11:40:26,120562093,5961639445,0,49,3388,,https://sra-downloadb.be-md.ncbi.nlm.nih.gov/sos9/sra-pub-zq-922/SRR011/11933/SRR11933332/SRR11933332.lite.1,SRX8478834,L564,RNA-Seq,cDNA,TRANSCRIPTOMIC,PAIRED,0,0,ILLUMINA,Illumina HiSeq 2500,SRP266111,PRJNA637522,,637522,SRS6778775,SAMN15145304,simple,4577,Zea mays,MO17_WS2_REP,,,,,,,no,,,,,CHINA AGRICULTURAL UNIVERSITY,SRA1083660,,public,CD4F58AB32413BFA38AC5B1701B43E15,111933096728A4644A509A5336EEB732
SRR11933331,2020-06-11 09:51:40,2020-06-05 11:41:36,61287073,3090232448,0,50,1470,,https://sra-downloadb.be-md.ncbi.nlm.nih.gov/sos9/sra-pub-zq-922/SRR011/11933/SRR11933331/SRR11933331.lite.1,SRX8478835,L565,RNA-Seq,cDNA,TRANSCRIPTOMIC,PAIRED,0,0,ILLUMINA,Illumina HiSeq 2500,SRP266111,PRJNA637522,,637522,SRS6778776,SAMN15145305,simple,4577,Zea mays,MO17_WW,,,,,,,no,,,,,CHINA AGRICULTURAL UNIVERSITY,SRA1083660,,public,5BE6F352C4D997303BBAAE84E02DF280,472682DD3ADFF0DD2B7E6A16A7FC180B
SRR11933330,2020-06-11 09:51:40,2020-06-05 11:36:13,45309828,2307056865,0,50,846,,https://sra-downloadb.be-md.ncbi.nlm.nih.gov/sos9/sra-pub-zq-922/SRR011/11933/SRR11933330/SRR11933330.lite.1,SRX8478836,L566,RNA-Seq,cDNA,TRANSCRIPTOMIC,PAIRED,0,0,ILLUMINA,Illumina HiSeq 2500,SRP266111,PRJNA637522,,637522,SRS6778779,SAMN15145306,simple,4577,Zea mays,NAN21-3_WS1,,,,,,,no,,,,,CHINA AGRICULTURAL UNIVERSITY,SRA1083660,,public,1551090BEF2EDE053D56211AE6CC73B9,650DC91CF78C69A217D7CBACECBD5C57
SRR11933329,2020-06-11 09:51:40,2020-06-05 11:24:31,35405550,1712184728,0,48,976,,https://sra-downloadb.be-md.ncbi.nlm.nih.gov/sos9/sra-pub-zq-922/SRR011/11933/SRR11933329/SRR11933329.lite.1,SRX8478837,L567,RNA-Seq,cDNA,TRANSCRIPTOMIC,PAIRED,0,0,ILLUMINA,Illumina HiSeq 2500,SRP266111,PRJNA637522,,637522,SRS6778782,SAMN15145307,simple,4577,Zea mays,NAN21-3_WS2,,,,,,,no,,,,,CHINA AGRICULTURAL UNIVERSITY,SRA1083660,,public,682601683ECDC2467559550F1568A466,36CBE6C83FAFBD914CB0B429630CBC21
SRR11933328,2020-06-11 09:51:40,2020-06-05 11:27:22,41226053,2098174873,0,50,763,,https://sra-downloadb.be-md.ncbi.nlm.nih.gov/sos9/sra-pub-zq-922/SRR011/11933/SRR11933328/SRR11933328.lite.1,SRX8478838,L568,RNA-Seq,cDNA,TRANSCRIPTOMIC,PAIRED,0,0,ILLUMINA,Illumina HiSeq 2500,SRP266111,PRJNA637522,,637522,SRS6778780,SAMN15145308,simple,4577,Zea mays,NAN21-3_WW,,,,,,,no,,,,,CHINA AGRICULTURAL UNIVERSITY,SRA1083660,,public,CAC571C4EA99B880C2ECA2822D9E4798,FBC27B4E98C9774E6495B0395817DFBC
SRR11933327,2020-06-11 09:51:40,2020-06-05 11:25:02,30458555,1415329668,0,46,835,,https://sra-downloadb.be-md.ncbi.nlm.nih.gov/sos9/sra-pub-zq-922/SRR011/11933/SRR11933327/SRR11933327.lite.1,SRX8478839,L569,RNA-Seq,cDNA,TRANSCRIPTOMIC,PAIRED,0,0,ILLUMINA,Illumina HiSeq 2500,SRP266111,PRJNA637522,,637522,SRS6778781,SAMN15145309,simple,4577,Zea mays,P178_WS1,,,,,,,no,,,,,CHINA AGRICULTURAL UNIVERSITY,SRA1083660,,public,9C5EB65FCC7144EB58FC1175C05227C7,87F6E1B92B9F262C26603EDDDA61841A
SRR11933326,2020-06-11 09:51:40,2020-06-05 11:27:02,45443458,2026107755,0,44,1254,,https://sra-downloadb.be-md.ncbi.nlm.nih.gov/sos9/sra-pub-zq-922/SRR011/11933/SRR11933326/SRR11933326.lite.1,SRX8478840,L570,RNA-Seq,cDNA,TRANSCRIPTOMIC,PAIRED,0,0,ILLUMINA,Illumina HiSeq 2500,SRP266111,PRJNA637522,,637522,SRS6778783,SAMN15145310,simple,4577,Zea mays,P178_WS2,,,,,,,no,,,,,CHINA AGRICULTURAL UNIVERSITY,SRA1083660,,public,021A1CE7F60C1C15817A13EB9779733A,55A1E32DBB1D2BAC2A4F68500315896C
SRR11933324,2020-06-11 09:51:40,2020-06-05 11:33:07,93479224,4245138995,0,45,2419,,https://sra-downloadb.be-md.ncbi.nlm.nih.gov/sos9/sra-pub-zq-922/SRR011/11933/SRR11933324/SRR11933324.lite.1,SRX8478842,L571,RNA-Seq,cDNA,TRANSCRIPTOMIC,PAIRED,0,0,ILLUMINA,Illumina HiSeq 2500,SRP266111,PRJNA637522,,637522,SRS6778785,SAMN15145311,simple,4577,Zea mays,P178_WW,,,,,,,no,,,,,CHINA AGRICULTURAL UNIVERSITY,SRA1083660,,public,6B682B29CB5FDCE46DA1F65C7757A762,3B0EA6EE58D27A727FC14ABAEBC168C3
SRR11933323,2020-06-11 09:51:40,2020-06-05 11:28:49,55995615,2807179245,0,50,1301,,https://sra-downloadb.be-md.ncbi.nlm.nih.gov/sos9/sra-pub-zq-922/SRR011/11933/SRR11933323/SRR11933323.lite.1,SRX8478843,L572,RNA-Seq,cDNA,TRANSCRIPTOMIC,PAIRED,0,0,ILLUMINA,Illumina HiSeq 2500,SRP266111,PRJNA637522,,637522,SRS6778786,SAMN15145312,simple,4577,Zea mays,PH4CV_WS1,,,,,,,no,,,,,CHINA AGRICULTURAL UNIVERSITY,SRA1083660,,public,160D8D1F3223431FCFD2F51595743280,1F2DFFD5F49207E778626B84F8CF2DB6
SRR11933322,2020-06-11 09:51:40,2020-06-05 11:29:40,55629019,2749624682,0,49,1346,,https://sra-downloadb.be-md.ncbi.nlm.nih.gov/sos9/sra-pub-zq-922/SRR011/11933/SRR11933322/SRR11933322.lite.1,SRX8478844,L573,RNA-Seq,cDNA,TRANSCRIPTOMIC,PAIRED,0,0,ILLUMINA,Illumina HiSeq 2500,SRP266111,PRJNA637522,,637522,SRS6778789,SAMN15145313,simple,4577,Zea mays,PH4CV_WS2,,,,,,,no,,,,,CHINA AGRICULTURAL UNIVERSITY,SRA1083660,,public,EB3054E25B2946423CAE0A9BE097776C,F94DED21BEF85CAAC63E6DF1389808DD
SRR11933321,2020-06-11 09:51:40,2020-06-05 11:39:32,105284296,5190670746,0,49,2390,,https://sra-downloadb.be-md.ncbi.nlm.nih.gov/sos9/sra-pub-zq-922/SRR011/11933/SRR11933321/SRR11933321.lite.1,SRX8478845,L574,RNA-Seq,cDNA,TRANSCRIPTOMIC,PAIRED,0,0,ILLUMINA,Illumina HiSeq 2500,SRP266111,PRJNA637522,,637522,SRS6778787,SAMN15145314,simple,4577,Zea mays,PH4CV_WW,,,,,,,no,,,,,CHINA AGRICULTURAL UNIVERSITY,SRA1083660,,public,28BB870F05BC581BE27FB4118CBC60DD,0BC8775F09A508D1FC3C3CBC718D9426
SRR11933320,2020-06-11 09:51:40,2020-06-05 11:23:04,23995127,1109677108,0,46,655,,https://sra-downloadb.be-md.ncbi.nlm.nih.gov/sos9/sra-pub-zq-922/SRR011/11933/SRR11933320/SRR11933320.lite.1,SRX8478846,L575,RNA-Seq,cDNA,TRANSCRIPTOMIC,PAIRED,0,0,ILLUMINA,Illumina HiSeq 2500,SRP266111,PRJNA637522,,637522,SRS6778788,SAMN15145315,simple,4577,Zea mays,PH6WC_WS1,,,,,,,no,,,,,CHINA AGRICULTURAL UNIVERSITY,SRA1083660,,public,AF4F6C2A94D5A683640034E26466959A,5AF4667BC9BA12AE43671ED1C23EF0DF
SRR11933319,2020-06-11 09:51:40,2020-06-05 11:31:58,33357052,1480231205,0,44,925,,https://sra-downloadb.be-md.ncbi.nlm.nih.gov/sos9/sra-pub-zq-924/SRR011/11933/SRR11933319/SRR11933319.lite.1,SRX8478847,L576,RNA-Seq,cDNA,TRANSCRIPTOMIC,PAIRED,0,0,ILLUMINA,Illumina HiSeq 2500,SRP266111,PRJNA637522,,637522,SRS6778790,SAMN15145316,simple,4577,Zea mays,PH6WC_WS2,,,,,,,no,,,,,CHINA AGRICULTURAL UNIVERSITY,SRA1083660,,public,443523963E4450F10E07BDA17DC0092F,52F1AB669899C66F08D53A50E581844C
SRR11933318,2020-06-11 09:51:40,2020-06-05 11:32:42,76403454,3469386395,0,45,1974,,https://sra-downloadb.be-md.ncbi.nlm.nih.gov/sos9/sra-pub-zq-922/SRR011/11933/SRR11933318/SRR11933318.lite.1,SRX8478848,L577,RNA-Seq,cDNA,TRANSCRIPTOMIC,PAIRED,0,0,ILLUMINA,Illumina HiSeq 2500,SRP266111,PRJNA637522,,637522,SRS6778791,SAMN15145317,simple,4577,Zea mays,PH6WC_WW,,,,,,,no,,,,,CHINA AGRICULTURAL UNIVERSITY,SRA1083660,,public,732A904D3EB0FC2E6F90847737DE2F0C,A9651E4C761AF6982B3DD81973D30872
SRR11933317,2020-06-11 09:51:40,2020-06-05 11:23:49,40253335,2048955910,0,50,793,,https://sra-downloadb.be-md.ncbi.nlm.nih.gov/sos9/sra-pub-zq-924/SRR011/11933/SRR11933317/SRR11933317.lite.1,SRX8478849,L578,RNA-Seq,cDNA,TRANSCRIPTOMIC,PAIRED,0,0,ILLUMINA,Illumina HiSeq 2500,SRP266111,PRJNA637522,,637522,SRS6778792,SAMN15145318,simple,4577,Zea mays,R15X1141_WS1,,,,,,,no,,,,,CHINA AGRICULTURAL UNIVERSITY,SRA1083660,,public,F47718A0857ACE782FD50BC3CAB0A48D,9270D68CD2FB75BE947175D05F654F87
SRR11933316,2020-06-11 09:51:40,2020-06-05 11:30:15,59504105,3029329206,0,50,1073,,https://sra-downloadb.be-md.ncbi.nlm.nih.gov/sos9/sra-pub-zq-922/SRR011/11933/SRR11933316/SRR11933316.lite.1,SRX8478850,L579,RNA-Seq,cDNA,TRANSCRIPTOMIC,PAIRED,0,0,ILLUMINA,Illumina HiSeq 2500,SRP266111,PRJNA637522,,637522,SRS6778793,SAMN15145319,simple,4577,Zea mays,R15X1141_WS2,,,,,,,no,,,,,CHINA AGRICULTURAL UNIVERSITY,SRA1083660,,public,E0F63E5CD5E45A73B48749B7D6971C74,57882F0FFA463A1C8ACBB043E96B2C15
SRR11933315,2020-06-11 09:51:40,2020-06-05 11:22:50,29467728,1499924874,0,50,530,,https://sra-downloadb.be-md.ncbi.nlm.nih.gov/sos9/sra-pub-zq-924/SRR011/11933/SRR11933315/SRR11933315.lite.1,SRX8478851,L580,RNA-Seq,cDNA,TRANSCRIPTOMIC,PAIRED,0,0,ILLUMINA,Illumina HiSeq 2500,SRP266111,PRJNA637522,,637522,SRS6778794,SAMN15145320,simple,4577,Zea mays,R15X1141_WW,,,,,,,no,,,,,CHINA AGRICULTURAL UNIVERSITY,SRA1083660,,public,5914618868C73DCA65CC47CA1E56CD2D,E15AC80B37979F621B36739E406C5813
SRR11933313,2020-06-11 09:51:40,2020-06-05 11:26:07,42220977,2148312728,0,50,756,,https://sra-downloadb.be-md.ncbi.nlm.nih.gov/sos9/sra-pub-zq-922/SRR011/11933/SRR11933313/SRR11933313.lite.1,SRX8478853,L581,RNA-Seq,cDNA,TRANSCRIPTOMIC,PAIRED,0,0,ILLUMINA,Illumina HiSeq 2500,SRP266111,PRJNA637522,,637522,SRS6778795,SAMN15145321,simple,4577,Zea mays,RY729_WS1,,,,,,,no,,,,,CHINA AGRICULTURAL UNIVERSITY,SRA1083660,,public,C9F3B53826C6D180774F3FFCF5808B66,5D75D07E231D3B9B56DA8B276B03A72E
SRR11933312,2020-06-11 09:51:40,2020-06-05 11:26:35,45964866,2057107258,0,44,1145,,https://sra-downloadb.be-md.ncbi.nlm.nih.gov/sos9/sra-pub-zq-922/SRR011/11933/SRR11933312/SRR11933312.lite.1,SRX8478854,L582,RNA-Seq,cDNA,TRANSCRIPTOMIC,PAIRED,0,0,ILLUMINA,Illumina HiSeq 2500,SRP266111,PRJNA637522,,637522,SRS6778797,SAMN15145322,simple,4577,Zea mays,RY729_WS2,,,,,,,no,,,,,CHINA AGRICULTURAL UNIVERSITY,SRA1083660,,public,9C8B77E4225A6D4D7E917EA77092809F,9766F17A2D6DB10FBFF2FD67CA4170F4
SRR11933311,2020-06-11 09:51:40,2020-06-05 11:28:02,53496301,2709955690,0,50,1031,,https://sra-downloadb.be-md.ncbi.nlm.nih.gov/sos9/sra-pub-zq-924/SRR011/11933/SRR11933311/SRR11933311.lite.1,SRX8478855,L583,RNA-Seq,cDNA,TRANSCRIPTOMIC,PAIRED,0,0,ILLUMINA,Illumina HiSeq 2500,SRP266111,PRJNA637522,,637522,SRS6778798,SAMN15145323,simple,4577,Zea mays,RY729_WW,,,,,,,no,,,,,CHINA AGRICULTURAL UNIVERSITY,SRA1083660,,public,CFC431B596578492FEC26A5308C4777C,ABAD1A3CDB78526EA6526391218D97D6
SRR11933310,2020-06-11 09:51:40,2020-06-05 11:24:49,47646141,2425805287,0,50,898,,https://sra-downloadb.be-md.ncbi.nlm.nih.gov/sos9/sra-pub-zq-922/SRR011/11933/SRR11933310/SRR11933310.lite.1,SRX8478856,L584,RNA-Seq,cDNA,TRANSCRIPTOMIC,PAIRED,0,0,ILLUMINA,Illumina HiSeq 2500,SRP266111,PRJNA637522,,637522,SRS6778799,SAMN15145324,simple,4577,Zea mays,S22_WS1,,,,,,,no,,,,,CHINA AGRICULTURAL UNIVERSITY,SRA1083660,,public,C4519D466DE63250A3B5E3B33DA1E3B0,C32B0FC2CA1358148F8DDF32F8FA6B6D
SRR11933309,2020-06-11 09:51:40,2020-06-05 11:26:00,45443511,2314659146,0,50,799,,https://sra-downloadb.be-md.ncbi.nlm.nih.gov/sos9/sra-pub-zq-922/SRR011/11933/SRR11933309/SRR11933309.lite.1,SRX8478857,L585,RNA-Seq,cDNA,TRANSCRIPTOMIC,PAIRED,0,0,ILLUMINA,Illumina HiSeq 2500,SRP266111,PRJNA637522,,637522,SRS6778801,SAMN15145325,simple,4577,Zea mays,S22_WS1_REP,,,,,,,no,,,,,CHINA AGRICULTURAL UNIVERSITY,SRA1083660,,public,D95BD8A353CC77F4A7C7B51749B2E302,77EBA1DC41E47EA931E025CDE55E3247
SRR11933308,2020-06-11 09:51:40,2020-06-05 11:26:08,42185728,2147642878,0,50,772,,https://sra-downloadb.be-md.ncbi.nlm.nih.gov/sos9/sra-pub-zq-924/SRR011/11933/SRR11933308/SRR11933308.lite.1,SRX8478858,L586,RNA-Seq,cDNA,TRANSCRIPTOMIC,PAIRED,0,0,ILLUMINA,Illumina HiSeq 2500,SRP266111,PRJNA637522,,637522,SRS6778800,SAMN15145326,simple,4577,Zea mays,S22_WS2,,,,,,,no,,,,,CHINA AGRICULTURAL UNIVERSITY,SRA1083660,,public,F52D70EBBCF6331F8B33C2E5B376373E,AE7182A2047D8FDF9660F65AAC770AD8
SRR11933307,2020-06-11 09:51:40,2020-06-05 11:21:35,20554674,1008647721,0,49,606,,https://sra-downloadb.be-md.ncbi.nlm.nih.gov/sos9/sra-pub-zq-922/SRR011/11933/SRR11933307/SRR11933307.lite.1,SRX8478859,L587,RNA-Seq,cDNA,TRANSCRIPTOMIC,PAIRED,0,0,ILLUMINA,Illumina HiSeq 2500,SRP266111,PRJNA637522,,637522,SRS6778804,SAMN15145327,simple,4577,Zea mays,S22_WW,,,,,,,no,,,,,CHINA AGRICULTURAL UNIVERSITY,SRA1083660,,public,6E81D49A76BA51E49365A17D67995A89,FE4ABDFBACC0A084916756445DB0A658
SRR11933306,2020-06-11 09:51:40,2020-06-05 11:26:06,47129617,2398908007,0,50,877,,https://sra-downloadb.be-md.ncbi.nlm.nih.gov/sos9/sra-pub-zq-922/SRR011/11933/SRR11933306/SRR11933306.lite.1,SRX8478860,L588,RNA-Seq,cDNA,TRANSCRIPTOMIC,PAIRED,0,0,ILLUMINA,Illumina HiSeq 2500,SRP266111,PRJNA637522,,637522,SRS6778802,SAMN15145328,simple,4577,Zea mays,S22_WW_REP,,,,,,,no,,,,,CHINA AGRICULTURAL UNIVERSITY,SRA1083660,,public,655684009255562B96BCA891774479B0,F44EC41293F45AECF7B4E5E4A685DEE0
SRR11933305,2020-06-11 09:51:40,2020-06-05 11:25:03,50039165,2547880856,0,50,942,,https://sra-downloadb.be-md.ncbi.nlm.nih.gov/sos9/sra-pub-zq-924/SRR011/11933/SRR11933305/SRR11933305.lite.1,SRX8478861,L589,RNA-Seq,cDNA,TRANSCRIPTOMIC,PAIRED,0,0,ILLUMINA,Illumina HiSeq 2500,SRP266111,PRJNA637522,,637522,SRS6778803,SAMN15145329,simple,4577,Zea mays,SC55_WS1,,,,,,,no,,,,,CHINA AGRICULTURAL UNIVERSITY,SRA1083660,,public,5EC5D617BE4871C7005343CFCD18F5E8,CE2E056C2E13A4FBA9E7F5749D5980B7
SRR11933304,2020-06-11 09:51:40,2020-06-05 11:31:05,46802953,2383889754,0,50,858,,https://sra-downloadb.be-md.ncbi.nlm.nih.gov/sos9/sra-pub-zq-922/SRR011/11933/SRR11933304/SRR11933304.lite.1,SRX8478862,L590,RNA-Seq,cDNA,TRANSCRIPTOMIC,PAIRED,0,0,ILLUMINA,Illumina HiSeq 2500,SRP266111,PRJNA637522,,637522,SRS6778805,SAMN15145330,simple,4577,Zea mays,SC55_WS2,,,,,,,no,,,,,CHINA AGRICULTURAL UNIVERSITY,SRA1083660,,public,B935B641D02DC6991DA873D8AF880BCA,DE62CD4C5EB0F7C5A849DC6723208762
SRR11933302,2020-06-11 09:51:40,2020-06-05 11:27:59,51481549,2610513546,0,50,973,,https://sra-downloadb.be-md.ncbi.nlm.nih.gov/sos9/sra-pub-zq-922/SRR011/11933/SRR11933302/SRR11933302.lite.1,SRX8478864,L591,RNA-Seq,cDNA,TRANSCRIPTOMIC,PAIRED,0,0,ILLUMINA,Illumina HiSeq 2500,SRP266111,PRJNA637522,,637522,SRS6778807,SAMN15145331,simple,4577,Zea mays,SC55_WW,,,,,,,no,,,,,CHINA AGRICULTURAL UNIVERSITY,SRA1083660,,public,54114A39BCDB48B734C646BC3F42AEE4,0BE6FAE77449F0D00A00512ACF96F98D
SRR11933301,2020-06-11 09:51:41,2020-06-05 11:28:13,55230453,2790606376,0,50,1264,,https://sra-downloadb.be-md.ncbi.nlm.nih.gov/sos9/sra-pub-zq-924/SRR011/11933/SRR11933301/SRR11933301.lite.1,SRX8478865,L592,RNA-Seq,cDNA,TRANSCRIPTOMIC,PAIRED,0,0,ILLUMINA,Illumina HiSeq 2500,SRP266111,PRJNA637522,,637522,SRS6778808,SAMN15145332,simple,4577,Zea mays,SHEN5003_WS1,,,,,,,no,,,,,CHINA AGRICULTURAL UNIVERSITY,SRA1083660,,public,2B5E93E8968DD4FF48955DCA67A87B1C,925AEEEA87E6E68BDEDF315F99B22597
SRR11933300,2020-06-11 09:51:41,2020-06-05 11:28:30,56639427,2880796341,0,50,1234,,https://sra-downloadb.be-md.ncbi.nlm.nih.gov/sos9/sra-pub-zq-922/SRR011/11933/SRR11933300/SRR11933300.lite.1,SRX8478866,L593,RNA-Seq,cDNA,TRANSCRIPTOMIC,PAIRED,0,0,ILLUMINA,Illumina HiSeq 2500,SRP266111,PRJNA637522,,637522,SRS6778811,SAMN15145333,simple,4577,Zea mays,SHEN5003_WS2,,,,,,,no,,,,,CHINA AGRICULTURAL UNIVERSITY,SRA1083660,,public,F193706337475440E15D26C31D94592E,EA1C7610521D6F414F0CFCF7C34D4659
SRR11933299,2020-06-11 09:51:41,2020-06-05 11:21:06,27143221,1342774083,0,49,809,,https://sra-downloadb.be-md.ncbi.nlm.nih.gov/sos9/sra-pub-zq-922/SRR011/11933/SRR11933299/SRR11933299.lite.1,SRX8478867,L594,RNA-Seq,cDNA,TRANSCRIPTOMIC,PAIRED,0,0,ILLUMINA,Illumina HiSeq 2500,SRP266111,PRJNA637522,,637522,SRS6778809,SAMN15145334,simple,4577,Zea mays,SHEN5003_WS2_REP,,,,,,,no,,,,,CHINA AGRICULTURAL UNIVERSITY,SRA1083660,,public,BE86E6D522F8B1D11FEB132F16FB9C79,FC7A6B1650D059E6ED9F38D962D2AEE5
SRR11933298,2020-06-11 09:51:41,2020-06-05 11:19:06,11537840,588189905,0,50,184,,https://sra-downloadb.be-md.ncbi.nlm.nih.gov/sos9/sra-pub-zq-924/SRR011/11933/SRR11933298/SRR11933298.lite.1,SRX8478868,L595,RNA-Seq,cDNA,TRANSCRIPTOMIC,PAIRED,0,0,ILLUMINA,Illumina HiSeq 2500,SRP266111,PRJNA637522,,637522,SRS6778810,SAMN15145335,simple,4577,Zea mays,SHEN5003_WW,,,,,,,no,,,,,CHINA AGRICULTURAL UNIVERSITY,SRA1083660,,public,C743BA1C961DF87E48BC0E83B412F56F,227789D08AB8227B8F4DE7BA3A7A9BB2
SRR11933297,2020-06-11 09:51:40,2020-06-05 11:28:39,57083774,2883965884,0,50,1322,,https://sra-downloadb.be-md.ncbi.nlm.nih.gov/sos9/sra-pub-zq-922/SRR011/11933/SRR11933297/SRR11933297.lite.1,SRX8478869,L596,RNA-Seq,cDNA,TRANSCRIPTOMIC,PAIRED,0,0,ILLUMINA,Illumina HiSeq 2500,SRP266111,PRJNA637522,,637522,SRS6778812,SAMN15145336,simple,4577,Zea mays,SHEN5003_WW_REP,,,,,,,no,,,,,CHINA AGRICULTURAL UNIVERSITY,SRA1083660,,public,AF1B87A590F593A1858012F5F5B02FCC,170135315501605783CC644855959F87
SRR11933296,2020-06-11 09:51:40,2020-06-05 11:27:12,50484093,2559933369,0,50,962,,https://sra-downloadb.be-md.ncbi.nlm.nih.gov/sos9/sra-pub-zq-922/SRR011/11933/SRR11933296/SRR11933296.lite.1,SRX8478870,L597,RNA-Seq,cDNA,TRANSCRIPTOMIC,PAIRED,0,0,ILLUMINA,Illumina HiSeq 2500,SRP266111,PRJNA637522,,637522,SRS6778813,SAMN15145337,simple,4577,Zea mays,SI273_WS1,,,,,,,no,,,,,CHINA AGRICULTURAL UNIVERSITY,SRA1083660,,public,8BA64863FA997849109587374A57700B,F1A32F6C69DC07A4F85BD4097C2DFFFB
SRR11933295,2020-06-11 09:51:40,2020-06-05 11:28:15,51966755,2603076312,0,50,1381,,https://sra-downloadb.be-md.ncbi.nlm.nih.gov/sos9/sra-pub-zq-922/SRR011/11933/SRR11933295/SRR11933295.lite.1,SRX8478871,L598,RNA-Seq,cDNA,TRANSCRIPTOMIC,PAIRED,0,0,ILLUMINA,Illumina HiSeq 2500,SRP266111,PRJNA637522,,637522,SRS6778814,SAMN15145338,simple,4577,Zea mays,SI273_WS2,,,,,,,no,,,,,CHINA AGRICULTURAL UNIVERSITY,SRA1083660,,public,13A61A3DD824BC99747F0843AA43DE69,AA798814686C5FE1FD919F2F1FFD1E5E
SRR11933294,2020-06-11 09:51:40,2020-06-05 11:23:27,31804558,1618756605,0,50,554,,https://sra-downloadb.be-md.ncbi.nlm.nih.gov/sos9/sra-pub-zq-924/SRR011/11933/SRR11933294/SRR11933294.lite.1,SRX8478872,L599,RNA-Seq,cDNA,TRANSCRIPTOMIC,PAIRED,0,0,ILLUMINA,Illumina HiSeq 2500,SRP266111,PRJNA637522,,637522,SRS6778815,SAMN15145339,simple,4577,Zea mays,SI273_WW,,,,,,,no,,,,,CHINA AGRICULTURAL UNIVERSITY,SRA1083660,,public,2D1E1C7E68D7FF23E3979A4D8A200F93,41D754F8C2BC196C39DADAF203BB1B1D
SRR11933293,2020-06-11 09:51:40,2020-06-05 11:29:21,65376220,3319786209,0,50,1178,,https://sra-downloadb.be-md.ncbi.nlm.nih.gov/sos9/sra-pub-zq-924/SRR011/11933/SRR11933293/SRR11933293.lite.1,SRX8478873,L600,RNA-Seq,cDNA,TRANSCRIPTOMIC,PAIRED,0,0,ILLUMINA,Illumina HiSeq 2500,SRP266111,PRJNA637522,,637522,SRS6778818,SAMN15145340,simple,4577,Zea mays,SW92E114_WS1,,,,,,,no,,,,,CHINA AGRICULTURAL UNIVERSITY,SRA1083660,,public,6EFCD56743C0FA27E56FD11F5AF5DBED,CDC1B2080CAB3F5F170C7E3182F32551
SRR11933290,2020-06-11 09:51:41,2020-06-05 11:27:49,38653288,1934876482,0,50,1034,,https://sra-downloadb.be-md.ncbi.nlm.nih.gov/sos9/sra-pub-zq-922/SRR011/11933/SRR11933290/SRR11933290.lite.1,SRX8478876,L601,RNA-Seq,cDNA,TRANSCRIPTOMIC,PAIRED,0,0,ILLUMINA,Illumina HiSeq 2500,SRP266111,PRJNA637522,,637522,SRS6778819,SAMN15145341,simple,4577,Zea mays,SW92E114_WS2,,,,,,,no,,,,,CHINA AGRICULTURAL UNIVERSITY,SRA1083660,,public,BE4F0A2DA659E315328D0212BD63FBAD,D9D37BB8E906A3BF9CAD64DD23FBD3EC
SRR11933289,2020-06-11 09:51:41,2020-06-05 11:24:42,31237200,1590086450,0,50,584,,https://sra-downloadb.be-md.ncbi.nlm.nih.gov/sos9/sra-pub-zq-922/SRR011/11933/SRR11933289/SRR11933289.lite.1,SRX8478877,L602,RNA-Seq,cDNA,TRANSCRIPTOMIC,PAIRED,0,0,ILLUMINA,Illumina HiSeq 2500,SRP266111,PRJNA637522,,637522,SRS6778820,SAMN15145342,simple,4577,Zea mays,SW92E114_WW,,,,,,,no,,,,,CHINA AGRICULTURAL UNIVERSITY,SRA1083660,,public,1254C2BD07C3F6C4D4B0BA8B8A81399A,2AB6378D1A4444537FCDCEA25FF919BD
SRR11933288,2020-06-11 09:51:41,2020-06-05 11:26:03,47423440,2098445416,0,44,1284,,https://sra-downloadb.be-md.ncbi.nlm.nih.gov/sos9/sra-pub-zq-922/SRR011/11933/SRR11933288/SRR11933288.lite.1,SRX8478878,L603,RNA-Seq,cDNA,TRANSCRIPTOMIC,PAIRED,0,0,ILLUMINA,Illumina HiSeq 2500,SRP266111,PRJNA637522,,637522,SRS6778821,SAMN15145343,simple,4577,Zea mays,SY1032_WS1,,,,,,,no,,,,,CHINA AGRICULTURAL UNIVERSITY,SRA1083660,,public,B7781940C2252ADE3A39AE1B6E589F39,7C5B707E9E0ECFF1E9E86F45191F1F16
SRR11933287,2020-06-11 09:51:41,2020-06-05 11:30:14,65583450,3223269959,0,49,1969,,https://sra-downloadb.be-md.ncbi.nlm.nih.gov/sos9/sra-pub-zq-922/SRR011/11933/SRR11933287/SRR11933287.lite.1,SRX8478879,L604,RNA-Seq,cDNA,TRANSCRIPTOMIC,PAIRED,0,0,ILLUMINA,Illumina HiSeq 2500,SRP266111,PRJNA637522,,637522,SRS6778824,SAMN15145344,simple,4577,Zea mays,SY1032_WS2,,,,,,,no,,,,,CHINA AGRICULTURAL UNIVERSITY,SRA1083660,,public,0F24665D31B981D0E438225E81E13379,0BFFFF5ECB524841DAFC8652B772CC79
SRR11933286,2020-06-11 09:51:41,2020-06-05 11:18:25,13371503,631008059,0,47,414,,https://sra-downloadb.be-md.ncbi.nlm.nih.gov/sos9/sra-pub-zq-922/SRR011/11933/SRR11933286/SRR11933286.lite.1,SRX8478880,L605,RNA-Seq,cDNA,TRANSCRIPTOMIC,PAIRED,0,0,ILLUMINA,Illumina HiSeq 2500,SRP266111,PRJNA637522,,637522,SRS6778822,SAMN15145345,simple,4577,Zea mays,SY1032_WW,,,,,,,no,,,,,CHINA AGRICULTURAL UNIVERSITY,SRA1083660,,public,3CAB8F6ED59018DC0708A2CE6CD2E771,164B79BEC4D9AEAE37FED7C77E58F3C9
SRR11933285,2020-06-11 09:51:41,2020-06-05 11:20:56,21238154,1054884791,0,49,589,,https://sra-downloadb.be-md.ncbi.nlm.nih.gov/sos9/sra-pub-zq-922/SRR011/11933/SRR11933285/SRR11933285.lite.1,SRX8478881,L606,RNA-Seq,cDNA,TRANSCRIPTOMIC,PAIRED,0,0,ILLUMINA,Illumina HiSeq 2500,SRP266111,PRJNA637522,,637522,SRS6778823,SAMN15145346,simple,4577,Zea mays,SY1039_WS2,,,,,,,no,,,,,CHINA AGRICULTURAL UNIVERSITY,SRA1083660,,public,B5A852376CB94A49A7B1F3DC450798D1,053CC178EF0703B43B67B5CD7CCB462B
SRR11933284,2020-06-11 09:51:41,2020-06-05 11:26:15,48374499,2194518748,0,45,1260,,https://sra-downloadb.be-md.ncbi.nlm.nih.gov/sos9/sra-pub-zq-922/SRR011/11933/SRR11933284/SRR11933284.lite.1,SRX8478882,L607,RNA-Seq,cDNA,TRANSCRIPTOMIC,PAIRED,0,0,ILLUMINA,Illumina HiSeq 2500,SRP266111,PRJNA637522,,637522,SRS6778825,SAMN15145347,simple,4577,Zea mays,SY1039_WW,,,,,,,no,,,,,CHINA AGRICULTURAL UNIVERSITY,SRA1083660,,public,2E1D834A912063E98C99B085D25936AF,BF09E52BB361C06108BC5C565E3BB77F
SRR11933283,2020-06-11 09:51:41,2020-06-05 11:23:28,46970588,2389144393,0,50,905,,https://sra-downloadb.be-md.ncbi.nlm.nih.gov/sos9/sra-pub-zq-922/SRR011/11933/SRR11933283/SRR11933283.lite.1,SRX8478883,L608,RNA-Seq,cDNA,TRANSCRIPTOMIC,PAIRED,0,0,ILLUMINA,Illumina HiSeq 2500,SRP266111,PRJNA637522,,637522,SRS6778826,SAMN15145348,simple,4577,Zea mays,SY1052_WS1,,,,,,,no,,,,,CHINA AGRICULTURAL UNIVERSITY,SRA1083660,,public,578B9EFF80F53EAF59D01CCF4220BB35,522A48910C5893629E28C971804F4027
SRR11933282,2020-06-11 09:51:41,2020-06-05 11:19:36,19182454,862879012,0,44,532,,https://sra-downloadb.be-md.ncbi.nlm.nih.gov/sos9/sra-pub-zq-924/SRR011/11933/SRR11933282/SRR11933282.lite.1,SRX8478884,L609,RNA-Seq,cDNA,TRANSCRIPTOMIC,PAIRED,0,0,ILLUMINA,Illumina HiSeq 2500,SRP266111,PRJNA637522,,637522,SRS6778827,SAMN15145349,simple,4577,Zea mays,SY1052_WS2,,,,,,,no,,,,,CHINA AGRICULTURAL UNIVERSITY,SRA1083660,,public,0F0F930A3A6951D67424B3C2315BDA66,7435F4B4A3932CF4C2A515B06B9AB93E
SRR11933281,2020-06-11 09:51:41,2020-06-05 11:24:26,41632998,2118452294,0,50,770,,https://sra-downloadb.be-md.ncbi.nlm.nih.gov/sos9/sra-pub-zq-922/SRR011/11933/SRR11933281/SRR11933281.lite.1,SRX8478885,L610,RNA-Seq,cDNA,TRANSCRIPTOMIC,PAIRED,0,0,ILLUMINA,Illumina HiSeq 2500,SRP266111,PRJNA637522,,637522,SRS6778830,SAMN15145350,simple,4577,Zea mays,SY1052_WW,,,,,,,no,,,,,CHINA AGRICULTURAL UNIVERSITY,SRA1083660,,public,AD5D9BF1624B47CA3E78E0CF1A872C29,B43A4F33A5A2734F8303194936B863FA
SRR11933279,2020-06-11 09:51:41,2020-06-05 11:25:04,48501709,2469269660,0,50,934,,https://sra-downloadb.be-md.ncbi.nlm.nih.gov/sos9/sra-pub-zq-922/SRR011/11933/SRR11933279/SRR11933279.lite.1,SRX8478887,L611,RNA-Seq,cDNA,TRANSCRIPTOMIC,PAIRED,0,0,ILLUMINA,Illumina HiSeq 2500,SRP266111,PRJNA637522,,637522,SRS6778829,SAMN15145351,simple,4577,Zea mays,SY1128_WS1,,,,,,,no,,,,,CHINA AGRICULTURAL UNIVERSITY,SRA1083660,,public,5FD17DD3874AB46CD0EAF295D58C1A42,8D63B6F2DBE0B836B47B1D1FD489EFC4
SRR11933278,2020-06-11 09:51:41,2020-06-05 11:21:50,39239023,1996391199,0,50,710,,https://sra-downloadb.be-md.ncbi.nlm.nih.gov/sos9/sra-pub-zq-924/SRR011/11933/SRR11933278/SRR11933278.lite.1,SRX8478888,L612,RNA-Seq,cDNA,TRANSCRIPTOMIC,PAIRED,0,0,ILLUMINA,Illumina HiSeq 2500,SRP266111,PRJNA637522,,637522,SRS6778831,SAMN15145352,simple,4577,Zea mays,SY1128_WS2,,,,,,,no,,,,,CHINA AGRICULTURAL UNIVERSITY,SRA1083660,,public,905F01B2D711754CFE77A1B80285038B,CE3E1BB4635B22EA92B92631CD3F71B2
SRR11933277,2020-06-11 09:51:41,2020-06-05 11:21:39,28039984,1376985678,0,49,838,,https://sra-downloadb.be-md.ncbi.nlm.nih.gov/sos9/sra-pub-zq-922/SRR011/11933/SRR11933277/SRR11933277.lite.1,SRX8478889,L613,RNA-Seq,cDNA,TRANSCRIPTOMIC,PAIRED,0,0,ILLUMINA,Illumina HiSeq 2500,SRP266111,PRJNA637522,,637522,SRS6778832,SAMN15145353,simple,4577,Zea mays,SY1128_WW,,,,,,,no,,,,,CHINA AGRICULTURAL UNIVERSITY,SRA1083660,,public,123FBB02012D467DCC9A585F12F09CC8,7F08C8B46B583EB210F624B8CEC34727
SRR11933276,2020-06-11 09:51:41,2020-06-05 11:26:58,47436092,2414923357,0,50,881,,https://sra-downloadb.be-md.ncbi.nlm.nih.gov/sos9/sra-pub-zq-924/SRR011/11933/SRR11933276/SRR11933276.lite.1,SRX8478890,L614,RNA-Seq,cDNA,TRANSCRIPTOMIC,PAIRED,0,0,ILLUMINA,Illumina HiSeq 2500,SRP266111,PRJNA637522,,637522,SRS6778833,SAMN15145354,simple,4577,Zea mays,SY3073_WS1,,,,,,,no,,,,,CHINA AGRICULTURAL UNIVERSITY,SRA1083660,,public,EA7C0644E446A63404E5845124D2E005,7FA1C907AA9050733CA7B806AD32E0F9
SRR11933275,2020-06-11 09:51:41,2020-06-05 11:22:55,40711686,2071505988,0,50,738,,https://sra-downloadb.be-md.ncbi.nlm.nih.gov/sos9/sra-pub-zq-922/SRR011/11933/SRR11933275/SRR11933275.lite.1,SRX8478891,L615,RNA-Seq,cDNA,TRANSCRIPTOMIC,PAIRED,0,0,ILLUMINA,Illumina HiSeq 2500,SRP266111,PRJNA637522,,637522,SRS6778834,SAMN15145355,simple,4577,Zea mays,SY3073_WS2,,,,,,,no,,,,,CHINA AGRICULTURAL UNIVERSITY,SRA1083660,,public,8453CF18D5D10EBFF37977D37AC2B43C,BE9E58B7661D07AFBFB50849055E3611
SRR11933274,2020-06-11 09:51:41,2020-06-05 11:20:51,30869135,1515937557,0,49,914,,https://sra-downloadb.be-md.ncbi.nlm.nih.gov/sos9/sra-pub-zq-922/SRR011/11933/SRR11933274/SRR11933274.lite.1,SRX8478892,L616,RNA-Seq,cDNA,TRANSCRIPTOMIC,PAIRED,0,0,ILLUMINA,Illumina HiSeq 2500,SRP266111,PRJNA637522,,637522,SRS6778837,SAMN15145356,simple,4577,Zea mays,SY3073_WW,,,,,,,no,,,,,CHINA AGRICULTURAL UNIVERSITY,SRA1083660,,public,4DD98E51A9B76BEDF1819FF04F36BBEB,7062D04D359BC7F253D8C5A719C98C7B
SRR11933273,2020-06-11 09:51:41,2020-06-05 11:26:20,45094416,2296330768,0,50,835,,https://sra-downloadb.be-md.ncbi.nlm.nih.gov/sos9/sra-pub-zq-924/SRR011/11933/SRR11933273/SRR11933273.lite.1,SRX8478893,L617,RNA-Seq,cDNA,TRANSCRIPTOMIC,PAIRED,0,0,ILLUMINA,Illumina HiSeq 2500,SRP266111,PRJNA637522,,637522,SRS6778835,SAMN15145357,simple,4577,Zea mays,TIAN77_WS1,,,,,,,no,,,,,CHINA AGRICULTURAL UNIVERSITY,SRA1083660,,public,5964F891DDC97F07EB4E6ABA6812B465,21CD411E5649760DD8D7233C86C246E8
SRR11933248,2020-06-11 09:51:41,2020-06-05 11:16:38,12599187,565862866,0,44,358,,https://sra-downloadb.be-md.ncbi.nlm.nih.gov/sos9/sra-pub-zq-922/SRR011/11933/SRR11933248/SRR11933248.lite.1,SRX8478918,L618,RNA-Seq,cDNA,TRANSCRIPTOMIC,PAIRED,0,0,ILLUMINA,Illumina HiSeq 2500,SRP266111,PRJNA637522,,637522,SRS6778861,SAMN15145358,simple,4577,Zea mays,TIAN77_WS2,,,,,,,no,,,,,CHINA AGRICULTURAL UNIVERSITY,SRA1083660,,public,7D0FBFEDED419B0A5898FE945CC1F12B,2833793AA47563F31C3C2F2A5BBEB0E1
SRR11933247,2020-06-11 09:51:41,2020-06-05 11:24:56,54344480,2760792905,0,50,1045,,https://sra-downloadb.be-md.ncbi.nlm.nih.gov/sos9/sra-pub-zq-924/SRR011/11933/SRR11933247/SRR11933247.lite.1,SRX8478919,L619,RNA-Seq,cDNA,TRANSCRIPTOMIC,PAIRED,0,0,ILLUMINA,Illumina HiSeq 2500,SRP266111,PRJNA637522,,637522,SRS6778862,SAMN15145359,simple,4577,Zea mays,TIAN77_WW,,,,,,,no,,,,,CHINA AGRICULTURAL UNIVERSITY,SRA1083660,,public,6F41266072304E909F238C1D58342A4B,7C4D7B1F7B76ACA92EA2BB4C7D0A26C7
SRR11933246,2020-06-11 09:51:41,2020-06-05 11:19:59,38216387,1931886383,0,50,765,,https://sra-downloadb.be-md.ncbi.nlm.nih.gov/sos9/sra-pub-zq-922/SRR011/11933/SRR11933246/SRR11933246.lite.1,SRX8478920,L620,RNA-Seq,cDNA,TRANSCRIPTOMIC,PAIRED,0,0,ILLUMINA,Illumina HiSeq 2500,SRP266111,PRJNA637522,,637522,SRS6778864,SAMN15145360,simple,4577,Zea mays,TIE7922_WS2,,,,,,,no,,,,,CHINA AGRICULTURAL UNIVERSITY,SRA1083660,,public,5235A0F1FBBEE06DAE0A066ACE1FC83B,C6E45DC6D8727E290F0614975BF58AFD
SRR11933244,2020-06-11 09:51:41,2020-06-05 11:25:45,66524335,3360294668,0,50,1496,,https://sra-downloadb.be-md.ncbi.nlm.nih.gov/sos9/sra-pub-zq-924/SRR011/11933/SRR11933244/SRR11933244.lite.1,SRX8478922,L621,RNA-Seq,cDNA,TRANSCRIPTOMIC,PAIRED,0,0,ILLUMINA,Illumina HiSeq 2500,SRP266111,PRJNA637522,,637522,SRS6778866,SAMN15145361,simple,4577,Zea mays,TIE7922_WW,,,,,,,no,,,,,CHINA AGRICULTURAL UNIVERSITY,SRA1083660,,public,E01A9F29B6487B4AC29B3FF4F7304788,1769BAC8FD521565ECB883E861D5ADDF
SRR11933243,2020-06-11 09:51:41,2020-06-05 11:21:16,43543804,2017873160,0,46,1157,,https://sra-downloadb.be-md.ncbi.nlm.nih.gov/sos9/sra-pub-zq-924/SRR011/11933/SRR11933243/SRR11933243.lite.1,SRX8478923,L622,RNA-Seq,cDNA,TRANSCRIPTOMIC,PAIRED,0,0,ILLUMINA,Illumina HiSeq 2500,SRP266111,PRJNA637522,,637522,SRS6778865,SAMN15145362,simple,4577,Zea mays,TY2_WS1,,,,,,,no,,,,,CHINA AGRICULTURAL UNIVERSITY,SRA1083660,,public,ED6DABE718748874A3A1FBC3E0B63CDB,66060FE4E6170112BE95AB8C92A3E26B
SRR11933242,2020-06-11 09:51:41,2020-06-05 11:33:32,66440849,3258219182,0,49,1988,,https://sra-downloadb.be-md.ncbi.nlm.nih.gov/sos9/sra-pub-zq-922/SRR011/11933/SRR11933242/SRR11933242.lite.1,SRX8478924,L623,RNA-Seq,cDNA,TRANSCRIPTOMIC,PAIRED,0,0,ILLUMINA,Illumina HiSeq 2500,SRP266111,PRJNA637522,,637522,SRS6778867,SAMN15145363,simple,4577,Zea mays,TY2_WS2,,,,,,,no,,,,,CHINA AGRICULTURAL UNIVERSITY,SRA1083660,,public,EC777AD86C675298B302454F52E4ABE0,F7A2E050232B89A3C56217A570008F39
SRR11933241,2020-06-11 09:51:41,2020-06-05 11:25:03,50266267,2228958629,0,44,1385,,https://sra-downloadb.be-md.ncbi.nlm.nih.gov/sos9/sra-pub-zq-922/SRR011/11933/SRR11933241/SRR11933241.lite.1,SRX8478925,L624,RNA-Seq,cDNA,TRANSCRIPTOMIC,PAIRED,0,0,ILLUMINA,Illumina HiSeq 2500,SRP266111,PRJNA637522,,637522,SRS6778868,SAMN15145364,simple,4577,Zea mays,TY3_WS1,,,,,,,no,,,,,CHINA AGRICULTURAL UNIVERSITY,SRA1083660,,public,B136E065253BEA1C5687A3015C834D9F,6E6626A7FDB55C4D6A24712293C9E839
SRR11933240,2020-06-11 09:51:41,2020-06-05 11:18:30,21901852,1087007154,0,49,594,,https://sra-downloadb.be-md.ncbi.nlm.nih.gov/sos9/sra-pub-zq-924/SRR011/11933/SRR11933240/SRR11933240.lite.1,SRX8478926,L625,RNA-Seq,cDNA,TRANSCRIPTOMIC,PAIRED,0,0,ILLUMINA,Illumina HiSeq 2500,SRP266111,PRJNA637522,,637522,SRS6778870,SAMN15145365,simple,4577,Zea mays,TY3_WS2,,,,,,,no,,,,,CHINA AGRICULTURAL UNIVERSITY,SRA1083660,,public,A41C1919AEF8360E3FD891DB141875EF,D3098F266AE6D5ECD78ADD57D72522F1
SRR11933239,2020-06-11 09:51:41,2020-06-05 11:27:36,71647550,3254456504,0,45,1802,,https://sra-downloadb.be-md.ncbi.nlm.nih.gov/sos9/sra-pub-zq-922/SRR011/11933/SRR11933239/SRR11933239.lite.1,SRX8478927,L626,RNA-Seq,cDNA,TRANSCRIPTOMIC,PAIRED,0,0,ILLUMINA,Illumina HiSeq 2500,SRP266111,PRJNA637522,,637522,SRS6778869,SAMN15145366,simple,4577,Zea mays,TY3_WW,,,,,,,no,,,,,CHINA AGRICULTURAL UNIVERSITY,SRA1083660,,public,78B825697A9AE6C093E2AD14A9208102,96121E75739D0929D6F304BF80CCEF52
SRR11933238,2020-06-11 09:51:41,2020-06-05 11:19:01,29290258,1360540558,0,46,792,,https://sra-downloadb.be-md.ncbi.nlm.nih.gov/sos9/sra-pub-zq-924/SRR011/11933/SRR11933238/SRR11933238.lite.1,SRX8478928,L627,RNA-Seq,cDNA,TRANSCRIPTOMIC,PAIRED,0,0,ILLUMINA,Illumina HiSeq 2500,SRP266111,PRJNA637522,,637522,SRS6778872,SAMN15145367,simple,4577,Zea mays,TY4_WS1,,,,,,,no,,,,,CHINA AGRICULTURAL UNIVERSITY,SRA1083660,,public,BE771611A052416FA12427A278D0EF12,86D7811218429F5203B0F6FD41343DDA
SRR11933237,2020-06-11 09:51:41,2020-06-05 11:48:30,147460924,7227422640,0,49,4333,,https://sra-downloadb.be-md.ncbi.nlm.nih.gov/sos9/sra-pub-zq-924/SRR011/11933/SRR11933237/SRR11933237.lite.1,SRX8478929,L628,RNA-Seq,cDNA,TRANSCRIPTOMIC,PAIRED,0,0,ILLUMINA,Illumina HiSeq 2500,SRP266111,PRJNA637522,,637522,SRS6778871,SAMN15145368,simple,4577,Zea mays,TY4_WS2,,,,,,,no,,,,,CHINA AGRICULTURAL UNIVERSITY,SRA1083660,,public,C42DA9DD0F68CDD01400E09FB0DD8FE8,5D185EF0B03984B346669C88EED438E9
SRR11933236,2020-06-11 09:51:41,2020-06-05 11:24:36,54849433,2772556079,0,50,1162,,https://sra-downloadb.be-md.ncbi.nlm.nih.gov/sos9/sra-pub-zq-922/SRR011/11933/SRR11933236/SRR11933236.lite.1,SRX8478930,L629,RNA-Seq,cDNA,TRANSCRIPTOMIC,PAIRED,0,0,ILLUMINA,Illumina HiSeq 2500,SRP266111,PRJNA637522,,637522,SRS6778873,SAMN15145369,simple,4577,Zea mays,TY5_WS2,,,,,,,no,,,,,CHINA AGRICULTURAL UNIVERSITY,SRA1083660,,public,2F311388D4D560EC189243DDCE92F171,03ED22792BF8F216336094AFC1624AAC
SRR11933235,2020-06-11 09:51:41,2020-06-05 11:31:08,65585644,3311865694,0,50,1491,,https://sra-downloadb.be-md.ncbi.nlm.nih.gov/sos9/sra-pub-zq-922/SRR011/11933/SRR11933235/SRR11933235.lite.1,SRX8478931,L630,RNA-Seq,cDNA,TRANSCRIPTOMIC,PAIRED,0,0,ILLUMINA,Illumina HiSeq 2500,SRP266111,PRJNA637522,,637522,SRS6778874,SAMN15145370,simple,4577,Zea mays,TY5_WW,,,,,,,no,,,,,CHINA AGRICULTURAL UNIVERSITY,SRA1083660,,public,AD2733D4C2C5DF7746642A559DD935F1,82042879CFED95C9A364FC9E9797CDF6
SRR11933058,2020-06-11 09:51:34,2020-06-05 11:10:22,34491796,1757737840,0,50,506,,https://sra-downloadb.be-md.ncbi.nlm.nih.gov/sos9/sra-pub-zq-922/SRR011/11933/SRR11933058/SRR11933058.lite.1,SRX8478248,L631,RNA-Seq,cDNA,TRANSCRIPTOMIC,PAIRED,0,0,ILLUMINA,Illumina HiSeq 2500,SRP266111,PRJNA637522,,637522,SRS6778191,SAMN15145371,simple,4577,Zea mays,TY6_WS1,,,,,,,no,,,,,CHINA AGRICULTURAL UNIVERSITY,SRA1083660,,public,957669DD319A2002225FF72C285354B9,FFDE41C15ED6B8F93507759E33965055
SRR11933057,2020-06-11 09:51:34,2020-06-05 11:11:09,45772112,2328132888,0,50,970,,https://sra-downloadb.be-md.ncbi.nlm.nih.gov/sos9/sra-pub-zq-924/SRR011/11933/SRR11933057/SRR11933057.lite.1,SRX8478249,L632,RNA-Seq,cDNA,TRANSCRIPTOMIC,PAIRED,0,0,ILLUMINA,Illumina HiSeq 2500,SRP266111,PRJNA637522,,637522,SRS6778192,SAMN15145372,simple,4577,Zea mays,TY6_WS2,,,,,,,no,,,,,CHINA AGRICULTURAL UNIVERSITY,SRA1083660,,public,E80AE535F918C2C74D41C45083EC52DA,94E14BC4E6BC8347731D3B178DB72A26
SRR11933056,2020-06-11 09:51:34,2020-06-05 11:10:55,39932910,2032627320,0,50,767,,https://sra-downloadb.be-md.ncbi.nlm.nih.gov/sos9/sra-pub-zq-922/SRR011/11933/SRR11933056/SRR11933056.lite.1,SRX8478250,L633,RNA-Seq,cDNA,TRANSCRIPTOMIC,PAIRED,0,0,ILLUMINA,Illumina HiSeq 2500,SRP266111,PRJNA637522,,637522,SRS6778193,SAMN15145373,simple,4577,Zea mays,U8112_WS1,,,,,,,no,,,,,CHINA AGRICULTURAL UNIVERSITY,SRA1083660,,public,447D360394537DD041BAFAB52D42C815,F33591141D3E48CD66143084366FF5E9
SRR11933055,2020-06-11 09:51:34,2020-06-05 11:15:41,46558568,2371259579,0,50,840,,https://sra-downloadb.be-md.ncbi.nlm.nih.gov/sos9/sra-pub-zq-922/SRR011/11933/SRR11933055/SRR11933055.lite.1,SRX8478251,L634,RNA-Seq,cDNA,TRANSCRIPTOMIC,PAIRED,0,0,ILLUMINA,Illumina HiSeq 2500,SRP266111,PRJNA637522,,637522,SRS6778194,SAMN15145374,simple,4577,Zea mays,U8112_WS2,,,,,,,no,,,,,CHINA AGRICULTURAL UNIVERSITY,SRA1083660,,public,E8148C15D8B31AD32BA2C635CC9AD5EC,714FC115B72CB0F7476B478736E42F1A
SRR11933054,2020-06-11 09:51:34,2020-06-05 11:24:24,43944706,2238358088,0,50,722,,https://sra-downloadb.be-md.ncbi.nlm.nih.gov/sos9/sra-pub-zq-922/SRR011/11933/SRR11933054/SRR11933054.lite.1,SRX8478252,L635,RNA-Seq,cDNA,TRANSCRIPTOMIC,PAIRED,0,0,ILLUMINA,Illumina HiSeq 2500,SRP266111,PRJNA637522,,637522,SRS6778195,SAMN15145375,simple,4577,Zea mays,U8112_WW,,,,,,,no,,,,,CHINA AGRICULTURAL UNIVERSITY,SRA1083660,,public,653D0302D3C694A9B035E29E6C374A41,D60CC36589DB10DE89520B8BDC02475B
SRR11933053,2020-06-11 09:51:34,2020-06-05 11:11:06,37787933,1923552210,0,50,736,,https://sra-downloadb.be-md.ncbi.nlm.nih.gov/sos9/sra-pub-zq-922/SRR011/11933/SRR11933053/SRR11933053.lite.1,SRX8478253,L636,RNA-Seq,cDNA,TRANSCRIPTOMIC,PAIRED,0,0,ILLUMINA,Illumina HiSeq 2500,SRP266111,PRJNA637522,,637522,SRS6778196,SAMN15145376,simple,4577,Zea mays,W138_WS1,,,,,,,no,,,,,CHINA AGRICULTURAL UNIVERSITY,SRA1083660,,public,8450B2FABDCC16B5976C529C23502344,43D915357705A37FB90DAA5A72600293
SRR11933052,2020-06-11 09:51:34,2020-06-05 11:22:53,99904726,5086085279,0,50,1906,,https://sra-downloadb.be-md.ncbi.nlm.nih.gov/sos9/sra-pub-zq-922/SRR011/11933/SRR11933052/SRR11933052.lite.1,SRX8478254,L637,RNA-Seq,cDNA,TRANSCRIPTOMIC,PAIRED,0,0,ILLUMINA,Illumina HiSeq 2500,SRP266111,PRJNA637522,,637522,SRS6778197,SAMN15145377,simple,4577,Zea mays,W138_WS2,,,,,,,no,,,,,CHINA AGRICULTURAL UNIVERSITY,SRA1083660,,public,EB5A6D483EB02F597B66E0FFE907DB41,D59CFCC1F56DD819A47186C501B1C868
SRR11933051,2020-06-11 09:51:34,2020-06-05 11:11:33,40899784,2081710337,0,50,720,,https://sra-downloadb.be-md.ncbi.nlm.nih.gov/sos9/sra-pub-zq-924/SRR011/11933/SRR11933051/SRR11933051.lite.1,SRX8478255,L638,RNA-Seq,cDNA,TRANSCRIPTOMIC,PAIRED,0,0,ILLUMINA,Illumina HiSeq 2500,SRP266111,PRJNA637522,,637522,SRS6778198,SAMN15145378,simple,4577,Zea mays,W138_WW,,,,,,,no,,,,,CHINA AGRICULTURAL UNIVERSITY,SRA1083660,,public,9683B4BCD6D3895BA9FE2E1A25FA0749,15A2C1A976CBC40FEC6E560BCF1C49BE
SRR11933050,2020-06-11 09:51:34,2020-06-05 11:14:16,49271727,2236925385,0,45,1298,,https://sra-downloadb.be-md.ncbi.nlm.nih.gov/sos9/sra-pub-zq-922/SRR011/11933/SRR11933050/SRR11933050.lite.1,SRX8478256,L639,RNA-Seq,cDNA,TRANSCRIPTOMIC,PAIRED,0,0,ILLUMINA,Illumina HiSeq 2500,SRP266111,PRJNA637522,,637522,SRS6778199,SAMN15145379,simple,4577,Zea mays,W22_WS1,,,,,,,no,,,,,CHINA AGRICULTURAL UNIVERSITY,SRA1083660,,public,FAF0F0E21B9E2673737237035BED128D,BD48E66DC04851E70ABC83FA0C756E46
SRR11933025,2020-06-11 09:51:34,2020-06-05 11:12:33,59400267,2994306656,0,50,1242,,https://sra-downloadb.be-md.ncbi.nlm.nih.gov/sos9/sra-pub-zq-922/SRR011/11933/SRR11933025/SRR11933025.lite.1,SRX8478281,L640,RNA-Seq,cDNA,TRANSCRIPTOMIC,PAIRED,0,0,ILLUMINA,Illumina HiSeq 2500,SRP266111,PRJNA637522,,637522,SRS6778224,SAMN15145380,simple,4577,Zea mays,W22_WS1_REP,,,,,,,no,,,,,CHINA AGRICULTURAL UNIVERSITY,SRA1083660,,public,A5B73369D11262E762FFD5EFE67DB55E,5F4D094FDCA37982E77BCB9ABA225A0C
SRR11933023,2020-06-11 09:51:34,2020-06-05 11:26:28,91371140,4517458244,0,49,2518,,https://sra-downloadb.be-md.ncbi.nlm.nih.gov/sos9/sra-pub-zq-922/SRR011/11933/SRR11933023/SRR11933023.lite.1,SRX8478283,L641,RNA-Seq,cDNA,TRANSCRIPTOMIC,PAIRED,0,0,ILLUMINA,Illumina HiSeq 2500,SRP266111,PRJNA637522,,637522,SRS6778226,SAMN15145381,simple,4577,Zea mays,W22_WS2,,,,,,,no,,,,,CHINA AGRICULTURAL UNIVERSITY,SRA1083660,,public,6F750F677D32AB460FBC08826A01F61A,7A9F33A4FBBC55D5B633EEFDBC2B078E
SRR11933022,2020-06-11 09:51:34,2020-06-05 11:20:54,76669516,3711797385,0,48,2259,,https://sra-downloadb.be-md.ncbi.nlm.nih.gov/sos9/sra-pub-zq-922/SRR011/11933/SRR11933022/SRR11933022.lite.1,SRX8478284,L642,RNA-Seq,cDNA,TRANSCRIPTOMIC,PAIRED,0,0,ILLUMINA,Illumina HiSeq 2500,SRP266111,PRJNA637522,,637522,SRS6778227,SAMN15145382,simple,4577,Zea mays,W22_WW,,,,,,,no,,,,,CHINA AGRICULTURAL UNIVERSITY,SRA1083660,,public,587765ADF9678AB03259A5AB7BB2DE8C,39ADC9A80A1D64A8E8270325B59A4441
SRR11933021,2020-06-11 09:51:34,2020-06-05 11:12:10,48329506,2460544388,0,50,859,,https://sra-downloadb.be-md.ncbi.nlm.nih.gov/sos9/sra-pub-zq-922/SRR011/11933/SRR11933021/SRR11933021.lite.1,SRX8478285,L643,RNA-Seq,cDNA,TRANSCRIPTOMIC,PAIRED,0,0,ILLUMINA,Illumina HiSeq 2500,SRP266111,PRJNA637522,,637522,SRS6778228,SAMN15145383,simple,4577,Zea mays,W22_WW_REP,,,,,,,no,,,,,CHINA AGRICULTURAL UNIVERSITY,SRA1083660,,public,598EB2791F5A20774C7B74095990EE5D,EE3751814D9A054F41168EAC32A1B633
SRR11933020,2020-06-11 09:51:34,2020-06-05 11:11:30,60040250,3031782749,0,50,1316,,https://sra-downloadb.be-md.ncbi.nlm.nih.gov/sos9/sra-pub-zq-922/SRR011/11933/SRR11933020/SRR11933020.lite.1,SRX8478286,L644,RNA-Seq,cDNA,TRANSCRIPTOMIC,PAIRED,0,0,ILLUMINA,Illumina HiSeq 2500,SRP266111,PRJNA637522,,637522,SRS6778229,SAMN15145384,simple,4577,Zea mays,WH413_WS1,,,,,,,no,,,,,CHINA AGRICULTURAL UNIVERSITY,SRA1083660,,public,BF53663BE15126EB55EDF43A147D4957,C2391025FB91D38F0AAA42AC7DCABA46
SRR11933019,2020-06-11 09:51:34,2020-06-05 11:14:21,65860835,3347080209,0,50,1474,,https://sra-downloadb.be-md.ncbi.nlm.nih.gov/sos9/sra-pub-zq-922/SRR011/11933/SRR11933019/SRR11933019.lite.1,SRX8478287,L645,RNA-Seq,cDNA,TRANSCRIPTOMIC,PAIRED,0,0,ILLUMINA,Illumina HiSeq 2500,SRP266111,PRJNA637522,,637522,SRS6778230,SAMN15145385,simple,4577,Zea mays,WH413_WS2,,,,,,,no,,,,,CHINA AGRICULTURAL UNIVERSITY,SRA1083660,,public,E03D197CD28595A88D6A29E9DE240FCB,8AA1BE14B63A4AE4866C683DCF50213E
SRR11933018,2020-06-11 09:51:34,2020-06-05 11:07:22,32248921,1638761549,0,50,735,,https://sra-downloadb.be-md.ncbi.nlm.nih.gov/sos9/sra-pub-zq-924/SRR011/11933/SRR11933018/SRR11933018.lite.1,SRX8478288,L646,RNA-Seq,cDNA,TRANSCRIPTOMIC,PAIRED,0,0,ILLUMINA,Illumina HiSeq 2500,SRP266111,PRJNA637522,,637522,SRS6778231,SAMN15145386,simple,4577,Zea mays,WH413_WW,,,,,,,no,,,,,CHINA AGRICULTURAL UNIVERSITY,SRA1083660,,public,6FC6DA5BE5EDDCDEBA464C588FA77586,DEDAD6291614AE83686B43FB8D089C7D
SRR11933017,2020-06-11 09:51:34,2020-06-05 11:07:01,28142640,1433359573,0,50,417,,https://sra-downloadb.be-md.ncbi.nlm.nih.gov/sos9/sra-pub-zq-922/SRR011/11933/SRR11933017/SRR11933017.lite.1,SRX8478289,L647,RNA-Seq,cDNA,TRANSCRIPTOMIC,PAIRED,0,0,ILLUMINA,Illumina HiSeq 2500,SRP266111,PRJNA637522,,637522,SRS6778232,SAMN15145387,simple,4577,Zea mays,WU109_WS1,,,,,,,no,,,,,CHINA AGRICULTURAL UNIVERSITY,SRA1083660,,public,C7E01A1FE4518CA71E2C35052676E47B,BB783D395FBAB2A21A2959C2E71059CE
SRR11933016,2020-06-11 09:51:34,2020-06-05 11:06:57,26644534,1311159677,0,49,823,,https://sra-downloadb.be-md.ncbi.nlm.nih.gov/sos9/sra-pub-zq-922/SRR011/11933/SRR11933016/SRR11933016.lite.1,SRX8478290,L648,RNA-Seq,cDNA,TRANSCRIPTOMIC,PAIRED,0,0,ILLUMINA,Illumina HiSeq 2500,SRP266111,PRJNA637522,,637522,SRS6778233,SAMN15145388,simple,4577,Zea mays,WU109_WS2,,,,,,,no,,,,,CHINA AGRICULTURAL UNIVERSITY,SRA1083660,,public,D7B083D3AA6BEE67F984DA5A9D64CE19,A1B09567EB09988EBFEB06DE8FE61E8C
SRR11933015,2020-06-11 09:51:34,2020-06-05 11:14:42,70004534,3180836378,0,45,1822,,https://sra-downloadb.be-md.ncbi.nlm.nih.gov/sos9/sra-pub-zq-922/SRR011/11933/SRR11933015/SRR11933015.lite.1,SRX8478291,L649,RNA-Seq,cDNA,TRANSCRIPTOMIC,PAIRED,0,0,ILLUMINA,Illumina HiSeq 2500,SRP266111,PRJNA637522,,637522,SRS6778234,SAMN15145389,simple,4577,Zea mays,WU109_WW,,,,,,,no,,,,,CHINA AGRICULTURAL UNIVERSITY,SRA1083660,,public,C504C569603550979C02EE955DE11AA1,7181969C68A28242253F6FA51EC9D69E
SRR11933014,2020-06-11 09:51:34,2020-06-05 11:11:50,37106249,1715793849,0,46,1010,,https://sra-downloadb.be-md.ncbi.nlm.nih.gov/sos9/sra-pub-zq-924/SRR011/11933/SRR11933014/SRR11933014.lite.1,SRX8478292,L650,RNA-Seq,cDNA,TRANSCRIPTOMIC,PAIRED,0,0,ILLUMINA,Illumina HiSeq 2500,SRP266111,PRJNA637522,,637522,SRS6778235,SAMN15145390,simple,4577,Zea mays,X178_WS1,,,,,,,no,,,,,CHINA AGRICULTURAL UNIVERSITY,SRA1083660,,public,AD091302A86310A5FFCE07D13B0066E9,3331273D8D17DEC6159417468D22ECD5
SRR11933012,2020-06-11 09:51:34,2020-06-05 11:20:59,57344744,2819074397,0,49,1725,,https://sra-downloadb.be-md.ncbi.nlm.nih.gov/sos9/sra-pub-zq-922/SRR011/11933/SRR11933012/SRR11933012.lite.1,SRX8478294,L651,RNA-Seq,cDNA,TRANSCRIPTOMIC,PAIRED,0,0,ILLUMINA,Illumina HiSeq 2500,SRP266111,PRJNA637522,,637522,SRS6778237,SAMN15145391,simple,4577,Zea mays,X178_WS2,,,,,,,no,,,,,CHINA AGRICULTURAL UNIVERSITY,SRA1083660,,public,B1E51D7F4F74F9D50E7A819937D3856A,A67F154AD868714FB9BFB3EC61AE2BB0
SRR11933011,2020-06-11 09:51:34,2020-06-05 11:19:57,94051288,4270679039,0,45,2398,,https://sra-downloadb.be-md.ncbi.nlm.nih.gov/sos9/sra-pub-zq-922/SRR011/11933/SRR11933011/SRR11933011.lite.1,SRX8478295,L652,RNA-Seq,cDNA,TRANSCRIPTOMIC,PAIRED,0,0,ILLUMINA,Illumina HiSeq 2500,SRP266111,PRJNA637522,,637522,SRS6778238,SAMN15145392,simple,4577,Zea mays,X178_WW,,,,,,,no,,,,,CHINA AGRICULTURAL UNIVERSITY,SRA1083660,,public,87564F8359B0A5B66C60258D4EF6C7AB,33DB5AFA2E943EFD127FD96C7C681468
SRR11933010,2020-06-11 09:51:34,2020-06-05 11:06:42,31547089,1543838228,0,48,916,,https://sra-downloadb.be-md.ncbi.nlm.nih.gov/sos9/sra-pub-zq-924/SRR011/11933/SRR11933010/SRR11933010.lite.1,SRX8478296,L653,RNA-Seq,cDNA,TRANSCRIPTOMIC,PAIRED,0,0,ILLUMINA,Illumina HiSeq 2500,SRP266111,PRJNA637522,,637522,SRS6778239,SAMN15145393,simple,4577,Zea mays,YE52106_WS1,,,,,,,no,,,,,CHINA AGRICULTURAL UNIVERSITY,SRA1083660,,public,6B3D68E62FF302A6DAEFB9CBB7F18E82,D1499FB78065AB32E60DB6205503B6B1
SRR11933009,2020-06-11 09:51:34,2020-06-05 11:10:43,40064131,2037964064,0,50,759,,https://sra-downloadb.be-md.ncbi.nlm.nih.gov/sos9/sra-pub-zq-922/SRR011/11933/SRR11933009/SRR11933009.lite.1,SRX8478297,L654,RNA-Seq,cDNA,TRANSCRIPTOMIC,PAIRED,0,0,ILLUMINA,Illumina HiSeq 2500,SRP266111,PRJNA637522,,637522,SRS6778240,SAMN15145394,simple,4577,Zea mays,YE52106_WS2,,,,,,,no,,,,,CHINA AGRICULTURAL UNIVERSITY,SRA1083660,,public,E5825616CA2C77FB4AA2EB8B35D6029D,C2F08FC28888A78C60296F707A7CCA21
SRR11933008,2020-06-11 09:51:34,2020-06-05 11:04:51,24310829,1212202019,0,49,567,,https://sra-downloadb.be-md.ncbi.nlm.nih.gov/sos9/sra-pub-zq-922/SRR011/11933/SRR11933008/SRR11933008.lite.1,SRX8478298,L655,RNA-Seq,cDNA,TRANSCRIPTOMIC,PAIRED,0,0,ILLUMINA,Illumina HiSeq 2500,SRP266111,PRJNA637522,,637522,SRS6778241,SAMN15145395,simple,4577,Zea mays,YE52106_WW,,,,,,,no,,,,,CHINA AGRICULTURAL UNIVERSITY,SRA1083660,,public,2AD941F4D10411EDEBD35F38A68B2984,9CFE539E468B7E4C342103A2EBB25D37
SRR11933007,2020-06-11 09:51:34,2020-06-05 11:08:08,37348884,1902692742,0,50,526,,https://sra-downloadb.be-md.ncbi.nlm.nih.gov/sos9/sra-pub-zq-922/SRR011/11933/SRR11933007/SRR11933007.lite.1,SRX8478299,L656,RNA-Seq,cDNA,TRANSCRIPTOMIC,PAIRED,0,0,ILLUMINA,Illumina HiSeq 2500,SRP266111,PRJNA637522,,637522,SRS6778242,SAMN15145396,simple,4577,Zea mays,YE8001_WS1,,,,,,,no,,,,,CHINA AGRICULTURAL UNIVERSITY,SRA1083660,,public,BE7BB6278D0C7A65B7A6122CFCD43944,EF3664B8A222FA668E75949F5F3E3E02
SRR11933006,2020-06-11 09:51:34,2020-06-05 11:06:09,32213828,1603308176,0,49,854,,https://sra-downloadb.be-md.ncbi.nlm.nih.gov/sos9/sra-pub-zq-922/SRR011/11933/SRR11933006/SRR11933006.lite.1,SRX8478300,L657,RNA-Seq,cDNA,TRANSCRIPTOMIC,PAIRED,0,0,ILLUMINA,Illumina HiSeq 2500,SRP266111,PRJNA637522,,637522,SRS6778243,SAMN15145397,simple,4577,Zea mays,YE8001_WS2,,,,,,,no,,,,,CHINA AGRICULTURAL UNIVERSITY,SRA1083660,,public,4BFF2CE7EADC9AFAD96C32AD5EBE340A,625C320DB394ADD9FB4859EB79D34F32
SRR11933005,2020-06-11 09:51:34,2020-06-05 11:16:20,79104818,3596557508,0,45,2008,,https://sra-downloadb.be-md.ncbi.nlm.nih.gov/sos9/sra-pub-zq-922/SRR011/11933/SRR11933005/SRR11933005.lite.1,SRX8478301,L658,RNA-Seq,cDNA,TRANSCRIPTOMIC,PAIRED,0,0,ILLUMINA,Illumina HiSeq 2500,SRP266111,PRJNA637522,,637522,SRS6778244,SAMN15145398,simple,4577,Zea mays,YE8001_WW,,,,,,,no,,,,,CHINA AGRICULTURAL UNIVERSITY,SRA1083660,,public,3F7A7A46C1EEA3A548E7F5693CF97F86,F5BC75B59EAA2A078BF0B0969BC4D99A
SRR11933004,2020-06-11 09:51:34,2020-06-05 11:06:32,39041665,1987811314,0,50,742,,https://sra-downloadb.be-md.ncbi.nlm.nih.gov/sos9/sra-pub-zq-922/SRR011/11933/SRR11933004/SRR11933004.lite.1,SRX8478302,L659,RNA-Seq,cDNA,TRANSCRIPTOMIC,PAIRED,0,0,ILLUMINA,Illumina HiSeq 2500,SRP266111,PRJNA637522,,637522,SRS6778245,SAMN15145399,simple,4577,Zea mays,YU374_WS1,,,,,,,no,,,,,CHINA AGRICULTURAL UNIVERSITY,SRA1083660,,public,B2A190F40C9A716CABB46F5C404CD1D3,972A0A302CA8F194670619BE67B0EA66
SRR11933003,2020-06-11 09:51:34,2020-06-05 11:03:37,20180476,908796888,0,45,559,,https://sra-downloadb.be-md.ncbi.nlm.nih.gov/sos9/sra-pub-zq-924/SRR011/11933/SRR11933003/SRR11933003.lite.1,SRX8478303,L660,RNA-Seq,cDNA,TRANSCRIPTOMIC,PAIRED,0,0,ILLUMINA,Illumina HiSeq 2500,SRP266111,PRJNA637522,,637522,SRS6778246,SAMN15145400,simple,4577,Zea mays,YU374_WS2,,,,,,,no,,,,,CHINA AGRICULTURAL UNIVERSITY,SRA1083660,,public,97686DFA49356A872C3B3992B0A96EF4,FE0315ED4C8C48FF432390526F5001A1
SRR11932977,2020-06-11 09:51:35,2020-06-05 11:06:23,40754490,2073585629,0,50,780,,https://sra-downloadb.be-md.ncbi.nlm.nih.gov/sos9/sra-pub-zq-922/SRR011/11932/SRR11932977/SRR11932977.lite.1,SRX8478329,L661,RNA-Seq,cDNA,TRANSCRIPTOMIC,PAIRED,0,0,ILLUMINA,Illumina HiSeq 2500,SRP266111,PRJNA637522,,637522,SRS6778272,SAMN15145401,simple,4577,Zea mays,YU374_WW,,,,,,,no,,,,,CHINA AGRICULTURAL UNIVERSITY,SRA1083660,,public,3F3B535870A4ACC119D2F80B5808FD3F,4166CD64E541229CB8347DDCFBBD6142
SRR11932976,2020-06-11 09:51:35,2020-06-05 11:12:11,46674598,2373879545,0,50,908,,https://sra-downloadb.be-md.ncbi.nlm.nih.gov/sos9/sra-pub-zq-922/SRR011/11932/SRR11932976/SRR11932976.lite.1,SRX8478330,L662,RNA-Seq,cDNA,TRANSCRIPTOMIC,PAIRED,0,0,ILLUMINA,Illumina HiSeq 2500,SRP266111,PRJNA637522,,637522,SRS6778273,SAMN15145402,simple,4577,Zea mays,ZB648_WS1,,,,,,,no,,,,,CHINA AGRICULTURAL UNIVERSITY,SRA1083660,,public,2B04CE3367F1C697B927A6FCE0F7E609,91EE4018392E30A8C62929CFFCEF9B1F
SRR11932975,2020-06-11 09:51:35,2020-06-05 11:05:28,42525301,2164763566,0,50,788,,https://sra-downloadb.be-md.ncbi.nlm.nih.gov/sos9/sra-pub-zq-924/SRR011/11932/SRR11932975/SRR11932975.lite.1,SRX8478331,L663,RNA-Seq,cDNA,TRANSCRIPTOMIC,PAIRED,0,0,ILLUMINA,Illumina HiSeq 2500,SRP266111,PRJNA637522,,637522,SRS6778274,SAMN15145403,simple,4577,Zea mays,ZB648_WS2,,,,,,,no,,,,,CHINA AGRICULTURAL UNIVERSITY,SRA1083660,,public,68B4FA5183B683D8CB86233F736E8B2A,C4461F2FC843C174D04BE8193AC181D6
SRR11932974,2020-06-11 09:51:35,2020-06-05 11:03:32,32532556,1620778598,0,49,807,,https://sra-downloadb.be-md.ncbi.nlm.nih.gov/sos9/sra-pub-zq-922/SRR011/11932/SRR11932974/SRR11932974.lite.1,SRX8478332,L664,RNA-Seq,cDNA,TRANSCRIPTOMIC,PAIRED,0,0,ILLUMINA,Illumina HiSeq 2500,SRP266111,PRJNA637522,,637522,SRS6778275,SAMN15145404,simple,4577,Zea mays,ZB648_WW,,,,,,,no,,,,,CHINA AGRICULTURAL UNIVERSITY,SRA1083660,,public,F42E0D608C43301F1D8EE067A37C6A1C,23A3413D30256F6FDEC75D5B80263BB2
SRR11932973,2020-06-11 09:51:35,2020-06-05 11:01:52,23180663,1139863520,0,49,689,,https://sra-downloadb.be-md.ncbi.nlm.nih.gov/sos9/sra-pub-zq-922/SRR011/11932/SRR11932973/SRR11932973.lite.1,SRX8478333,L665,RNA-Seq,cDNA,TRANSCRIPTOMIC,PAIRED,0,0,ILLUMINA,Illumina HiSeq 2500,SRP266111,PRJNA637522,,637522,SRS6778276,SAMN15145405,simple,4577,Zea mays,ZHENG35_WS1,,,,,,,no,,,,,CHINA AGRICULTURAL UNIVERSITY,SRA1083660,,public,1A9DBD22848707AC6F5A5839164CEFAF,1CB542DF0712AA7DE05D8BBADC916636
SRR11932972,2020-06-11 09:51:35,2020-06-05 11:05:28,39740774,2023564929,0,50,756,,https://sra-downloadb.be-md.ncbi.nlm.nih.gov/sos9/sra-pub-zq-924/SRR011/11932/SRR11932972/SRR11932972.lite.1,SRX8478334,L666,RNA-Seq,cDNA,TRANSCRIPTOMIC,PAIRED,0,0,ILLUMINA,Illumina HiSeq 2500,SRP266111,PRJNA637522,,637522,SRS6778277,SAMN15145406,simple,4577,Zea mays,ZHENG35_WS2,,,,,,,no,,,,,CHINA AGRICULTURAL UNIVERSITY,SRA1083660,,public,3D2C7D4476026C69535EB3E9ADAB7475,3CE02A0F065FB966F36EC691D66688F8
SRR11932971,2020-06-11 09:51:35,2020-06-05 11:01:51,29661578,1479251656,0,49,724,,https://sra-downloadb.be-md.ncbi.nlm.nih.gov/sos9/sra-pub-zq-924/SRR011/11932/SRR11932971/SRR11932971.lite.1,SRX8478335,L667,RNA-Seq,cDNA,TRANSCRIPTOMIC,PAIRED,0,0,ILLUMINA,Illumina HiSeq 2500,SRP266111,PRJNA637522,,637522,SRS6778278,SAMN15145407,simple,4577,Zea mays,ZHENG35_WW,,,,,,,no,,,,,CHINA AGRICULTURAL UNIVERSITY,SRA1083660,,public,FA62B0671666AF2077A36707200A2EF4,F0BD92A5BAB0258B6B12928A6064D604
SRR11932970,2020-06-11 09:51:35,2020-06-05 11:10:44,91300051,4646637163,0,50,1760,,https://sra-downloadb.be-md.ncbi.nlm.nih.gov/sos9/sra-pub-zq-922/SRR011/11932/SRR11932970/SRR11932970.lite.1,SRX8478336,L668,RNA-Seq,cDNA,TRANSCRIPTOMIC,PAIRED,0,0,ILLUMINA,Illumina HiSeq 2500,SRP266111,PRJNA637522,,637522,SRS6778279,SAMN15145408,simple,4577,Zea mays,ZHENG58_WS1,,,,,,,no,,,,,CHINA AGRICULTURAL UNIVERSITY,SRA1083660,,public,361CFA0963550731871E9FD6CCE2FC70,E08B956394B942C194A358660BF28D48
SRR11932969,2020-06-11 09:51:35,2020-06-05 11:01:51,31284885,1546506186,0,49,901,,https://sra-downloadb.be-md.ncbi.nlm.nih.gov/sos9/sra-pub-zq-922/SRR011/11932/SRR11932969/SRR11932969.lite.1,SRX8478337,L669,RNA-Seq,cDNA,TRANSCRIPTOMIC,PAIRED,0,0,ILLUMINA,Illumina HiSeq 2500,SRP266111,PRJNA637522,,637522,SRS6778280,SAMN15145409,simple,4577,Zea mays,ZHENG58_WS1_REP,,,,,,,no,,,,,CHINA AGRICULTURAL UNIVERSITY,SRA1083660,,public,8C180E65DAFE4AADF22D3C42BE6D5DE6,E8F3235618258B4D91B6B5AF44485BF4
SRR11932968,2020-06-11 09:51:35,2020-06-05 11:01:35,35411385,1563261205,0,44,981,,https://sra-downloadb.be-md.ncbi.nlm.nih.gov/sos9/sra-pub-zq-922/SRR011/11932/SRR11932968/SRR11932968.lite.1,SRX8478338,L670,RNA-Seq,cDNA,TRANSCRIPTOMIC,PAIRED,0,0,ILLUMINA,Illumina HiSeq 2500,SRP266111,PRJNA637522,,637522,SRS6778281,SAMN15145410,simple,4577,Zea mays,ZHENG58_WS2,,,,,,,no,,,,,CHINA AGRICULTURAL UNIVERSITY,SRA1083660,,public,60CE81DA5794A55A7461C0CFE0490A55,9657E182E05445C9A661433BA03984E0
SRR11932966,2020-06-11 09:51:35,2020-06-05 11:04:02,40422150,2000631171,0,49,1166,,https://sra-downloadb.be-md.ncbi.nlm.nih.gov/sos9/sra-pub-zq-922/SRR011/11932/SRR11932966/SRR11932966.lite.1,SRX8478340,L671,RNA-Seq,cDNA,TRANSCRIPTOMIC,PAIRED,0,0,ILLUMINA,Illumina HiSeq 2500,SRP266111,PRJNA637522,,637522,SRS6778283,SAMN15145411,simple,4577,Zea mays,ZHENG58_WS2_REP,,,,,,,no,,,,,CHINA AGRICULTURAL UNIVERSITY,SRA1083660,,public,F33ECFBEDE69D2E6F9D8635DECE0424B,685EC5B1AC52547E6E8DBE29BFCAF5C3
SRR11932965,2020-06-11 09:51:35,2020-06-05 11:05:04,51657891,2629446725,0,50,963,,https://sra-downloadb.be-md.ncbi.nlm.nih.gov/sos9/sra-pub-zq-922/SRR011/11932/SRR11932965/SRR11932965.lite.1,SRX8478341,L672,RNA-Seq,cDNA,TRANSCRIPTOMIC,PAIRED,0,0,ILLUMINA,Illumina HiSeq 2500,SRP266111,PRJNA637522,,637522,SRS6778284,SAMN15145412,simple,4577,Zea mays,ZHENG58_WW,,,,,,,no,,,,,CHINA AGRICULTURAL UNIVERSITY,SRA1083660,,public,99F39F3653849B530CA1B86CF00D14FC,9F72B0B586CA005B81FE797CBAC08110
SRR11932964,2020-06-11 09:51:35,2020-06-05 11:05:27,46881359,2367984007,0,50,1114,,https://sra-downloadb.be-md.ncbi.nlm.nih.gov/sos9/sra-pub-zq-922/SRR011/11932/SRR11932964/SRR11932964.lite.1,SRX8478342,L673,RNA-Seq,cDNA,TRANSCRIPTOMIC,PAIRED,0,0,ILLUMINA,Illumina HiSeq 2500,SRP266111,PRJNA637522,,637522,SRS6778285,SAMN15145413,simple,4577,Zea mays,ZHENG58_WW_REP,,,,,,,no,,,,,CHINA AGRICULTURAL UNIVERSITY,SRA1083660,,public,74E4F374CECA8F37D9391DBE588FF0C3,C709BBF26B3C8F3F96609A84A09BA5DE
SRR11932963,2020-06-11 09:51:35,2020-06-05 11:10:30,74352034,3757523095,0,50,1640,,https://sra-downloadb.be-md.ncbi.nlm.nih.gov/sos9/sra-pub-zq-922/SRR011/11932/SRR11932963/SRR11932963.lite.1,SRX8478343,L674,RNA-Seq,cDNA,TRANSCRIPTOMIC,PAIRED,0,0,ILLUMINA,Illumina HiSeq 2500,SRP266111,PRJNA637522,,637522,SRS6778286,SAMN15145414,simple,4577,Zea mays,ZHENG653_WS1,,,,,,,no,,,,,CHINA AGRICULTURAL UNIVERSITY,SRA1083660,,public,318781C48EA763D7731C8EB902315057,6DF4666FF81B3AB718CF5959C4C54BBA
SRR11932962,2020-06-11 09:51:35,2020-06-05 11:04:00,41427576,2105174044,0,50,976,,https://sra-downloadb.be-md.ncbi.nlm.nih.gov/sos9/sra-pub-zq-924/SRR011/11932/SRR11932962/SRR11932962.lite.1,SRX8478344,L675,RNA-Seq,cDNA,TRANSCRIPTOMIC,PAIRED,0,0,ILLUMINA,Illumina HiSeq 2500,SRP266111,PRJNA637522,,637522,SRS6778287,SAMN15145415,simple,4577,Zea mays,ZHENG653_WS2,,,,,,,no,,,,,CHINA AGRICULTURAL UNIVERSITY,SRA1083660,,public,C38F157944DAD6B8D5AE7CBDDED15EA4,C443D8A2CE6B56885DCFDF8593377DF9
SRR11932961,2020-06-11 09:51:35,2020-06-05 11:01:51,28812493,1464330987,0,50,649,,https://sra-downloadb.be-md.ncbi.nlm.nih.gov/sos9/sra-pub-zq-922/SRR011/11932/SRR11932961/SRR11932961.lite.1,SRX8478345,L676,RNA-Seq,cDNA,TRANSCRIPTOMIC,PAIRED,0,0,ILLUMINA,Illumina HiSeq 2500,SRP266111,PRJNA637522,,637522,SRS6778288,SAMN15145416,simple,4577,Zea mays,ZHENG653_WW,,,,,,,no,,,,,CHINA AGRICULTURAL UNIVERSITY,SRA1083660,,public,D824BE4D7E76D05AAA2071A5D24282A0,B4B9F862D6617CE52AA485A40317AEF4
SRR11932960,2020-06-11 09:51:35,2020-06-05 11:00:34,32704376,1665224689,0,50,542,,https://sra-downloadb.be-md.ncbi.nlm.nih.gov/sos9/sra-pub-zq-922/SRR011/11932/SRR11932960/SRR11932960.lite.1,SRX8478346,L677,RNA-Seq,cDNA,TRANSCRIPTOMIC,PAIRED,0,0,ILLUMINA,Illumina HiSeq 2500,SRP266111,PRJNA637522,,637522,SRS6778289,SAMN15145417,simple,4577,Zea mays,ZHI41_WS1,,,,,,,no,,,,,CHINA AGRICULTURAL UNIVERSITY,SRA1083660,,public,AAE2A1BAD2FB7B0A252A70765CC560C3,3A290967F21F7492D4C305EA47D4A71A
SRR11932959,2020-06-11 09:51:35,2020-06-05 11:06:05,38704478,1937592603,0,50,1025,,https://sra-downloadb.be-md.ncbi.nlm.nih.gov/sos9/sra-pub-zq-924/SRR011/11932/SRR11932959/SRR11932959.lite.1,SRX8478347,L678,RNA-Seq,cDNA,TRANSCRIPTOMIC,PAIRED,0,0,ILLUMINA,Illumina HiSeq 2500,SRP266111,PRJNA637522,,637522,SRS6778291,SAMN15145418,simple,4577,Zea mays,ZHI41_WS2,,,,,,,no,,,,,CHINA AGRICULTURAL UNIVERSITY,SRA1083660,,public,9E84D1274970E0312BB79BD605D96228,59323B175812C371B8882C2386855ED6
SRR11932958,2020-06-11 09:51:35,2020-06-05 11:03:32,33100660,1684378286,0,50,600,,https://sra-downloadb.be-md.ncbi.nlm.nih.gov/sos9/sra-pub-zq-922/SRR011/11932/SRR11932958/SRR11932958.lite.1,SRX8478348,L679,RNA-Seq,cDNA,TRANSCRIPTOMIC,PAIRED,0,0,ILLUMINA,Illumina HiSeq 2500,SRP266111,PRJNA637522,,637522,SRS6778290,SAMN15145419,simple,4577,Zea mays,ZHI41_WW,,,,,,,no,,,,,CHINA AGRICULTURAL UNIVERSITY,SRA1083660,,public,88320BE684ABDBA011A8EBC1D0566A4A,DD8B0D5988BC6614D921442C85151C8E
SRR11932957,2020-06-11 09:51:35,2020-06-05 11:21:33,55692459,2835315551,0,50,1069,,https://sra-downloadb.be-md.ncbi.nlm.nih.gov/sos9/sra-pub-zq-922/SRR011/11932/SRR11932957/SRR11932957.lite.1,SRX8478349,L680,RNA-Seq,cDNA,TRANSCRIPTOMIC,PAIRED,0,0,ILLUMINA,Illumina HiSeq 2500,SRP266111,PRJNA637522,,637522,SRS6778292,SAMN15145420,simple,4577,Zea mays,ZHONG69_WS1,,,,,,,no,,,,,CHINA AGRICULTURAL UNIVERSITY,SRA1083660,,public,97F071FA97D75AFD0F0161FCD31D1FFA,5FC85B96D87241CEEEBD5219C5F9A5D8
SRR11932955,2020-06-11 09:51:35,2020-06-05 11:00:31,28404233,1278167420,0,44,800,,https://sra-downloadb.be-md.ncbi.nlm.nih.gov/sos9/sra-pub-zq-922/SRR011/11932/SRR11932955/SRR11932955.lite.1,SRX8478351,L681,RNA-Seq,cDNA,TRANSCRIPTOMIC,PAIRED,0,0,ILLUMINA,Illumina HiSeq 2500,SRP266111,PRJNA637522,,637522,SRS6778294,SAMN15145421,simple,4577,Zea mays,ZHONG69_WS2,,,,,,,no,,,,,CHINA AGRICULTURAL UNIVERSITY,SRA1083660,,public,37D4A3FEC0616C74B0DE9D6B5380A3BA,D39FF65D1BD04D1C24EE7A6D17BC9641
SRR11932954,2020-06-11 09:51:35,2020-06-05 11:05:30,41203273,2097712046,0,50,727,,https://sra-downloadb.be-md.ncbi.nlm.nih.gov/sos9/sra-pub-zq-922/SRR011/11932/SRR11932954/SRR11932954.lite.1,SRX8478352,L682,RNA-Seq,cDNA,TRANSCRIPTOMIC,PAIRED,0,0,ILLUMINA,Illumina HiSeq 2500,SRP266111,PRJNA637522,,637522,SRS6778295,SAMN15145422,simple,4577,Zea mays,ZHONG69_WW,,,,,,,no,,,,,CHINA AGRICULTURAL UNIVERSITY,SRA1083660,,public,89E574E2B4D2E7E3D73B6EDA7FF99A5D,69492E033BEE7DE50CDA910367C61AE0
SRR11932929,2020-06-11 09:51:35,2020-06-05 11:06:05,50723078,2582828195,0,50,963,,https://sra-downloadb.be-md.ncbi.nlm.nih.gov/sos9/sra-pub-zq-922/SRR011/11932/SRR11932929/SRR11932929.lite.1,SRX8478377,L683,RNA-Seq,cDNA,TRANSCRIPTOMIC,PAIRED,0,0,ILLUMINA,Illumina HiSeq 2500,SRP266111,PRJNA637522,,637522,SRS6778320,SAMN15145423,simple,4577,Zea mays,ZZ01_WS1,,,,,,,no,,,,,CHINA AGRICULTURAL UNIVERSITY,SRA1083660,,public,A13CE44A9DF596F91FA8D2A796AD21E4,EC70E703C6ACA6CD4BE720EC8D43B01D
SRR11932928,2020-06-11 09:51:35,2020-06-05 11:00:51,24695300,1118596041,0,45,708,,https://sra-downloadb.be-md.ncbi.nlm.nih.gov/sos9/sra-pub-zq-924/SRR011/11932/SRR11932928/SRR11932928.lite.1,SRX8478378,L684,RNA-Seq,cDNA,TRANSCRIPTOMIC,PAIRED,0,0,ILLUMINA,Illumina HiSeq 2500,SRP266111,PRJNA637522,,637522,SRS6778321,SAMN15145424,simple,4577,Zea mays,ZZ01_WS2,,,,,,,no,,,,,CHINA AGRICULTURAL UNIVERSITY,SRA1083660,,public,413B02C2F19A4C6C231DB10583330431,91CCDBDB67DF0E3C31D3278661B37293
SRR11932927,2020-06-11 09:51:35,2020-06-05 11:00:01,31690477,1613756203,0,50,544,,https://sra-downloadb.be-md.ncbi.nlm.nih.gov/sos9/sra-pub-zq-924/SRR011/11932/SRR11932927/SRR11932927.lite.1,SRX8478379,L685,RNA-Seq,cDNA,TRANSCRIPTOMIC,PAIRED,0,0,ILLUMINA,Illumina HiSeq 2500,SRP266111,PRJNA637522,,637522,SRS6778322,SAMN15145425,simple,4577,Zea mays,ZZ01_WW,,,,,,,no,,,,,CHINA AGRICULTURAL UNIVERSITY,SRA1083660,,public,CC93B29ED17E413E04253DCD2D33EB8C,199A681EA0B8A5CE7CE0B18F62DF8025
